Incident_ID,Raw_Log_Timestamp,Target_Server,Vector_Type,Containment_Time_Hrs
INC-00001,2025-01-05 18:55:00 [WARN],SRV-003,Insider_Threat,68
INC-00002,2025-10-17 15:28:00 [WARN],SRV-004,Zero_Day,136
INC-00003,2025-10-15 21:00:00 [WARN],SRV-007, SQL_Injection ,11
INC-00004,2025-12-15 19:25:00 [WARN],SRV-002,Ransomware,50
INC-00005,2025-10-16_19:15:00 [ERROR],SRV-003,ransomware,88
INC-00006,2025-11-14 23:04:00 [WARN],SRV-005, Brute_Force,3
INC-00007,2025-07-25 02:17:00 [WARN],SRV-003, SQL_Injection ,80
INC-00008,2025-10-25 11:38:00 [WARN],SRV-002,Ransomware,53
INC-00009,2025-04-21 00:13:00 [WARN],SRV-007,Malware_Dropper,132
INC-00010,2025-08-17_14:14:00 [ERROR],SRV-007,ransomware,41
INC-00011,2025-06-16 16:38:00 [WARN],SRV-006,Zero_Day,150
INC-00012,2025-11-14 09:55:00 [WARN],SRV-005, ddos ,82
INC-00013,2025-04-13 10:52:00 [WARN],SRV-001, Brute_Force,150
INC-00014,2025-12-26 15:42:00 [WARN],SRV-006,ransomware,47
INC-00015,2025-01-22 08:36:00 [WARN],SRV-004, SQL_Injection ,80
INC-00016,2025-07-24 17:51:00 [WARN],SRV-002,Cross_Site_Scripting,128
INC-00017,2025-12-26 10:01:00 [WARN],SRV-004,Zero_Day,27
INC-00018,2025-04-10_20:12:00 [ERROR],SRV-006, ddos ,66
INC-00019,2025-05-25 21:50:00 [WARN],SRV-007, SQL_Injection ,21
INC-00020,2025-12-22 13:40:00 [WARN],SRV-007, Brute_Force,100
INC-00021,2025-04-13 06:45:00 [WARN],SRV-003,Phishing,71
INC-00022,2025-01-20 02:29:00 [WARN],SRV-002, Brute_Force,
INC-00023,2025-09-07 15:18:00 [WARN],SRV-002,Cross_Site_Scripting,116
INC-00024,2025-04-15 12:35:00 [WARN],SRV-006,Ransomware,101
INC-00025,2025-08-13 15:46:00 [WARN],SRV-005,Malware_Dropper,62
INC-00026,2025-03-20 15:13:00 [WARN],SRV-007,insider_threat,106
INC-00027,2025-09-17 01:29:00 [WARN],SRV-005,Zero_Day,23
INC-00028,2025-03-27 14:08:00 [WARN],SRV-001, brute_force,39
INC-00029,2025-10-26 09:32:00 [WARN],SRV-003,Zero_Day,69
INC-00030,2025-02-02 10:31:00 [WARN],SRV-008,malware_dropper,6
INC-00031,2025-02-26 04:46:00 [WARN],SRV-001, SQL_Injection ,135
INC-00032,2025-09-25 14:40:00 [WARN],SRV-002, SQL_Injection ,48
INC-00033,2025-03-12_16:26:00 [ERROR],SRV-008,Phishing,113
INC-00034,2025-02-19 22:23:00 [WARN],SRV-005,Cross_Site_Scripting,120 hrs
INC-00035,2025-03-03 11:59:00 [WARN],SRV-006,Cross_Site_Scripting,78 hrs
INC-00036,2025-06-11 11:32:00 [WARN],SRV-004,Zero_Day,92 hrs
INC-00037,2025-11-25 21:26:00 [WARN],SRV-004,Ransomware,
INC-00038,2025-04-20 19:40:00 [WARN],SRV-005,insider_threat,110
INC-00039,2025-12-22 05:29:00 [WARN],SRV-002, SQL_Injection ,23
INC-00040,2025-05-29 09:31:00 [WARN],SRV-001,phishing,41
INC-00041,2025-11-25 22:15:00 [WARN],SRV-006,Phishing,97
INC-00042,2025-12-12 23:14:00 [WARN],SRV-007,Malware_Dropper,119
INC-00043,2025-09-08 02:48:00 [WARN],SRV-006, SQL_Injection ,148
INC-00044,2025-06-13 14:07:00 [WARN],SRV-001,zero_day,46
INC-00045,2025-10-05 08:11:00 [WARN],SRV-003,Insider_Threat,72
INC-00046,2025-08-03 19:21:00 [WARN],SRV-003,Phishing,80
INC-00047,2025-07-21 13:23:00 [WARN],SRV-004,cross_site_scripting,129
INC-00048,2025-06-08 21:14:00 [WARN],SRV-007,Malware_Dropper,123
INC-00049,2025-10-10 00:17:00 [WARN],SRV-007, Brute_Force,58
INC-00050,2025-08-18 01:12:00 [WARN],SRV-001, SQL_Injection ,114
INC-00051,2025-07-03 15:25:00 [WARN],SRV-005, Brute_Force,62
INC-00052,2025-08-30 15:47:00 [WARN],SRV-001,Ransomware,90
INC-00053,2025-04-12 08:18:00 [WARN],SRV-008, Brute_Force,53
INC-00054,2025-08-21 18:24:00 [WARN],SRV-003,insider_threat,7
INC-00055,2025-08-07 18:36:00 [WARN],SRV-008,Phishing,29
INC-00056,2025-12-01 23:12:00 [WARN],SRV-002,Insider_Threat,46
INC-00057,2025-10-15 14:48:00 [WARN],SRV-007,Zero_Day,82
INC-00058,2025-06-26 05:01:00 [WARN],SRV-003,Ransomware,110
INC-00059,2025-05-07 03:10:00 [WARN],SRV-007,Phishing,8
INC-00060,2025-01-11 02:46:00 [WARN],SRV-007,cross_site_scripting,131
INC-00061,2025-09-13 18:52:00 [WARN],SRV-004,Cross_Site_Scripting,86
INC-00062,2025-10-05 01:20:00 [WARN],SRV-005,Cross_Site_Scripting,48
INC-00063,2025-01-31 01:24:00 [WARN],SRV-005,phishing,46
INC-00064,2025-06-24 15:28:00 [WARN],SRV-002,Zero_Day,75 hrs
INC-00065,2025-12-12 03:07:00 [WARN],SRV-008,Malware_Dropper,98
INC-00066,2025-07-09 22:17:00 [WARN],SRV-008, Brute_Force,141
INC-00067,2025-06-05 03:07:00 [WARN],SRV-001,malware_dropper,106
INC-00068,2025-09-13 01:03:00 [WARN],SRV-006, DDoS ,130
INC-00069,2025-01-30 11:37:00 [WARN],SRV-003, Brute_Force,89
INC-00070,2025-05-01 07:28:00 [WARN],SRV-003,insider_threat,71
INC-00071,2025-09-12 00:03:00 [WARN],SRV-008,Phishing,109
INC-00072,2025-11-17_00:31:00 [ERROR],SRV-007,Phishing,67
INC-00073,2025-01-01 08:21:00 [WARN],SRV-001, DDoS ,89
INC-00074,2025-03-10 09:42:00 [WARN],SRV-008,Ransomware,31
INC-00075,2025-10-25 13:41:00 [WARN],SRV-001,insider_threat,143
INC-00076,2025-07-31 03:46:00 [WARN],SRV-001,Zero_Day,111
INC-00077,2025-09-20 16:56:00 [WARN],SRV-003,Insider_Threat,121
INC-00078,2025-10-06 04:12:00 [WARN],SRV-006,Insider_Threat,10
INC-00079,2025-06-06 06:53:00 [WARN],SRV-001,Ransomware,53
INC-00080,2025-07-16 22:50:00 [WARN],SRV-001, sql_injection ,144
INC-00081,2025-04-02 19:15:00 [WARN],SRV-001, ddos ,57
INC-00082,2025-09-13 18:05:00 [WARN],SRV-001,Insider_Threat,125
INC-00083,2025-09-05 23:01:00 [WARN],SRV-002,Cross_Site_Scripting,131
INC-00084,2025-10-06 23:34:00 [WARN],SRV-008,Malware_Dropper,141
INC-00085,2025-09-06 07:19:00 [WARN],SRV-002,Cross_Site_Scripting,2
INC-00086,2025-06-28 09:05:00 [WARN],SRV-007, DDoS ,98
INC-00087,2025-07-07 14:12:00 [WARN],SRV-006,Insider_Threat,25
INC-00088,2025-06-11 10:57:00 [WARN],SRV-005,Phishing,34
INC-00089,2025-07-20 21:03:00 [WARN],SRV-006, DDoS ,148 hrs
INC-00090,2025-02-21 14:24:00 [WARN],SRV-008,Cross_Site_Scripting,99
INC-00091,2025-06-02_20:37:00 [ERROR],SRV-006,insider_threat,49
INC-00092,2025-01-13 05:18:00 [WARN],SRV-002,Malware_Dropper,67
INC-00093,2025-06-29 21:07:00 [WARN],SRV-001,Phishing,135
INC-00094,2025-10-28 23:22:00 [WARN],SRV-001,malware_dropper,44 hrs
INC-00095,2026-01-01 21:39:00 [WARN],SRV-002,Phishing,25
INC-00096,2025-09-10 11:47:00 [WARN],SRV-006, Brute_Force,24
INC-00097,2025-12-17 09:02:00 [WARN],SRV-006, SQL_Injection ,41
INC-00098,2025-04-26_13:35:00 [ERROR],SRV-004,Ransomware,82
INC-00099,2025-07-16 12:08:00 [WARN],SRV-001,Zero_Day,135
INC-00100,2025-10-13 07:57:00 [WARN],SRV-002, SQL_Injection ,1
INC-00101,2025-01-27 21:30:00 [WARN],SRV-004,Cross_Site_Scripting,134
INC-00102,2025-01-26 16:47:00 [WARN],SRV-001,Insider_Threat,32
INC-00103,2025-05-22 23:32:00 [WARN],SRV-007,Cross_Site_Scripting,69
INC-00104,2025-07-05 09:06:00 [WARN],SRV-008,insider_threat,90
INC-00105,2025-01-08_20:36:00 [ERROR],SRV-001, ddos ,77
INC-00106,2025-04-23 17:59:00 [WARN],SRV-003, brute_force,42
INC-00107,2025-08-08_00:15:00 [ERROR],SRV-003, sql_injection ,136
INC-00108,2025-03-20 16:45:00 [WARN],SRV-004,Phishing,139
INC-00109,2025-06-22 00:05:00 [WARN],SRV-008, Brute_Force,128
INC-00110,2025-01-07 02:36:00 [WARN],SRV-002,Phishing,46
INC-00111,2025-12-11 00:41:00 [WARN],SRV-004,Cross_Site_Scripting,19
INC-00112,2025-09-27 20:43:00 [WARN],SRV-008,Cross_Site_Scripting,53
INC-00113,2025-03-28 12:49:00 [WARN],SRV-002,ransomware,6
INC-00114,2025-07-23 17:48:00 [WARN],SRV-003, sql_injection ,104
INC-00115,2025-06-07 21:36:00 [WARN],SRV-006,cross_site_scripting,54
INC-00116,2025-08-16 17:18:00 [WARN],SRV-003,Malware_Dropper,132
INC-00117,2025-03-07 02:15:00 [WARN],SRV-005,Phishing,62
INC-00118,2025-04-01 12:07:00 [WARN],SRV-005,Zero_Day,137
INC-00119,2025-12-03 04:57:00 [WARN],SRV-001, ddos ,132
INC-00120,2025-04-08 03:15:00 [WARN],SRV-001,Ransomware,131
INC-00121,2025-03-29 06:00:00 [WARN],SRV-001, DDoS ,23
INC-00122,2025-01-23 18:31:00 [WARN],SRV-007, DDoS ,150
INC-00123,2025-05-23 22:55:00 [WARN],SRV-003,Zero_Day,49
INC-00124,2025-03-04_19:47:00 [ERROR],SRV-006,Ransomware,33
INC-00125,2025-06-23 12:23:00 [WARN],SRV-004, DDoS ,127
INC-00126,2025-08-25 03:28:00 [WARN],SRV-006,Phishing,88
INC-00127,2025-05-08 21:47:00 [WARN],SRV-001, DDoS ,121
INC-00128,2025-11-16 21:41:00 [WARN],SRV-004, DDoS ,31
INC-00129,2025-02-13 18:01:00 [WARN],SRV-002,Zero_Day,149
INC-00130,2025-06-13 03:26:00 [WARN],SRV-008,Insider_Threat,74
INC-00131,2025-08-17 13:55:00 [WARN],SRV-003,cross_site_scripting,32
INC-00132,2025-08-28 12:28:00 [WARN],SRV-002,phishing,130
INC-00133,2025-08-05 19:22:00 [WARN],SRV-003,Cross_Site_Scripting,111
INC-00134,2025-11-17 20:17:00 [WARN],SRV-004,Zero_Day,107
INC-00135,2025-01-17 06:02:00 [WARN],SRV-006,Phishing,76
INC-00136,2025-10-01_15:18:00 [ERROR],SRV-007, DDoS ,32
INC-00137,2025-04-02 10:33:00 [WARN],SRV-007, SQL_Injection ,11 hrs
INC-00138,2025-11-24 07:28:00 [WARN],SRV-008,Phishing,118
INC-00139,2025-07-30 07:48:00 [WARN],SRV-006, DDoS ,71
INC-00140,2025-07-28 20:01:00 [WARN],SRV-002,Phishing,112
INC-00141,2025-04-27 13:20:00 [WARN],SRV-001,Cross_Site_Scripting,27
INC-00142,2025-12-26 09:13:00 [WARN],SRV-007, SQL_Injection ,36
INC-00143,2025-03-10 02:01:00 [WARN],SRV-007,Ransomware,8
INC-00144,2025-10-22 22:25:00 [WARN],SRV-004, DDoS ,88
INC-00145,2025-11-06 09:36:00 [WARN],SRV-002,cross_site_scripting,74
INC-00146,2025-01-28 11:55:00 [WARN],SRV-007, sql_injection ,137
INC-00147,2025-01-25_21:07:00 [ERROR],SRV-006,Insider_Threat,70
INC-00148,2025-09-11 07:24:00 [WARN],SRV-006,Ransomware,146
INC-00149,2025-12-30 22:51:00 [WARN],SRV-001,Ransomware,27
INC-00150,2025-05-11 05:26:00 [WARN],SRV-002, Brute_Force,82
INC-00151,2025-05-26 01:41:00 [WARN],SRV-003,Zero_Day,38
INC-00152,2025-06-27 16:35:00 [WARN],SRV-007,Malware_Dropper,75
INC-00153,2025-09-04 20:35:00 [WARN],SRV-007,Cross_Site_Scripting,55
INC-00154,2025-04-06_12:30:00 [ERROR],SRV-007,Insider_Threat,49
INC-00155,2025-07-28 09:21:00 [WARN],SRV-002, DDoS ,50
INC-00156,2025-09-12 15:03:00 [WARN],SRV-007,Ransomware,138
INC-00157,2025-06-29 16:08:00 [WARN],SRV-004,Ransomware,138
INC-00158,2025-08-07 11:14:00 [WARN],SRV-006, sql_injection ,41
INC-00159,2025-02-09 00:57:00 [WARN],SRV-006, ddos ,60
INC-00160,2025-05-03 07:39:00 [WARN],SRV-003,Ransomware,41
INC-00161,2025-12-26 03:11:00 [WARN],SRV-004, sql_injection ,131
INC-00162,2025-02-20 15:24:00 [WARN],SRV-001, DDoS ,103 hrs
INC-00163,2025-05-19_15:25:00 [ERROR],SRV-005,Malware_Dropper,
INC-00164,2025-09-08 08:41:00 [WARN],SRV-005,Malware_Dropper,76
INC-00165,2025-09-16 04:14:00 [WARN],SRV-005, Brute_Force,71
INC-00166,2025-08-09 12:17:00 [WARN],SRV-001,Insider_Threat,30
INC-00167,2025-06-13 04:03:00 [WARN],SRV-004, Brute_Force,68
INC-00168,2025-12-09 11:56:00 [WARN],SRV-006,Zero_Day,73
INC-00169,2025-04-19 18:55:00 [WARN],SRV-004, Brute_Force,36
INC-00170,2025-10-07 07:01:00 [WARN],SRV-005,Malware_Dropper,104
INC-00171,2025-05-01 18:39:00 [WARN],SRV-002, SQL_Injection ,95
INC-00172,2025-04-16_09:13:00 [ERROR],SRV-006,Ransomware,62
INC-00173,2025-12-07 07:40:00 [WARN],SRV-003,ransomware,49
INC-00174,2025-03-30 17:12:00 [WARN],SRV-005, SQL_Injection ,9
INC-00175,2025-01-16 21:06:00 [WARN],SRV-008, ddos ,101 hrs
INC-00176,2025-05-03_09:36:00 [ERROR],SRV-006,Cross_Site_Scripting,142
INC-00177,2025-06-07 01:19:00 [WARN],SRV-001, ddos ,71
INC-00178,2025-09-28_20:31:00 [ERROR],SRV-006,phishing,112
INC-00179,2025-09-13 08:33:00 [WARN],SRV-002,Insider_Threat,24
INC-00180,2025-10-27 21:19:00 [WARN],SRV-005,Cross_Site_Scripting,19
INC-00181,2025-10-19 00:32:00 [WARN],SRV-003, DDoS ,69
INC-00182,2025-05-18 16:25:00 [WARN],SRV-001,Malware_Dropper,97
INC-00183,2025-05-18 15:48:00 [WARN],SRV-006, SQL_Injection ,83
INC-00184,2025-10-08 11:06:00 [WARN],SRV-005,Malware_Dropper,42
INC-00185,2025-10-22 13:25:00 [WARN],SRV-005,phishing,46
INC-00186,2025-07-18 19:48:00 [WARN],SRV-003, SQL_Injection ,58
INC-00187,2025-05-05 12:05:00 [WARN],SRV-004,Phishing,80
INC-00188,2025-07-25 17:08:00 [WARN],SRV-007,cross_site_scripting,36 hrs
INC-00189,2025-11-21 06:16:00 [WARN],SRV-007,Ransomware,87
INC-00190,2026-01-01 06:27:00 [WARN],SRV-004, DDoS ,122
INC-00191,2025-04-01 16:58:00 [WARN],SRV-006,Zero_Day,130
INC-00192,2025-02-05 06:13:00 [WARN],SRV-004,zero_day,72
INC-00193,2025-06-16 06:23:00 [WARN],SRV-006,Cross_Site_Scripting,44
INC-00194,2025-08-12 07:48:00 [WARN],SRV-004, Brute_Force,58
INC-00195,2025-06-28 19:50:00 [WARN],SRV-001, DDoS ,72
INC-00196,2025-12-03 15:19:00 [WARN],SRV-003,phishing,27
INC-00197,2025-12-22 23:27:00 [WARN],SRV-001,Phishing,79
INC-00198,2025-08-17 23:44:00 [WARN],SRV-008,Ransomware,22
INC-00199,2025-08-15 22:09:00 [WARN],SRV-007,Zero_Day,128
INC-00200,2025-03-22 14:04:00 [WARN],SRV-007,Phishing,88
INC-00201,2025-07-06 05:25:00 [WARN],SRV-001,Insider_Threat,138
INC-00202,2025-09-20 19:27:00 [WARN],SRV-006,Cross_Site_Scripting,134
INC-00203,2025-05-01 06:52:00 [WARN],SRV-007,Ransomware,45
INC-00204,2025-02-28 15:28:00 [WARN],SRV-003, DDoS ,93
INC-00205,2025-05-26 15:45:00 [WARN],SRV-005, Brute_Force,93
INC-00206,2025-04-19_13:56:00 [ERROR],SRV-001,Zero_Day,99
INC-00207,2025-01-22 07:13:00 [WARN],SRV-001,malware_dropper,147
INC-00208,2025-06-26 11:17:00 [WARN],SRV-005,Phishing,37
INC-00209,2025-07-19 08:59:00 [WARN],SRV-001, Brute_Force,5
INC-00210,2025-01-22 19:04:00 [WARN],SRV-003,ransomware,40
INC-00211,2025-09-16 00:43:00 [WARN],SRV-004,cross_site_scripting,16
INC-00212,2025-04-28 12:01:00 [WARN],SRV-001,Phishing,68
INC-00213,2025-08-19 01:11:00 [WARN],SRV-007,Phishing,124
INC-00214,2025-07-14 05:20:00 [WARN],SRV-003, DDoS ,
INC-00215,2025-05-25 05:00:00 [WARN],SRV-006,Phishing,117
INC-00216,2025-03-09 16:59:00 [WARN],SRV-001,phishing,91
INC-00217,2025-01-18 10:42:00 [WARN],SRV-001, brute_force,9
INC-00218,2026-01-01 17:20:00 [WARN],SRV-008,zero_day,135
INC-00219,2025-02-05 01:18:00 [WARN],SRV-007,Ransomware,141
INC-00220,2025-11-02 20:18:00 [WARN],SRV-005,Insider_Threat,52
INC-00221,2025-07-11 16:54:00 [WARN],SRV-002,zero_day,33
INC-00222,2025-03-02 07:11:00 [WARN],SRV-001,Malware_Dropper,101
INC-00223,2025-07-31 14:21:00 [WARN],SRV-004,Cross_Site_Scripting,58
INC-00224,2025-01-16 07:29:00 [WARN],SRV-001,Insider_Threat,69
INC-00225,2025-07-21 03:27:00 [WARN],SRV-001,Malware_Dropper,119
INC-00226,2025-11-26 07:19:00 [WARN],SRV-002,Insider_Threat,45
INC-00227,2025-10-30 08:55:00 [WARN],SRV-007, brute_force,3
INC-00228,2025-12-31 16:25:00 [WARN],SRV-008,Cross_Site_Scripting,10
INC-00229,2025-05-12 11:11:00 [WARN],SRV-002, Brute_Force,70
INC-00230,2025-09-09 13:50:00 [WARN],SRV-002,Cross_Site_Scripting,5
INC-00231,2025-10-22_02:18:00 [ERROR],SRV-004,Ransomware,8
INC-00232,2025-05-03 23:37:00 [WARN],SRV-003, DDoS ,18
INC-00233,2025-11-02_11:38:00 [ERROR],SRV-006,insider_threat,14
INC-00234,2025-07-13 03:18:00 [WARN],SRV-008,Cross_Site_Scripting,142
INC-00235,2025-12-28 18:51:00 [WARN],SRV-007,Phishing,127
INC-00236,2025-01-05 13:47:00 [WARN],SRV-001, Brute_Force,150
INC-00237,2025-12-21 21:49:00 [WARN],SRV-001, sql_injection ,10
INC-00238,2025-07-02 15:19:00 [WARN],SRV-003, SQL_Injection ,56
INC-00239,2025-07-18 13:28:00 [WARN],SRV-007,Insider_Threat,145
INC-00240,2025-04-07 22:11:00 [WARN],SRV-001,Zero_Day,23
INC-00241,2025-10-15 13:14:00 [WARN],SRV-006,zero_day,139
INC-00242,2025-03-25 07:17:00 [WARN],SRV-006, SQL_Injection ,126
INC-00243,2025-07-11 05:26:00 [WARN],SRV-005,Cross_Site_Scripting,
INC-00244,2025-04-03_18:46:00 [ERROR],SRV-001, ddos ,103
INC-00245,2025-05-18 11:48:00 [WARN],SRV-003, sql_injection ,85
INC-00246,2025-09-03 14:18:00 [WARN],SRV-003,Zero_Day,7
INC-00247,2025-08-22 16:31:00 [WARN],SRV-004,Zero_Day,41
INC-00248,2025-04-25 07:35:00 [WARN],SRV-001,malware_dropper,3
INC-00249,2025-01-24 17:29:00 [WARN],SRV-008,Malware_Dropper,31
INC-00250,2025-03-30 20:47:00 [WARN],SRV-004,Cross_Site_Scripting,88
INC-00251,2025-08-04 15:07:00 [WARN],SRV-002, sql_injection ,
INC-00252,2025-07-21 19:05:00 [WARN],SRV-004,Malware_Dropper,2
INC-00253,2025-11-06 19:34:00 [WARN],SRV-003,Cross_Site_Scripting,88
INC-00254,2025-04-12 18:02:00 [WARN],SRV-004,phishing,136
INC-00255,2025-11-07_11:59:00 [ERROR],SRV-002,Malware_Dropper,13
INC-00256,2025-09-21 15:34:00 [WARN],SRV-002,Insider_Threat,137
INC-00257,2025-06-12 11:14:00 [WARN],SRV-005, ddos ,84
INC-00258,2025-09-17 14:02:00 [WARN],SRV-004, DDoS ,81
INC-00259,2025-11-20 21:59:00 [WARN],SRV-002,Malware_Dropper,116
INC-00260,2025-08-13 06:53:00 [WARN],SRV-004,zero_day,88
INC-00261,2025-10-17 03:28:00 [WARN],SRV-003,Insider_Threat,119
INC-00262,2025-10-26 06:59:00 [WARN],SRV-003, Brute_Force,75
INC-00263,2025-07-03 20:59:00 [WARN],SRV-004,Ransomware,1
INC-00264,2025-05-16_19:16:00 [ERROR],SRV-004, SQL_Injection ,103
INC-00265,2025-06-26 01:16:00 [WARN],SRV-004, DDoS ,61
INC-00266,2025-08-11 00:53:00 [WARN],SRV-002,Phishing,128 hrs
INC-00267,2025-10-13 09:48:00 [WARN],SRV-008,Ransomware,144
INC-00268,2025-09-17 06:30:00 [WARN],SRV-003,Zero_Day,39
INC-00269,2025-06-04_09:54:00 [ERROR],SRV-007, ddos ,74
INC-00270,2025-03-19 17:53:00 [WARN],SRV-001, sql_injection ,117
INC-00271,2025-05-14 15:20:00 [WARN],SRV-001,Ransomware,135
INC-00272,2025-05-19_14:34:00 [ERROR],SRV-003, DDoS ,127
INC-00273,2025-12-03 08:11:00 [WARN],SRV-007,Ransomware,145
INC-00274,2025-07-30 12:56:00 [WARN],SRV-007,Ransomware,46
INC-00275,2025-11-29 20:08:00 [WARN],SRV-003,Cross_Site_Scripting,61 hrs
INC-00276,2025-08-03 23:06:00 [WARN],SRV-002, SQL_Injection ,38
INC-00277,2025-03-14 20:25:00 [WARN],SRV-006,Ransomware,133
INC-00278,2025-02-28 06:26:00 [WARN],SRV-006, DDoS ,40
INC-00279,2025-11-19_10:50:00 [ERROR],SRV-007,zero_day,21
INC-00280,2025-07-10 04:53:00 [WARN],SRV-001,Zero_Day,38
INC-00281,2025-12-04 11:58:00 [WARN],SRV-004,Cross_Site_Scripting,8
INC-00282,2025-08-30 22:14:00 [WARN],SRV-005,Malware_Dropper,105
INC-00283,2025-02-28 12:21:00 [WARN],SRV-008, SQL_Injection ,99
INC-00284,2025-02-19 07:41:00 [WARN],SRV-004, ddos ,145 hrs
INC-00285,2025-09-03 00:02:00 [WARN],SRV-006, DDoS ,43
INC-00286,2025-03-09 10:15:00 [WARN],SRV-004, SQL_Injection ,97
INC-00287,2025-01-11 22:23:00 [WARN],SRV-005,Malware_Dropper,31
INC-00288,2025-04-24_05:28:00 [ERROR],SRV-003,Insider_Threat,50
INC-00289,2025-06-26 19:01:00 [WARN],SRV-001,Insider_Threat,98
INC-00290,2025-05-13 20:46:00 [WARN],SRV-006, SQL_Injection ,51
INC-00291,2025-04-27 18:11:00 [WARN],SRV-003,Ransomware,35
INC-00292,2025-08-21 09:15:00 [WARN],SRV-001,phishing,25
INC-00293,2025-09-07 18:55:00 [WARN],SRV-007, SQL_Injection ,107
INC-00294,2025-06-20 21:59:00 [WARN],SRV-007,Malware_Dropper,4
INC-00295,2025-03-06 00:56:00 [WARN],SRV-005,Malware_Dropper,122
INC-00296,2025-07-19 13:05:00 [WARN],SRV-008, DDoS ,18 hrs
INC-00297,2025-12-23 19:51:00 [WARN],SRV-001, SQL_Injection ,103
INC-00298,2025-05-30 17:53:00 [WARN],SRV-008,Phishing,82
INC-00299,2025-05-24 16:05:00 [WARN],SRV-008, SQL_Injection ,61
INC-00300,2025-10-04 15:43:00 [WARN],SRV-007,Cross_Site_Scripting,33
INC-00301,2025-11-10 13:19:00 [WARN],SRV-002,cross_site_scripting,112
INC-00302,2025-04-14 17:04:00 [WARN],SRV-008,Insider_Threat,41
INC-00303,2025-01-04 23:26:00 [WARN],SRV-005,Ransomware,11
INC-00304,2025-05-14 02:49:00 [WARN],SRV-004,phishing,69
INC-00305,2025-07-02 23:23:00 [WARN],SRV-005,malware_dropper,143
INC-00306,2025-08-12 23:14:00 [WARN],SRV-001, Brute_Force,84
INC-00307,2025-04-25_12:33:00 [ERROR],SRV-003,Phishing,47
INC-00308,2025-03-03_21:34:00 [ERROR],SRV-001, sql_injection ,41 hrs
INC-00309,2025-08-19 15:08:00 [WARN],SRV-004,Insider_Threat,113
INC-00310,2025-02-16 17:18:00 [WARN],SRV-005,Ransomware,61
INC-00311,2025-01-25_12:44:00 [ERROR],SRV-008,Zero_Day,83
INC-00312,2025-12-10 04:55:00 [WARN],SRV-005, Brute_Force,60
INC-00313,2025-06-15 21:22:00 [WARN],SRV-006, Brute_Force,18
INC-00314,2025-08-20 20:46:00 [WARN],SRV-008,Ransomware,107
INC-00315,2025-04-28 23:00:00 [WARN],SRV-002,Zero_Day,47
INC-00316,2025-05-23 15:27:00 [WARN],SRV-006,Zero_Day,26
INC-00317,2025-06-23 07:32:00 [WARN],SRV-004,phishing,40
INC-00318,2025-04-11 08:26:00 [WARN],SRV-003,Cross_Site_Scripting,143
INC-00319,2025-06-26 09:47:00 [WARN],SRV-006,ransomware,76
INC-00320,2025-01-25 11:11:00 [WARN],SRV-003, ddos ,115
INC-00321,2025-01-30_13:17:00 [ERROR],SRV-003,Cross_Site_Scripting,32
INC-00322,2025-01-11 15:29:00 [WARN],SRV-003,Phishing,119
INC-00323,2025-07-08 08:52:00 [WARN],SRV-006,Insider_Threat,56
INC-00324,2025-05-23 08:17:00 [WARN],SRV-007, sql_injection ,25
INC-00325,2025-01-03 03:20:00 [WARN],SRV-006,malware_dropper,40
INC-00326,2025-01-22_23:39:00 [ERROR],SRV-003,Ransomware,30
INC-00327,2025-04-10 14:30:00 [WARN],SRV-007,ransomware,108 hrs
INC-00328,2025-10-25 21:09:00 [WARN],SRV-003, DDoS ,37
INC-00329,2025-03-27 05:48:00 [WARN],SRV-004,Cross_Site_Scripting,85
INC-00330,2025-08-08 14:11:00 [WARN],SRV-001,Malware_Dropper,80
INC-00331,2025-07-11 18:58:00 [WARN],SRV-003, Brute_Force,71
INC-00332,2025-08-11_17:42:00 [ERROR],SRV-006, DDoS ,31
INC-00333,2025-09-04 20:58:00 [WARN],SRV-004,Malware_Dropper,1
INC-00334,2025-03-31 08:47:00 [WARN],SRV-002,Cross_Site_Scripting,11
INC-00335,2025-05-05 01:15:00 [WARN],SRV-001,insider_threat,117
INC-00336,2025-04-27 04:19:00 [WARN],SRV-008, SQL_Injection ,8
INC-00337,2025-07-02 11:46:00 [WARN],SRV-008, DDoS ,97
INC-00338,2025-08-28 13:33:00 [WARN],SRV-001,Cross_Site_Scripting,147
INC-00339,2025-03-08 20:52:00 [WARN],SRV-008, brute_force,110
INC-00340,2025-05-15 07:22:00 [WARN],SRV-004, Brute_Force,98
INC-00341,2025-04-28 20:23:00 [WARN],SRV-008,Cross_Site_Scripting,73
INC-00342,2025-10-20 10:29:00 [WARN],SRV-003,Insider_Threat,23
INC-00343,2025-08-20 16:19:00 [WARN],SRV-003,phishing,
INC-00344,2025-08-14 16:11:00 [WARN],SRV-006,insider_threat,58
INC-00345,2025-12-16 13:38:00 [WARN],SRV-006, DDoS ,139
INC-00346,2025-04-21 23:50:00 [WARN],SRV-002, Brute_Force,36
INC-00347,2025-07-03 18:55:00 [WARN],SRV-003,Insider_Threat,36
INC-00348,2025-07-16 06:29:00 [WARN],SRV-008, SQL_Injection ,14
INC-00349,2025-09-12 15:17:00 [WARN],SRV-007,Ransomware,39 hrs
INC-00350,2025-03-06 01:50:00 [WARN],SRV-002,Zero_Day,97
INC-00351,2025-10-29 08:19:00 [WARN],SRV-005,Zero_Day,72
INC-00352,2025-10-26 06:43:00 [WARN],SRV-008, DDoS ,35
INC-00353,2025-01-21 21:59:00 [WARN],SRV-005, DDoS ,147
INC-00354,2025-07-21 21:47:00 [WARN],SRV-006, SQL_Injection ,113
INC-00355,2025-03-13 08:44:00 [WARN],SRV-003, Brute_Force,127
INC-00356,2025-07-15 19:39:00 [WARN],SRV-006,Ransomware,86
INC-00357,2025-10-16 00:27:00 [WARN],SRV-007,Insider_Threat,10
INC-00358,2025-09-04 22:51:00 [WARN],SRV-007,phishing,28
INC-00359,2025-02-03 20:54:00 [WARN],SRV-004,ransomware,132
INC-00360,2025-08-05 00:52:00 [WARN],SRV-004,Ransomware,12
INC-00361,2025-06-06 01:58:00 [WARN],SRV-006, SQL_Injection ,131
INC-00362,2025-07-10 05:44:00 [WARN],SRV-006,Ransomware,115
INC-00363,2025-12-14 20:33:00 [WARN],SRV-004,phishing,55 hrs
INC-00364,2025-01-25 05:21:00 [WARN],SRV-002,Cross_Site_Scripting,52
INC-00365,2025-05-04 11:36:00 [WARN],SRV-008, SQL_Injection ,36
INC-00366,2025-06-24 06:02:00 [WARN],SRV-002,Cross_Site_Scripting,108
INC-00367,2025-09-22 15:18:00 [WARN],SRV-002, Brute_Force,87
INC-00368,2025-11-11 14:45:00 [WARN],SRV-005,Insider_Threat,27 hrs
INC-00369,2025-04-17 06:51:00 [WARN],SRV-006,Cross_Site_Scripting,149
INC-00370,2025-03-04 15:40:00 [WARN],SRV-008,Ransomware,42
INC-00371,2025-03-29 14:00:00 [WARN],SRV-005, DDoS ,74
INC-00372,2025-10-18 13:36:00 [WARN],SRV-005,malware_dropper,127
INC-00373,2025-12-17 13:36:00 [WARN],SRV-003,malware_dropper,134
INC-00374,2025-11-18 23:25:00 [WARN],SRV-006, brute_force,13
INC-00375,2025-08-12 09:30:00 [WARN],SRV-005,Malware_Dropper,95
INC-00376,2025-05-01_10:06:00 [ERROR],SRV-003,Malware_Dropper,96
INC-00377,2025-06-30 23:58:00 [WARN],SRV-001,Ransomware,51
INC-00378,2025-09-09_11:10:00 [ERROR],SRV-004,zero_day,46
INC-00379,2025-11-09 05:56:00 [WARN],SRV-004,Cross_Site_Scripting,121
INC-00380,2025-06-08 21:27:00 [WARN],SRV-004,Zero_Day,64 hrs
INC-00381,2025-08-15 08:04:00 [WARN],SRV-003,phishing,16
INC-00382,2025-01-09 04:18:00 [WARN],SRV-001,Malware_Dropper,30
INC-00383,2025-06-16 21:09:00 [WARN],SRV-001, SQL_Injection ,64
INC-00384,2025-12-09 09:45:00 [WARN],SRV-002,Cross_Site_Scripting,129
INC-00385,2025-12-24 04:51:00 [WARN],SRV-007,Insider_Threat,90
INC-00386,2025-06-29_05:13:00 [ERROR],SRV-004, brute_force,126
INC-00387,2025-12-17 05:43:00 [WARN],SRV-006, Brute_Force,83
INC-00388,2025-07-26 20:11:00 [WARN],SRV-008,zero_day,130
INC-00389,2025-08-01 07:45:00 [WARN],SRV-007,insider_threat,75
INC-00390,2025-01-17 00:06:00 [WARN],SRV-004,Ransomware,101
INC-00391,2025-11-24 12:29:00 [WARN],SRV-006,Zero_Day,42
INC-00392,2025-05-16_23:49:00 [ERROR],SRV-006,Zero_Day,50 hrs
INC-00393,2025-03-14 19:13:00 [WARN],SRV-006,Insider_Threat,55
INC-00394,2025-10-19 17:20:00 [WARN],SRV-008,insider_threat,63
INC-00395,2025-09-27 21:32:00 [WARN],SRV-006,Zero_Day,19
INC-00396,2025-01-13 01:56:00 [WARN],SRV-002, sql_injection ,48
INC-00397,2025-12-03 10:25:00 [WARN],SRV-005,Cross_Site_Scripting,42
INC-00398,2025-06-16 04:34:00 [WARN],SRV-005,ransomware,52
INC-00399,2025-07-21 05:29:00 [WARN],SRV-001,Cross_Site_Scripting,110
INC-00400,2025-12-03 09:17:00 [WARN],SRV-003,Phishing,111
INC-00401,2025-08-26 06:38:00 [WARN],SRV-001, Brute_Force,83
INC-00402,2025-07-20 11:06:00 [WARN],SRV-002,Ransomware,10
INC-00403,2025-03-11 05:52:00 [WARN],SRV-008, SQL_Injection ,62
INC-00404,2025-09-04 12:22:00 [WARN],SRV-007,insider_threat,10
INC-00405,2025-01-19 01:29:00 [WARN],SRV-005,Malware_Dropper,23
INC-00406,2025-12-07 09:05:00 [WARN],SRV-008, brute_force,118
INC-00407,2025-01-01 21:29:00 [WARN],SRV-008,phishing,64
INC-00408,2025-05-27_19:52:00 [ERROR],SRV-003, DDoS ,
INC-00409,2025-03-01 09:58:00 [WARN],SRV-001,malware_dropper,102
INC-00410,2025-04-01 07:43:00 [WARN],SRV-003,Phishing,134
INC-00411,2025-02-27 10:35:00 [WARN],SRV-006,Insider_Threat,78
INC-00412,2025-05-11 18:57:00 [WARN],SRV-001,Malware_Dropper,33
INC-00413,2025-10-22_13:45:00 [ERROR],SRV-008,Cross_Site_Scripting,138
INC-00414,2025-01-15 07:50:00 [WARN],SRV-001, Brute_Force,52
INC-00415,2025-11-17_04:26:00 [ERROR],SRV-003, DDoS ,34
INC-00416,2025-06-24 21:31:00 [WARN],SRV-001, Brute_Force,76
INC-00417,2025-02-04 02:14:00 [WARN],SRV-003, SQL_Injection ,27
INC-00418,2025-11-04 22:07:00 [WARN],SRV-003,Insider_Threat,127
INC-00419,2025-10-05 02:53:00 [WARN],SRV-007, SQL_Injection ,71
INC-00420,2025-03-07 05:26:00 [WARN],SRV-001, Brute_Force,65
INC-00421,2025-01-16 01:28:00 [WARN],SRV-006,zero_day,50
INC-00422,2025-02-05 17:42:00 [WARN],SRV-007, brute_force,132
INC-00423,2025-06-14 01:52:00 [WARN],SRV-005,zero_day,59
INC-00424,2025-06-09 09:01:00 [WARN],SRV-006, brute_force,60 hrs
INC-00425,2025-04-08 21:53:00 [WARN],SRV-003,zero_day,119
INC-00426,2025-06-14 04:41:00 [WARN],SRV-001, Brute_Force,77
INC-00427,2025-03-03 01:47:00 [WARN],SRV-007, brute_force,85
INC-00428,2025-10-28 23:59:00 [WARN],SRV-007, brute_force,123
INC-00429,2025-05-14 08:26:00 [WARN],SRV-002, brute_force,65
INC-00430,2025-03-01 17:10:00 [WARN],SRV-003, Brute_Force,105
INC-00431,2025-08-10_22:39:00 [ERROR],SRV-006,malware_dropper,83
INC-00432,2025-04-01 07:17:00 [WARN],SRV-004, SQL_Injection ,132
INC-00433,2025-04-17 12:45:00 [WARN],SRV-008,Malware_Dropper,41
INC-00434,2025-05-13 00:21:00 [WARN],SRV-001, SQL_Injection ,81
INC-00435,2025-07-24 13:05:00 [WARN],SRV-002,Cross_Site_Scripting,75
INC-00436,2025-05-11 19:38:00 [WARN],SRV-004, DDoS ,109
INC-00437,2025-11-17 09:09:00 [WARN],SRV-005,phishing,78 hrs
INC-00438,2025-06-02 13:53:00 [WARN],SRV-002,Cross_Site_Scripting,9
INC-00439,2025-04-01 16:32:00 [WARN],SRV-006,Malware_Dropper,15
INC-00440,2025-12-23 22:16:00 [WARN],SRV-003,Zero_Day,150
INC-00441,2025-11-06 12:11:00 [WARN],SRV-008, SQL_Injection ,78
INC-00442,2025-11-11 01:14:00 [WARN],SRV-007,Zero_Day,5
INC-00443,2025-08-20 08:29:00 [WARN],SRV-003, SQL_Injection ,124
INC-00444,2025-06-05 13:56:00 [WARN],SRV-001, SQL_Injection ,122
INC-00445,2025-05-29 08:02:00 [WARN],SRV-003, brute_force,26
INC-00446,2025-10-24 20:48:00 [WARN],SRV-001,Zero_Day,106
INC-00447,2025-02-07 11:34:00 [WARN],SRV-004,ransomware,2
INC-00448,2025-05-12 02:22:00 [WARN],SRV-008,Malware_Dropper,46
INC-00449,2025-05-09 22:56:00 [WARN],SRV-006,malware_dropper,6
INC-00450,2025-01-02 21:54:00 [WARN],SRV-005,Zero_Day,113
INC-00451,2025-02-22 20:45:00 [WARN],SRV-007,Cross_Site_Scripting,32
INC-00452,2025-12-01 16:54:00 [WARN],SRV-003, DDoS ,117
INC-00453,2025-08-05 15:37:00 [WARN],SRV-006,Malware_Dropper,124 hrs
INC-00454,2025-04-04 17:41:00 [WARN],SRV-007, DDoS ,37
INC-00455,2025-10-24 14:05:00 [WARN],SRV-003, ddos ,134
INC-00456,2025-03-23 15:02:00 [WARN],SRV-001,Phishing,90
INC-00457,2025-04-08 18:29:00 [WARN],SRV-008, SQL_Injection ,76
INC-00458,2025-05-25 09:33:00 [WARN],SRV-004,Ransomware,147
INC-00459,2025-05-01 22:49:00 [WARN],SRV-001,malware_dropper,53
INC-00460,2025-10-11 13:14:00 [WARN],SRV-007,Phishing,86
INC-00461,2025-01-20 01:28:00 [WARN],SRV-003,Insider_Threat,113
INC-00462,2025-09-05 05:34:00 [WARN],SRV-005, Brute_Force,139
INC-00463,2025-11-19 21:34:00 [WARN],SRV-007,zero_day,34
INC-00464,2025-04-11 19:51:00 [WARN],SRV-008,Insider_Threat,22
INC-00465,2025-09-16 10:01:00 [WARN],SRV-002,Phishing,56
INC-00466,2025-04-28 14:33:00 [WARN],SRV-008, DDoS ,22
INC-00467,2025-12-11 09:36:00 [WARN],SRV-001, brute_force,60
INC-00468,2025-06-13 09:26:00 [WARN],SRV-002,insider_threat,33
INC-00469,2025-07-24 19:51:00 [WARN],SRV-007,Ransomware,148
INC-00470,2025-01-17 18:14:00 [WARN],SRV-007,Insider_Threat,60
INC-00471,2025-06-20 01:58:00 [WARN],SRV-005, SQL_Injection ,141
INC-00472,2025-12-23 14:46:00 [WARN],SRV-001,zero_day,91
INC-00473,2025-09-20 03:55:00 [WARN],SRV-006,Zero_Day,58
INC-00474,2025-07-23 05:53:00 [WARN],SRV-006, DDoS ,109
INC-00475,2025-06-10 18:49:00 [WARN],SRV-004,phishing,131
INC-00476,2025-04-17 06:41:00 [WARN],SRV-004,Insider_Threat,58
INC-00477,2025-04-16 16:48:00 [WARN],SRV-001,cross_site_scripting,27
INC-00478,2025-05-04 10:49:00 [WARN],SRV-002, ddos ,59
INC-00479,2025-11-12_19:22:00 [ERROR],SRV-007,Ransomware,106
INC-00480,2025-10-07 01:07:00 [WARN],SRV-004,ransomware,54 hrs
INC-00481,2025-01-08 06:11:00 [WARN],SRV-002,Insider_Threat,96
INC-00482,2025-07-05 00:32:00 [WARN],SRV-002, ddos ,136
INC-00483,2025-07-06 03:43:00 [WARN],SRV-001,zero_day,114
INC-00484,2025-01-17 14:36:00 [WARN],SRV-002,Zero_Day,106
INC-00485,2025-09-05_11:28:00 [ERROR],SRV-002,Insider_Threat,44
INC-00486,2025-07-21 11:58:00 [WARN],SRV-008,Insider_Threat,76
INC-00487,2025-06-28_22:15:00 [ERROR],SRV-008,Ransomware,74
INC-00488,2025-01-16 12:02:00 [WARN],SRV-001,Phishing,85
INC-00489,2025-07-13 14:47:00 [WARN],SRV-001,Zero_Day,38
INC-00490,2025-02-01 21:20:00 [WARN],SRV-003,Zero_Day,132
INC-00491,2025-12-07 16:59:00 [WARN],SRV-005,Zero_Day,57
INC-00492,2025-10-28 14:52:00 [WARN],SRV-005,Insider_Threat,125
INC-00493,2025-11-18 16:56:00 [WARN],SRV-004, Brute_Force,40
INC-00494,2025-11-18 03:06:00 [WARN],SRV-006,Insider_Threat,101
INC-00495,2025-11-13 06:22:00 [WARN],SRV-007,phishing,19
INC-00496,2025-05-26 02:23:00 [WARN],SRV-002,ransomware,42
INC-00497,2025-11-21 05:50:00 [WARN],SRV-004,phishing,75
INC-00498,2025-11-29 04:03:00 [WARN],SRV-002,Zero_Day,123
INC-00499,2025-08-02 11:56:00 [WARN],SRV-001,Zero_Day,94
INC-00500,2025-09-18 23:25:00 [WARN],SRV-005,Zero_Day,113
INC-00501,2025-02-22_20:28:00 [ERROR],SRV-001, SQL_Injection ,9
INC-00502,2025-03-01 10:19:00 [WARN],SRV-005,Cross_Site_Scripting,91
INC-00503,2025-07-31 16:46:00 [WARN],SRV-005, Brute_Force,105
INC-00504,2025-01-14 18:28:00 [WARN],SRV-002, Brute_Force,150
INC-00505,2025-08-29 18:49:00 [WARN],SRV-005,Ransomware,79
INC-00506,2025-04-18 01:07:00 [WARN],SRV-001,Phishing,36
INC-00507,2025-12-24 03:42:00 [WARN],SRV-003, brute_force,15
INC-00508,2025-03-11 15:10:00 [WARN],SRV-008, brute_force,134
INC-00509,2025-04-06 18:14:00 [WARN],SRV-005,Cross_Site_Scripting,135
INC-00510,2025-12-29 03:45:00 [WARN],SRV-008,zero_day,
INC-00511,2025-02-26 04:59:00 [WARN],SRV-006, ddos ,99
INC-00512,2025-02-02 05:02:00 [WARN],SRV-005,Insider_Threat,102
INC-00513,2025-08-02 21:26:00 [WARN],SRV-006,Phishing,144
INC-00514,2025-08-07 08:14:00 [WARN],SRV-008, SQL_Injection ,45
INC-00515,2025-08-15 18:10:00 [WARN],SRV-005,Cross_Site_Scripting,42
INC-00516,2025-12-27 09:40:00 [WARN],SRV-003,Malware_Dropper,109
INC-00517,2025-07-12 22:07:00 [WARN],SRV-007, DDoS ,94
INC-00518,2025-02-13 18:04:00 [WARN],SRV-004, DDoS ,78
INC-00519,2025-01-11 21:33:00 [WARN],SRV-008,Malware_Dropper,26
INC-00520,2025-07-27 08:10:00 [WARN],SRV-007,Ransomware,55
INC-00521,2025-05-22 22:59:00 [WARN],SRV-005, DDoS ,78
INC-00522,2025-02-08 14:54:00 [WARN],SRV-002,Insider_Threat,123
INC-00523,2025-10-16_20:37:00 [ERROR],SRV-005,Zero_Day,90
INC-00524,2025-11-08 21:31:00 [WARN],SRV-002,Zero_Day,44
INC-00525,2025-07-23 16:14:00 [WARN],SRV-007, Brute_Force,145
INC-00526,2025-10-09 03:08:00 [WARN],SRV-002, DDoS ,110
INC-00527,2025-07-19_19:39:00 [ERROR],SRV-007, SQL_Injection ,18
INC-00528,2025-07-27 17:17:00 [WARN],SRV-002,Ransomware,34
INC-00529,2025-10-10 23:29:00 [WARN],SRV-003,Phishing,76
INC-00530,2025-06-06 10:06:00 [WARN],SRV-006,Malware_Dropper,144
INC-00531,2025-11-30 22:00:00 [WARN],SRV-007,Ransomware,
INC-00532,2025-07-13 23:10:00 [WARN],SRV-008,Zero_Day,117
INC-00533,2025-09-20 17:24:00 [WARN],SRV-005,Cross_Site_Scripting,128
INC-00534,2025-01-25 03:37:00 [WARN],SRV-005,ransomware,1
INC-00535,2025-08-24 17:07:00 [WARN],SRV-001,phishing,87
INC-00536,2025-03-13 05:59:00 [WARN],SRV-008,cross_site_scripting,107
INC-00537,2025-07-11_17:23:00 [ERROR],SRV-005, Brute_Force,90
INC-00538,2025-04-03 20:45:00 [WARN],SRV-007,Phishing,94
INC-00539,2025-12-22 23:11:00 [WARN],SRV-004,Phishing,58
INC-00540,2025-10-18_16:31:00 [ERROR],SRV-002,Ransomware,4
INC-00541,2025-10-26 03:07:00 [WARN],SRV-002, SQL_Injection ,99 hrs
INC-00542,2025-01-29 02:03:00 [WARN],SRV-005,Phishing,99
INC-00543,2025-08-22 12:41:00 [WARN],SRV-007,Zero_Day,69
INC-00544,2025-07-24_21:05:00 [ERROR],SRV-002,Phishing,63
INC-00545,2025-08-22_01:03:00 [ERROR],SRV-008, SQL_Injection ,136
INC-00546,2025-01-08 23:08:00 [WARN],SRV-007,Phishing,
INC-00547,2025-05-19 22:58:00 [WARN],SRV-004,Ransomware,34
INC-00548,2025-09-18 03:36:00 [WARN],SRV-002, sql_injection ,54
INC-00549,2025-03-16 13:11:00 [WARN],SRV-005,malware_dropper,23
INC-00550,2025-08-07 19:52:00 [WARN],SRV-004,Cross_Site_Scripting,6
INC-00551,2025-04-18 16:58:00 [WARN],SRV-008,Cross_Site_Scripting,133
INC-00552,2025-10-03_01:05:00 [ERROR],SRV-001,Malware_Dropper,110
INC-00553,2025-06-21 05:22:00 [WARN],SRV-008, DDoS ,102
INC-00554,2025-07-20 19:09:00 [WARN],SRV-008,Zero_Day,148
INC-00555,2025-01-10 02:00:00 [WARN],SRV-006, Brute_Force,135
INC-00556,2025-01-22 21:55:00 [WARN],SRV-004,Zero_Day,68
INC-00557,2025-10-02 15:40:00 [WARN],SRV-004, SQL_Injection ,120
INC-00558,2025-03-05_23:09:00 [ERROR],SRV-003, SQL_Injection ,75
INC-00559,2025-09-18 14:19:00 [WARN],SRV-003,Insider_Threat,41
INC-00560,2025-09-13 16:39:00 [WARN],SRV-008, Brute_Force,143
INC-00561,2025-05-19 09:37:00 [WARN],SRV-006,Ransomware,112
INC-00562,2025-05-02 17:05:00 [WARN],SRV-002,Ransomware,40
INC-00563,2025-08-31 15:30:00 [WARN],SRV-003, DDoS ,30
INC-00564,2025-02-12_02:33:00 [ERROR],SRV-001,Cross_Site_Scripting,61
INC-00565,2025-11-24 19:04:00 [WARN],SRV-002,Phishing,144
INC-00566,2025-12-29 17:29:00 [WARN],SRV-007,Malware_Dropper,132
INC-00567,2025-10-05 03:12:00 [WARN],SRV-008,Malware_Dropper,79
INC-00568,2025-08-20 01:35:00 [WARN],SRV-006,Ransomware,51
INC-00569,2025-10-14_18:14:00 [ERROR],SRV-007, SQL_Injection ,127
INC-00570,2025-01-12 06:06:00 [WARN],SRV-001, Brute_Force,27
INC-00571,2025-11-04 02:33:00 [WARN],SRV-008,Cross_Site_Scripting,39
INC-00572,2025-09-15_00:14:00 [ERROR],SRV-005,Zero_Day,32
INC-00573,2025-11-08 23:19:00 [WARN],SRV-007, SQL_Injection ,70
INC-00574,2025-05-01 16:18:00 [WARN],SRV-003,Ransomware,49
INC-00575,2025-03-13 02:58:00 [WARN],SRV-004, Brute_Force,90
INC-00576,2025-03-09_11:53:00 [ERROR],SRV-007,Cross_Site_Scripting,131
INC-00577,2025-04-24 12:40:00 [WARN],SRV-005,Cross_Site_Scripting,81
INC-00578,2025-06-08 11:22:00 [WARN],SRV-004, DDoS ,30
INC-00579,2025-12-27_04:02:00 [ERROR],SRV-001,Insider_Threat,22
INC-00580,2025-11-16 00:44:00 [WARN],SRV-002,Malware_Dropper,121
INC-00581,2025-04-06 22:54:00 [WARN],SRV-006,Zero_Day,94
INC-00582,2025-05-02 18:31:00 [WARN],SRV-007, Brute_Force,135
INC-00583,2025-08-21 23:30:00 [WARN],SRV-003,Phishing,86
INC-00584,2025-10-09 21:38:00 [WARN],SRV-003,ransomware,2
INC-00585,2025-11-23 10:22:00 [WARN],SRV-002,Malware_Dropper,115
INC-00586,2025-10-19 20:08:00 [WARN],SRV-003, DDoS ,85
INC-00587,2025-10-26 13:13:00 [WARN],SRV-002, DDoS ,134 hrs
INC-00588,2025-02-08 06:30:00 [WARN],SRV-008, DDoS ,91
INC-00589,2025-06-20 07:22:00 [WARN],SRV-004,Cross_Site_Scripting,6
INC-00590,2025-01-24 08:24:00 [WARN],SRV-004,Phishing,116
INC-00591,2025-08-17_14:17:00 [ERROR],SRV-007,Insider_Threat,28
INC-00592,2025-10-18 04:39:00 [WARN],SRV-007, Brute_Force,79
INC-00593,2025-12-24 09:32:00 [WARN],SRV-001,Malware_Dropper,90
INC-00594,2025-04-24 03:56:00 [WARN],SRV-003,Malware_Dropper,82
INC-00595,2025-02-21 04:20:00 [WARN],SRV-008,Insider_Threat,
INC-00596,2025-07-21 01:58:00 [WARN],SRV-006,Zero_Day,140
INC-00597,2025-03-01 08:26:00 [WARN],SRV-001,Phishing,14
INC-00598,2025-08-13 00:04:00 [WARN],SRV-005,Phishing,133
INC-00599,2025-02-26 12:17:00 [WARN],SRV-002, DDoS ,92
INC-00600,2025-07-27 16:38:00 [WARN],SRV-004,Ransomware,22
INC-00601,2025-01-26 22:18:00 [WARN],SRV-003,cross_site_scripting,64
INC-00602,2025-01-30_08:47:00 [ERROR],SRV-004,Cross_Site_Scripting,119
INC-00603,2025-06-20 21:04:00 [WARN],SRV-002,Insider_Threat,148
INC-00604,2025-01-26 02:11:00 [WARN],SRV-006,Cross_Site_Scripting,69
INC-00605,2025-11-19 09:28:00 [WARN],SRV-006,Insider_Threat,126
INC-00606,2025-11-09_20:51:00 [ERROR],SRV-003, SQL_Injection ,115 hrs
INC-00607,2025-04-10 19:51:00 [WARN],SRV-007,Ransomware,70
INC-00608,2025-10-17 18:57:00 [WARN],SRV-008,Ransomware,148
INC-00609,2025-09-28 16:42:00 [WARN],SRV-008, SQL_Injection ,73
INC-00610,2025-11-02 21:38:00 [WARN],SRV-007, DDoS ,145
INC-00611,2025-08-23 17:23:00 [WARN],SRV-002,Zero_Day,61
INC-00612,2025-02-22 14:59:00 [WARN],SRV-006, DDoS ,44
INC-00613,2025-07-01 19:47:00 [WARN],SRV-001,ransomware,5
INC-00614,2025-12-04 14:11:00 [WARN],SRV-002,Cross_Site_Scripting,124
INC-00615,2025-10-27 19:43:00 [WARN],SRV-007,Malware_Dropper,21
INC-00616,2025-06-02 15:14:00 [WARN],SRV-008,Malware_Dropper,10
INC-00617,2025-03-06 11:13:00 [WARN],SRV-006,Cross_Site_Scripting,57
INC-00618,2025-09-14 19:22:00 [WARN],SRV-005, brute_force,4
INC-00619,2025-08-02 19:05:00 [WARN],SRV-003, Brute_Force,105
INC-00620,2025-03-29 20:52:00 [WARN],SRV-003, DDoS ,128
INC-00621,2025-04-28 16:20:00 [WARN],SRV-008, ddos ,116
INC-00622,2025-10-06 11:07:00 [WARN],SRV-007,insider_threat,130
INC-00623,2025-08-01 23:53:00 [WARN],SRV-007,insider_threat,147
INC-00624,2025-02-13 01:20:00 [WARN],SRV-004,Zero_Day,127
INC-00625,2025-04-17 05:19:00 [WARN],SRV-008, DDoS ,97
INC-00626,2025-02-25_15:40:00 [ERROR],SRV-002,Ransomware,58
INC-00627,2025-01-28 23:44:00 [WARN],SRV-001, SQL_Injection ,78
INC-00628,2025-11-11 21:44:00 [WARN],SRV-004,Phishing,112
INC-00629,2025-04-22 09:57:00 [WARN],SRV-004, SQL_Injection ,150
INC-00630,2025-05-06 06:15:00 [WARN],SRV-001, Brute_Force,78
INC-00631,2025-11-12 23:33:00 [WARN],SRV-007, DDoS ,120
INC-00632,2025-10-20 14:49:00 [WARN],SRV-007,phishing,65
INC-00633,2025-12-21 03:51:00 [WARN],SRV-007,Ransomware,142
INC-00634,2025-01-23 11:21:00 [WARN],SRV-007,Zero_Day,134
INC-00635,2025-12-06 16:58:00 [WARN],SRV-001, sql_injection ,98
INC-00636,2025-03-09_04:53:00 [ERROR],SRV-007,Zero_Day,34
INC-00637,2025-09-29 22:25:00 [WARN],SRV-004,zero_day,92
INC-00638,2025-03-17 08:42:00 [WARN],SRV-002, Brute_Force,86
INC-00639,2025-10-02 09:26:00 [WARN],SRV-008,Insider_Threat,67
INC-00640,2025-02-24 14:11:00 [WARN],SRV-008, sql_injection ,3
INC-00641,2025-05-27 14:40:00 [WARN],SRV-008, sql_injection ,29
INC-00642,2025-09-03 22:33:00 [WARN],SRV-005,Malware_Dropper,136
INC-00643,2025-06-09 00:43:00 [WARN],SRV-001,cross_site_scripting,36
INC-00644,2025-01-07 05:07:00 [WARN],SRV-004, Brute_Force,86
INC-00645,2025-05-07 20:32:00 [WARN],SRV-004,Zero_Day,82
INC-00646,2025-09-17 18:03:00 [WARN],SRV-008, DDoS ,106
INC-00647,2025-05-29 08:53:00 [WARN],SRV-003,Insider_Threat,43
INC-00648,2025-09-15 04:50:00 [WARN],SRV-002, sql_injection ,112
INC-00649,2025-04-29 23:00:00 [WARN],SRV-008,Malware_Dropper,137
INC-00650,2025-02-09 10:01:00 [WARN],SRV-005,Malware_Dropper,78
INC-00651,2025-12-13_11:19:00 [ERROR],SRV-007, DDoS ,97
INC-00652,2025-09-05 15:43:00 [WARN],SRV-005,Ransomware,101
INC-00653,2025-11-21 11:39:00 [WARN],SRV-006,insider_threat,42
INC-00654,2025-06-27 12:51:00 [WARN],SRV-005,Insider_Threat,106
INC-00655,2025-12-13 04:19:00 [WARN],SRV-007,Malware_Dropper,111 hrs
INC-00656,2025-04-19 21:21:00 [WARN],SRV-005,Cross_Site_Scripting,2
INC-00657,2025-09-02 21:01:00 [WARN],SRV-008,Cross_Site_Scripting,93
INC-00658,2025-02-15 08:18:00 [WARN],SRV-003,Cross_Site_Scripting,65
INC-00659,2025-06-25 21:25:00 [WARN],SRV-006,Phishing,44 hrs
INC-00660,2025-07-16 05:39:00 [WARN],SRV-003,Phishing,17
INC-00661,2025-05-23 22:27:00 [WARN],SRV-008,Ransomware,11
INC-00662,2025-11-05 23:19:00 [WARN],SRV-005, SQL_Injection ,10
INC-00663,2025-05-13 19:05:00 [WARN],SRV-006,Ransomware,46
INC-00664,2025-04-25 20:24:00 [WARN],SRV-007,Cross_Site_Scripting,145
INC-00665,2025-09-01 20:53:00 [WARN],SRV-006,Cross_Site_Scripting,122
INC-00666,2025-11-28 21:15:00 [WARN],SRV-001, DDoS ,130
INC-00667,2025-09-18_00:48:00 [ERROR],SRV-005, DDoS ,53
INC-00668,2025-06-08 10:46:00 [WARN],SRV-003, DDoS ,149
INC-00669,2025-08-14 11:13:00 [WARN],SRV-002,Ransomware,34
INC-00670,2025-02-12 03:16:00 [WARN],SRV-004,Insider_Threat,76
INC-00671,2025-05-14 15:12:00 [WARN],SRV-006,Insider_Threat,64
INC-00672,2025-11-30 12:54:00 [WARN],SRV-003, Brute_Force,105
INC-00673,2025-07-25 17:11:00 [WARN],SRV-001,ransomware,126
INC-00674,2025-11-23_20:31:00 [ERROR],SRV-006,cross_site_scripting,121
INC-00675,2025-02-05 03:33:00 [WARN],SRV-006, brute_force,62
INC-00676,2025-07-05_16:02:00 [ERROR],SRV-001, Brute_Force,135
INC-00677,2025-05-26 03:57:00 [WARN],SRV-003, sql_injection ,69
INC-00678,2025-02-20 15:58:00 [WARN],SRV-006,Zero_Day,51
INC-00679,2025-03-21 05:27:00 [WARN],SRV-005,Phishing,142
INC-00680,2025-06-29 04:31:00 [WARN],SRV-004, DDoS ,110
INC-00681,2025-05-18 00:25:00 [WARN],SRV-003,phishing,
INC-00682,2025-05-11 15:29:00 [WARN],SRV-002,Malware_Dropper,97
INC-00683,2025-12-23 22:53:00 [WARN],SRV-007, brute_force,110
INC-00684,2025-07-25 18:37:00 [WARN],SRV-003,Malware_Dropper,17
INC-00685,2025-03-13 22:43:00 [WARN],SRV-003,Zero_Day,36
INC-00686,2025-03-15 21:13:00 [WARN],SRV-002, DDoS ,69
INC-00687,2025-08-08_03:11:00 [ERROR],SRV-008, DDoS ,82
INC-00688,2025-02-01_16:00:00 [ERROR],SRV-006,malware_dropper,148
INC-00689,2025-09-04_02:28:00 [ERROR],SRV-002,Zero_Day,43
INC-00690,2025-12-13 22:22:00 [WARN],SRV-006,Insider_Threat,145
INC-00691,2025-01-16 03:07:00 [WARN],SRV-006,Insider_Threat,128
INC-00692,2025-06-20 19:31:00 [WARN],SRV-005,Phishing,23
INC-00693,2025-10-04 13:30:00 [WARN],SRV-001,Cross_Site_Scripting,39
INC-00694,2025-07-16 01:18:00 [WARN],SRV-002,Zero_Day,21
INC-00695,2025-10-14 23:23:00 [WARN],SRV-008,Ransomware,139
INC-00696,2025-11-30 21:57:00 [WARN],SRV-007,Phishing,142
INC-00697,2025-05-03 19:26:00 [WARN],SRV-006, SQL_Injection ,91
INC-00698,2025-10-25 08:29:00 [WARN],SRV-003, DDoS ,111
INC-00699,2025-01-11 23:42:00 [WARN],SRV-002, Brute_Force,4
INC-00700,2025-04-27 09:32:00 [WARN],SRV-003,zero_day,85
INC-00701,2025-01-10 17:13:00 [WARN],SRV-004, sql_injection ,32
INC-00702,2025-09-29 09:09:00 [WARN],SRV-004,phishing,50
INC-00703,2025-11-18 16:10:00 [WARN],SRV-005,Malware_Dropper,77
INC-00704,2025-04-02 07:21:00 [WARN],SRV-003,Cross_Site_Scripting,50
INC-00705,2025-04-27 14:29:00 [WARN],SRV-008, Brute_Force,36 hrs
INC-00706,2025-04-23 06:57:00 [WARN],SRV-005,Zero_Day,117
INC-00707,2025-04-09 06:43:00 [WARN],SRV-007, SQL_Injection ,148
INC-00708,2025-08-10 18:19:00 [WARN],SRV-001,malware_dropper,149
INC-00709,2025-10-28 05:58:00 [WARN],SRV-004,Insider_Threat,140
INC-00710,2025-12-21 05:08:00 [WARN],SRV-002, DDoS ,47
INC-00711,2025-07-16 16:27:00 [WARN],SRV-004,Malware_Dropper,122
INC-00712,2025-04-19 19:23:00 [WARN],SRV-001,Insider_Threat,28
INC-00713,2025-07-17 09:24:00 [WARN],SRV-003,Malware_Dropper,84
INC-00714,2025-11-10 11:29:00 [WARN],SRV-008,Insider_Threat,10
INC-00715,2025-01-08 06:31:00 [WARN],SRV-002,Malware_Dropper,69
INC-00716,2025-10-06 15:32:00 [WARN],SRV-007,Malware_Dropper,50
INC-00717,2025-12-29 13:31:00 [WARN],SRV-007,Cross_Site_Scripting,49
INC-00718,2025-10-07_15:27:00 [ERROR],SRV-006, SQL_Injection ,94 hrs
INC-00719,2025-06-30 21:14:00 [WARN],SRV-007,Zero_Day,150
INC-00720,2025-01-03 12:30:00 [WARN],SRV-005, sql_injection ,83
INC-00721,2025-04-01 01:03:00 [WARN],SRV-003, sql_injection ,25
INC-00722,2025-10-28 22:25:00 [WARN],SRV-007, sql_injection ,105
INC-00723,2025-07-11 05:54:00 [WARN],SRV-002,insider_threat,53
INC-00724,2025-11-20 13:39:00 [WARN],SRV-006, SQL_Injection ,96
INC-00725,2025-04-14_22:05:00 [ERROR],SRV-005,Zero_Day,103
INC-00726,2025-03-29 17:30:00 [WARN],SRV-007,Ransomware,61
INC-00727,2025-01-07 07:46:00 [WARN],SRV-004,Insider_Threat,142
INC-00728,2025-05-04 19:09:00 [WARN],SRV-005,Phishing,90
INC-00729,2025-12-28 19:18:00 [WARN],SRV-008, Brute_Force,130 hrs
INC-00730,2025-08-05 17:27:00 [WARN],SRV-008,Malware_Dropper,92
INC-00731,2025-07-15 12:11:00 [WARN],SRV-005,Insider_Threat,25
INC-00732,2025-05-10 14:41:00 [WARN],SRV-004,Ransomware,68
INC-00733,2025-12-29 00:38:00 [WARN],SRV-001, sql_injection ,6
INC-00734,2025-11-20 16:24:00 [WARN],SRV-008,cross_site_scripting,119
INC-00735,2025-04-25 08:55:00 [WARN],SRV-008,Insider_Threat,138
INC-00736,2025-03-13 01:11:00 [WARN],SRV-003,Zero_Day,139
INC-00737,2025-03-08 11:10:00 [WARN],SRV-005,Malware_Dropper,
INC-00738,2025-04-01_02:32:00 [ERROR],SRV-006,Insider_Threat,34
INC-00739,2025-12-23 18:25:00 [WARN],SRV-006,Ransomware,43
INC-00740,2025-10-01 09:03:00 [WARN],SRV-001,Malware_Dropper,132
INC-00741,2025-01-04 06:53:00 [WARN],SRV-004,Cross_Site_Scripting,91
INC-00742,2025-06-15 17:23:00 [WARN],SRV-003, sql_injection ,141
INC-00743,2025-03-05 02:52:00 [WARN],SRV-004,Zero_Day,
INC-00744,2025-06-08 21:14:00 [WARN],SRV-004,Malware_Dropper,146
INC-00745,2026-01-01 22:03:00 [WARN],SRV-007, sql_injection ,134
INC-00746,2025-09-08 09:54:00 [WARN],SRV-004,Insider_Threat,125
INC-00747,2025-01-22 21:36:00 [WARN],SRV-005,Ransomware,55
INC-00748,2025-02-09 15:43:00 [WARN],SRV-005, DDoS ,17
INC-00749,2025-03-12 07:44:00 [WARN],SRV-002, Brute_Force,91
INC-00750,2025-10-01 15:28:00 [WARN],SRV-004,Malware_Dropper,143
INC-00751,2025-12-12 13:10:00 [WARN],SRV-001, Brute_Force,106
INC-00752,2025-04-12 16:12:00 [WARN],SRV-002, Brute_Force,106
INC-00753,2025-05-04 16:59:00 [WARN],SRV-001,cross_site_scripting,56
INC-00754,2025-01-13 23:36:00 [WARN],SRV-002,Phishing,50
INC-00755,2025-08-21 07:23:00 [WARN],SRV-006,phishing,61
INC-00756,2025-12-28 14:55:00 [WARN],SRV-005,Phishing,143
INC-00757,2025-02-21 15:13:00 [WARN],SRV-007, DDoS ,43
INC-00758,2025-08-18 00:50:00 [WARN],SRV-007, DDoS ,138
INC-00759,2025-11-08 02:14:00 [WARN],SRV-008, SQL_Injection ,22
INC-00760,2025-03-28 22:04:00 [WARN],SRV-006,Malware_Dropper,96
INC-00761,2025-01-10 09:49:00 [WARN],SRV-001,Cross_Site_Scripting,62
INC-00762,2025-09-05 19:07:00 [WARN],SRV-002,Zero_Day,31
INC-00763,2025-03-17 03:38:00 [WARN],SRV-002,Cross_Site_Scripting,43
INC-00764,2025-01-22_23:18:00 [ERROR],SRV-001,Zero_Day,56
INC-00765,2025-06-04 05:03:00 [WARN],SRV-001,Ransomware,58
INC-00766,2025-10-29 23:35:00 [WARN],SRV-003,Cross_Site_Scripting,43
INC-00767,2025-01-22 13:31:00 [WARN],SRV-006, SQL_Injection ,9
INC-00768,2025-06-07 00:18:00 [WARN],SRV-005, brute_force,78
INC-00769,2025-12-02 05:31:00 [WARN],SRV-006,Phishing,
INC-00770,2025-06-20 11:10:00 [WARN],SRV-003,Malware_Dropper,12
INC-00771,2025-09-23 19:48:00 [WARN],SRV-006,Cross_Site_Scripting,61
INC-00772,2025-02-08 16:01:00 [WARN],SRV-002,insider_threat,118
INC-00773,2025-11-02 23:53:00 [WARN],SRV-004,cross_site_scripting,90
INC-00774,2025-06-24 19:49:00 [WARN],SRV-004, brute_force,143
INC-00775,2025-01-09 22:20:00 [WARN],SRV-007,Insider_Threat,69
INC-00776,2025-04-21 04:16:00 [WARN],SRV-005,Cross_Site_Scripting,66
INC-00777,2025-03-29 22:14:00 [WARN],SRV-004,Cross_Site_Scripting,44
INC-00778,2025-04-07 12:27:00 [WARN],SRV-006, DDoS ,93
INC-00779,2025-05-10 03:05:00 [WARN],SRV-008, DDoS ,
INC-00780,2025-08-24 14:41:00 [WARN],SRV-004,Cross_Site_Scripting,70
INC-00781,2025-07-22 22:40:00 [WARN],SRV-007, SQL_Injection ,127
INC-00782,2025-02-24 05:47:00 [WARN],SRV-006, SQL_Injection ,40
INC-00783,2025-10-25 21:52:00 [WARN],SRV-008, DDoS ,94
INC-00784,2025-11-12 03:04:00 [WARN],SRV-008, SQL_Injection ,43
INC-00785,2025-03-16 06:38:00 [WARN],SRV-005, DDoS ,116
INC-00786,2025-09-18 18:55:00 [WARN],SRV-008, DDoS ,17
INC-00787,2025-01-09 07:52:00 [WARN],SRV-005,Insider_Threat,1
INC-00788,2025-06-18 07:18:00 [WARN],SRV-005, sql_injection ,139
INC-00789,2025-04-19 21:32:00 [WARN],SRV-004, SQL_Injection ,83
INC-00790,2025-03-22 06:38:00 [WARN],SRV-005, Brute_Force,10
INC-00791,2025-07-19 01:53:00 [WARN],SRV-004,Insider_Threat,84
INC-00792,2025-03-08 21:05:00 [WARN],SRV-003, DDoS ,72
INC-00793,2025-08-09 06:44:00 [WARN],SRV-007,phishing,84
INC-00794,2025-09-03 15:54:00 [WARN],SRV-007, Brute_Force,145
INC-00795,2025-11-11 01:58:00 [WARN],SRV-008,cross_site_scripting,56
INC-00796,2025-07-13 22:06:00 [WARN],SRV-006, sql_injection ,1
INC-00797,2025-02-11 21:47:00 [WARN],SRV-006, SQL_Injection ,10
INC-00798,2025-12-22 11:14:00 [WARN],SRV-008,Phishing,149 hrs
INC-00799,2025-08-26_19:25:00 [ERROR],SRV-006, DDoS ,146
INC-00800,2025-08-21 01:43:00 [WARN],SRV-006,Malware_Dropper,104
INC-00801,2025-08-12_18:01:00 [ERROR],SRV-002, brute_force,48
INC-00802,2025-12-24 22:14:00 [WARN],SRV-008,Ransomware,62
INC-00803,2025-02-25 18:46:00 [WARN],SRV-003, DDoS ,99
INC-00804,2025-12-27 01:29:00 [WARN],SRV-002,Ransomware,145
INC-00805,2025-02-03 16:07:00 [WARN],SRV-001, SQL_Injection ,97
INC-00806,2025-08-21 15:41:00 [WARN],SRV-003,Ransomware,145 hrs
INC-00807,2025-02-07_09:38:00 [ERROR],SRV-001,Malware_Dropper,122
INC-00808,2025-12-25 14:32:00 [WARN],SRV-006,insider_threat,31
INC-00809,2025-06-04 06:18:00 [WARN],SRV-002,Cross_Site_Scripting,113
INC-00810,2025-12-16 08:33:00 [WARN],SRV-007,Ransomware,15
INC-00811,2025-01-09 01:16:00 [WARN],SRV-007,Malware_Dropper,5
INC-00812,2025-02-21 01:20:00 [WARN],SRV-007, Brute_Force,25
INC-00813,2025-06-09 05:59:00 [WARN],SRV-002,Ransomware,99
INC-00814,2025-05-06 13:32:00 [WARN],SRV-007,Cross_Site_Scripting,26
INC-00815,2025-10-27 20:46:00 [WARN],SRV-005,cross_site_scripting,52 hrs
INC-00816,2025-06-15 01:17:00 [WARN],SRV-006, DDoS ,69 hrs
INC-00817,2025-03-20 03:39:00 [WARN],SRV-004,Insider_Threat,144
INC-00818,2025-07-15 09:16:00 [WARN],SRV-002,Zero_Day,4
INC-00819,2025-10-10 13:14:00 [WARN],SRV-005,Cross_Site_Scripting,43
INC-00820,2025-08-01 02:23:00 [WARN],SRV-006,ransomware,142
INC-00821,2025-07-22 20:45:00 [WARN],SRV-004,Zero_Day,14
INC-00822,2025-11-13 14:19:00 [WARN],SRV-003,Zero_Day,
INC-00823,2025-08-27_23:25:00 [ERROR],SRV-007, DDoS ,3
INC-00824,2025-01-06 16:37:00 [WARN],SRV-003,Cross_Site_Scripting,63
INC-00825,2025-03-05 17:18:00 [WARN],SRV-007,Phishing,72
INC-00826,2025-10-23 01:26:00 [WARN],SRV-005,Ransomware,105
INC-00827,2025-09-05_12:13:00 [ERROR],SRV-005,Ransomware,143
INC-00828,2025-09-01 13:06:00 [WARN],SRV-001, SQL_Injection ,110
INC-00829,2025-04-18_08:33:00 [ERROR],SRV-008,Zero_Day,101
INC-00830,2025-04-12 15:12:00 [WARN],SRV-005, Brute_Force,135
INC-00831,2025-12-26 12:06:00 [WARN],SRV-008,Cross_Site_Scripting,114
INC-00832,2025-09-16 23:32:00 [WARN],SRV-008,Cross_Site_Scripting,95
INC-00833,2025-06-25 04:22:00 [WARN],SRV-001, sql_injection ,125
INC-00834,2025-02-22 06:37:00 [WARN],SRV-002,Zero_Day,134
INC-00835,2025-05-11 15:28:00 [WARN],SRV-006,Phishing,20 hrs
INC-00836,2025-02-06 00:56:00 [WARN],SRV-004,Insider_Threat,23
INC-00837,2025-09-27 13:34:00 [WARN],SRV-007, SQL_Injection ,19
INC-00838,2025-06-18 15:07:00 [WARN],SRV-003, Brute_Force,137
INC-00839,2025-09-05 11:03:00 [WARN],SRV-001, brute_force,82
INC-00840,2025-06-23 20:08:00 [WARN],SRV-007,Phishing,115
INC-00841,2025-11-19 18:22:00 [WARN],SRV-001,Cross_Site_Scripting,30
INC-00842,2025-01-20 11:23:00 [WARN],SRV-002,Malware_Dropper,147
INC-00843,2025-07-27 17:45:00 [WARN],SRV-006,Phishing,125
INC-00844,2025-01-21 05:41:00 [WARN],SRV-001,Malware_Dropper,85
INC-00845,2025-09-20 21:14:00 [WARN],SRV-005, SQL_Injection ,82
INC-00846,2025-07-30 02:37:00 [WARN],SRV-003,Malware_Dropper,16
INC-00847,2025-12-22 08:07:00 [WARN],SRV-006, SQL_Injection ,114
INC-00848,2025-10-16_13:04:00 [ERROR],SRV-002,phishing,17
INC-00849,2025-05-29 07:59:00 [WARN],SRV-007, DDoS ,100
INC-00850,2025-05-04 12:30:00 [WARN],SRV-008,Malware_Dropper,88
INC-00851,2025-12-13 12:03:00 [WARN],SRV-004, sql_injection ,141
INC-00852,2025-11-08 20:59:00 [WARN],SRV-006,Insider_Threat,117
INC-00853,2025-08-10 22:16:00 [WARN],SRV-002, sql_injection ,
INC-00854,2025-12-22 21:30:00 [WARN],SRV-008, Brute_Force,37
INC-00855,2025-03-24 08:23:00 [WARN],SRV-008, DDoS ,47
INC-00856,2025-12-24_14:40:00 [ERROR],SRV-005, DDoS ,81
INC-00857,2025-03-08 14:27:00 [WARN],SRV-002,Insider_Threat,16
INC-00858,2025-05-14 18:21:00 [WARN],SRV-002,Malware_Dropper,43
INC-00859,2025-07-11_14:31:00 [ERROR],SRV-003,Ransomware,90
INC-00860,2025-03-20 01:40:00 [WARN],SRV-007, DDoS ,57
INC-00861,2025-09-18 09:34:00 [WARN],SRV-008,Insider_Threat,14
INC-00862,2025-12-16 14:19:00 [WARN],SRV-003, ddos ,49 hrs
INC-00863,2025-08-06 08:06:00 [WARN],SRV-003,Cross_Site_Scripting,74
INC-00864,2025-02-08 01:50:00 [WARN],SRV-006,Zero_Day,58
INC-00865,2025-01-15 05:15:00 [WARN],SRV-003,Malware_Dropper,23
INC-00866,2025-07-16 13:23:00 [WARN],SRV-005,Cross_Site_Scripting,140
INC-00867,2025-01-23 10:49:00 [WARN],SRV-003,insider_threat,134
INC-00868,2025-12-08_11:35:00 [ERROR],SRV-004,Ransomware,105
INC-00869,2025-03-22 19:33:00 [WARN],SRV-001,Phishing,2
INC-00870,2025-10-15 10:48:00 [WARN],SRV-005,Ransomware,82
INC-00871,2025-10-06 00:54:00 [WARN],SRV-001, SQL_Injection ,15
INC-00872,2025-09-13 19:18:00 [WARN],SRV-002, DDoS ,43
INC-00873,2025-05-03 12:59:00 [WARN],SRV-002, Brute_Force,62
INC-00874,2025-03-03 10:37:00 [WARN],SRV-008, Brute_Force,7
INC-00875,2025-02-05 19:27:00 [WARN],SRV-003,Cross_Site_Scripting,115
INC-00876,2025-05-23 10:48:00 [WARN],SRV-006, DDoS ,54
INC-00877,2025-06-04 22:11:00 [WARN],SRV-004,Malware_Dropper,142
INC-00878,2025-07-23 19:36:00 [WARN],SRV-001,Malware_Dropper,143
INC-00879,2025-07-14 14:32:00 [WARN],SRV-003,Phishing,48
INC-00880,2025-07-20 21:00:00 [WARN],SRV-005, brute_force,119
INC-00881,2025-07-24 10:29:00 [WARN],SRV-004, sql_injection ,91
INC-00882,2025-10-06 13:41:00 [WARN],SRV-007,cross_site_scripting,56
INC-00883,2025-02-19 21:31:00 [WARN],SRV-001, brute_force,130
INC-00884,2025-04-28_07:40:00 [ERROR],SRV-003,Malware_Dropper,95
INC-00885,2025-01-01 15:04:00 [WARN],SRV-004,Malware_Dropper,22 hrs
INC-00886,2025-06-01 15:27:00 [WARN],SRV-006,Phishing,32
INC-00887,2025-01-18 02:20:00 [WARN],SRV-008, SQL_Injection ,147
INC-00888,2025-10-05 16:41:00 [WARN],SRV-005,Ransomware,25
INC-00889,2025-05-25 14:36:00 [WARN],SRV-005, SQL_Injection ,147
INC-00890,2025-06-25_04:27:00 [ERROR],SRV-006, ddos ,105
INC-00891,2025-01-28 05:42:00 [WARN],SRV-003,Insider_Threat,15
INC-00892,2025-02-11_23:37:00 [ERROR],SRV-006,ransomware,92
INC-00893,2025-03-20 08:32:00 [WARN],SRV-004, brute_force,102
INC-00894,2025-02-08 00:10:00 [WARN],SRV-004,Insider_Threat,128
INC-00895,2025-04-04 11:45:00 [WARN],SRV-005, DDoS ,113
INC-00896,2025-11-02 18:29:00 [WARN],SRV-005, DDoS ,3
INC-00897,2025-07-15 23:26:00 [WARN],SRV-005,Ransomware,111
INC-00898,2025-12-22 06:27:00 [WARN],SRV-003, DDoS ,22
INC-00899,2025-05-05 04:36:00 [WARN],SRV-006, Brute_Force,141
INC-00900,2025-05-16 14:06:00 [WARN],SRV-004,ransomware,127
INC-00901,2025-06-30 18:24:00 [WARN],SRV-003,Phishing,138
INC-00902,2025-01-21 08:55:00 [WARN],SRV-005, DDoS ,114
INC-00903,2025-12-31 14:19:00 [WARN],SRV-004,ransomware,33
INC-00904,2025-11-08 05:04:00 [WARN],SRV-005, Brute_Force,134
INC-00905,2025-12-16 05:28:00 [WARN],SRV-002,Zero_Day,15
INC-00906,2025-10-27 09:23:00 [WARN],SRV-003, brute_force,127
INC-00907,2025-09-09 00:48:00 [WARN],SRV-003, ddos ,129
INC-00908,2025-09-16_21:26:00 [ERROR],SRV-007,Insider_Threat,142
INC-00909,2025-02-21_15:03:00 [ERROR],SRV-007,Phishing,136
INC-00910,2025-12-04 13:58:00 [WARN],SRV-004,Cross_Site_Scripting,52
INC-00911,2025-07-10 05:03:00 [WARN],SRV-007,Zero_Day,28
INC-00912,2025-10-26 11:06:00 [WARN],SRV-006, DDoS ,88 hrs
INC-00913,2025-06-23 02:08:00 [WARN],SRV-006, Brute_Force,119
INC-00914,2025-08-13 03:29:00 [WARN],SRV-002, SQL_Injection ,127
INC-00915,2025-06-24 01:36:00 [WARN],SRV-006, DDoS ,46
INC-00916,2025-08-11 21:24:00 [WARN],SRV-008,Malware_Dropper,84
INC-00917,2025-06-13 22:03:00 [WARN],SRV-003,Zero_Day,64
INC-00918,2025-03-27 21:50:00 [WARN],SRV-006, SQL_Injection ,140
INC-00919,2025-11-04 16:20:00 [WARN],SRV-004,Insider_Threat,82
INC-00920,2025-12-27 22:41:00 [WARN],SRV-006, Brute_Force,25
INC-00921,2025-03-07 05:28:00 [WARN],SRV-004, brute_force,49
INC-00922,2025-11-16 14:23:00 [WARN],SRV-002,Cross_Site_Scripting,129
INC-00923,2025-09-25 03:52:00 [WARN],SRV-001,Phishing,89 hrs
INC-00924,2025-07-01 22:50:00 [WARN],SRV-007,insider_threat,16 hrs
INC-00925,2025-11-29 08:22:00 [WARN],SRV-007,cross_site_scripting,132
INC-00926,2025-06-11 06:04:00 [WARN],SRV-006, Brute_Force,29
INC-00927,2025-06-01 22:10:00 [WARN],SRV-006,Phishing,89
INC-00928,2025-10-28 00:03:00 [WARN],SRV-003,Malware_Dropper,86
INC-00929,2025-04-30 05:00:00 [WARN],SRV-003, DDoS ,42 hrs
INC-00930,2025-12-26 05:57:00 [WARN],SRV-007, Brute_Force,134
INC-00931,2025-01-13 21:59:00 [WARN],SRV-005, DDoS ,138
INC-00932,2025-02-19 22:06:00 [WARN],SRV-005,Zero_Day,138
INC-00933,2025-05-28 18:53:00 [WARN],SRV-002,Phishing,70
INC-00934,2025-01-30 10:15:00 [WARN],SRV-005, SQL_Injection ,5
INC-00935,2025-01-06 20:49:00 [WARN],SRV-003,ransomware,121
INC-00936,2025-11-28 07:27:00 [WARN],SRV-001,Insider_Threat,66
INC-00937,2025-06-13 04:58:00 [WARN],SRV-007,malware_dropper,134
INC-00938,2025-10-09 15:09:00 [WARN],SRV-007,Zero_Day,13
INC-00939,2025-03-14 22:16:00 [WARN],SRV-008, Brute_Force,29
INC-00940,2025-08-18 08:56:00 [WARN],SRV-003, Brute_Force,89
INC-00941,2025-10-06 01:49:00 [WARN],SRV-007,cross_site_scripting,85
INC-00942,2025-09-05 07:22:00 [WARN],SRV-001,Ransomware,25
INC-00943,2025-06-21_17:28:00 [ERROR],SRV-001,Zero_Day,28
INC-00944,2025-10-30 07:06:00 [WARN],SRV-001,ransomware,17
INC-00945,2025-08-09_20:49:00 [ERROR],SRV-008,Phishing,83
INC-00946,2025-04-13 08:42:00 [WARN],SRV-007, ddos ,135
INC-00947,2025-03-30 01:41:00 [WARN],SRV-008, SQL_Injection ,59
INC-00948,2025-04-14 18:16:00 [WARN],SRV-008,Insider_Threat,56
INC-00949,2025-09-03 16:43:00 [WARN],SRV-006,Cross_Site_Scripting,19
INC-00950,2025-02-03 16:09:00 [WARN],SRV-005, SQL_Injection ,128
INC-00951,2025-09-21 08:10:00 [WARN],SRV-005, DDoS ,115
INC-00952,2025-04-23 07:00:00 [WARN],SRV-005, Brute_Force,69
INC-00953,2025-10-15 08:13:00 [WARN],SRV-006, SQL_Injection ,91
INC-00954,2025-12-10 11:24:00 [WARN],SRV-006,Cross_Site_Scripting,74
INC-00955,2025-10-02 05:41:00 [WARN],SRV-007, DDoS ,56
INC-00956,2025-11-18 12:02:00 [WARN],SRV-005, DDoS ,60
INC-00957,2025-09-13 00:39:00 [WARN],SRV-005,Phishing,28
INC-00958,2025-02-19 13:20:00 [WARN],SRV-005,Ransomware,23 hrs
INC-00959,2025-04-22 15:54:00 [WARN],SRV-001,Ransomware,54
INC-00960,2025-05-02 11:35:00 [WARN],SRV-006,Ransomware,131
INC-00961,2025-11-30 03:37:00 [WARN],SRV-005,Cross_Site_Scripting,30
INC-00962,2025-05-16 18:11:00 [WARN],SRV-006, ddos ,7
INC-00963,2025-03-07 14:37:00 [WARN],SRV-006,Ransomware,
INC-00964,2025-05-23 14:45:00 [WARN],SRV-006,Malware_Dropper,87
INC-00965,2025-01-16 21:22:00 [WARN],SRV-005,zero_day,37
INC-00966,2025-07-23 05:50:00 [WARN],SRV-003,zero_day,6
INC-00967,2025-09-30 15:52:00 [WARN],SRV-005, SQL_Injection ,140
INC-00968,2025-06-10 20:03:00 [WARN],SRV-002, DDoS ,6 hrs
INC-00969,2025-01-30 07:31:00 [WARN],SRV-006,Cross_Site_Scripting,40
INC-00970,2025-04-18 02:52:00 [WARN],SRV-005,Insider_Threat,112
INC-00971,2025-01-21 22:12:00 [WARN],SRV-001,Phishing,139
INC-00972,2025-01-20 08:11:00 [WARN],SRV-007,phishing,19
INC-00973,2025-04-03_00:48:00 [ERROR],SRV-005,Cross_Site_Scripting,27
INC-00974,2025-08-16 22:36:00 [WARN],SRV-008, SQL_Injection ,53
INC-00975,2025-07-26 21:30:00 [WARN],SRV-008, DDoS ,35
INC-00976,2025-02-01 06:58:00 [WARN],SRV-008,Ransomware,41
INC-00977,2025-02-01 10:37:00 [WARN],SRV-004,Zero_Day,70 hrs
INC-00978,2025-12-12 18:30:00 [WARN],SRV-001,Phishing,26
INC-00979,2025-01-28 03:00:00 [WARN],SRV-007, sql_injection ,97
INC-00980,2025-07-04 16:57:00 [WARN],SRV-005,Ransomware,20
INC-00981,2025-02-26 20:03:00 [WARN],SRV-005, DDoS ,13
INC-00982,2025-01-28 20:39:00 [WARN],SRV-005, ddos ,131
INC-00983,2025-02-20 04:34:00 [WARN],SRV-007,malware_dropper,138
INC-00984,2025-05-09_21:50:00 [ERROR],SRV-001, DDoS ,48
INC-00985,2025-04-05 19:02:00 [WARN],SRV-005,cross_site_scripting,1
INC-00986,2025-11-15 15:10:00 [WARN],SRV-006,phishing,87
INC-00987,2025-01-27_01:56:00 [ERROR],SRV-005, DDoS ,149
INC-00988,2025-03-06 08:42:00 [WARN],SRV-004,Cross_Site_Scripting,66
INC-00989,2025-11-21 22:36:00 [WARN],SRV-007,cross_site_scripting,79
INC-00990,2025-03-24 06:45:00 [WARN],SRV-004,Cross_Site_Scripting,46
INC-00991,2025-06-04_05:37:00 [ERROR],SRV-007,Insider_Threat,2
INC-00992,2025-05-01 20:41:00 [WARN],SRV-004, SQL_Injection ,66
INC-00993,2025-03-20 14:41:00 [WARN],SRV-004,Ransomware,110
INC-00994,2025-10-03 00:59:00 [WARN],SRV-004,Malware_Dropper,125
INC-00995,2025-12-03 00:03:00 [WARN],SRV-008, DDoS ,69
INC-00996,2025-04-13 21:38:00 [WARN],SRV-003,Insider_Threat,11
INC-00997,2025-08-13 02:05:00 [WARN],SRV-003,Insider_Threat,82
INC-00998,2025-07-14 10:05:00 [WARN],SRV-006, SQL_Injection ,5
INC-00999,2025-10-01 13:43:00 [WARN],SRV-003,ransomware,26 hrs
INC-01000,2025-04-11 22:44:00 [WARN],SRV-006, Brute_Force,111 hrs
INC-01001,2025-05-27 22:13:00 [WARN],SRV-004, DDoS ,110
INC-01002,2025-03-27 23:54:00 [WARN],SRV-007, DDoS ,54
INC-01003,2025-04-27 08:08:00 [WARN],SRV-004, sql_injection ,136
INC-01004,2025-05-28 01:30:00 [WARN],SRV-005,Phishing,114
INC-01005,2025-12-25 06:00:00 [WARN],SRV-001, sql_injection ,135
INC-01006,2025-01-01 06:22:00 [WARN],SRV-003,Ransomware,9
INC-01007,2025-03-06 04:55:00 [WARN],SRV-001,Zero_Day,92
INC-01008,2025-01-29 09:09:00 [WARN],SRV-003,Insider_Threat,85
INC-01009,2025-10-26 00:28:00 [WARN],SRV-004,phishing,58
INC-01010,2025-07-31 22:11:00 [WARN],SRV-008,Malware_Dropper,53
INC-01011,2025-03-21 11:16:00 [WARN],SRV-002, brute_force,96
INC-01012,2025-02-17 01:43:00 [WARN],SRV-002,Cross_Site_Scripting,19
INC-01013,2025-01-28 10:47:00 [WARN],SRV-005,zero_day,122
INC-01014,2025-11-10 21:32:00 [WARN],SRV-004,Ransomware,90
INC-01015,2025-10-26 00:19:00 [WARN],SRV-004,Insider_Threat,74
INC-01016,2025-08-19 06:11:00 [WARN],SRV-007, SQL_Injection ,69
INC-01017,2025-03-10_02:51:00 [ERROR],SRV-003, ddos ,150
INC-01018,2025-03-31 18:27:00 [WARN],SRV-005,zero_day,5
INC-01019,2025-10-19 06:04:00 [WARN],SRV-001, SQL_Injection ,15
INC-01020,2025-08-02 19:33:00 [WARN],SRV-003, sql_injection ,121
INC-01021,2025-10-13 17:01:00 [WARN],SRV-002, SQL_Injection ,89
INC-01022,2025-09-24 20:56:00 [WARN],SRV-005,malware_dropper,33 hrs
INC-01023,2025-12-02 02:04:00 [WARN],SRV-007,malware_dropper,64
INC-01024,2025-05-04 14:52:00 [WARN],SRV-005, DDoS ,30
INC-01025,2025-01-26 08:38:00 [WARN],SRV-006,Zero_Day,106
INC-01026,2025-11-02 17:42:00 [WARN],SRV-001,Ransomware,104 hrs
INC-01027,2025-11-23 08:51:00 [WARN],SRV-003, Brute_Force,50
INC-01028,2025-11-24 04:56:00 [WARN],SRV-001,zero_day,18
INC-01029,2025-03-30_00:39:00 [ERROR],SRV-002, SQL_Injection ,95
INC-01030,2025-10-15 15:55:00 [WARN],SRV-004,Cross_Site_Scripting,36
INC-01031,2025-11-20 12:59:00 [WARN],SRV-004,zero_day,19
INC-01032,2025-09-23 04:05:00 [WARN],SRV-002,insider_threat,145
INC-01033,2025-11-12 02:34:00 [WARN],SRV-006,Ransomware,86 hrs
INC-01034,2025-11-06_22:22:00 [ERROR],SRV-006,Phishing,114
INC-01035,2025-03-13 02:05:00 [WARN],SRV-005,Cross_Site_Scripting,52
INC-01036,2025-11-20 21:38:00 [WARN],SRV-007,Ransomware,68
INC-01037,2025-07-14 16:44:00 [WARN],SRV-002,cross_site_scripting,66 hrs
INC-01038,2025-07-13 05:42:00 [WARN],SRV-003,malware_dropper,35
INC-01039,2025-05-29 15:14:00 [WARN],SRV-008,Zero_Day,74
INC-01040,2025-05-07 03:53:00 [WARN],SRV-005, SQL_Injection ,129
INC-01041,2025-06-24_10:26:00 [ERROR],SRV-004,phishing,102
INC-01042,2025-04-04 02:23:00 [WARN],SRV-002, Brute_Force,91
INC-01043,2025-12-23 12:53:00 [WARN],SRV-001, Brute_Force,139
INC-01044,2025-03-10 22:06:00 [WARN],SRV-008,Malware_Dropper,143
INC-01045,2025-03-27 03:54:00 [WARN],SRV-007, Brute_Force,108
INC-01046,2025-02-14 00:08:00 [WARN],SRV-005,Phishing,85
INC-01047,2025-01-24 06:00:00 [WARN],SRV-005,insider_threat,126
INC-01048,2025-04-23 00:02:00 [WARN],SRV-002, Brute_Force,141
INC-01049,2025-03-10 10:13:00 [WARN],SRV-008,Insider_Threat,62
INC-01050,2025-07-06_21:39:00 [ERROR],SRV-007,Cross_Site_Scripting,18
INC-01051,2025-06-16 09:18:00 [WARN],SRV-001, DDoS ,72
INC-01052,2025-01-29 23:17:00 [WARN],SRV-003, brute_force,35
INC-01053,2025-02-10 03:29:00 [WARN],SRV-007,Insider_Threat,119
INC-01054,2025-12-20_12:31:00 [ERROR],SRV-002,Phishing,133
INC-01055,2025-02-26_23:54:00 [ERROR],SRV-001,cross_site_scripting,13
INC-01056,2025-11-10 23:58:00 [WARN],SRV-002,phishing,87
INC-01057,2025-06-23 02:00:00 [WARN],SRV-001,malware_dropper,131
INC-01058,2025-05-21_22:08:00 [ERROR],SRV-001,insider_threat,83
INC-01059,2025-01-13 11:05:00 [WARN],SRV-005, Brute_Force,139
INC-01060,2025-04-22 11:01:00 [WARN],SRV-002, ddos ,101
INC-01061,2025-02-12 01:23:00 [WARN],SRV-004,Cross_Site_Scripting,58
INC-01062,2025-05-22 11:32:00 [WARN],SRV-006, SQL_Injection ,120
INC-01063,2025-11-21 02:25:00 [WARN],SRV-002,cross_site_scripting,146
INC-01064,2025-12-21 11:53:00 [WARN],SRV-003,ransomware,79
INC-01065,2025-11-26_13:08:00 [ERROR],SRV-006, ddos ,63
INC-01066,2025-01-01 08:35:00 [WARN],SRV-004,Zero_Day,100
INC-01067,2025-10-11 03:23:00 [WARN],SRV-005,ransomware,136
INC-01068,2025-07-20 21:33:00 [WARN],SRV-002,Insider_Threat,6
INC-01069,2025-05-02 00:33:00 [WARN],SRV-001, Brute_Force,138
INC-01070,2025-09-24 18:02:00 [WARN],SRV-004, SQL_Injection ,118
INC-01071,2025-07-22 15:27:00 [WARN],SRV-006,Zero_Day,73
INC-01072,2025-12-09 13:53:00 [WARN],SRV-002,Ransomware,66
INC-01073,2025-08-18 04:08:00 [WARN],SRV-005,Zero_Day,129
INC-01074,2025-09-20 07:24:00 [WARN],SRV-001,Malware_Dropper,33
INC-01075,2025-10-22 13:40:00 [WARN],SRV-005,Zero_Day,121
INC-01076,2025-10-08 22:50:00 [WARN],SRV-002,cross_site_scripting,43
INC-01077,2025-02-03_09:11:00 [ERROR],SRV-004,phishing,18
INC-01078,2025-05-09 11:36:00 [WARN],SRV-007,Cross_Site_Scripting,53
INC-01079,2025-11-24 12:51:00 [WARN],SRV-005,Insider_Threat,122
INC-01080,2025-09-26_22:14:00 [ERROR],SRV-007, brute_force,49
INC-01081,2025-05-16 11:01:00 [WARN],SRV-006,Malware_Dropper,105
INC-01082,2025-10-16_18:15:00 [ERROR],SRV-002,Insider_Threat,135
INC-01083,2025-07-18 08:12:00 [WARN],SRV-006,Phishing,2
INC-01084,2025-01-06_09:03:00 [ERROR],SRV-003, SQL_Injection ,21
INC-01085,2025-03-31 08:01:00 [WARN],SRV-004, SQL_Injection ,149
INC-01086,2025-11-09 10:35:00 [WARN],SRV-004, DDoS ,8
INC-01087,2025-03-15 06:05:00 [WARN],SRV-006,Malware_Dropper,4
INC-01088,2025-01-17 03:22:00 [WARN],SRV-005,Insider_Threat,96
INC-01089,2025-03-04 15:58:00 [WARN],SRV-002, DDoS ,49
INC-01090,2025-01-13 00:39:00 [WARN],SRV-003, DDoS ,120
INC-01091,2025-04-02 17:41:00 [WARN],SRV-008,Cross_Site_Scripting,64
INC-01092,2025-07-11 20:49:00 [WARN],SRV-002, brute_force,146
INC-01093,2025-10-10 18:59:00 [WARN],SRV-001,Malware_Dropper,38
INC-01094,2025-04-03 15:38:00 [WARN],SRV-008,Malware_Dropper,145
INC-01095,2025-11-06 13:28:00 [WARN],SRV-003,Malware_Dropper,19
INC-01096,2025-01-23 13:14:00 [WARN],SRV-006,Zero_Day,17 hrs
INC-01097,2025-11-01 11:02:00 [WARN],SRV-006,Malware_Dropper,82
INC-01098,2025-03-28 05:55:00 [WARN],SRV-008,Cross_Site_Scripting,95
INC-01099,2025-06-07 21:33:00 [WARN],SRV-007, ddos ,113
INC-01100,2025-08-18 12:14:00 [WARN],SRV-008, DDoS ,10
INC-01101,2025-07-02 17:28:00 [WARN],SRV-005,Phishing,128
INC-01102,2025-12-18 03:44:00 [WARN],SRV-001, SQL_Injection ,17
INC-01103,2025-10-13 17:49:00 [WARN],SRV-005, sql_injection ,68
INC-01104,2025-10-21 05:32:00 [WARN],SRV-007, Brute_Force,23
INC-01105,2025-03-08 03:43:00 [WARN],SRV-005,Phishing,1
INC-01106,2025-05-26 10:44:00 [WARN],SRV-005, sql_injection ,70
INC-01107,2025-10-05 06:54:00 [WARN],SRV-007,Cross_Site_Scripting,55
INC-01108,2025-06-18 04:36:00 [WARN],SRV-006,ransomware,68
INC-01109,2025-07-02 07:54:00 [WARN],SRV-001, Brute_Force,8
INC-01110,2025-09-15 14:55:00 [WARN],SRV-002,insider_threat,122
INC-01111,2025-06-08 22:04:00 [WARN],SRV-002, SQL_Injection ,7
INC-01112,2025-06-24_21:31:00 [ERROR],SRV-005,Insider_Threat,86
INC-01113,2025-08-21 03:04:00 [WARN],SRV-008,Malware_Dropper,59
INC-01114,2025-07-29 22:06:00 [WARN],SRV-004, DDoS ,118
INC-01115,2025-07-19 12:48:00 [WARN],SRV-001,Cross_Site_Scripting,77
INC-01116,2025-08-21 03:45:00 [WARN],SRV-001,Phishing,78
INC-01117,2025-12-05 23:57:00 [WARN],SRV-007,Insider_Threat,38
INC-01118,2025-07-10 21:10:00 [WARN],SRV-007, DDoS ,32
INC-01119,2025-04-28 13:27:00 [WARN],SRV-006, SQL_Injection ,8
INC-01120,2025-04-20 06:22:00 [WARN],SRV-004,Malware_Dropper,90 hrs
INC-01121,2025-06-11_20:41:00 [ERROR],SRV-001,zero_day,7
INC-01122,2025-02-07 00:29:00 [WARN],SRV-005,Cross_Site_Scripting,149
INC-01123,2025-06-11 10:08:00 [WARN],SRV-007, SQL_Injection ,18
INC-01124,2025-09-11_17:01:00 [ERROR],SRV-006,Ransomware,80
INC-01125,2025-04-18 16:54:00 [WARN],SRV-001,Malware_Dropper,20 hrs
INC-01126,2025-11-19 04:10:00 [WARN],SRV-005,Malware_Dropper,17
INC-01127,2025-03-25 22:45:00 [WARN],SRV-008,Cross_Site_Scripting,107
INC-01128,2025-07-12 19:03:00 [WARN],SRV-002,Ransomware,137
INC-01129,2025-05-18 16:32:00 [WARN],SRV-005,Phishing,17
INC-01130,2025-06-10 20:04:00 [WARN],SRV-006,Insider_Threat,146
INC-01131,2025-02-04 18:23:00 [WARN],SRV-003,Insider_Threat,145
INC-01132,2025-10-25 02:45:00 [WARN],SRV-005, DDoS ,66
INC-01133,2025-02-28 14:19:00 [WARN],SRV-007, SQL_Injection ,148
INC-01134,2025-10-18 19:32:00 [WARN],SRV-002,Ransomware,75
INC-01135,2025-04-29 17:20:00 [WARN],SRV-004,Malware_Dropper,85
INC-01136,2025-03-18 07:34:00 [WARN],SRV-003,Insider_Threat,50
INC-01137,2025-07-26 11:20:00 [WARN],SRV-001,malware_dropper,140 hrs
INC-01138,2025-04-22 12:49:00 [WARN],SRV-008,Malware_Dropper,38
INC-01139,2025-12-13 21:07:00 [WARN],SRV-002, Brute_Force,41
INC-01140,2025-11-28 18:41:00 [WARN],SRV-007, SQL_Injection ,141
INC-01141,2025-08-18 10:23:00 [WARN],SRV-007,Cross_Site_Scripting,19
INC-01142,2025-02-02_11:28:00 [ERROR],SRV-002,Cross_Site_Scripting,31
INC-01143,2025-07-22 11:46:00 [WARN],SRV-006, Brute_Force,81
INC-01144,2025-03-05 02:05:00 [WARN],SRV-006,Cross_Site_Scripting,100
INC-01145,2025-06-12 07:17:00 [WARN],SRV-006,Ransomware,55
INC-01146,2025-03-22 23:06:00 [WARN],SRV-007,Phishing,17
INC-01147,2025-08-28 21:55:00 [WARN],SRV-008,Ransomware,122
INC-01148,2025-08-07 08:09:00 [WARN],SRV-002, SQL_Injection ,81
INC-01149,2025-07-20 04:41:00 [WARN],SRV-001,Cross_Site_Scripting,91
INC-01150,2025-12-19 20:35:00 [WARN],SRV-008, Brute_Force,128
INC-01151,2025-01-31 23:33:00 [WARN],SRV-006, Brute_Force,25
INC-01152,2025-02-04 16:47:00 [WARN],SRV-002,Malware_Dropper,79
INC-01153,2025-01-18 11:24:00 [WARN],SRV-008,malware_dropper,116
INC-01154,2025-04-13 02:34:00 [WARN],SRV-005,ransomware,106
INC-01155,2025-07-09 21:31:00 [WARN],SRV-005,Phishing,35
INC-01156,2025-04-20 03:39:00 [WARN],SRV-006, DDoS ,16
INC-01157,2025-09-22_22:30:00 [ERROR],SRV-006,Cross_Site_Scripting,7
INC-01158,2025-12-13 22:20:00 [WARN],SRV-004,Insider_Threat,65
INC-01159,2025-05-10 14:51:00 [WARN],SRV-005, DDoS ,70
INC-01160,2025-02-03 19:33:00 [WARN],SRV-003,Ransomware,40
INC-01161,2025-12-08_14:43:00 [ERROR],SRV-006, Brute_Force,16
INC-01162,2025-06-28 00:37:00 [WARN],SRV-003,Insider_Threat,45
INC-01163,2025-06-05 13:47:00 [WARN],SRV-006,Malware_Dropper,80
INC-01164,2025-09-19 00:58:00 [WARN],SRV-006, Brute_Force,23
INC-01165,2025-10-12 20:29:00 [WARN],SRV-002, DDoS ,79
INC-01166,2025-09-22 23:10:00 [WARN],SRV-002, ddos ,141
INC-01167,2025-10-10_22:26:00 [ERROR],SRV-006,malware_dropper,93
INC-01168,2025-07-31 21:11:00 [WARN],SRV-001, Brute_Force,16
INC-01169,2025-06-23 14:58:00 [WARN],SRV-001,malware_dropper,87
INC-01170,2025-01-06 11:55:00 [WARN],SRV-001,Malware_Dropper,101
INC-01171,2025-12-28 18:02:00 [WARN],SRV-006, SQL_Injection ,112
INC-01172,2025-06-25 15:08:00 [WARN],SRV-006,insider_threat,96 hrs
INC-01173,2025-06-19 18:49:00 [WARN],SRV-005,Phishing,140 hrs
INC-01174,2025-03-05 20:10:00 [WARN],SRV-004,Zero_Day,
INC-01175,2025-12-02 19:26:00 [WARN],SRV-003, Brute_Force,87
INC-01176,2025-09-09 10:57:00 [WARN],SRV-007,Zero_Day,44 hrs
INC-01177,2025-07-22 08:27:00 [WARN],SRV-005,Malware_Dropper,13
INC-01178,2025-06-29 13:43:00 [WARN],SRV-001,Insider_Threat,6
INC-01179,2025-08-05 19:01:00 [WARN],SRV-007,ransomware,121
INC-01180,2025-01-10 04:28:00 [WARN],SRV-003,Phishing,121
INC-01181,2025-04-09 23:42:00 [WARN],SRV-007, brute_force,62
INC-01182,2025-12-25 16:51:00 [WARN],SRV-001,Ransomware,100
INC-01183,2025-04-18 15:26:00 [WARN],SRV-007,Insider_Threat,133
INC-01184,2025-03-04 14:54:00 [WARN],SRV-006, ddos ,147
INC-01185,2025-11-30 23:52:00 [WARN],SRV-002,cross_site_scripting,26
INC-01186,2025-08-07 19:55:00 [WARN],SRV-005,Zero_Day,9
INC-01187,2025-08-26_22:32:00 [ERROR],SRV-008, DDoS ,23
INC-01188,2025-08-07 19:05:00 [WARN],SRV-001,Phishing,22
INC-01189,2025-09-07 05:32:00 [WARN],SRV-006,Malware_Dropper,130
INC-01190,2025-04-15 07:22:00 [WARN],SRV-006,Insider_Threat,115
INC-01191,2025-11-23 06:00:00 [WARN],SRV-004, SQL_Injection ,47
INC-01192,2025-01-10 23:16:00 [WARN],SRV-005, ddos ,71
INC-01193,2025-09-17 21:52:00 [WARN],SRV-004,Phishing,98
INC-01194,2025-08-06 17:01:00 [WARN],SRV-001, SQL_Injection ,92
INC-01195,2025-12-18 09:29:00 [WARN],SRV-001,Phishing,140
INC-01196,2025-07-25 00:34:00 [WARN],SRV-003,Zero_Day,77
INC-01197,2025-03-28 04:26:00 [WARN],SRV-008, brute_force,138
INC-01198,2025-11-07 13:40:00 [WARN],SRV-007,Malware_Dropper,70
INC-01199,2025-04-06 02:12:00 [WARN],SRV-004, DDoS ,16
INC-01200,2025-11-18 13:47:00 [WARN],SRV-005, DDoS ,64
INC-01201,2025-01-08_11:20:00 [ERROR],SRV-002,insider_threat,43
INC-01202,2025-07-26 02:20:00 [WARN],SRV-003,Cross_Site_Scripting,14 hrs
INC-01203,2025-06-16 02:52:00 [WARN],SRV-006, ddos ,61
INC-01204,2025-01-03 23:29:00 [WARN],SRV-004,malware_dropper,77
INC-01205,2025-06-24 21:47:00 [WARN],SRV-008,Phishing,9
INC-01206,2025-10-09 18:10:00 [WARN],SRV-007,Phishing,80
INC-01207,2025-12-08 09:26:00 [WARN],SRV-008,Cross_Site_Scripting,17
INC-01208,2025-04-06_10:52:00 [ERROR],SRV-002, Brute_Force,58
INC-01209,2025-04-13 01:56:00 [WARN],SRV-006, SQL_Injection ,30
INC-01210,2025-01-31 04:52:00 [WARN],SRV-003,Zero_Day,92
INC-01211,2025-04-14 12:24:00 [WARN],SRV-003,Malware_Dropper,126 hrs
INC-01212,2025-03-09 10:58:00 [WARN],SRV-002, Brute_Force,80
INC-01213,2025-12-28 19:50:00 [WARN],SRV-002, SQL_Injection ,56
INC-01214,2025-11-10 21:50:00 [WARN],SRV-005,Phishing,143
INC-01215,2025-06-05 16:12:00 [WARN],SRV-008,Ransomware,144
INC-01216,2025-09-08 22:58:00 [WARN],SRV-004,Zero_Day,51
INC-01217,2025-01-20 11:53:00 [WARN],SRV-004,Insider_Threat,18
INC-01218,2025-04-09 23:28:00 [WARN],SRV-006,Malware_Dropper,24
INC-01219,2025-07-29_01:20:00 [ERROR],SRV-001,Zero_Day,50 hrs
INC-01220,2025-07-21 13:40:00 [WARN],SRV-001,Phishing,26
INC-01221,2025-07-03 21:02:00 [WARN],SRV-002,Ransomware,88
INC-01222,2025-09-23_22:49:00 [ERROR],SRV-008,Cross_Site_Scripting,2
INC-01223,2025-08-19_01:30:00 [ERROR],SRV-005,Malware_Dropper,40
INC-01224,2025-01-19 07:55:00 [WARN],SRV-005, SQL_Injection ,11 hrs
INC-01225,2025-01-06 23:25:00 [WARN],SRV-008,Cross_Site_Scripting,24
INC-01226,2025-12-26 02:34:00 [WARN],SRV-006, SQL_Injection ,124
INC-01227,2025-05-03_16:22:00 [ERROR],SRV-008,cross_site_scripting,65
INC-01228,2025-11-01 08:13:00 [WARN],SRV-001, Brute_Force,69
INC-01229,2025-07-07 15:57:00 [WARN],SRV-002,malware_dropper,125 hrs
INC-01230,2025-07-29 10:16:00 [WARN],SRV-002,Malware_Dropper,4 hrs
INC-01231,2025-02-13 02:26:00 [WARN],SRV-008, Brute_Force,102
INC-01232,2025-12-05 11:36:00 [WARN],SRV-002,Ransomware,23
INC-01233,2025-11-10_05:15:00 [ERROR],SRV-002,Zero_Day,118
INC-01234,2025-08-12 17:02:00 [WARN],SRV-006,Cross_Site_Scripting,10
INC-01235,2025-05-12 11:05:00 [WARN],SRV-007, DDoS ,41
INC-01236,2025-10-21 19:03:00 [WARN],SRV-005, brute_force,71
INC-01237,2025-05-30 05:59:00 [WARN],SRV-001,Ransomware,8
INC-01238,2025-06-04 22:52:00 [WARN],SRV-001, DDoS ,85
INC-01239,2025-06-15 05:14:00 [WARN],SRV-008,Insider_Threat,132
INC-01240,2025-06-05 13:14:00 [WARN],SRV-005,insider_threat,19 hrs
INC-01241,2025-09-24 21:48:00 [WARN],SRV-002,Malware_Dropper,19
INC-01242,2025-11-02 07:55:00 [WARN],SRV-007,Phishing,65
INC-01243,2025-08-29 20:10:00 [WARN],SRV-001,phishing,101
INC-01244,2025-11-20 18:41:00 [WARN],SRV-005, SQL_Injection ,11
INC-01245,2025-02-06 16:58:00 [WARN],SRV-006,insider_threat,107
INC-01246,2025-03-30 02:19:00 [WARN],SRV-002, sql_injection ,79
INC-01247,2025-08-12 11:44:00 [WARN],SRV-005,Insider_Threat,54 hrs
INC-01248,2025-06-06_08:19:00 [ERROR],SRV-006,Cross_Site_Scripting,145
INC-01249,2025-05-12 15:07:00 [WARN],SRV-002,Ransomware,44
INC-01250,2025-07-11 10:00:00 [WARN],SRV-003,Malware_Dropper,55
INC-01251,2025-06-23_05:16:00 [ERROR],SRV-008,Phishing,46
INC-01252,2025-03-07 21:51:00 [WARN],SRV-008,Zero_Day,3
INC-01253,2025-02-24 08:22:00 [WARN],SRV-006, SQL_Injection ,23 hrs
INC-01254,2025-09-08 06:50:00 [WARN],SRV-003,Insider_Threat,84
INC-01255,2025-02-27 15:35:00 [WARN],SRV-003,Malware_Dropper,121 hrs
INC-01256,2025-06-30_07:03:00 [ERROR],SRV-006, Brute_Force,5
INC-01257,2025-03-03 12:01:00 [WARN],SRV-002, DDoS ,49
INC-01258,2025-06-12_11:23:00 [ERROR],SRV-001, sql_injection ,88
INC-01259,2025-03-11 15:19:00 [WARN],SRV-008,Cross_Site_Scripting,40
INC-01260,2025-04-23 17:11:00 [WARN],SRV-002,Zero_Day,83
INC-01261,2025-01-27 15:23:00 [WARN],SRV-006,Insider_Threat,148
INC-01262,2025-06-10 04:26:00 [WARN],SRV-004, SQL_Injection ,128
INC-01263,2025-06-25 21:49:00 [WARN],SRV-006, Brute_Force,148
INC-01264,2025-10-20 19:18:00 [WARN],SRV-006,insider_threat,56
INC-01265,2025-01-29 00:22:00 [WARN],SRV-003,Malware_Dropper,27
INC-01266,2025-07-17 02:22:00 [WARN],SRV-001,zero_day,117
INC-01267,2025-08-29_19:23:00 [ERROR],SRV-004,malware_dropper,95
INC-01268,2025-10-29 23:18:00 [WARN],SRV-003,zero_day,114
INC-01269,2025-07-30 09:56:00 [WARN],SRV-003,Insider_Threat,14
INC-01270,2025-09-16 08:25:00 [WARN],SRV-001, DDoS ,100
INC-01271,2025-06-07 10:02:00 [WARN],SRV-006,Zero_Day,113
INC-01272,2025-12-31 15:21:00 [WARN],SRV-007,Zero_Day,70
INC-01273,2025-10-30 04:22:00 [WARN],SRV-003, DDoS ,119
INC-01274,2025-10-30 16:29:00 [WARN],SRV-003,Ransomware,47
INC-01275,2025-01-07 14:00:00 [WARN],SRV-005,Malware_Dropper,146
INC-01276,2025-07-31 22:41:00 [WARN],SRV-008, DDoS ,52
INC-01277,2025-05-13 06:12:00 [WARN],SRV-008,Cross_Site_Scripting,106 hrs
INC-01278,2025-08-18 10:32:00 [WARN],SRV-007, SQL_Injection ,14
INC-01279,2025-02-28 03:27:00 [WARN],SRV-003, DDoS ,92
INC-01280,2025-05-17 09:50:00 [WARN],SRV-002,phishing,69
INC-01281,2025-06-25 23:04:00 [WARN],SRV-005,ransomware,90
INC-01282,2025-02-11 13:31:00 [WARN],SRV-003,Cross_Site_Scripting,52
INC-01283,2025-03-05 20:31:00 [WARN],SRV-002, DDoS ,78
INC-01284,2025-09-24 02:43:00 [WARN],SRV-004, DDoS ,1
INC-01285,2025-01-16 18:37:00 [WARN],SRV-005,phishing,103
INC-01286,2025-12-23 23:53:00 [WARN],SRV-004, brute_force,129
INC-01287,2025-09-06 05:08:00 [WARN],SRV-005, Brute_Force,138
INC-01288,2025-07-28 15:11:00 [WARN],SRV-003, SQL_Injection ,128
INC-01289,2025-01-03 08:03:00 [WARN],SRV-004,Malware_Dropper,40
INC-01290,2025-02-24 01:45:00 [WARN],SRV-008, Brute_Force,73
INC-01291,2025-03-24 09:57:00 [WARN],SRV-001, SQL_Injection ,3
INC-01292,2025-01-16 16:40:00 [WARN],SRV-005,Zero_Day,37
INC-01293,2025-08-31 22:11:00 [WARN],SRV-004, DDoS ,3
INC-01294,2025-01-13 19:32:00 [WARN],SRV-001,Cross_Site_Scripting,127
INC-01295,2025-12-31 01:31:00 [WARN],SRV-002, ddos ,127
INC-01296,2025-10-01 18:18:00 [WARN],SRV-007,Insider_Threat,43
INC-01297,2025-07-07_10:09:00 [ERROR],SRV-004,Cross_Site_Scripting,90
INC-01298,2025-09-22 14:45:00 [WARN],SRV-008, brute_force,81
INC-01299,2025-03-23 04:39:00 [WARN],SRV-001, Brute_Force,71 hrs
INC-01300,2025-07-24 18:25:00 [WARN],SRV-006,insider_threat,78
INC-01301,2025-03-02 03:42:00 [WARN],SRV-004,ransomware,19
INC-01302,2025-07-11 05:58:00 [WARN],SRV-008, DDoS ,116
INC-01303,2025-11-04 10:47:00 [WARN],SRV-008,Zero_Day,114
INC-01304,2025-02-10 00:47:00 [WARN],SRV-005, Brute_Force,15
INC-01305,2025-04-17 17:37:00 [WARN],SRV-007,insider_threat,82
INC-01306,2025-01-25 13:33:00 [WARN],SRV-001,Ransomware,56
INC-01307,2025-06-11 04:27:00 [WARN],SRV-003,Ransomware,11
INC-01308,2025-11-15 02:01:00 [WARN],SRV-008,Zero_Day,150
INC-01309,2025-10-01 19:26:00 [WARN],SRV-004, Brute_Force,126
INC-01310,2025-08-14 00:40:00 [WARN],SRV-007,Insider_Threat,73
INC-01311,2025-09-05 00:59:00 [WARN],SRV-004, SQL_Injection ,78
INC-01312,2025-02-24 10:14:00 [WARN],SRV-001,Malware_Dropper,102
INC-01313,2025-05-09 17:13:00 [WARN],SRV-006,Phishing,102
INC-01314,2025-06-16_07:48:00 [ERROR],SRV-007,Ransomware,42
INC-01315,2025-05-03 02:41:00 [WARN],SRV-006,Phishing,101
INC-01316,2025-09-27 03:05:00 [WARN],SRV-004,Phishing,18
INC-01317,2025-10-24 09:42:00 [WARN],SRV-008, DDoS ,61
INC-01318,2025-11-27 19:29:00 [WARN],SRV-007, DDoS ,21
INC-01319,2025-05-09 08:01:00 [WARN],SRV-004,Cross_Site_Scripting,52
INC-01320,2025-05-10 22:08:00 [WARN],SRV-005,Phishing,102
INC-01321,2025-11-13 14:51:00 [WARN],SRV-007, brute_force,119
INC-01322,2025-05-25 03:34:00 [WARN],SRV-002, Brute_Force,98
INC-01323,2025-01-26 15:43:00 [WARN],SRV-001, DDoS ,141
INC-01324,2025-07-08 01:31:00 [WARN],SRV-008,Insider_Threat,69
INC-01325,2025-11-12 11:00:00 [WARN],SRV-005, Brute_Force,47
INC-01326,2025-11-15 17:20:00 [WARN],SRV-003, brute_force,81
INC-01327,2025-04-23 23:18:00 [WARN],SRV-007, DDoS ,61
INC-01328,2025-03-23 22:44:00 [WARN],SRV-004, brute_force,115
INC-01329,2025-06-07_16:03:00 [ERROR],SRV-004,Cross_Site_Scripting,85
INC-01330,2025-10-13 01:02:00 [WARN],SRV-001,malware_dropper,137
INC-01331,2025-06-26 19:27:00 [WARN],SRV-004,Phishing,67
INC-01332,2025-01-04 15:52:00 [WARN],SRV-005, ddos ,117
INC-01333,2025-07-27 13:59:00 [WARN],SRV-004,Insider_Threat,136
INC-01334,2025-09-19 17:46:00 [WARN],SRV-007,Ransomware,66
INC-01335,2025-10-02 15:13:00 [WARN],SRV-004,Insider_Threat,144
INC-01336,2025-06-22 11:16:00 [WARN],SRV-007,Malware_Dropper,141
INC-01337,2025-06-15 18:57:00 [WARN],SRV-008,malware_dropper,115
INC-01338,2025-10-20_14:45:00 [ERROR],SRV-006,Insider_Threat,106
INC-01339,2025-10-26 09:46:00 [WARN],SRV-005,Ransomware,91
INC-01340,2025-06-26 21:49:00 [WARN],SRV-002,Ransomware,17
INC-01341,2025-04-15_02:54:00 [ERROR],SRV-004, ddos ,118
INC-01342,2025-07-30 04:58:00 [WARN],SRV-001,Zero_Day,105
INC-01343,2025-09-29 04:07:00 [WARN],SRV-005, sql_injection ,136
INC-01344,2025-01-17_18:22:00 [ERROR],SRV-001,insider_threat,121
INC-01345,2025-07-02 08:04:00 [WARN],SRV-004,Zero_Day,9
INC-01346,2025-08-01 17:28:00 [WARN],SRV-005, Brute_Force,19
INC-01347,2025-02-02 04:46:00 [WARN],SRV-007,Phishing,133
INC-01348,2025-11-19_14:09:00 [ERROR],SRV-005,Phishing,89 hrs
INC-01349,2025-05-12 09:05:00 [WARN],SRV-007,Insider_Threat,83
INC-01350,2025-03-23 20:00:00 [WARN],SRV-003,Phishing,100 hrs
INC-01351,2025-12-01 22:34:00 [WARN],SRV-007,Malware_Dropper,139
INC-01352,2025-02-10 08:37:00 [WARN],SRV-001, brute_force,129
INC-01353,2025-08-15 02:20:00 [WARN],SRV-001,Ransomware,98
INC-01354,2025-07-04 17:47:00 [WARN],SRV-007,Zero_Day,66
INC-01355,2025-08-26 14:47:00 [WARN],SRV-003, ddos ,125
INC-01356,2025-10-28 14:35:00 [WARN],SRV-008,Insider_Threat,18
INC-01357,2025-02-20 00:01:00 [WARN],SRV-008,Cross_Site_Scripting,103
INC-01358,2025-12-06 08:58:00 [WARN],SRV-005,Insider_Threat,95
INC-01359,2025-12-31 17:10:00 [WARN],SRV-001,Cross_Site_Scripting,144
INC-01360,2025-06-22 08:38:00 [WARN],SRV-006,Malware_Dropper,104
INC-01361,2025-02-27 17:25:00 [WARN],SRV-003,malware_dropper,42
INC-01362,2025-01-20 02:20:00 [WARN],SRV-008,Insider_Threat,145
INC-01363,2025-02-04 00:00:00 [WARN],SRV-001, SQL_Injection ,51
INC-01364,2025-08-30 22:17:00 [WARN],SRV-007,Insider_Threat,139
INC-01365,2025-01-22 20:50:00 [WARN],SRV-008,Cross_Site_Scripting,122
INC-01366,2025-09-01 16:45:00 [WARN],SRV-006,Insider_Threat,67
INC-01367,2025-08-07 08:23:00 [WARN],SRV-006,ransomware,26
INC-01368,2025-09-02 08:06:00 [WARN],SRV-004,Cross_Site_Scripting,125
INC-01369,2025-08-09 06:07:00 [WARN],SRV-005,Malware_Dropper,7
INC-01370,2025-08-17 08:12:00 [WARN],SRV-005,Phishing,1
INC-01371,2025-05-04 06:30:00 [WARN],SRV-007,Cross_Site_Scripting,43
INC-01372,2025-12-26 02:51:00 [WARN],SRV-002, brute_force,40
INC-01373,2025-01-30 13:25:00 [WARN],SRV-007, SQL_Injection ,73
INC-01374,2025-09-09 02:44:00 [WARN],SRV-004, DDoS ,138
INC-01375,2025-02-14_13:56:00 [ERROR],SRV-004, brute_force,41
INC-01376,2025-03-04_10:20:00 [ERROR],SRV-005,Phishing,30
INC-01377,2025-07-30 13:17:00 [WARN],SRV-002, Brute_Force,69
INC-01378,2025-07-05 23:59:00 [WARN],SRV-001, sql_injection ,114
INC-01379,2025-11-28_20:37:00 [ERROR],SRV-003,Phishing,130
INC-01380,2025-04-04 07:40:00 [WARN],SRV-001, SQL_Injection ,
INC-01381,2025-09-07 09:33:00 [WARN],SRV-005,Cross_Site_Scripting,20
INC-01382,2025-06-19 17:02:00 [WARN],SRV-008,Zero_Day,5
INC-01383,2025-04-15_22:16:00 [ERROR],SRV-005, DDoS ,89
INC-01384,2025-03-27 06:20:00 [WARN],SRV-002,Zero_Day,38
INC-01385,2025-05-27 22:57:00 [WARN],SRV-005,Ransomware,50
INC-01386,2025-08-19 09:52:00 [WARN],SRV-007,Zero_Day,33
INC-01387,2025-09-26 12:39:00 [WARN],SRV-005,Cross_Site_Scripting,96
INC-01388,2025-11-22 02:04:00 [WARN],SRV-007,Cross_Site_Scripting,81
INC-01389,2025-11-28 23:04:00 [WARN],SRV-003, Brute_Force,27
INC-01390,2025-11-16_14:48:00 [ERROR],SRV-008,Ransomware,23
INC-01391,2025-01-25 19:49:00 [WARN],SRV-004,Insider_Threat,132
INC-01392,2025-03-01 13:48:00 [WARN],SRV-001, ddos ,48
INC-01393,2025-11-11 12:50:00 [WARN],SRV-003,Malware_Dropper,130
INC-01394,2025-02-01 06:36:00 [WARN],SRV-008,Malware_Dropper,118 hrs
INC-01395,2025-05-14_11:26:00 [ERROR],SRV-007, DDoS ,103
INC-01396,2025-03-17 22:48:00 [WARN],SRV-006,Phishing,29
INC-01397,2025-07-30 02:36:00 [WARN],SRV-002,Phishing,101
INC-01398,2025-05-20 14:40:00 [WARN],SRV-002,Phishing,77
INC-01399,2025-09-05 16:00:00 [WARN],SRV-007,Ransomware,1
INC-01400,2025-10-11 12:42:00 [WARN],SRV-008,Cross_Site_Scripting,51
INC-01401,2025-02-09 16:35:00 [WARN],SRV-002,Malware_Dropper,136
INC-01402,2025-12-13 11:34:00 [WARN],SRV-006,Zero_Day,141
INC-01403,2025-11-01 08:21:00 [WARN],SRV-002, brute_force,16
INC-01404,2025-07-17_21:59:00 [ERROR],SRV-002, Brute_Force,39
INC-01405,2025-01-06 09:43:00 [WARN],SRV-008,Cross_Site_Scripting,77
INC-01406,2025-12-27 19:14:00 [WARN],SRV-001,Ransomware,138
INC-01407,2025-04-09 12:17:00 [WARN],SRV-003,Ransomware,139
INC-01408,2025-01-23 08:19:00 [WARN],SRV-003, DDoS ,99
INC-01409,2025-03-19 16:07:00 [WARN],SRV-004, brute_force,75
INC-01410,2025-02-27 05:57:00 [WARN],SRV-005,Phishing,122
INC-01411,2025-06-19 11:05:00 [WARN],SRV-002,ransomware,13
INC-01412,2025-05-06_12:42:00 [ERROR],SRV-001, sql_injection ,67
INC-01413,2025-04-15 18:46:00 [WARN],SRV-008, Brute_Force,80
INC-01414,2025-08-28 14:04:00 [WARN],SRV-002, SQL_Injection ,28
INC-01415,2025-09-23 09:38:00 [WARN],SRV-004,Phishing,125
INC-01416,2025-09-19 09:08:00 [WARN],SRV-002, Brute_Force,19
INC-01417,2025-02-13 08:55:00 [WARN],SRV-002, Brute_Force,6
INC-01418,2025-10-30_11:18:00 [ERROR],SRV-001,Cross_Site_Scripting,4
INC-01419,2025-08-06 05:08:00 [WARN],SRV-007, Brute_Force,46
INC-01420,2025-10-22 12:54:00 [WARN],SRV-008, Brute_Force,66
INC-01421,2025-08-02 18:07:00 [WARN],SRV-004,insider_threat,102
INC-01422,2025-04-02 08:58:00 [WARN],SRV-003,Phishing,66
INC-01423,2025-08-22 10:13:00 [WARN],SRV-003,Malware_Dropper,88
INC-01424,2025-12-30 10:48:00 [WARN],SRV-001, Brute_Force,120
INC-01425,2025-10-03 13:18:00 [WARN],SRV-001, sql_injection ,85
INC-01426,2025-08-17 17:09:00 [WARN],SRV-008,phishing,133
INC-01427,2025-11-02 08:01:00 [WARN],SRV-005,phishing,85
INC-01428,2025-07-03 09:22:00 [WARN],SRV-008,Insider_Threat,95
INC-01429,2025-04-06 06:27:00 [WARN],SRV-002, ddos ,149
INC-01430,2025-03-08 02:52:00 [WARN],SRV-005,Ransomware,83
INC-01431,2025-02-24 12:05:00 [WARN],SRV-005,Phishing,147
INC-01432,2025-02-26 07:42:00 [WARN],SRV-008,Malware_Dropper,76 hrs
INC-01433,2025-02-18_12:47:00 [ERROR],SRV-005, sql_injection ,119
INC-01434,2025-06-28 23:59:00 [WARN],SRV-008, Brute_Force,68
INC-01435,2025-11-26 16:00:00 [WARN],SRV-005, Brute_Force,1
INC-01436,2025-03-06 08:00:00 [WARN],SRV-005, SQL_Injection ,116
INC-01437,2025-09-18 11:42:00 [WARN],SRV-007,ransomware,129
INC-01438,2025-07-23 13:34:00 [WARN],SRV-008, Brute_Force,14
INC-01439,2025-10-16 14:02:00 [WARN],SRV-007,Zero_Day,52
INC-01440,2025-04-27 17:23:00 [WARN],SRV-008,Ransomware,81
INC-01441,2025-05-19_00:45:00 [ERROR],SRV-004,Malware_Dropper,75
INC-01442,2025-02-16 17:19:00 [WARN],SRV-001, DDoS ,116 hrs
INC-01443,2025-04-13 22:36:00 [WARN],SRV-006, SQL_Injection ,67
INC-01444,2025-04-27 00:37:00 [WARN],SRV-001,malware_dropper,146
INC-01445,2025-09-04 02:42:00 [WARN],SRV-008,Cross_Site_Scripting,35
INC-01446,2025-11-22 09:19:00 [WARN],SRV-007,phishing,39
INC-01447,2025-08-31 02:58:00 [WARN],SRV-007,Ransomware,85
INC-01448,2025-05-21 20:55:00 [WARN],SRV-008,Cross_Site_Scripting,120
INC-01449,2025-01-08 03:57:00 [WARN],SRV-005, sql_injection ,17
INC-01450,2025-03-28 23:55:00 [WARN],SRV-002,Cross_Site_Scripting,32
INC-01451,2025-01-05 20:05:00 [WARN],SRV-004, Brute_Force,27
INC-01452,2025-01-08 00:53:00 [WARN],SRV-003, Brute_Force,68
INC-01453,2025-02-18 15:02:00 [WARN],SRV-003, DDoS ,20
INC-01454,2025-06-29 05:13:00 [WARN],SRV-004,Malware_Dropper,136
INC-01455,2025-04-13 02:57:00 [WARN],SRV-001, Brute_Force,121
INC-01456,2025-11-06 18:54:00 [WARN],SRV-004,Cross_Site_Scripting,7
INC-01457,2025-06-20 07:49:00 [WARN],SRV-008,Zero_Day,58
INC-01458,2025-08-02 02:58:00 [WARN],SRV-005,Malware_Dropper,77
INC-01459,2025-09-10 16:55:00 [WARN],SRV-007,Ransomware,82
INC-01460,2025-12-13 03:25:00 [WARN],SRV-002,Zero_Day,79
INC-01461,2025-10-02 00:04:00 [WARN],SRV-005,Cross_Site_Scripting,95
INC-01462,2025-10-26 14:37:00 [WARN],SRV-006, sql_injection ,21
INC-01463,2025-03-17 05:29:00 [WARN],SRV-007,Zero_Day,81
INC-01464,2025-04-10_20:37:00 [ERROR],SRV-006,Cross_Site_Scripting,57
INC-01465,2025-11-15 23:05:00 [WARN],SRV-008,Phishing,9
INC-01466,2025-03-14 21:02:00 [WARN],SRV-005,Insider_Threat,145
INC-01467,2025-09-11_19:48:00 [ERROR],SRV-004,Zero_Day,52
INC-01468,2025-07-07 13:27:00 [WARN],SRV-008, DDoS ,93
INC-01469,2025-05-11 10:00:00 [WARN],SRV-008,Cross_Site_Scripting,70
INC-01470,2025-07-07 18:32:00 [WARN],SRV-008,Phishing,8
INC-01471,2025-12-25 16:08:00 [WARN],SRV-002,Malware_Dropper,132
INC-01472,2025-01-29 17:40:00 [WARN],SRV-007,Ransomware,11 hrs
INC-01473,2025-01-05 23:51:00 [WARN],SRV-005, Brute_Force,84
INC-01474,2025-11-27 06:48:00 [WARN],SRV-005,Malware_Dropper,44
INC-01475,2025-02-01 11:14:00 [WARN],SRV-002, ddos ,10
INC-01476,2025-01-26 14:40:00 [WARN],SRV-004, DDoS ,99
INC-01477,2025-03-20 09:48:00 [WARN],SRV-005, SQL_Injection ,24
INC-01478,2025-04-27 23:24:00 [WARN],SRV-008,Cross_Site_Scripting,69
INC-01479,2025-07-18 10:38:00 [WARN],SRV-006, DDoS ,77
INC-01480,2025-03-11 15:09:00 [WARN],SRV-002,Insider_Threat,26
INC-01481,2025-02-28 17:51:00 [WARN],SRV-005, Brute_Force,37
INC-01482,2025-03-16 00:16:00 [WARN],SRV-005,cross_site_scripting,30
INC-01483,2025-07-04 01:31:00 [WARN],SRV-004,Malware_Dropper,14
INC-01484,2025-02-26 11:31:00 [WARN],SRV-007, DDoS ,90
INC-01485,2025-02-11 11:30:00 [WARN],SRV-008,ransomware,79
INC-01486,2025-02-14_09:52:00 [ERROR],SRV-006,Zero_Day,29
INC-01487,2025-09-08 23:10:00 [WARN],SRV-008,Insider_Threat,111
INC-01488,2025-09-18 14:44:00 [WARN],SRV-005,Phishing,150 hrs
INC-01489,2025-10-11 11:16:00 [WARN],SRV-006,Cross_Site_Scripting,147
INC-01490,2025-06-23 13:14:00 [WARN],SRV-008,Ransomware,22
INC-01491,2025-05-25 23:03:00 [WARN],SRV-005,Ransomware,27
INC-01492,2025-11-07 06:52:00 [WARN],SRV-004,phishing,63
INC-01493,2025-02-21 19:00:00 [WARN],SRV-008,malware_dropper,105
INC-01494,2025-06-11 06:47:00 [WARN],SRV-005, Brute_Force,53
INC-01495,2025-11-01 11:53:00 [WARN],SRV-004, DDoS ,80
INC-01496,2025-01-31 09:36:00 [WARN],SRV-006,Cross_Site_Scripting,121
INC-01497,2025-02-11 17:41:00 [WARN],SRV-001,Malware_Dropper,75
INC-01498,2025-10-10 15:34:00 [WARN],SRV-007,phishing,7
INC-01499,2025-12-26 01:56:00 [WARN],SRV-003,malware_dropper,
INC-01500,2025-06-03 13:22:00 [WARN],SRV-008,Ransomware,130
INC-01501,2025-02-11 02:25:00 [WARN],SRV-007, sql_injection ,75
INC-01502,2025-08-06 15:36:00 [WARN],SRV-003,Phishing,150
INC-01503,2025-06-11 18:34:00 [WARN],SRV-005, brute_force,58 hrs
INC-01504,2025-03-29 19:58:00 [WARN],SRV-007,Phishing,23
INC-01505,2025-07-29 19:10:00 [WARN],SRV-006,Phishing,17
INC-01506,2025-06-24 04:38:00 [WARN],SRV-007,Ransomware,26 hrs
INC-01507,2025-11-10 21:51:00 [WARN],SRV-007,Malware_Dropper,39
INC-01508,2025-05-19 02:46:00 [WARN],SRV-006, ddos ,75
INC-01509,2025-02-07 01:19:00 [WARN],SRV-007,ransomware,143
INC-01510,2025-07-17 21:09:00 [WARN],SRV-003,Malware_Dropper,137
INC-01511,2025-02-07 23:04:00 [WARN],SRV-004,Insider_Threat,26
INC-01512,2025-02-02 00:19:00 [WARN],SRV-003, brute_force,146
INC-01513,2025-12-19 07:27:00 [WARN],SRV-004,Insider_Threat,3
INC-01514,2025-07-02 15:02:00 [WARN],SRV-007,Cross_Site_Scripting,123
INC-01515,2025-12-21 21:45:00 [WARN],SRV-007,Ransomware,57
INC-01516,2025-06-01 04:24:00 [WARN],SRV-006,Ransomware,66
INC-01517,2025-12-03 05:41:00 [WARN],SRV-002, brute_force,120
INC-01518,2025-01-22 19:25:00 [WARN],SRV-001, Brute_Force,91
INC-01519,2025-06-28 10:08:00 [WARN],SRV-006,Cross_Site_Scripting,63
INC-01520,2025-03-04 05:02:00 [WARN],SRV-007, Brute_Force,58
INC-01521,2025-08-29 18:41:00 [WARN],SRV-001,Zero_Day,142
INC-01522,2025-06-15 20:40:00 [WARN],SRV-001,Malware_Dropper,101
INC-01523,2025-03-30 16:24:00 [WARN],SRV-007,Ransomware,26
INC-01524,2025-02-08 05:40:00 [WARN],SRV-003,Insider_Threat,58
INC-01525,2025-07-15 23:10:00 [WARN],SRV-006,Malware_Dropper,121
INC-01526,2025-02-27 12:31:00 [WARN],SRV-002, DDoS ,112
INC-01527,2025-02-26 05:47:00 [WARN],SRV-002,ransomware,142
INC-01528,2025-06-30 15:17:00 [WARN],SRV-006, sql_injection ,19
INC-01529,2025-04-20 18:52:00 [WARN],SRV-007,cross_site_scripting,95
INC-01530,2025-06-05 05:28:00 [WARN],SRV-004, SQL_Injection ,111
INC-01531,2025-01-19 19:27:00 [WARN],SRV-005,insider_threat,33
INC-01532,2025-05-12 01:42:00 [WARN],SRV-005, DDoS ,59
INC-01533,2025-10-21 17:45:00 [WARN],SRV-006, DDoS ,49
INC-01534,2025-01-13 08:09:00 [WARN],SRV-001, Brute_Force,145
INC-01535,2025-07-05 18:52:00 [WARN],SRV-007, DDoS ,15
INC-01536,2025-11-18 08:40:00 [WARN],SRV-004,Zero_Day,111
INC-01537,2025-11-29 04:15:00 [WARN],SRV-007,phishing,125
INC-01538,2025-07-14 07:34:00 [WARN],SRV-006, DDoS ,29
INC-01539,2025-11-30 22:35:00 [WARN],SRV-005,Cross_Site_Scripting,70
INC-01540,2025-10-24 18:28:00 [WARN],SRV-003,Insider_Threat,114
INC-01541,2025-03-01 23:41:00 [WARN],SRV-003, brute_force,79
INC-01542,2025-08-19 06:32:00 [WARN],SRV-008,Phishing,129 hrs
INC-01543,2025-01-16 12:52:00 [WARN],SRV-003, Brute_Force,69
INC-01544,2025-06-02 04:27:00 [WARN],SRV-001, brute_force,32
INC-01545,2025-10-25_12:25:00 [ERROR],SRV-004, DDoS ,58
INC-01546,2025-06-25 15:17:00 [WARN],SRV-004, Brute_Force,86
INC-01547,2025-01-27 13:37:00 [WARN],SRV-006, brute_force,11
INC-01548,2025-09-01 10:30:00 [WARN],SRV-005,Insider_Threat,42
INC-01549,2025-06-01 09:18:00 [WARN],SRV-006,Cross_Site_Scripting,125
INC-01550,2025-05-18 22:32:00 [WARN],SRV-001,Phishing,89
INC-01551,2025-03-07 04:24:00 [WARN],SRV-007,Malware_Dropper,146
INC-01552,2025-08-29 21:50:00 [WARN],SRV-004,Phishing,129
INC-01553,2025-05-03 06:35:00 [WARN],SRV-006,zero_day,32 hrs
INC-01554,2025-04-16 12:41:00 [WARN],SRV-005,Phishing,73
INC-01555,2025-12-17 14:45:00 [WARN],SRV-005,Insider_Threat,35
INC-01556,2025-03-25 20:17:00 [WARN],SRV-002,Ransomware,148
INC-01557,2025-07-27 07:10:00 [WARN],SRV-007, DDoS ,60
INC-01558,2025-07-16 09:31:00 [WARN],SRV-004,Zero_Day,117
INC-01559,2025-09-27 10:29:00 [WARN],SRV-004, DDoS ,112
INC-01560,2025-06-13_11:00:00 [ERROR],SRV-005,Malware_Dropper,89
INC-01561,2025-07-05 07:19:00 [WARN],SRV-003,Cross_Site_Scripting,59
INC-01562,2025-03-27 05:07:00 [WARN],SRV-007, brute_force,21
INC-01563,2025-02-12 02:04:00 [WARN],SRV-007,ransomware,3
INC-01564,2025-08-30_16:55:00 [ERROR],SRV-007, SQL_Injection ,19
INC-01565,2025-04-17 21:26:00 [WARN],SRV-006,Cross_Site_Scripting,5
INC-01566,2025-03-14 10:29:00 [WARN],SRV-006,Insider_Threat,71
INC-01567,2025-07-26 13:21:00 [WARN],SRV-008,Insider_Threat,139
INC-01568,2025-12-17 22:03:00 [WARN],SRV-005,Malware_Dropper,127
INC-01569,2025-10-02 19:49:00 [WARN],SRV-002,Insider_Threat,34
INC-01570,2025-01-02 20:52:00 [WARN],SRV-001, brute_force,60
INC-01571,2025-06-15 23:12:00 [WARN],SRV-005,Insider_Threat,99
INC-01572,2025-02-11 11:35:00 [WARN],SRV-003, Brute_Force,20
INC-01573,2025-06-25_12:59:00 [ERROR],SRV-005,Malware_Dropper,38
INC-01574,2025-04-23 09:01:00 [WARN],SRV-005, Brute_Force,84
INC-01575,2025-08-09 01:30:00 [WARN],SRV-005,zero_day,12
INC-01576,2025-11-16 08:07:00 [WARN],SRV-006, SQL_Injection ,96
INC-01577,2025-08-28 21:42:00 [WARN],SRV-001,Ransomware,119
INC-01578,2025-06-12 16:57:00 [WARN],SRV-003,insider_threat,129
INC-01579,2025-06-12 06:50:00 [WARN],SRV-005,Phishing,113
INC-01580,2025-07-28_01:03:00 [ERROR],SRV-001, SQL_Injection ,78 hrs
INC-01581,2025-01-28 16:47:00 [WARN],SRV-005, DDoS ,62
INC-01582,2025-10-25 15:13:00 [WARN],SRV-004, DDoS ,96
INC-01583,2025-06-27_13:12:00 [ERROR],SRV-004, DDoS ,62 hrs
INC-01584,2025-05-27 05:12:00 [WARN],SRV-002,Insider_Threat,93
INC-01585,2025-08-31 11:31:00 [WARN],SRV-005, DDoS ,24
INC-01586,2025-04-17 00:21:00 [WARN],SRV-005, DDoS ,103
INC-01587,2025-03-27 09:15:00 [WARN],SRV-001, SQL_Injection ,140
INC-01588,2025-12-07 19:10:00 [WARN],SRV-001,Malware_Dropper,104
INC-01589,2025-06-22 01:38:00 [WARN],SRV-005, SQL_Injection ,132
INC-01590,2025-09-04 08:10:00 [WARN],SRV-003,Insider_Threat,45
INC-01591,2025-11-03 17:40:00 [WARN],SRV-006, DDoS ,105
INC-01592,2025-03-15 10:21:00 [WARN],SRV-007,Malware_Dropper,3
INC-01593,2025-09-28 15:01:00 [WARN],SRV-001,Zero_Day,45
INC-01594,2025-01-31 14:41:00 [WARN],SRV-002,Ransomware,86
INC-01595,2025-08-04 12:23:00 [WARN],SRV-007,Malware_Dropper,83
INC-01596,2025-05-31 13:48:00 [WARN],SRV-006, SQL_Injection ,96
INC-01597,2025-10-07 19:02:00 [WARN],SRV-005, SQL_Injection ,115
INC-01598,2025-03-09_03:35:00 [ERROR],SRV-005,Zero_Day,98
INC-01599,2025-02-26 19:27:00 [WARN],SRV-008, sql_injection ,50
INC-01600,2025-08-19 18:26:00 [WARN],SRV-007,Zero_Day,50
INC-01601,2025-09-18 23:48:00 [WARN],SRV-004,Cross_Site_Scripting,130
INC-01602,2025-05-18 00:33:00 [WARN],SRV-002, DDoS ,30
INC-01603,2025-10-24 13:20:00 [WARN],SRV-001,Phishing,101
INC-01604,2025-03-24 11:49:00 [WARN],SRV-001,Phishing,26
INC-01605,2025-12-11 14:06:00 [WARN],SRV-004, Brute_Force,78
INC-01606,2025-08-10 06:49:00 [WARN],SRV-008,Insider_Threat,129
INC-01607,2025-04-30 23:06:00 [WARN],SRV-006,Malware_Dropper,13
INC-01608,2025-11-09 08:21:00 [WARN],SRV-004, Brute_Force,107
INC-01609,2025-07-26 23:13:00 [WARN],SRV-008, sql_injection ,122
INC-01610,2025-11-24 18:12:00 [WARN],SRV-007, DDoS ,27
INC-01611,2025-04-21 13:23:00 [WARN],SRV-007, Brute_Force,80
INC-01612,2025-05-21 18:09:00 [WARN],SRV-008,Malware_Dropper,24 hrs
INC-01613,2025-12-23 22:58:00 [WARN],SRV-004,Cross_Site_Scripting,87
INC-01614,2025-08-17 22:20:00 [WARN],SRV-008, DDoS ,143
INC-01615,2025-01-30 23:35:00 [WARN],SRV-004,Phishing,22
INC-01616,2025-06-21 17:54:00 [WARN],SRV-004, Brute_Force,101
INC-01617,2025-06-10 23:56:00 [WARN],SRV-002, DDoS ,146
INC-01618,2025-03-05 22:46:00 [WARN],SRV-004,Zero_Day,119
INC-01619,2025-12-14 12:37:00 [WARN],SRV-002, SQL_Injection ,38
INC-01620,2025-10-04 00:50:00 [WARN],SRV-002, brute_force,122
INC-01621,2025-04-16 22:08:00 [WARN],SRV-005,Phishing,35
INC-01622,2025-02-03 03:36:00 [WARN],SRV-003,Ransomware,16
INC-01623,2025-07-27 08:05:00 [WARN],SRV-007,Cross_Site_Scripting,52
INC-01624,2025-08-04 06:04:00 [WARN],SRV-008,Phishing,15
INC-01625,2025-03-02 18:30:00 [WARN],SRV-008,Cross_Site_Scripting,100
INC-01626,2025-01-13 01:21:00 [WARN],SRV-008, DDoS ,47
INC-01627,2025-05-18 03:20:00 [WARN],SRV-005,Phishing,15
INC-01628,2025-08-09 15:38:00 [WARN],SRV-004,Insider_Threat,104
INC-01629,2025-10-21 16:34:00 [WARN],SRV-007,malware_dropper,134
INC-01630,2025-08-18_01:11:00 [ERROR],SRV-008,Zero_Day,85
INC-01631,2025-12-18 06:17:00 [WARN],SRV-007, DDoS ,112
INC-01632,2025-08-05 16:26:00 [WARN],SRV-008,Insider_Threat,60
INC-01633,2025-10-17 14:13:00 [WARN],SRV-003, SQL_Injection ,101
INC-01634,2025-03-06 14:22:00 [WARN],SRV-003,Zero_Day,117
INC-01635,2025-01-20 01:38:00 [WARN],SRV-007,Zero_Day,34
INC-01636,2025-05-29 12:58:00 [WARN],SRV-001, Brute_Force,127
INC-01637,2025-09-22 05:52:00 [WARN],SRV-001,phishing,135
INC-01638,2025-06-06 17:33:00 [WARN],SRV-001,Ransomware,61
INC-01639,2025-07-07 12:58:00 [WARN],SRV-003,Phishing,86
INC-01640,2025-10-07 23:00:00 [WARN],SRV-002,phishing,42
INC-01641,2025-04-29 23:52:00 [WARN],SRV-003,Insider_Threat,118
INC-01642,2025-11-03 07:13:00 [WARN],SRV-004,Insider_Threat,88
INC-01643,2025-06-21 16:24:00 [WARN],SRV-002, brute_force,101
INC-01644,2025-09-19_16:12:00 [ERROR],SRV-006, SQL_Injection ,121
INC-01645,2025-01-27 01:27:00 [WARN],SRV-004,Phishing,75
INC-01646,2025-02-10 17:12:00 [WARN],SRV-006,Ransomware,34
INC-01647,2025-07-08 22:28:00 [WARN],SRV-007, DDoS ,61
INC-01648,2025-12-15 12:27:00 [WARN],SRV-001,phishing,8
INC-01649,2025-03-17 10:38:00 [WARN],SRV-003, brute_force,54
INC-01650,2025-02-22 19:49:00 [WARN],SRV-003, SQL_Injection ,82
INC-01651,2025-05-17 01:59:00 [WARN],SRV-006, brute_force,4
INC-01652,2025-02-14 04:51:00 [WARN],SRV-008,Ransomware,58
INC-01653,2025-01-25 20:58:00 [WARN],SRV-001, DDoS ,5
INC-01654,2025-07-14 05:11:00 [WARN],SRV-004, Brute_Force,110
INC-01655,2025-06-23 08:49:00 [WARN],SRV-001, DDoS ,54
INC-01656,2025-04-08 09:02:00 [WARN],SRV-004,Phishing,101
INC-01657,2025-12-17 22:06:00 [WARN],SRV-002,Ransomware,59 hrs
INC-01658,2025-10-19 22:36:00 [WARN],SRV-003,Malware_Dropper,93
INC-01659,2025-04-09 10:00:00 [WARN],SRV-005, SQL_Injection ,6
INC-01660,2025-12-15_16:04:00 [ERROR],SRV-008,Insider_Threat,69
INC-01661,2025-09-23 22:03:00 [WARN],SRV-006,Ransomware,103
INC-01662,2025-09-08 09:31:00 [WARN],SRV-006, ddos ,90 hrs
INC-01663,2025-03-10 02:00:00 [WARN],SRV-006, ddos ,44
INC-01664,2025-05-22 13:49:00 [WARN],SRV-008, DDoS ,43
INC-01665,2025-05-20 15:15:00 [WARN],SRV-004,Malware_Dropper,124
INC-01666,2025-05-16 16:50:00 [WARN],SRV-007,Insider_Threat,75 hrs
INC-01667,2025-07-21_20:01:00 [ERROR],SRV-008,Cross_Site_Scripting,36
INC-01668,2025-06-28 10:16:00 [WARN],SRV-008, DDoS ,121
INC-01669,2025-06-26 03:28:00 [WARN],SRV-004, Brute_Force,150
INC-01670,2025-07-14 01:22:00 [WARN],SRV-002,Insider_Threat,84
INC-01671,2025-03-03 10:03:00 [WARN],SRV-007,ransomware,41
INC-01672,2025-03-30 23:41:00 [WARN],SRV-007, Brute_Force,46
INC-01673,2025-08-06 14:55:00 [WARN],SRV-001, SQL_Injection ,41
INC-01674,2025-06-21_21:22:00 [ERROR],SRV-001,phishing,34
INC-01675,2025-03-10 16:22:00 [WARN],SRV-002,Cross_Site_Scripting,147
INC-01676,2025-05-09 21:15:00 [WARN],SRV-006,zero_day,32
INC-01677,2025-07-28 02:00:00 [WARN],SRV-004, Brute_Force,50
INC-01678,2025-07-23 07:39:00 [WARN],SRV-004,zero_day,135
INC-01679,2025-10-30 11:52:00 [WARN],SRV-007,Insider_Threat,3
INC-01680,2025-06-22 08:36:00 [WARN],SRV-001,Zero_Day,99
INC-01681,2025-05-19 08:07:00 [WARN],SRV-002,phishing,40
INC-01682,2025-10-23 21:26:00 [WARN],SRV-002, DDoS ,110
INC-01683,2025-08-21 11:46:00 [WARN],SRV-006,Cross_Site_Scripting,125 hrs
INC-01684,2025-02-26 03:44:00 [WARN],SRV-008, brute_force,91
INC-01685,2025-09-26 15:53:00 [WARN],SRV-001,Phishing,60
INC-01686,2025-09-29 02:29:00 [WARN],SRV-002, sql_injection ,51
INC-01687,2025-11-01 23:53:00 [WARN],SRV-001, SQL_Injection ,58
INC-01688,2025-02-03 08:53:00 [WARN],SRV-004,Cross_Site_Scripting,86
INC-01689,2025-10-22 12:12:00 [WARN],SRV-008, sql_injection ,32
INC-01690,2025-12-09 00:53:00 [WARN],SRV-005, Brute_Force,101
INC-01691,2025-06-05 02:13:00 [WARN],SRV-005,Malware_Dropper,98
INC-01692,2026-01-01 03:48:00 [WARN],SRV-006,Malware_Dropper,55
INC-01693,2025-08-06 14:39:00 [WARN],SRV-007, SQL_Injection ,96
INC-01694,2025-07-08 22:11:00 [WARN],SRV-008, SQL_Injection ,138
INC-01695,2025-07-20_15:52:00 [ERROR],SRV-003, SQL_Injection ,55
INC-01696,2025-05-05 01:45:00 [WARN],SRV-005,Ransomware,113
INC-01697,2025-12-06 11:32:00 [WARN],SRV-005,Zero_Day,33
INC-01698,2025-05-16 18:06:00 [WARN],SRV-007,Cross_Site_Scripting,29
INC-01699,2025-06-16_05:02:00 [ERROR],SRV-005,Insider_Threat,59
INC-01700,2025-12-21_05:47:00 [ERROR],SRV-001,Cross_Site_Scripting,128
INC-01701,2025-05-07 09:02:00 [WARN],SRV-006, DDoS ,110
INC-01702,2025-05-16 19:31:00 [WARN],SRV-005, Brute_Force,48
INC-01703,2025-05-11 16:39:00 [WARN],SRV-003,Cross_Site_Scripting,149
INC-01704,2025-10-03 17:59:00 [WARN],SRV-007,Insider_Threat,124
INC-01705,2025-08-21 11:12:00 [WARN],SRV-006,Zero_Day,54
INC-01706,2026-01-01 07:32:00 [WARN],SRV-001,Ransomware,148
INC-01707,2025-10-21 23:23:00 [WARN],SRV-008,Zero_Day,49
INC-01708,2025-11-20 20:16:00 [WARN],SRV-005, SQL_Injection ,14
INC-01709,2025-11-19 00:06:00 [WARN],SRV-005,Zero_Day,11
INC-01710,2025-08-18 22:33:00 [WARN],SRV-008, SQL_Injection ,75 hrs
INC-01711,2025-03-10 04:36:00 [WARN],SRV-002,Zero_Day,81
INC-01712,2025-12-16 22:40:00 [WARN],SRV-007,Cross_Site_Scripting,20
INC-01713,2025-05-27 08:23:00 [WARN],SRV-002,Zero_Day,52
INC-01714,2025-09-03 13:19:00 [WARN],SRV-008,malware_dropper,127
INC-01715,2025-05-01 04:26:00 [WARN],SRV-003,ransomware,10
INC-01716,2025-07-19 04:46:00 [WARN],SRV-002,Malware_Dropper,62
INC-01717,2025-10-20 08:24:00 [WARN],SRV-004,Insider_Threat,124
INC-01718,2025-05-23 16:19:00 [WARN],SRV-001,Insider_Threat,45 hrs
INC-01719,2025-12-11 14:26:00 [WARN],SRV-004, DDoS ,84
INC-01720,2025-08-05 06:38:00 [WARN],SRV-008,Phishing,64
INC-01721,2025-07-17 07:32:00 [WARN],SRV-006,Malware_Dropper,111
INC-01722,2025-01-06 12:18:00 [WARN],SRV-003,Insider_Threat,122
INC-01723,2025-02-20 06:40:00 [WARN],SRV-001,Insider_Threat,37
INC-01724,2025-03-06_14:41:00 [ERROR],SRV-002,Insider_Threat,119
INC-01725,2025-05-09 07:14:00 [WARN],SRV-001, Brute_Force,117
INC-01726,2025-10-17 06:13:00 [WARN],SRV-007, brute_force,43
INC-01727,2025-05-22 18:28:00 [WARN],SRV-002,Insider_Threat,16
INC-01728,2025-06-17 12:03:00 [WARN],SRV-004,cross_site_scripting,142
INC-01729,2025-12-26_14:33:00 [ERROR],SRV-008,Cross_Site_Scripting,67
INC-01730,2025-04-10 05:28:00 [WARN],SRV-004, DDoS ,123
INC-01731,2025-04-12 15:39:00 [WARN],SRV-004, ddos ,104
INC-01732,2025-07-14 17:19:00 [WARN],SRV-002, ddos ,128
INC-01733,2025-01-26 20:38:00 [WARN],SRV-005,Phishing,11
INC-01734,2025-12-25 19:17:00 [WARN],SRV-002,Malware_Dropper,36 hrs
INC-01735,2025-02-12 15:40:00 [WARN],SRV-003,Malware_Dropper,103
INC-01736,2025-08-07 06:36:00 [WARN],SRV-006,Phishing,84
INC-01737,2025-01-24 21:25:00 [WARN],SRV-005, Brute_Force,125
INC-01738,2025-01-30 20:33:00 [WARN],SRV-008, DDoS ,74
INC-01739,2025-06-12 03:38:00 [WARN],SRV-004,Ransomware,93
INC-01740,2025-07-10 12:57:00 [WARN],SRV-007,phishing,134
INC-01741,2025-08-24_23:32:00 [ERROR],SRV-003,Ransomware,27
INC-01742,2025-11-07 22:38:00 [WARN],SRV-004,Ransomware,145
INC-01743,2025-11-04 05:28:00 [WARN],SRV-002,Malware_Dropper,27
INC-01744,2025-03-03 05:17:00 [WARN],SRV-007,Phishing,107
INC-01745,2025-06-01 00:02:00 [WARN],SRV-008, DDoS ,11
INC-01746,2025-07-24 07:59:00 [WARN],SRV-007,Cross_Site_Scripting,119
INC-01747,2025-04-02 20:08:00 [WARN],SRV-008,Zero_Day,70
INC-01748,2025-06-08 04:18:00 [WARN],SRV-005,Malware_Dropper,77
INC-01749,2025-04-28 13:27:00 [WARN],SRV-003, DDoS ,57
INC-01750,2025-09-04 15:54:00 [WARN],SRV-003, Brute_Force,94
INC-01751,2025-03-03_20:40:00 [ERROR],SRV-003,Phishing,5
INC-01752,2025-12-12 13:01:00 [WARN],SRV-004,Insider_Threat,12 hrs
INC-01753,2025-05-08 07:31:00 [WARN],SRV-003,Zero_Day,32
INC-01754,2025-12-30 07:54:00 [WARN],SRV-004,Malware_Dropper,66
INC-01755,2025-07-28 12:09:00 [WARN],SRV-007,Cross_Site_Scripting,27
INC-01756,2025-08-21 13:16:00 [WARN],SRV-002,malware_dropper,115
INC-01757,2025-12-02 09:36:00 [WARN],SRV-002,Malware_Dropper,8 hrs
INC-01758,2025-11-12 11:40:00 [WARN],SRV-001,phishing,55
INC-01759,2025-05-20_09:02:00 [ERROR],SRV-005,Insider_Threat,11
INC-01760,2025-12-24 09:55:00 [WARN],SRV-006,Insider_Threat,118
INC-01761,2025-01-15 16:07:00 [WARN],SRV-002, sql_injection ,7
INC-01762,2025-04-09 06:34:00 [WARN],SRV-001,Ransomware,29 hrs
INC-01763,2025-07-04 21:47:00 [WARN],SRV-003, Brute_Force,85
INC-01764,2025-04-19 03:02:00 [WARN],SRV-008,Ransomware,64 hrs
INC-01765,2025-12-26_08:15:00 [ERROR],SRV-006,Phishing,53
INC-01766,2025-06-28 20:26:00 [WARN],SRV-002, SQL_Injection ,86 hrs
INC-01767,2025-08-22 11:23:00 [WARN],SRV-001,Ransomware,51
INC-01768,2025-04-06 16:05:00 [WARN],SRV-005, SQL_Injection ,40
INC-01769,2025-06-10 00:13:00 [WARN],SRV-002,cross_site_scripting,31
INC-01770,2025-12-28 19:31:00 [WARN],SRV-008,Insider_Threat,14
INC-01771,2025-06-08 06:10:00 [WARN],SRV-008,Ransomware,104 hrs
INC-01772,2025-11-09 17:15:00 [WARN],SRV-004,Malware_Dropper,8
INC-01773,2025-08-08 16:34:00 [WARN],SRV-006, SQL_Injection ,4 hrs
INC-01774,2025-12-08 23:07:00 [WARN],SRV-005,zero_day,92
INC-01775,2025-04-21 04:29:00 [WARN],SRV-005,Malware_Dropper,149
INC-01776,2025-05-28 11:30:00 [WARN],SRV-002, SQL_Injection ,111
INC-01777,2025-05-29 16:07:00 [WARN],SRV-001,Ransomware,31
INC-01778,2025-09-04 02:32:00 [WARN],SRV-002,Malware_Dropper,78
INC-01779,2025-07-21 22:00:00 [WARN],SRV-006,Insider_Threat,108
INC-01780,2025-09-02 03:36:00 [WARN],SRV-006, SQL_Injection ,10
INC-01781,2025-12-03 21:39:00 [WARN],SRV-002,Cross_Site_Scripting,141
INC-01782,2025-02-01 11:09:00 [WARN],SRV-004, sql_injection ,110
INC-01783,2025-03-28 15:52:00 [WARN],SRV-002,Zero_Day,125
INC-01784,2025-02-22 23:12:00 [WARN],SRV-005,Cross_Site_Scripting,94
INC-01785,2025-03-10 10:24:00 [WARN],SRV-007,Cross_Site_Scripting,110
INC-01786,2025-07-31 03:12:00 [WARN],SRV-002, SQL_Injection ,76
INC-01787,2025-12-13_18:11:00 [ERROR],SRV-004,ransomware,131
INC-01788,2025-11-28 14:53:00 [WARN],SRV-002, DDoS ,56
INC-01789,2025-09-06 10:28:00 [WARN],SRV-007, ddos ,47
INC-01790,2025-05-22_13:33:00 [ERROR],SRV-007,insider_threat,60
INC-01791,2025-04-22 20:57:00 [WARN],SRV-006, Brute_Force,125
INC-01792,2025-12-06 19:31:00 [WARN],SRV-001, Brute_Force,112
INC-01793,2025-06-16_07:52:00 [ERROR],SRV-001,ransomware,95
INC-01794,2025-05-02 17:21:00 [WARN],SRV-005, SQL_Injection ,3
INC-01795,2025-07-11 03:13:00 [WARN],SRV-001, ddos ,45
INC-01796,2025-12-10 06:29:00 [WARN],SRV-005,Insider_Threat,137
INC-01797,2025-08-11 15:54:00 [WARN],SRV-008, sql_injection ,83
INC-01798,2025-05-13 12:19:00 [WARN],SRV-007,Insider_Threat,23
INC-01799,2025-02-22 10:04:00 [WARN],SRV-005,Zero_Day,66
INC-01800,2025-04-01 01:32:00 [WARN],SRV-005,Zero_Day,120
INC-01801,2025-07-25 21:21:00 [WARN],SRV-001,Malware_Dropper,51
INC-01802,2025-02-01_09:53:00 [ERROR],SRV-003,Malware_Dropper,13
INC-01803,2025-10-06 16:53:00 [WARN],SRV-005,Ransomware,140
INC-01804,2025-02-28 03:38:00 [WARN],SRV-005,Malware_Dropper,58
INC-01805,2025-10-27 11:30:00 [WARN],SRV-004, Brute_Force,14
INC-01806,2025-06-28 15:39:00 [WARN],SRV-007,cross_site_scripting,
INC-01807,2025-01-23 14:44:00 [WARN],SRV-007,Insider_Threat,114
INC-01808,2025-05-27 09:39:00 [WARN],SRV-005,Malware_Dropper,72
INC-01809,2025-08-26 15:11:00 [WARN],SRV-007,Malware_Dropper,49
INC-01810,2025-04-05 16:12:00 [WARN],SRV-003,Malware_Dropper,15
INC-01811,2025-12-30 11:36:00 [WARN],SRV-005,Insider_Threat,101
INC-01812,2025-01-24 07:39:00 [WARN],SRV-003,Ransomware,42
INC-01813,2025-10-21 12:46:00 [WARN],SRV-008,Phishing,72
INC-01814,2025-03-26 19:41:00 [WARN],SRV-002, Brute_Force,3
INC-01815,2025-10-03 07:05:00 [WARN],SRV-004,insider_threat,60
INC-01816,2025-08-17 01:32:00 [WARN],SRV-005,Cross_Site_Scripting,89
INC-01817,2025-03-19 02:01:00 [WARN],SRV-006,Zero_Day,128
INC-01818,2025-08-27 14:03:00 [WARN],SRV-003,Insider_Threat,68
INC-01819,2025-04-08 17:24:00 [WARN],SRV-008,Ransomware,102
INC-01820,2025-12-15 10:18:00 [WARN],SRV-003, ddos ,28
INC-01821,2025-12-21 21:52:00 [WARN],SRV-008,Cross_Site_Scripting,114
INC-01822,2025-02-07 12:16:00 [WARN],SRV-003,malware_dropper,39
INC-01823,2025-11-27 07:36:00 [WARN],SRV-007, SQL_Injection ,116
INC-01824,2025-06-16 23:34:00 [WARN],SRV-005, DDoS ,
INC-01825,2025-08-17 13:24:00 [WARN],SRV-006, SQL_Injection ,138
INC-01826,2025-01-15_04:41:00 [ERROR],SRV-008,Insider_Threat,45
INC-01827,2025-10-26 16:56:00 [WARN],SRV-008, DDoS ,67
INC-01828,2025-05-19 05:38:00 [WARN],SRV-003,Malware_Dropper,66 hrs
INC-01829,2025-03-22 18:23:00 [WARN],SRV-002,Phishing,1
INC-01830,2025-11-26 00:03:00 [WARN],SRV-006,insider_threat,89
INC-01831,2025-11-07 23:04:00 [WARN],SRV-001,Phishing,9 hrs
INC-01832,2025-03-21 21:46:00 [WARN],SRV-007,Insider_Threat,66
INC-01833,2025-04-30 00:43:00 [WARN],SRV-004,Insider_Threat,127
INC-01834,2025-11-07 04:23:00 [WARN],SRV-004, DDoS ,146
INC-01835,2025-08-02 21:34:00 [WARN],SRV-008,Ransomware,109
INC-01836,2025-02-24 08:35:00 [WARN],SRV-004,Insider_Threat,142
INC-01837,2025-08-16 00:56:00 [WARN],SRV-005, Brute_Force,26
INC-01838,2026-01-01 15:31:00 [WARN],SRV-001,Insider_Threat,43
INC-01839,2025-03-28 00:36:00 [WARN],SRV-007, sql_injection ,33
INC-01840,2025-09-23 03:18:00 [WARN],SRV-002, brute_force,9
INC-01841,2025-12-02 12:28:00 [WARN],SRV-005,Zero_Day,33
INC-01842,2025-04-08 09:13:00 [WARN],SRV-003,Phishing,58
INC-01843,2025-05-19 21:26:00 [WARN],SRV-003, SQL_Injection ,64
INC-01844,2025-05-16 15:28:00 [WARN],SRV-005, SQL_Injection ,127
INC-01845,2025-05-07 02:06:00 [WARN],SRV-006, DDoS ,12
INC-01846,2025-05-06 15:41:00 [WARN],SRV-003,ransomware,113
INC-01847,2025-09-11 16:45:00 [WARN],SRV-008,Cross_Site_Scripting,63
INC-01848,2025-07-08 11:37:00 [WARN],SRV-002, DDoS ,125
INC-01849,2025-02-06 01:19:00 [WARN],SRV-008,phishing,123
INC-01850,2025-10-04 22:47:00 [WARN],SRV-002,Cross_Site_Scripting,49
INC-01851,2025-08-03 07:18:00 [WARN],SRV-001, Brute_Force,50
INC-01852,2025-07-09 22:33:00 [WARN],SRV-002,Cross_Site_Scripting,113
INC-01853,2025-11-05 07:49:00 [WARN],SRV-008,cross_site_scripting,91
INC-01854,2025-10-24_23:34:00 [ERROR],SRV-004,Malware_Dropper,9
INC-01855,2025-09-23 13:20:00 [WARN],SRV-003,Zero_Day,39
INC-01856,2025-12-02 08:45:00 [WARN],SRV-003,cross_site_scripting,119
INC-01857,2025-11-10 12:52:00 [WARN],SRV-001, Brute_Force,97
INC-01858,2025-07-07 01:47:00 [WARN],SRV-005,Ransomware,129
INC-01859,2025-03-01 00:19:00 [WARN],SRV-002,Ransomware,13
INC-01860,2025-03-14 09:14:00 [WARN],SRV-001,Cross_Site_Scripting,19
INC-01861,2025-09-27 05:34:00 [WARN],SRV-001,malware_dropper,75
INC-01862,2025-03-26 00:14:00 [WARN],SRV-008, SQL_Injection ,19
INC-01863,2025-05-02 12:46:00 [WARN],SRV-008, SQL_Injection ,16
INC-01864,2025-12-06 20:43:00 [WARN],SRV-007,Ransomware,39
INC-01865,2025-03-13 01:53:00 [WARN],SRV-002, Brute_Force,148
INC-01866,2025-06-23 14:29:00 [WARN],SRV-001, SQL_Injection ,82
INC-01867,2025-03-21 21:44:00 [WARN],SRV-005,insider_threat,76
INC-01868,2025-06-28 09:15:00 [WARN],SRV-003,Insider_Threat,141
INC-01869,2025-08-02 12:42:00 [WARN],SRV-004,Zero_Day,54
INC-01870,2025-12-15 06:08:00 [WARN],SRV-007, SQL_Injection ,98
INC-01871,2025-12-16 12:57:00 [WARN],SRV-002, DDoS ,33
INC-01872,2025-05-31 22:52:00 [WARN],SRV-006, SQL_Injection ,32
INC-01873,2025-03-24 01:18:00 [WARN],SRV-005,Phishing,59
INC-01874,2025-03-26_12:20:00 [ERROR],SRV-004,Zero_Day,84
INC-01875,2025-04-20 07:10:00 [WARN],SRV-008, SQL_Injection ,55
INC-01876,2025-05-19 13:13:00 [WARN],SRV-003,Insider_Threat,117
INC-01877,2025-05-02 07:41:00 [WARN],SRV-005,Cross_Site_Scripting,150
INC-01878,2025-12-20 18:31:00 [WARN],SRV-004,Malware_Dropper,109
INC-01879,2025-06-25 13:13:00 [WARN],SRV-005, Brute_Force,68
INC-01880,2025-08-07 10:41:00 [WARN],SRV-001, SQL_Injection ,149
INC-01881,2025-12-14_16:50:00 [ERROR],SRV-008, brute_force,62
INC-01882,2025-10-30 10:57:00 [WARN],SRV-004, DDoS ,33
INC-01883,2025-10-10 07:57:00 [WARN],SRV-005, DDoS ,2
INC-01884,2025-07-02 13:16:00 [WARN],SRV-001, SQL_Injection ,116
INC-01885,2025-02-01 05:59:00 [WARN],SRV-005,ransomware,100
INC-01886,2025-05-03 22:44:00 [WARN],SRV-001,cross_site_scripting,108
INC-01887,2025-09-10 11:39:00 [WARN],SRV-003,Zero_Day,112
INC-01888,2025-04-20 16:23:00 [WARN],SRV-006, brute_force,84
INC-01889,2025-08-12 19:31:00 [WARN],SRV-005,Insider_Threat,143
INC-01890,2025-12-25 14:54:00 [WARN],SRV-006, SQL_Injection ,63
INC-01891,2025-04-17 19:00:00 [WARN],SRV-007,Phishing,3
INC-01892,2025-12-21 20:26:00 [WARN],SRV-006, sql_injection ,149
INC-01893,2025-01-06 21:08:00 [WARN],SRV-004, ddos ,69
INC-01894,2025-01-19_04:49:00 [ERROR],SRV-005, ddos ,72
INC-01895,2025-11-28 19:37:00 [WARN],SRV-002, Brute_Force,14
INC-01896,2025-06-15 22:35:00 [WARN],SRV-006, SQL_Injection ,134
INC-01897,2025-03-29 07:48:00 [WARN],SRV-004, sql_injection ,40
INC-01898,2025-05-16 01:51:00 [WARN],SRV-008,Insider_Threat,114
INC-01899,2025-03-11 23:56:00 [WARN],SRV-005,Cross_Site_Scripting,48
INC-01900,2025-12-22_18:59:00 [ERROR],SRV-004, SQL_Injection ,96
INC-01901,2025-07-23 13:50:00 [WARN],SRV-001,insider_threat,32
INC-01902,2025-06-21 05:30:00 [WARN],SRV-004,Ransomware,4
INC-01903,2025-12-30 20:50:00 [WARN],SRV-007,Ransomware,144
INC-01904,2025-08-11 23:05:00 [WARN],SRV-004, SQL_Injection ,67
INC-01905,2025-12-10 05:24:00 [WARN],SRV-006, DDoS ,43
INC-01906,2025-11-25 14:15:00 [WARN],SRV-007,cross_site_scripting,49
INC-01907,2025-12-26 03:49:00 [WARN],SRV-004,Phishing,
INC-01908,2025-08-10_00:13:00 [ERROR],SRV-004,Malware_Dropper,21
INC-01909,2025-07-17 12:12:00 [WARN],SRV-005, SQL_Injection ,136
INC-01910,2025-08-26 19:17:00 [WARN],SRV-003, DDoS ,26
INC-01911,2025-05-27 11:20:00 [WARN],SRV-002,Malware_Dropper,68
INC-01912,2025-04-24 08:43:00 [WARN],SRV-008, DDoS ,30
INC-01913,2025-11-17 22:19:00 [WARN],SRV-001, brute_force,3
INC-01914,2025-07-11 14:35:00 [WARN],SRV-008,phishing,39
INC-01915,2025-01-20 01:21:00 [WARN],SRV-001, Brute_Force,94
INC-01916,2025-07-04 05:09:00 [WARN],SRV-006,Insider_Threat,92
INC-01917,2025-01-30_05:11:00 [ERROR],SRV-004, ddos ,97
INC-01918,2025-02-07 02:49:00 [WARN],SRV-008,Zero_Day,60
INC-01919,2025-08-20_22:30:00 [ERROR],SRV-006,Zero_Day,122
INC-01920,2025-05-30 09:30:00 [WARN],SRV-001, Brute_Force,64
INC-01921,2025-03-23 02:32:00 [WARN],SRV-003,Malware_Dropper,21
INC-01922,2025-10-30 13:35:00 [WARN],SRV-004, brute_force,11
INC-01923,2025-10-18 17:43:00 [WARN],SRV-008,Ransomware,77
INC-01924,2025-10-10 04:22:00 [WARN],SRV-003, DDoS ,9
INC-01925,2025-05-06_14:58:00 [ERROR],SRV-003,cross_site_scripting,31
INC-01926,2025-03-15 19:48:00 [WARN],SRV-005,Phishing,108
INC-01927,2025-10-25 22:29:00 [WARN],SRV-003,Phishing,69
INC-01928,2025-05-30_06:23:00 [ERROR],SRV-001,Phishing,25
INC-01929,2025-01-05 17:37:00 [WARN],SRV-002, DDoS ,129
INC-01930,2025-10-06 07:28:00 [WARN],SRV-003,Zero_Day,105
INC-01931,2025-04-23 22:10:00 [WARN],SRV-001,Malware_Dropper,90
INC-01932,2025-05-28 11:15:00 [WARN],SRV-002, SQL_Injection ,147
INC-01933,2025-01-15 05:41:00 [WARN],SRV-006,zero_day,18
INC-01934,2025-02-08 19:14:00 [WARN],SRV-006,Phishing,138
INC-01935,2025-04-04 08:11:00 [WARN],SRV-006,Malware_Dropper,112
INC-01936,2025-03-06 02:49:00 [WARN],SRV-001, DDoS ,58
INC-01937,2025-06-07 23:47:00 [WARN],SRV-008,Zero_Day,143
INC-01938,2025-12-26 23:12:00 [WARN],SRV-004,cross_site_scripting,13
INC-01939,2025-04-20 05:51:00 [WARN],SRV-006,Zero_Day,84
INC-01940,2025-03-07 17:56:00 [WARN],SRV-002,Malware_Dropper,24
INC-01941,2025-11-20 21:51:00 [WARN],SRV-005,insider_threat,129
INC-01942,2025-02-08 05:07:00 [WARN],SRV-008, Brute_Force,22
INC-01943,2025-05-22 05:55:00 [WARN],SRV-002,insider_threat,105 hrs
INC-01944,2025-09-03 07:54:00 [WARN],SRV-005,Malware_Dropper,1
INC-01945,2025-01-12 07:55:00 [WARN],SRV-006, DDoS ,105
INC-01946,2025-07-20_00:12:00 [ERROR],SRV-004,ransomware,95
INC-01947,2025-02-01 06:15:00 [WARN],SRV-001,malware_dropper,2
INC-01948,2025-06-14 02:52:00 [WARN],SRV-005,Cross_Site_Scripting,44
INC-01949,2025-03-29 21:31:00 [WARN],SRV-006,Insider_Threat,85
INC-01950,2025-12-25 16:30:00 [WARN],SRV-006, DDoS ,3
INC-01951,2025-03-17 21:14:00 [WARN],SRV-001,Cross_Site_Scripting,6
INC-01952,2025-08-07 12:11:00 [WARN],SRV-007, DDoS ,139
INC-01953,2025-04-22 21:25:00 [WARN],SRV-007,cross_site_scripting,144
INC-01954,2025-03-06 09:02:00 [WARN],SRV-008,Phishing,149
INC-01955,2025-10-05_20:23:00 [ERROR],SRV-001, brute_force,83 hrs
INC-01956,2025-12-04 15:12:00 [WARN],SRV-006,Zero_Day,11
INC-01957,2025-08-23 05:56:00 [WARN],SRV-002,Zero_Day,11
INC-01958,2025-06-19_13:10:00 [ERROR],SRV-002,Insider_Threat,78 hrs
INC-01959,2025-09-17 18:51:00 [WARN],SRV-004, Brute_Force,49
INC-01960,2025-06-15_00:31:00 [ERROR],SRV-008,malware_dropper,144
INC-01961,2025-12-24 16:02:00 [WARN],SRV-005,Cross_Site_Scripting,116
INC-01962,2025-12-24 06:58:00 [WARN],SRV-005,ransomware,116
INC-01963,2025-11-08 14:17:00 [WARN],SRV-004,Insider_Threat,18
INC-01964,2025-06-03 11:18:00 [WARN],SRV-006, DDoS ,87
INC-01965,2025-04-23 20:33:00 [WARN],SRV-001,Cross_Site_Scripting,3
INC-01966,2025-08-15 11:27:00 [WARN],SRV-005, Brute_Force,111
INC-01967,2025-04-04_18:12:00 [ERROR],SRV-007,Zero_Day,110
INC-01968,2025-01-25 01:50:00 [WARN],SRV-006,Cross_Site_Scripting,140
INC-01969,2025-08-29_23:13:00 [ERROR],SRV-003,Malware_Dropper,85
INC-01970,2025-02-13 13:29:00 [WARN],SRV-005, brute_force,
INC-01971,2025-05-17 06:53:00 [WARN],SRV-001,Cross_Site_Scripting,47
INC-01972,2025-10-23 23:04:00 [WARN],SRV-007,zero_day,74
INC-01973,2025-02-17 01:02:00 [WARN],SRV-007,Malware_Dropper,69
INC-01974,2025-02-01 04:43:00 [WARN],SRV-005, DDoS ,41
INC-01975,2025-05-31 18:28:00 [WARN],SRV-006, ddos ,122
INC-01976,2025-06-13 20:35:00 [WARN],SRV-008,Insider_Threat,132
INC-01977,2025-02-23 11:11:00 [WARN],SRV-005,Malware_Dropper,139
INC-01978,2025-10-18_16:16:00 [ERROR],SRV-001,Phishing,111
INC-01979,2025-06-18 09:41:00 [WARN],SRV-001,ransomware,115
INC-01980,2025-06-06 14:05:00 [WARN],SRV-004, DDoS ,123
INC-01981,2025-01-01 03:59:00 [WARN],SRV-006,Insider_Threat,52
INC-01982,2025-11-13 21:20:00 [WARN],SRV-003,Ransomware,104
INC-01983,2025-04-14 20:38:00 [WARN],SRV-002,Insider_Threat,136
INC-01984,2025-12-03_13:49:00 [ERROR],SRV-001,Zero_Day,56
INC-01985,2025-05-08 10:31:00 [WARN],SRV-008,Zero_Day,70
INC-01986,2025-05-06 05:14:00 [WARN],SRV-006, SQL_Injection ,114
INC-01987,2025-09-16 01:52:00 [WARN],SRV-005,Phishing,108
INC-01988,2025-01-05_06:19:00 [ERROR],SRV-005,Ransomware,31
INC-01989,2025-09-21 21:49:00 [WARN],SRV-003, DDoS ,34
INC-01990,2025-02-02 09:38:00 [WARN],SRV-007, DDoS ,88
INC-01991,2025-09-27 00:55:00 [WARN],SRV-008,Malware_Dropper,108
INC-01992,2025-12-11 16:26:00 [WARN],SRV-006,Ransomware,145 hrs
INC-01993,2025-01-02 14:47:00 [WARN],SRV-006,Phishing,20
INC-01994,2025-05-14_15:50:00 [ERROR],SRV-006, Brute_Force,37
INC-01995,2025-04-10 04:34:00 [WARN],SRV-006,zero_day,26
INC-01996,2025-10-19 10:30:00 [WARN],SRV-005,Malware_Dropper,47
INC-01997,2025-07-15 12:49:00 [WARN],SRV-005,zero_day,84
INC-01998,2025-06-09 00:15:00 [WARN],SRV-007,Cross_Site_Scripting,50
INC-01999,2025-11-25 06:39:00 [WARN],SRV-001, Brute_Force,78
INC-02000,2025-04-23 04:07:00 [WARN],SRV-001,Phishing,29
INC-02001,2025-07-08 02:51:00 [WARN],SRV-008,Malware_Dropper,108
INC-02002,2025-11-10 10:23:00 [WARN],SRV-004, brute_force,
INC-02003,2025-11-05 03:56:00 [WARN],SRV-008, DDoS ,3
INC-02004,2025-11-02_15:16:00 [ERROR],SRV-005,malware_dropper,114
INC-02005,2025-11-20 16:52:00 [WARN],SRV-004,ransomware,97
INC-02006,2025-07-26 03:43:00 [WARN],SRV-003,Ransomware,95
INC-02007,2025-04-15 06:25:00 [WARN],SRV-008,Zero_Day,35
INC-02008,2025-07-08 10:17:00 [WARN],SRV-007,Insider_Threat,43
INC-02009,2025-10-15 13:58:00 [WARN],SRV-007,Insider_Threat,60
INC-02010,2025-06-07 02:02:00 [WARN],SRV-003,Zero_Day,121
INC-02011,2025-05-02 09:33:00 [WARN],SRV-007,Insider_Threat,82
INC-02012,2025-04-23 16:57:00 [WARN],SRV-007,Cross_Site_Scripting,38
INC-02013,2025-05-02 10:47:00 [WARN],SRV-007,insider_threat,116 hrs
INC-02014,2025-11-04 23:45:00 [WARN],SRV-005,cross_site_scripting,131
INC-02015,2025-06-13 13:00:00 [WARN],SRV-008,Malware_Dropper,145
INC-02016,2025-01-22 22:01:00 [WARN],SRV-005,Ransomware,44
INC-02017,2025-02-18_21:03:00 [ERROR],SRV-003, SQL_Injection ,131
INC-02018,2025-09-10 21:23:00 [WARN],SRV-006,Phishing,38
INC-02019,2025-01-26 13:39:00 [WARN],SRV-008, Brute_Force,10 hrs
INC-02020,2025-09-16 16:23:00 [WARN],SRV-003,Phishing,85
INC-02021,2025-05-20_23:45:00 [ERROR],SRV-005,cross_site_scripting,12
INC-02022,2025-07-06 12:39:00 [WARN],SRV-007, brute_force,150
INC-02023,2025-09-29 01:57:00 [WARN],SRV-001, Brute_Force,21
INC-02024,2025-01-03 00:39:00 [WARN],SRV-004,Ransomware,101
INC-02025,2025-10-14 06:00:00 [WARN],SRV-007, ddos ,65
INC-02026,2025-06-09 04:22:00 [WARN],SRV-003,Malware_Dropper,21
INC-02027,2025-04-10 01:20:00 [WARN],SRV-004, Brute_Force,39
INC-02028,2025-10-17 09:28:00 [WARN],SRV-001,Phishing,111
INC-02029,2025-02-25 00:56:00 [WARN],SRV-007,cross_site_scripting,133 hrs
INC-02030,2025-10-23_06:49:00 [ERROR],SRV-001, sql_injection ,13
INC-02031,2025-05-21 23:40:00 [WARN],SRV-005,cross_site_scripting,116
INC-02032,2025-03-16 15:41:00 [WARN],SRV-002, SQL_Injection ,67
INC-02033,2025-12-28 23:57:00 [WARN],SRV-003, DDoS ,95
INC-02034,2025-01-02 16:41:00 [WARN],SRV-008,Insider_Threat,11
INC-02035,2025-04-04 04:28:00 [WARN],SRV-001,Insider_Threat,67 hrs
INC-02036,2025-11-18 17:01:00 [WARN],SRV-004,Insider_Threat,108
INC-02037,2025-04-01 05:01:00 [WARN],SRV-003,Malware_Dropper,141
INC-02038,2025-08-14 06:50:00 [WARN],SRV-004,phishing,14
INC-02039,2025-03-07 16:12:00 [WARN],SRV-004,Insider_Threat,102
INC-02040,2025-10-03 21:43:00 [WARN],SRV-004,Phishing,98
INC-02041,2025-02-19 17:24:00 [WARN],SRV-001,Malware_Dropper,57
INC-02042,2025-05-09 18:39:00 [WARN],SRV-005, DDoS ,22
INC-02043,2025-01-26_11:09:00 [ERROR],SRV-004, DDoS ,83
INC-02044,2026-01-01 08:19:00 [WARN],SRV-006,Ransomware,48
INC-02045,2025-12-24 13:40:00 [WARN],SRV-003,Insider_Threat,141
INC-02046,2025-04-11 02:50:00 [WARN],SRV-008,Cross_Site_Scripting,94
INC-02047,2025-05-19 22:35:00 [WARN],SRV-006, Brute_Force,98
INC-02048,2025-01-28_05:03:00 [ERROR],SRV-006, Brute_Force,65
INC-02049,2025-06-08 12:04:00 [WARN],SRV-004, DDoS ,141
INC-02050,2025-01-15 07:41:00 [WARN],SRV-001,Ransomware,70
INC-02051,2025-03-05 10:29:00 [WARN],SRV-008,Malware_Dropper,8
INC-02052,2025-05-29 05:34:00 [WARN],SRV-001,Malware_Dropper,42
INC-02053,2025-08-25_07:56:00 [ERROR],SRV-001,malware_dropper,37
INC-02054,2025-08-13 13:59:00 [WARN],SRV-008,Malware_Dropper,82
INC-02055,2025-09-22 15:15:00 [WARN],SRV-001,Malware_Dropper,85
INC-02056,2025-09-29 15:46:00 [WARN],SRV-004,Malware_Dropper,147
INC-02057,2025-03-03_21:54:00 [ERROR],SRV-007,Insider_Threat,26
INC-02058,2025-02-07 04:30:00 [WARN],SRV-002,Ransomware,60
INC-02059,2025-05-07 06:50:00 [WARN],SRV-002, SQL_Injection ,125
INC-02060,2025-11-21 07:46:00 [WARN],SRV-002,cross_site_scripting,30
INC-02061,2025-03-03 11:40:00 [WARN],SRV-001,Zero_Day,59
INC-02062,2025-09-08 12:14:00 [WARN],SRV-002,Zero_Day,38
INC-02063,2025-12-07 19:34:00 [WARN],SRV-007,phishing,
INC-02064,2025-01-10 08:30:00 [WARN],SRV-003,Malware_Dropper,78 hrs
INC-02065,2025-05-17 11:09:00 [WARN],SRV-007,Insider_Threat,36
INC-02066,2025-06-18 09:48:00 [WARN],SRV-005,Malware_Dropper,31
INC-02067,2025-08-29 14:05:00 [WARN],SRV-001,Malware_Dropper,129
INC-02068,2025-04-20 14:19:00 [WARN],SRV-005, Brute_Force,44
INC-02069,2025-08-29 23:44:00 [WARN],SRV-008, DDoS ,116 hrs
INC-02070,2025-06-29 11:25:00 [WARN],SRV-005, DDoS ,37
INC-02071,2025-09-16 12:00:00 [WARN],SRV-001, SQL_Injection ,27
INC-02072,2025-04-01 10:48:00 [WARN],SRV-006,Ransomware,92
INC-02073,2025-12-11 04:20:00 [WARN],SRV-008, ddos ,8
INC-02074,2025-05-29 07:38:00 [WARN],SRV-005, SQL_Injection ,57
INC-02075,2025-10-09 02:14:00 [WARN],SRV-007, Brute_Force,104
INC-02076,2025-12-22 04:49:00 [WARN],SRV-006, Brute_Force,68
INC-02077,2025-12-04 23:20:00 [WARN],SRV-003, Brute_Force,4
INC-02078,2025-03-05 21:41:00 [WARN],SRV-008,Ransomware,97
INC-02079,2025-10-31 17:49:00 [WARN],SRV-001,Ransomware,105
INC-02080,2025-08-04 23:44:00 [WARN],SRV-003,Malware_Dropper,98
INC-02081,2025-12-21 01:45:00 [WARN],SRV-005,zero_day,107
INC-02082,2025-12-15 05:47:00 [WARN],SRV-003, Brute_Force,50
INC-02083,2025-04-06 06:19:00 [WARN],SRV-006,Cross_Site_Scripting,105
INC-02084,2025-05-16 22:03:00 [WARN],SRV-005, DDoS ,71
INC-02085,2025-08-02 12:04:00 [WARN],SRV-004,ransomware,13
INC-02086,2025-03-01 17:32:00 [WARN],SRV-006, Brute_Force,86
INC-02087,2025-04-27 23:37:00 [WARN],SRV-002, brute_force,3
INC-02088,2025-04-22 05:31:00 [WARN],SRV-004,Zero_Day,88
INC-02089,2025-11-11 01:31:00 [WARN],SRV-005, SQL_Injection ,16
INC-02090,2025-12-20 15:53:00 [WARN],SRV-001,Zero_Day,13
INC-02091,2025-09-12 22:54:00 [WARN],SRV-003, Brute_Force,145
INC-02092,2025-08-29 13:03:00 [WARN],SRV-004,Ransomware,17
INC-02093,2025-01-08 20:25:00 [WARN],SRV-008,Insider_Threat,49
INC-02094,2025-11-28 00:31:00 [WARN],SRV-008,Cross_Site_Scripting,55
INC-02095,2025-04-12 04:12:00 [WARN],SRV-002,Insider_Threat,120
INC-02096,2025-01-25 02:17:00 [WARN],SRV-004,Zero_Day,97
INC-02097,2025-09-17 11:52:00 [WARN],SRV-006,Zero_Day,128
INC-02098,2025-05-05 18:55:00 [WARN],SRV-001, Brute_Force,72
INC-02099,2025-06-23 15:34:00 [WARN],SRV-008,Zero_Day,55
INC-02100,2025-08-28_20:27:00 [ERROR],SRV-004,Phishing,42
INC-02101,2025-02-09_01:23:00 [ERROR],SRV-004, brute_force,84
INC-02102,2025-11-12 15:43:00 [WARN],SRV-004, Brute_Force,144
INC-02103,2025-09-07 16:30:00 [WARN],SRV-008,Ransomware,115
INC-02104,2025-03-08 17:05:00 [WARN],SRV-001,Insider_Threat,126
INC-02105,2025-05-08 13:20:00 [WARN],SRV-003, SQL_Injection ,35
INC-02106,2025-11-07 19:47:00 [WARN],SRV-003, Brute_Force,9
INC-02107,2025-07-11 09:11:00 [WARN],SRV-007, SQL_Injection ,142
INC-02108,2025-03-26 18:04:00 [WARN],SRV-001, DDoS ,123
INC-02109,2025-02-18 05:37:00 [WARN],SRV-006, brute_force,106
INC-02110,2025-10-08 18:00:00 [WARN],SRV-001,Ransomware,95
INC-02111,2025-05-11 07:58:00 [WARN],SRV-008,Insider_Threat,97
INC-02112,2025-10-01 17:28:00 [WARN],SRV-006,Cross_Site_Scripting,86
INC-02113,2025-05-25 16:00:00 [WARN],SRV-006,Ransomware,99 hrs
INC-02114,2025-10-01 13:47:00 [WARN],SRV-007,Insider_Threat,67
INC-02115,2025-02-13 02:04:00 [WARN],SRV-002,Phishing,25
INC-02116,2025-05-09 14:34:00 [WARN],SRV-001, ddos ,147
INC-02117,2025-04-19 19:48:00 [WARN],SRV-004, DDoS ,2 hrs
INC-02118,2025-08-13 20:02:00 [WARN],SRV-007,Malware_Dropper,98 hrs
INC-02119,2025-02-12 06:29:00 [WARN],SRV-001,Insider_Threat,98
INC-02120,2025-01-11 19:42:00 [WARN],SRV-001, SQL_Injection ,62
INC-02121,2025-10-30 23:10:00 [WARN],SRV-008, DDoS ,23
INC-02122,2025-03-12 20:40:00 [WARN],SRV-003, DDoS ,67
INC-02123,2025-11-03_18:37:00 [ERROR],SRV-002,Malware_Dropper,148
INC-02124,2025-12-10_01:43:00 [ERROR],SRV-004, SQL_Injection ,70
INC-02125,2025-03-30 23:18:00 [WARN],SRV-007,Zero_Day,142
INC-02126,2025-03-24 16:07:00 [WARN],SRV-007, Brute_Force,95
INC-02127,2025-12-31 12:43:00 [WARN],SRV-003,insider_threat,2
INC-02128,2025-01-01 14:35:00 [WARN],SRV-002, DDoS ,129
INC-02129,2025-09-23 20:28:00 [WARN],SRV-002,Insider_Threat,100
INC-02130,2025-11-22 08:58:00 [WARN],SRV-005,Zero_Day,112
INC-02131,2025-09-04 21:08:00 [WARN],SRV-007, SQL_Injection ,120
INC-02132,2025-04-23 12:35:00 [WARN],SRV-002, SQL_Injection ,25
INC-02133,2025-11-15_21:20:00 [ERROR],SRV-003, DDoS ,140
INC-02134,2025-12-01 13:18:00 [WARN],SRV-006,Cross_Site_Scripting,69
INC-02135,2025-05-22 08:28:00 [WARN],SRV-005,Malware_Dropper,93
INC-02136,2025-10-03 17:08:00 [WARN],SRV-001,Malware_Dropper,85
INC-02137,2025-01-11 01:01:00 [WARN],SRV-001, ddos ,119
INC-02138,2025-09-12 01:52:00 [WARN],SRV-005,Phishing,97
INC-02139,2025-02-17_13:49:00 [ERROR],SRV-004, SQL_Injection ,4
INC-02140,2025-07-21 07:14:00 [WARN],SRV-004,Zero_Day,106
INC-02141,2025-06-18 23:47:00 [WARN],SRV-006,Ransomware,18
INC-02142,2025-12-07 19:40:00 [WARN],SRV-003,Phishing,102
INC-02143,2025-07-16 08:37:00 [WARN],SRV-005, SQL_Injection ,90
INC-02144,2025-10-27 08:24:00 [WARN],SRV-007,Insider_Threat,90
INC-02145,2025-09-13 16:30:00 [WARN],SRV-001,Phishing,141
INC-02146,2025-08-24 10:31:00 [WARN],SRV-003,Phishing,92
INC-02147,2026-01-01_15:54:00 [ERROR],SRV-007,Zero_Day,35 hrs
INC-02148,2025-11-18_09:38:00 [ERROR],SRV-004, DDoS ,37
INC-02149,2025-07-16 06:40:00 [WARN],SRV-006,Malware_Dropper,139
INC-02150,2025-07-08 23:22:00 [WARN],SRV-008,Phishing,122
INC-02151,2025-10-27 06:13:00 [WARN],SRV-008, DDoS ,2
INC-02152,2025-07-06 03:35:00 [WARN],SRV-003,Zero_Day,36
INC-02153,2025-09-24 17:34:00 [WARN],SRV-005, SQL_Injection ,113
INC-02154,2025-06-28 12:34:00 [WARN],SRV-007, Brute_Force,44
INC-02155,2025-09-07 23:52:00 [WARN],SRV-007, DDoS ,52
INC-02156,2025-08-01 16:59:00 [WARN],SRV-005,Insider_Threat,25
INC-02157,2025-01-15 01:05:00 [WARN],SRV-005, sql_injection ,76
INC-02158,2025-07-21 20:51:00 [WARN],SRV-007,Zero_Day,128 hrs
INC-02159,2025-08-22 13:12:00 [WARN],SRV-003,Cross_Site_Scripting,125
INC-02160,2025-08-11 00:17:00 [WARN],SRV-003, Brute_Force,35
INC-02161,2025-07-22 10:07:00 [WARN],SRV-004,insider_threat,48
INC-02162,2025-12-15 02:29:00 [WARN],SRV-004, Brute_Force,30
INC-02163,2025-10-29 22:35:00 [WARN],SRV-001, SQL_Injection ,105
INC-02164,2025-04-19 21:12:00 [WARN],SRV-008,Phishing,124
INC-02165,2025-10-17 07:31:00 [WARN],SRV-003,Cross_Site_Scripting,22
INC-02166,2025-07-28 06:07:00 [WARN],SRV-004, Brute_Force,20
INC-02167,2025-07-21 15:11:00 [WARN],SRV-005, SQL_Injection ,47
INC-02168,2025-05-19 03:29:00 [WARN],SRV-001, DDoS ,99
INC-02169,2025-01-25 12:39:00 [WARN],SRV-008, Brute_Force,132
INC-02170,2025-09-16 03:51:00 [WARN],SRV-007,phishing,124
INC-02171,2025-02-21 14:00:00 [WARN],SRV-002,Malware_Dropper,128
INC-02172,2025-12-06 00:02:00 [WARN],SRV-006, DDoS ,52 hrs
INC-02173,2025-10-26 01:30:00 [WARN],SRV-005,Ransomware,72
INC-02174,2025-10-18 08:58:00 [WARN],SRV-007, DDoS ,36
INC-02175,2025-04-07 18:40:00 [WARN],SRV-005, DDoS ,122 hrs
INC-02176,2025-09-02 01:50:00 [WARN],SRV-001, DDoS ,145 hrs
INC-02177,2025-06-07 03:45:00 [WARN],SRV-003,phishing,72
INC-02178,2025-05-29 05:00:00 [WARN],SRV-004, ddos ,146
INC-02179,2025-08-01 12:25:00 [WARN],SRV-007,Cross_Site_Scripting,123
INC-02180,2025-07-17 22:35:00 [WARN],SRV-003,Ransomware,98
INC-02181,2025-07-28 04:51:00 [WARN],SRV-002, DDoS ,27
INC-02182,2025-02-13_16:14:00 [ERROR],SRV-002,phishing,80
INC-02183,2025-03-23 01:35:00 [WARN],SRV-008,Cross_Site_Scripting,53
INC-02184,2025-05-13 06:38:00 [WARN],SRV-006,Ransomware,66
INC-02185,2025-03-01 19:23:00 [WARN],SRV-005, Brute_Force,123
INC-02186,2025-10-13 11:24:00 [WARN],SRV-007,Ransomware,81
INC-02187,2025-05-08 09:04:00 [WARN],SRV-002,Cross_Site_Scripting,16
INC-02188,2025-05-01_09:58:00 [ERROR],SRV-007, Brute_Force,128
INC-02189,2025-05-24 14:36:00 [WARN],SRV-002, SQL_Injection ,73 hrs
INC-02190,2025-09-26 19:44:00 [WARN],SRV-002, SQL_Injection ,77
INC-02191,2025-06-04 04:16:00 [WARN],SRV-005,Zero_Day,63
INC-02192,2025-08-08 22:48:00 [WARN],SRV-005,Cross_Site_Scripting,70
INC-02193,2025-07-03 13:33:00 [WARN],SRV-008, SQL_Injection ,114
INC-02194,2025-06-30 11:40:00 [WARN],SRV-008,Cross_Site_Scripting,55
INC-02195,2025-02-11 01:54:00 [WARN],SRV-006, Brute_Force,141 hrs
INC-02196,2025-07-25_15:19:00 [ERROR],SRV-006,Phishing,69
INC-02197,2025-09-21 23:31:00 [WARN],SRV-007, Brute_Force,146 hrs
INC-02198,2025-06-29 19:11:00 [WARN],SRV-007,insider_threat,68
INC-02199,2025-02-27 23:24:00 [WARN],SRV-003,Phishing,32
INC-02200,2025-03-31 06:15:00 [WARN],SRV-008,Cross_Site_Scripting,48
INC-02201,2025-11-11 02:24:00 [WARN],SRV-006,Zero_Day,34 hrs
INC-02202,2025-08-27 10:12:00 [WARN],SRV-008,Malware_Dropper,139
INC-02203,2025-11-11 05:22:00 [WARN],SRV-002, sql_injection ,46
INC-02204,2025-06-23 01:57:00 [WARN],SRV-006, Brute_Force,112
INC-02205,2025-01-24 18:34:00 [WARN],SRV-008, Brute_Force,23 hrs
INC-02206,2025-01-19 04:13:00 [WARN],SRV-002,Phishing,27 hrs
INC-02207,2025-05-26 23:53:00 [WARN],SRV-001, DDoS ,46
INC-02208,2025-02-14_13:49:00 [ERROR],SRV-004, Brute_Force,136
INC-02209,2025-02-17 12:40:00 [WARN],SRV-006,ransomware,96
INC-02210,2025-09-26 10:09:00 [WARN],SRV-005,phishing,142
INC-02211,2025-11-29 00:13:00 [WARN],SRV-001,Insider_Threat,74
INC-02212,2025-01-21 13:54:00 [WARN],SRV-007,Zero_Day,37
INC-02213,2025-12-01 13:11:00 [WARN],SRV-007,Zero_Day,105
INC-02214,2025-09-14 18:33:00 [WARN],SRV-005,Ransomware,107
INC-02215,2025-01-10 11:04:00 [WARN],SRV-007,Zero_Day,
INC-02216,2025-04-18_22:10:00 [ERROR],SRV-003, sql_injection ,102
INC-02217,2025-10-08 19:40:00 [WARN],SRV-007,Ransomware,93
INC-02218,2025-04-06_19:21:00 [ERROR],SRV-003,ransomware,126
INC-02219,2025-02-24 14:23:00 [WARN],SRV-001, Brute_Force,20
INC-02220,2025-01-20 05:35:00 [WARN],SRV-008, brute_force,5
INC-02221,2025-01-23 01:59:00 [WARN],SRV-002,Phishing,130
INC-02222,2025-04-05 23:47:00 [WARN],SRV-004,phishing,114 hrs
INC-02223,2025-01-25 07:22:00 [WARN],SRV-002,Cross_Site_Scripting,4
INC-02224,2025-11-18 07:49:00 [WARN],SRV-005,Zero_Day,108
INC-02225,2025-04-22 01:37:00 [WARN],SRV-004,Malware_Dropper,26
INC-02226,2025-03-22_00:21:00 [ERROR],SRV-007,Cross_Site_Scripting,131
INC-02227,2025-09-02 02:09:00 [WARN],SRV-006,Zero_Day,150
INC-02228,2025-08-10 08:00:00 [WARN],SRV-005,Zero_Day,42
INC-02229,2025-02-06 02:57:00 [WARN],SRV-005,Phishing,30
INC-02230,2025-09-21 13:16:00 [WARN],SRV-003,Phishing,36
INC-02231,2025-11-27_20:17:00 [ERROR],SRV-008, Brute_Force,147
INC-02232,2025-07-30 08:58:00 [WARN],SRV-001,Zero_Day,34
INC-02233,2025-10-01 09:46:00 [WARN],SRV-005, SQL_Injection ,133
INC-02234,2025-01-25 11:16:00 [WARN],SRV-002,Zero_Day,149
INC-02235,2025-07-18 18:36:00 [WARN],SRV-008,Ransomware,114
INC-02236,2025-03-04 13:10:00 [WARN],SRV-004,Cross_Site_Scripting,125
INC-02237,2025-10-18 23:01:00 [WARN],SRV-008,Cross_Site_Scripting,
INC-02238,2025-02-08 17:26:00 [WARN],SRV-002,insider_threat,54
INC-02239,2025-04-30 17:48:00 [WARN],SRV-001,cross_site_scripting,30
INC-02240,2025-12-08 11:43:00 [WARN],SRV-001,insider_threat,42
INC-02241,2025-12-30_22:10:00 [ERROR],SRV-005, DDoS ,
INC-02242,2025-12-21 20:04:00 [WARN],SRV-006,Malware_Dropper,126 hrs
INC-02243,2025-09-09 03:36:00 [WARN],SRV-002, SQL_Injection ,34
INC-02244,2025-06-19 17:49:00 [WARN],SRV-003,Phishing,46
INC-02245,2025-09-02_16:07:00 [ERROR],SRV-007,Zero_Day,118
INC-02246,2025-05-10 03:17:00 [WARN],SRV-003, DDoS ,77
INC-02247,2025-02-07 03:09:00 [WARN],SRV-002, DDoS ,19
INC-02248,2025-01-18 05:22:00 [WARN],SRV-003, Brute_Force,83
INC-02249,2025-02-05_13:01:00 [ERROR],SRV-003, ddos ,
INC-02250,2025-01-03 10:40:00 [WARN],SRV-002,Malware_Dropper,16
INC-02251,2025-06-28 11:26:00 [WARN],SRV-001,Malware_Dropper,78
INC-02252,2025-04-07 14:41:00 [WARN],SRV-003,Ransomware,21
INC-02253,2025-04-30 23:29:00 [WARN],SRV-007,Cross_Site_Scripting,46 hrs
INC-02254,2025-12-12 14:40:00 [WARN],SRV-008,zero_day,135
INC-02255,2025-10-29_20:51:00 [ERROR],SRV-001, ddos ,50
INC-02256,2025-09-07 22:18:00 [WARN],SRV-008,Ransomware,118
INC-02257,2025-09-18 06:40:00 [WARN],SRV-006,Insider_Threat,130
INC-02258,2025-10-11 02:34:00 [WARN],SRV-007,Ransomware,100
INC-02259,2025-09-15 11:08:00 [WARN],SRV-004,Ransomware,72
INC-02260,2025-08-02_08:13:00 [ERROR],SRV-008, SQL_Injection ,67
INC-02261,2025-03-13 01:57:00 [WARN],SRV-008,Ransomware,76
INC-02262,2025-02-22 06:56:00 [WARN],SRV-001,Phishing,110
INC-02263,2025-02-10 08:07:00 [WARN],SRV-004, SQL_Injection ,41
INC-02264,2025-08-17 13:22:00 [WARN],SRV-001,Cross_Site_Scripting,93
INC-02265,2025-04-06 00:56:00 [WARN],SRV-004, SQL_Injection ,44
INC-02266,2025-07-17_19:53:00 [ERROR],SRV-008, Brute_Force,54
INC-02267,2025-08-04 10:18:00 [WARN],SRV-001,Zero_Day,17
INC-02268,2025-07-19 14:18:00 [WARN],SRV-008,Ransomware,27
INC-02269,2025-07-28 05:52:00 [WARN],SRV-003,Phishing,90
INC-02270,2025-09-19 02:23:00 [WARN],SRV-005, Brute_Force,55
INC-02271,2025-12-07 19:59:00 [WARN],SRV-001,malware_dropper,142
INC-02272,2025-04-01 22:06:00 [WARN],SRV-004, sql_injection ,21
INC-02273,2025-10-06 11:53:00 [WARN],SRV-003,Malware_Dropper,101 hrs
INC-02274,2025-09-15 17:06:00 [WARN],SRV-005,Phishing,33
INC-02275,2025-12-30 15:04:00 [WARN],SRV-006, sql_injection ,49
INC-02276,2025-10-06 14:10:00 [WARN],SRV-003,Ransomware,92
INC-02277,2025-10-30 21:49:00 [WARN],SRV-007, DDoS ,93
INC-02278,2025-03-22 20:02:00 [WARN],SRV-001,Ransomware,27
INC-02279,2025-10-27 06:12:00 [WARN],SRV-003,cross_site_scripting,108
INC-02280,2025-09-29 10:35:00 [WARN],SRV-004,Zero_Day,122
INC-02281,2025-10-27_12:18:00 [ERROR],SRV-008,Insider_Threat,122
INC-02282,2025-05-26 14:40:00 [WARN],SRV-003,Ransomware,89
INC-02283,2025-11-29 04:50:00 [WARN],SRV-005, brute_force,81
INC-02284,2025-04-16_19:24:00 [ERROR],SRV-001,phishing,70
INC-02285,2025-01-18 15:41:00 [WARN],SRV-003, SQL_Injection ,124
INC-02286,2025-07-04 09:46:00 [WARN],SRV-002,Insider_Threat,97
INC-02287,2025-07-28 14:44:00 [WARN],SRV-002, brute_force,7
INC-02288,2025-02-07 07:36:00 [WARN],SRV-004,Cross_Site_Scripting,49
INC-02289,2025-03-09 04:24:00 [WARN],SRV-006,Phishing,138
INC-02290,2025-11-19 07:38:00 [WARN],SRV-006, Brute_Force,46
INC-02291,2025-06-08 11:05:00 [WARN],SRV-001, DDoS ,146 hrs
INC-02292,2025-04-11 22:58:00 [WARN],SRV-001,Malware_Dropper,43
INC-02293,2025-02-21 10:05:00 [WARN],SRV-005,Zero_Day,135 hrs
INC-02294,2025-06-20 07:13:00 [WARN],SRV-006, DDoS ,150 hrs
INC-02295,2025-11-29 17:39:00 [WARN],SRV-004, SQL_Injection ,47
INC-02296,2025-10-10_02:59:00 [ERROR],SRV-004,Insider_Threat,137
INC-02297,2025-07-30 15:48:00 [WARN],SRV-002, sql_injection ,33
INC-02298,2025-01-05 08:15:00 [WARN],SRV-008,Malware_Dropper,74
INC-02299,2025-07-19 17:11:00 [WARN],SRV-003,Malware_Dropper,135
INC-02300,2025-06-24 21:11:00 [WARN],SRV-007, SQL_Injection ,66
INC-02301,2025-02-04 23:42:00 [WARN],SRV-007,Insider_Threat,84
INC-02302,2025-06-25 20:00:00 [WARN],SRV-006,Malware_Dropper,72
INC-02303,2025-11-20 16:11:00 [WARN],SRV-002, Brute_Force,57
INC-02304,2025-06-18 15:01:00 [WARN],SRV-004,Zero_Day,49
INC-02305,2025-05-05 16:21:00 [WARN],SRV-004, SQL_Injection ,14
INC-02306,2025-02-26 08:02:00 [WARN],SRV-006,Insider_Threat,108
INC-02307,2025-12-31 20:59:00 [WARN],SRV-002,Zero_Day,10
INC-02308,2025-09-30 18:47:00 [WARN],SRV-005,Cross_Site_Scripting,92 hrs
INC-02309,2025-12-22 01:10:00 [WARN],SRV-005,Ransomware,11
INC-02310,2025-04-03 17:32:00 [WARN],SRV-003,insider_threat,84 hrs
INC-02311,2025-09-25 06:28:00 [WARN],SRV-008, Brute_Force,128
INC-02312,2025-06-12 14:25:00 [WARN],SRV-001,Zero_Day,113
INC-02313,2025-07-23_04:37:00 [ERROR],SRV-003, sql_injection ,106
INC-02314,2025-07-23 23:52:00 [WARN],SRV-005,Malware_Dropper,132
INC-02315,2025-02-16 03:17:00 [WARN],SRV-003,Zero_Day,31
INC-02316,2025-03-30 08:21:00 [WARN],SRV-004,Ransomware,47
INC-02317,2025-04-16 20:49:00 [WARN],SRV-004,Ransomware,97
INC-02318,2025-12-01 18:34:00 [WARN],SRV-002,Malware_Dropper,30
INC-02319,2025-06-23 14:21:00 [WARN],SRV-004,Ransomware,110
INC-02320,2025-01-12 03:27:00 [WARN],SRV-006,ransomware,51
INC-02321,2025-08-11 06:27:00 [WARN],SRV-004,Cross_Site_Scripting,7
INC-02322,2025-11-10 03:13:00 [WARN],SRV-008, SQL_Injection ,52
INC-02323,2025-01-21 18:06:00 [WARN],SRV-001,Insider_Threat,17
INC-02324,2025-03-10 00:26:00 [WARN],SRV-006, SQL_Injection ,77
INC-02325,2025-08-04 02:44:00 [WARN],SRV-004, Brute_Force,96
INC-02326,2025-09-09 15:37:00 [WARN],SRV-003, brute_force,16
INC-02327,2025-03-20_11:36:00 [ERROR],SRV-008,Phishing,141
INC-02328,2025-10-05 04:34:00 [WARN],SRV-005, Brute_Force,41 hrs
INC-02329,2025-11-19 17:34:00 [WARN],SRV-008,Phishing,33
INC-02330,2025-09-15 01:36:00 [WARN],SRV-008, Brute_Force,12
INC-02331,2025-11-19 21:20:00 [WARN],SRV-008,Ransomware,149
INC-02332,2025-09-26 21:02:00 [WARN],SRV-004,Phishing,126
INC-02333,2025-07-16 12:02:00 [WARN],SRV-005,zero_day,109
INC-02334,2025-03-22 20:48:00 [WARN],SRV-006,Insider_Threat,68
INC-02335,2025-03-17 09:05:00 [WARN],SRV-005, Brute_Force,45
INC-02336,2025-11-25 01:46:00 [WARN],SRV-005,insider_threat,41
INC-02337,2025-12-27 06:31:00 [WARN],SRV-007,Phishing,63
INC-02338,2025-10-15 19:32:00 [WARN],SRV-006,Cross_Site_Scripting,118 hrs
INC-02339,2025-07-07 14:45:00 [WARN],SRV-005,ransomware,136
INC-02340,2025-03-27 11:57:00 [WARN],SRV-008,Malware_Dropper,56
INC-02341,2025-12-26 17:41:00 [WARN],SRV-008,phishing,26
INC-02342,2025-03-16 02:20:00 [WARN],SRV-002, DDoS ,15
INC-02343,2025-05-29 21:20:00 [WARN],SRV-004,Ransomware,55
INC-02344,2025-10-01 23:34:00 [WARN],SRV-001,Insider_Threat,76
INC-02345,2025-05-05 12:10:00 [WARN],SRV-004,Ransomware,61
INC-02346,2025-02-04 05:43:00 [WARN],SRV-001,Malware_Dropper,133
INC-02347,2025-03-31 16:04:00 [WARN],SRV-007,insider_threat,122
INC-02348,2025-12-30 18:37:00 [WARN],SRV-002,Insider_Threat,68
INC-02349,2025-09-09 07:01:00 [WARN],SRV-005,phishing,91
INC-02350,2025-10-07 15:08:00 [WARN],SRV-008, Brute_Force,79
INC-02351,2025-08-21 12:29:00 [WARN],SRV-004, SQL_Injection ,128
INC-02352,2025-09-06 17:37:00 [WARN],SRV-006,Malware_Dropper,
INC-02353,2025-03-04 03:25:00 [WARN],SRV-007, brute_force,97
INC-02354,2025-10-31 18:48:00 [WARN],SRV-001,Phishing,89
INC-02355,2025-09-24 07:58:00 [WARN],SRV-001,Ransomware,45
INC-02356,2025-09-23 09:35:00 [WARN],SRV-001,Phishing,72
INC-02357,2025-10-26 05:58:00 [WARN],SRV-008,Zero_Day,83 hrs
INC-02358,2025-09-20 05:44:00 [WARN],SRV-004,Phishing,114
INC-02359,2025-06-21 04:34:00 [WARN],SRV-005,Ransomware,38 hrs
INC-02360,2025-11-02 05:19:00 [WARN],SRV-007,zero_day,79
INC-02361,2025-09-26 00:39:00 [WARN],SRV-003,Cross_Site_Scripting,134
INC-02362,2025-08-25 19:06:00 [WARN],SRV-002,ransomware,37 hrs
INC-02363,2025-11-05 20:01:00 [WARN],SRV-005,Phishing,113
INC-02364,2025-05-04 05:23:00 [WARN],SRV-004,Malware_Dropper,38
INC-02365,2025-10-17 09:20:00 [WARN],SRV-008, Brute_Force,91
INC-02366,2025-04-18 13:10:00 [WARN],SRV-004,Ransomware,132
INC-02367,2025-07-30 09:07:00 [WARN],SRV-001,Zero_Day,117
INC-02368,2025-03-09 19:58:00 [WARN],SRV-003, SQL_Injection ,68
INC-02369,2025-01-16 02:56:00 [WARN],SRV-006, ddos ,85
INC-02370,2025-10-14 03:05:00 [WARN],SRV-002,Ransomware,4
INC-02371,2025-08-04 05:24:00 [WARN],SRV-004, SQL_Injection ,15
INC-02372,2025-06-09 00:09:00 [WARN],SRV-008,Malware_Dropper,35
INC-02373,2025-11-29 11:03:00 [WARN],SRV-008, sql_injection ,100
INC-02374,2025-12-26_15:36:00 [ERROR],SRV-006,Insider_Threat,38
INC-02375,2025-06-11 20:27:00 [WARN],SRV-006,Cross_Site_Scripting,21
INC-02376,2025-06-06 16:12:00 [WARN],SRV-005,Cross_Site_Scripting,136
INC-02377,2025-04-02 18:24:00 [WARN],SRV-001,Phishing,40
INC-02378,2025-05-05 08:13:00 [WARN],SRV-001,Insider_Threat,
INC-02379,2025-01-15 15:59:00 [WARN],SRV-001, Brute_Force,111
INC-02380,2025-03-11 15:40:00 [WARN],SRV-008,Zero_Day,40
INC-02381,2025-03-24 03:34:00 [WARN],SRV-003, SQL_Injection ,54
INC-02382,2025-01-05 01:04:00 [WARN],SRV-001,Malware_Dropper,105
INC-02383,2025-10-13 18:08:00 [WARN],SRV-007, DDoS ,14
INC-02384,2025-03-12_18:09:00 [ERROR],SRV-002,Cross_Site_Scripting,12
INC-02385,2025-03-27 07:41:00 [WARN],SRV-007, DDoS ,8
INC-02386,2025-11-26 20:55:00 [WARN],SRV-001, Brute_Force,17
INC-02387,2025-06-21 17:33:00 [WARN],SRV-005,Cross_Site_Scripting,131
INC-02388,2025-09-29 23:59:00 [WARN],SRV-008, DDoS ,11
INC-02389,2025-07-30 07:57:00 [WARN],SRV-001, SQL_Injection ,133
INC-02390,2025-08-07 08:16:00 [WARN],SRV-002,Cross_Site_Scripting,79
INC-02391,2025-12-12_11:01:00 [ERROR],SRV-002,cross_site_scripting,27
INC-02392,2025-05-20 09:38:00 [WARN],SRV-005,Insider_Threat,127
INC-02393,2025-10-14 03:43:00 [WARN],SRV-008,malware_dropper,55
INC-02394,2025-06-01 15:45:00 [WARN],SRV-007,Ransomware,4
INC-02395,2025-08-23 08:49:00 [WARN],SRV-002,Ransomware,45
INC-02396,2025-09-21 17:53:00 [WARN],SRV-004, SQL_Injection ,38
INC-02397,2025-02-27_19:24:00 [ERROR],SRV-003,Malware_Dropper,128
INC-02398,2025-08-03 17:53:00 [WARN],SRV-006, DDoS ,47
INC-02399,2025-06-15 16:21:00 [WARN],SRV-008, SQL_Injection ,141
INC-02400,2025-07-04 22:13:00 [WARN],SRV-001, brute_force,67
INC-02401,2025-02-02 21:31:00 [WARN],SRV-003,Malware_Dropper,16
INC-02402,2025-07-17 13:30:00 [WARN],SRV-007,Malware_Dropper,33
INC-02403,2025-11-27 21:33:00 [WARN],SRV-008,malware_dropper,100
INC-02404,2025-11-21 19:51:00 [WARN],SRV-005,Zero_Day,124 hrs
INC-02405,2025-11-21 15:08:00 [WARN],SRV-007,Insider_Threat,130
INC-02406,2025-07-24 05:23:00 [WARN],SRV-003,Cross_Site_Scripting,150
INC-02407,2025-12-21 13:20:00 [WARN],SRV-005,insider_threat,132 hrs
INC-02408,2025-08-08 11:17:00 [WARN],SRV-004, SQL_Injection ,111 hrs
INC-02409,2025-03-24 19:27:00 [WARN],SRV-002,Cross_Site_Scripting,23
INC-02410,2025-05-21 16:15:00 [WARN],SRV-001, ddos ,78
INC-02411,2025-10-30 00:38:00 [WARN],SRV-004, Brute_Force,25
INC-02412,2025-02-27_18:44:00 [ERROR],SRV-002, SQL_Injection ,7
INC-02413,2025-10-08 17:37:00 [WARN],SRV-006,Zero_Day,9
INC-02414,2025-01-15 21:11:00 [WARN],SRV-008,Ransomware,79
INC-02415,2026-01-01 10:14:00 [WARN],SRV-003,Malware_Dropper,91
INC-02416,2025-02-27 12:52:00 [WARN],SRV-006,Zero_Day,52
INC-02417,2025-11-27 01:33:00 [WARN],SRV-006,Insider_Threat,145
INC-02418,2025-03-19 06:31:00 [WARN],SRV-008, Brute_Force,29 hrs
INC-02419,2025-04-17 06:10:00 [WARN],SRV-002, SQL_Injection ,64
INC-02420,2025-08-22 03:50:00 [WARN],SRV-001, DDoS ,150
INC-02421,2025-02-24 00:34:00 [WARN],SRV-005, DDoS ,39
INC-02422,2025-09-23 06:04:00 [WARN],SRV-005, ddos ,105
INC-02423,2025-01-04 21:46:00 [WARN],SRV-006,cross_site_scripting,115
INC-02424,2025-09-15 13:26:00 [WARN],SRV-008,Malware_Dropper,48
INC-02425,2025-06-05 02:08:00 [WARN],SRV-004,Phishing,20
INC-02426,2025-02-02 05:51:00 [WARN],SRV-004, SQL_Injection ,97 hrs
INC-02427,2025-06-14 12:25:00 [WARN],SRV-002,malware_dropper,15
INC-02428,2025-02-27 05:46:00 [WARN],SRV-002,Zero_Day,54
INC-02429,2025-04-20 14:35:00 [WARN],SRV-004, DDoS ,127
INC-02430,2025-03-18 17:49:00 [WARN],SRV-005,Zero_Day,89
INC-02431,2025-09-13 06:22:00 [WARN],SRV-004,Phishing,100
INC-02432,2025-04-30 03:15:00 [WARN],SRV-002,Insider_Threat,16 hrs
INC-02433,2025-05-06 10:18:00 [WARN],SRV-004,Phishing,21
INC-02434,2025-10-08 14:14:00 [WARN],SRV-008, DDoS ,97
INC-02435,2025-07-25 22:26:00 [WARN],SRV-001,Insider_Threat,6
INC-02436,2025-08-09_00:06:00 [ERROR],SRV-004,phishing,10
INC-02437,2025-04-19 20:24:00 [WARN],SRV-003,Malware_Dropper,111 hrs
INC-02438,2025-08-19 18:27:00 [WARN],SRV-001,Phishing,74
INC-02439,2025-07-29 01:56:00 [WARN],SRV-003,Zero_Day,144
INC-02440,2025-07-23 16:56:00 [WARN],SRV-003, ddos ,61 hrs
INC-02441,2025-01-21 17:01:00 [WARN],SRV-007, ddos ,9
INC-02442,2025-09-12 15:53:00 [WARN],SRV-007,Cross_Site_Scripting,92
INC-02443,2025-02-28 17:05:00 [WARN],SRV-001, brute_force,32
INC-02444,2025-06-12 20:05:00 [WARN],SRV-008,zero_day,4
INC-02445,2025-08-17_20:00:00 [ERROR],SRV-003,Cross_Site_Scripting,111
INC-02446,2025-06-21 17:41:00 [WARN],SRV-006, brute_force,32
INC-02447,2025-04-17 21:43:00 [WARN],SRV-007,Insider_Threat,73
INC-02448,2025-05-12 09:23:00 [WARN],SRV-004,Insider_Threat,89
INC-02449,2025-01-11 20:51:00 [WARN],SRV-005, SQL_Injection ,78
INC-02450,2025-07-17 05:01:00 [WARN],SRV-002,malware_dropper,72
INC-02451,2025-04-20 09:00:00 [WARN],SRV-006,Ransomware,115
INC-02452,2025-01-11 22:46:00 [WARN],SRV-006,Insider_Threat,97 hrs
INC-02453,2025-06-04 09:11:00 [WARN],SRV-006,Malware_Dropper,97
INC-02454,2025-01-19 21:56:00 [WARN],SRV-006,Cross_Site_Scripting,27
INC-02455,2025-03-16 22:01:00 [WARN],SRV-001,cross_site_scripting,43
INC-02456,2025-01-19 16:14:00 [WARN],SRV-007,Malware_Dropper,2
INC-02457,2025-11-06 18:49:00 [WARN],SRV-003,Zero_Day,54
INC-02458,2025-04-04 03:36:00 [WARN],SRV-001,cross_site_scripting,85
INC-02459,2025-12-05 10:44:00 [WARN],SRV-008,Cross_Site_Scripting,6
INC-02460,2025-10-10 12:58:00 [WARN],SRV-002,Zero_Day,100
INC-02461,2025-05-12 11:12:00 [WARN],SRV-006,Insider_Threat,145
INC-02462,2025-01-01 03:32:00 [WARN],SRV-004, Brute_Force,78
INC-02463,2025-08-23 23:19:00 [WARN],SRV-008,Cross_Site_Scripting,111
INC-02464,2025-03-18 10:29:00 [WARN],SRV-005, SQL_Injection ,121
INC-02465,2025-07-10 07:31:00 [WARN],SRV-005,zero_day,16
INC-02466,2025-08-06 07:16:00 [WARN],SRV-002,Malware_Dropper,79
INC-02467,2025-02-15 01:35:00 [WARN],SRV-008,Cross_Site_Scripting,109
INC-02468,2025-12-01 22:36:00 [WARN],SRV-001,Zero_Day,92
INC-02469,2025-01-09 09:20:00 [WARN],SRV-006,Insider_Threat,48
INC-02470,2025-02-17_02:53:00 [ERROR],SRV-007,phishing,30
INC-02471,2025-01-06 20:45:00 [WARN],SRV-001,Zero_Day,50
INC-02472,2025-08-09 12:15:00 [WARN],SRV-007,Insider_Threat,62 hrs
INC-02473,2025-02-27 00:10:00 [WARN],SRV-006,Cross_Site_Scripting,125
INC-02474,2025-06-09 22:12:00 [WARN],SRV-001,Cross_Site_Scripting,24
INC-02475,2025-02-28 17:48:00 [WARN],SRV-003,Insider_Threat,42
INC-02476,2025-05-17 13:54:00 [WARN],SRV-008, SQL_Injection ,34
INC-02477,2025-02-26 22:48:00 [WARN],SRV-006,Ransomware,14
INC-02478,2025-08-08 22:52:00 [WARN],SRV-003, sql_injection ,104
INC-02479,2025-09-09 19:08:00 [WARN],SRV-003, DDoS ,92
INC-02480,2025-08-06 09:39:00 [WARN],SRV-006,zero_day,30 hrs
INC-02481,2025-06-01_04:42:00 [ERROR],SRV-007, DDoS ,75
INC-02482,2025-01-09 23:58:00 [WARN],SRV-004,cross_site_scripting,59
INC-02483,2025-08-23 13:01:00 [WARN],SRV-001,ransomware,24
INC-02484,2025-11-19 05:25:00 [WARN],SRV-005, Brute_Force,64
INC-02485,2025-11-16 05:47:00 [WARN],SRV-001,Phishing,23
INC-02486,2025-12-26 23:27:00 [WARN],SRV-005,cross_site_scripting,69
INC-02487,2025-12-18 00:15:00 [WARN],SRV-005, Brute_Force,97
INC-02488,2025-12-12 23:52:00 [WARN],SRV-004,Cross_Site_Scripting,104
INC-02489,2025-05-18 05:46:00 [WARN],SRV-004,Cross_Site_Scripting,27
INC-02490,2025-05-15 11:52:00 [WARN],SRV-002,Ransomware,46
INC-02491,2025-05-27 09:43:00 [WARN],SRV-005,phishing,8
INC-02492,2025-07-16 22:15:00 [WARN],SRV-002,Malware_Dropper,118
INC-02493,2025-07-28 03:58:00 [WARN],SRV-001,Malware_Dropper,91
INC-02494,2025-10-29 13:14:00 [WARN],SRV-005,Insider_Threat,3
INC-02495,2025-01-02 23:09:00 [WARN],SRV-001,zero_day,74
INC-02496,2025-11-30 01:39:00 [WARN],SRV-006, DDoS ,16
INC-02497,2025-09-18 05:56:00 [WARN],SRV-002,phishing,8
INC-02498,2025-01-19 14:53:00 [WARN],SRV-008, DDoS ,34
INC-02499,2025-07-12 07:59:00 [WARN],SRV-004, SQL_Injection ,34
INC-02500,2025-01-02 19:33:00 [WARN],SRV-008, Brute_Force,83
INC-02501,2025-02-04 16:15:00 [WARN],SRV-001, sql_injection ,110
INC-02502,2025-04-20 19:11:00 [WARN],SRV-003, SQL_Injection ,113
INC-02503,2025-07-13 22:18:00 [WARN],SRV-003, Brute_Force,32
INC-02504,2025-03-27 17:20:00 [WARN],SRV-008,Cross_Site_Scripting,3
INC-02505,2025-11-18 06:52:00 [WARN],SRV-001,Zero_Day,104
INC-02506,2025-02-07 19:59:00 [WARN],SRV-008, ddos ,90
INC-02507,2025-04-25 18:26:00 [WARN],SRV-002, DDoS ,141 hrs
INC-02508,2025-03-07 10:48:00 [WARN],SRV-006,Malware_Dropper,116
INC-02509,2025-09-05 12:05:00 [WARN],SRV-004,Phishing,100
INC-02510,2025-07-25 19:47:00 [WARN],SRV-002,Cross_Site_Scripting,7
INC-02511,2025-09-06 03:00:00 [WARN],SRV-008,Malware_Dropper,84
INC-02512,2025-08-16 21:39:00 [WARN],SRV-005, Brute_Force,24
INC-02513,2025-01-11 06:32:00 [WARN],SRV-006,Phishing,71
INC-02514,2025-12-18 18:03:00 [WARN],SRV-001, SQL_Injection ,64
INC-02515,2025-04-03 09:17:00 [WARN],SRV-001,Insider_Threat,42
INC-02516,2025-03-18 09:36:00 [WARN],SRV-008, ddos ,79
INC-02517,2025-08-12 22:09:00 [WARN],SRV-007,Zero_Day,61
INC-02518,2025-06-21 17:28:00 [WARN],SRV-002,Phishing,79
INC-02519,2025-09-28 02:06:00 [WARN],SRV-001,Ransomware,32
INC-02520,2025-11-27 08:27:00 [WARN],SRV-008, DDoS ,32
INC-02521,2025-10-02 00:59:00 [WARN],SRV-006,ransomware,71
INC-02522,2025-05-20 17:10:00 [WARN],SRV-003,Insider_Threat,83
INC-02523,2025-03-31 10:18:00 [WARN],SRV-003,Zero_Day,54
INC-02524,2025-01-30 03:10:00 [WARN],SRV-005, ddos ,82
INC-02525,2025-11-20 04:33:00 [WARN],SRV-007, Brute_Force,83
INC-02526,2025-11-21 21:59:00 [WARN],SRV-002,Ransomware,111
INC-02527,2025-09-24 08:35:00 [WARN],SRV-007,Malware_Dropper,130
INC-02528,2025-09-04 06:18:00 [WARN],SRV-001,Phishing,121
INC-02529,2025-02-05 14:27:00 [WARN],SRV-008,Ransomware,134
INC-02530,2025-08-17 05:16:00 [WARN],SRV-003,zero_day,65
INC-02531,2025-11-12 18:45:00 [WARN],SRV-006, Brute_Force,121
INC-02532,2025-11-05 22:43:00 [WARN],SRV-002, SQL_Injection ,123
INC-02533,2025-01-09 11:53:00 [WARN],SRV-005, Brute_Force,80
INC-02534,2025-08-17 13:42:00 [WARN],SRV-001,Phishing,27
INC-02535,2025-08-02 18:01:00 [WARN],SRV-008, SQL_Injection ,50
INC-02536,2025-11-23 06:39:00 [WARN],SRV-003,zero_day,14
INC-02537,2025-11-15 14:26:00 [WARN],SRV-004,Phishing,29
INC-02538,2025-12-14 16:31:00 [WARN],SRV-008, Brute_Force,14
INC-02539,2025-05-02 17:01:00 [WARN],SRV-003, SQL_Injection ,82
INC-02540,2025-05-13 03:16:00 [WARN],SRV-006, DDoS ,61 hrs
INC-02541,2025-04-23 18:19:00 [WARN],SRV-002,Ransomware,117
INC-02542,2025-08-31 12:42:00 [WARN],SRV-006,Malware_Dropper,73
INC-02543,2025-11-02 11:51:00 [WARN],SRV-008, SQL_Injection ,16
INC-02544,2025-08-03_12:41:00 [ERROR],SRV-003,Cross_Site_Scripting,116
INC-02545,2025-12-16 22:50:00 [WARN],SRV-005,Zero_Day,57 hrs
INC-02546,2026-01-01 17:59:00 [WARN],SRV-004, DDoS ,91
INC-02547,2025-03-01 08:31:00 [WARN],SRV-003,insider_threat,2
INC-02548,2025-02-25 12:17:00 [WARN],SRV-002, DDoS ,21
INC-02549,2025-12-24 05:23:00 [WARN],SRV-008,Ransomware,69 hrs
INC-02550,2025-05-23 07:40:00 [WARN],SRV-008,Ransomware,85
INC-02551,2025-11-03 00:25:00 [WARN],SRV-008,insider_threat,133
INC-02552,2025-04-24 09:50:00 [WARN],SRV-005,Malware_Dropper,112
INC-02553,2025-09-29 07:43:00 [WARN],SRV-006,Malware_Dropper,91
INC-02554,2025-04-05 10:25:00 [WARN],SRV-004, Brute_Force,58
INC-02555,2025-04-20 00:43:00 [WARN],SRV-002, SQL_Injection ,96
INC-02556,2025-10-30_16:19:00 [ERROR],SRV-004,Cross_Site_Scripting,18
INC-02557,2025-11-13 18:13:00 [WARN],SRV-005,insider_threat,73
INC-02558,2025-10-16 23:57:00 [WARN],SRV-008,zero_day,107
INC-02559,2025-03-07 17:54:00 [WARN],SRV-005, SQL_Injection ,136
INC-02560,2025-02-26 17:22:00 [WARN],SRV-008,Zero_Day,115
INC-02561,2025-12-30 02:16:00 [WARN],SRV-007,Ransomware,143
INC-02562,2025-04-26 20:03:00 [WARN],SRV-008, SQL_Injection ,6
INC-02563,2025-01-18 05:27:00 [WARN],SRV-004, SQL_Injection ,111
INC-02564,2025-06-02 00:10:00 [WARN],SRV-006,Zero_Day,138
INC-02565,2025-05-25 05:03:00 [WARN],SRV-006,Insider_Threat,110
INC-02566,2025-09-02 18:34:00 [WARN],SRV-006, Brute_Force,118
INC-02567,2026-01-01 05:29:00 [WARN],SRV-003,insider_threat,89 hrs
INC-02568,2025-09-16 12:02:00 [WARN],SRV-002, DDoS ,30
INC-02569,2025-08-12 01:40:00 [WARN],SRV-007,Phishing,57
INC-02570,2025-05-20 19:37:00 [WARN],SRV-008,Zero_Day,31
INC-02571,2025-05-31_17:56:00 [ERROR],SRV-002,Ransomware,108
INC-02572,2025-12-02 07:44:00 [WARN],SRV-002,insider_threat,5
INC-02573,2025-08-06_20:05:00 [ERROR],SRV-008,malware_dropper,130
INC-02574,2025-07-18 21:42:00 [WARN],SRV-002,Insider_Threat,132
INC-02575,2025-06-01 17:24:00 [WARN],SRV-004,Ransomware,130
INC-02576,2025-10-30 21:29:00 [WARN],SRV-001, Brute_Force,93
INC-02577,2025-08-14 14:12:00 [WARN],SRV-008, brute_force,8
INC-02578,2025-02-06 16:09:00 [WARN],SRV-007, DDoS ,96
INC-02579,2025-11-01 01:43:00 [WARN],SRV-003,Malware_Dropper,109
INC-02580,2025-10-30 07:37:00 [WARN],SRV-004, DDoS ,149
INC-02581,2025-05-15 14:54:00 [WARN],SRV-002, Brute_Force,4
INC-02582,2025-12-04 14:56:00 [WARN],SRV-004, SQL_Injection ,96
INC-02583,2025-09-13_22:25:00 [ERROR],SRV-006,Phishing,50
INC-02584,2025-01-14 00:00:00 [WARN],SRV-003,Cross_Site_Scripting,34
INC-02585,2025-08-08 13:26:00 [WARN],SRV-005,Malware_Dropper,67
INC-02586,2025-09-18 08:59:00 [WARN],SRV-003,Malware_Dropper,65 hrs
INC-02587,2025-11-25 19:13:00 [WARN],SRV-001, DDoS ,107
INC-02588,2025-10-19 06:00:00 [WARN],SRV-007, DDoS ,
INC-02589,2025-05-08 18:42:00 [WARN],SRV-003,Insider_Threat,87
INC-02590,2025-07-13 17:55:00 [WARN],SRV-002, brute_force,31
INC-02591,2025-04-15 17:53:00 [WARN],SRV-003,Zero_Day,50
INC-02592,2025-07-19 00:34:00 [WARN],SRV-004,Cross_Site_Scripting,
INC-02593,2025-09-24 04:18:00 [WARN],SRV-004, DDoS ,110
INC-02594,2025-03-11 13:27:00 [WARN],SRV-002,Phishing,12
INC-02595,2025-08-21 16:24:00 [WARN],SRV-003, sql_injection ,148
INC-02596,2025-10-06_06:03:00 [ERROR],SRV-002, SQL_Injection ,
INC-02597,2025-12-11 21:26:00 [WARN],SRV-004,Insider_Threat,54
INC-02598,2025-04-03 02:14:00 [WARN],SRV-004,Malware_Dropper,34
INC-02599,2025-09-21 20:27:00 [WARN],SRV-007,Phishing,113
INC-02600,2025-05-14_12:12:00 [ERROR],SRV-005,Zero_Day,148 hrs
INC-02601,2025-05-03 11:02:00 [WARN],SRV-005,Malware_Dropper,106
INC-02602,2025-12-07 16:48:00 [WARN],SRV-006,Zero_Day,45
INC-02603,2025-01-14 16:19:00 [WARN],SRV-008,Cross_Site_Scripting,8
INC-02604,2025-06-22 20:09:00 [WARN],SRV-001,Cross_Site_Scripting,56
INC-02605,2025-05-22_01:12:00 [ERROR],SRV-006, SQL_Injection ,97
INC-02606,2025-12-31 00:18:00 [WARN],SRV-003,Insider_Threat,92
INC-02607,2025-04-24 09:40:00 [WARN],SRV-003, Brute_Force,121
INC-02608,2025-07-14 10:23:00 [WARN],SRV-008,Cross_Site_Scripting,2
INC-02609,2025-01-10 07:07:00 [WARN],SRV-001,Malware_Dropper,150
INC-02610,2025-11-02 16:33:00 [WARN],SRV-001, brute_force,64
INC-02611,2025-04-24 04:13:00 [WARN],SRV-004,phishing,100
INC-02612,2025-03-03 02:34:00 [WARN],SRV-001,Phishing,70
INC-02613,2025-01-17 10:01:00 [WARN],SRV-004,Cross_Site_Scripting,3
INC-02614,2025-03-08 08:36:00 [WARN],SRV-008,Malware_Dropper,80
INC-02615,2025-07-22 03:40:00 [WARN],SRV-004,Zero_Day,25
INC-02616,2025-04-23 06:03:00 [WARN],SRV-002,Cross_Site_Scripting,34
INC-02617,2025-07-27 16:41:00 [WARN],SRV-003, Brute_Force,93
INC-02618,2025-12-24 02:28:00 [WARN],SRV-007, Brute_Force,142
INC-02619,2025-11-07 18:11:00 [WARN],SRV-006,Phishing,52
INC-02620,2025-10-29 15:25:00 [WARN],SRV-002,Malware_Dropper,149
INC-02621,2025-07-04 10:02:00 [WARN],SRV-005,phishing,139
INC-02622,2025-01-27 20:27:00 [WARN],SRV-008, SQL_Injection ,62
INC-02623,2025-05-06 20:57:00 [WARN],SRV-005,Phishing,18
INC-02624,2025-08-26 06:13:00 [WARN],SRV-006,Insider_Threat,56
INC-02625,2025-07-30 09:10:00 [WARN],SRV-006,Ransomware,70
INC-02626,2025-05-23 20:36:00 [WARN],SRV-004, Brute_Force,18
INC-02627,2025-07-08 04:04:00 [WARN],SRV-007, DDoS ,108
INC-02628,2025-10-17 13:35:00 [WARN],SRV-001,Zero_Day,11
INC-02629,2025-02-12 02:23:00 [WARN],SRV-002,Malware_Dropper,84
INC-02630,2025-09-30 05:19:00 [WARN],SRV-001,Insider_Threat,125
INC-02631,2025-12-11 00:17:00 [WARN],SRV-008, DDoS ,37
INC-02632,2025-10-20 02:52:00 [WARN],SRV-007,ransomware,120
INC-02633,2026-01-01 15:46:00 [WARN],SRV-001,ransomware,136
INC-02634,2025-03-01 00:54:00 [WARN],SRV-005,Ransomware,37
INC-02635,2025-09-13 23:36:00 [WARN],SRV-001,malware_dropper,108
INC-02636,2025-02-10 13:21:00 [WARN],SRV-001,Cross_Site_Scripting,61
INC-02637,2025-08-04_04:28:00 [ERROR],SRV-002,zero_day,147
INC-02638,2025-08-22 08:59:00 [WARN],SRV-001,Cross_Site_Scripting,139
INC-02639,2025-06-05 16:31:00 [WARN],SRV-006,insider_threat,95
INC-02640,2025-11-03 11:38:00 [WARN],SRV-004,Insider_Threat,10
INC-02641,2025-01-13 17:03:00 [WARN],SRV-005,Malware_Dropper,33
INC-02642,2025-07-01 00:39:00 [WARN],SRV-008, SQL_Injection ,107
INC-02643,2025-05-16 10:38:00 [WARN],SRV-002,Cross_Site_Scripting,12
INC-02644,2025-11-11 02:23:00 [WARN],SRV-007,Phishing,63
INC-02645,2025-08-20 05:15:00 [WARN],SRV-005,Insider_Threat,17
INC-02646,2025-09-08 14:34:00 [WARN],SRV-007, ddos ,135
INC-02647,2025-03-31 11:01:00 [WARN],SRV-003, DDoS ,58
INC-02648,2025-07-13_04:01:00 [ERROR],SRV-001, SQL_Injection ,74
INC-02649,2025-07-26 03:07:00 [WARN],SRV-007, Brute_Force,104
INC-02650,2025-12-04 09:08:00 [WARN],SRV-003,Phishing,41
INC-02651,2025-11-30 02:39:00 [WARN],SRV-004,Cross_Site_Scripting,8
INC-02652,2025-01-17 00:10:00 [WARN],SRV-007, Brute_Force,5 hrs
INC-02653,2025-01-22 00:45:00 [WARN],SRV-005,Phishing,29
INC-02654,2025-04-22 16:36:00 [WARN],SRV-003,Cross_Site_Scripting,48
INC-02655,2025-12-31 08:44:00 [WARN],SRV-004,phishing,3
INC-02656,2025-02-02 11:05:00 [WARN],SRV-006, SQL_Injection ,12
INC-02657,2025-12-15 16:55:00 [WARN],SRV-003, brute_force,100
INC-02658,2025-03-26 00:47:00 [WARN],SRV-003,Cross_Site_Scripting,28
INC-02659,2025-01-12 20:02:00 [WARN],SRV-002,Malware_Dropper,140
INC-02660,2025-02-05 15:05:00 [WARN],SRV-001, DDoS ,150
INC-02661,2025-02-11 06:18:00 [WARN],SRV-002, SQL_Injection ,53
INC-02662,2025-05-24 19:33:00 [WARN],SRV-002,Ransomware,53
INC-02663,2025-05-24 04:31:00 [WARN],SRV-007,Malware_Dropper,128
INC-02664,2025-03-19 02:54:00 [WARN],SRV-006, DDoS ,121
INC-02665,2025-09-23 10:57:00 [WARN],SRV-007, SQL_Injection ,133
INC-02666,2025-07-17 12:30:00 [WARN],SRV-005,Cross_Site_Scripting,115
INC-02667,2025-07-03_20:34:00 [ERROR],SRV-008,Cross_Site_Scripting,70
INC-02668,2025-06-25 04:20:00 [WARN],SRV-007, SQL_Injection ,79
INC-02669,2025-05-30 08:16:00 [WARN],SRV-006,Phishing,61
INC-02670,2025-06-18 00:52:00 [WARN],SRV-005,Malware_Dropper,26
INC-02671,2025-09-14 01:35:00 [WARN],SRV-007, SQL_Injection ,85
INC-02672,2025-04-05 18:27:00 [WARN],SRV-003, DDoS ,84
INC-02673,2025-03-23 13:57:00 [WARN],SRV-007, Brute_Force,59
INC-02674,2025-12-26 18:35:00 [WARN],SRV-007, DDoS ,95
INC-02675,2025-05-22 11:51:00 [WARN],SRV-001, DDoS ,75
INC-02676,2025-10-31 01:23:00 [WARN],SRV-007, sql_injection ,40
INC-02677,2025-12-09 00:59:00 [WARN],SRV-006, SQL_Injection ,84
INC-02678,2025-12-12 23:12:00 [WARN],SRV-004, brute_force,130
INC-02679,2025-10-26_02:49:00 [ERROR],SRV-007, DDoS ,30
INC-02680,2025-01-20 16:19:00 [WARN],SRV-006, sql_injection ,99
INC-02681,2025-11-03 10:38:00 [WARN],SRV-007,Insider_Threat,92
INC-02682,2025-12-10_13:31:00 [ERROR],SRV-002,insider_threat,119
INC-02683,2025-01-11 08:04:00 [WARN],SRV-008, SQL_Injection ,34
INC-02684,2025-03-21 22:47:00 [WARN],SRV-003, DDoS ,18
INC-02685,2025-11-03 21:33:00 [WARN],SRV-007,Insider_Threat,12
INC-02686,2025-08-08 22:41:00 [WARN],SRV-005,Insider_Threat,30
INC-02687,2025-01-21 00:34:00 [WARN],SRV-006,Cross_Site_Scripting,10
INC-02688,2025-09-12 13:05:00 [WARN],SRV-003,malware_dropper,42
INC-02689,2025-04-29 04:56:00 [WARN],SRV-007, ddos ,33 hrs
INC-02690,2025-03-06 19:08:00 [WARN],SRV-003, SQL_Injection ,31
INC-02691,2025-04-24 02:43:00 [WARN],SRV-007, ddos ,60
INC-02692,2025-02-12 01:04:00 [WARN],SRV-002, DDoS ,95
INC-02693,2025-02-05 12:46:00 [WARN],SRV-005, SQL_Injection ,136
INC-02694,2025-07-10 20:14:00 [WARN],SRV-001,Insider_Threat,81
INC-02695,2025-10-15 18:46:00 [WARN],SRV-001,Malware_Dropper,122
INC-02696,2025-01-24 09:02:00 [WARN],SRV-004,Zero_Day,91
INC-02697,2025-02-25 12:42:00 [WARN],SRV-007,Insider_Threat,142
INC-02698,2025-07-23 06:49:00 [WARN],SRV-006,Malware_Dropper,81 hrs
INC-02699,2025-07-26 16:10:00 [WARN],SRV-007,phishing,
INC-02700,2025-09-29 03:22:00 [WARN],SRV-003,zero_day,112
INC-02701,2025-02-07 04:51:00 [WARN],SRV-002, Brute_Force,27
INC-02702,2025-10-09 03:01:00 [WARN],SRV-002,Cross_Site_Scripting,122
INC-02703,2025-08-28 13:33:00 [WARN],SRV-004,Zero_Day,52
INC-02704,2025-01-06 11:08:00 [WARN],SRV-002,insider_threat,100
INC-02705,2025-10-19_09:43:00 [ERROR],SRV-007, brute_force,41
INC-02706,2025-06-07 02:03:00 [WARN],SRV-003,Malware_Dropper,56
INC-02707,2025-08-18 01:32:00 [WARN],SRV-008, SQL_Injection ,87
INC-02708,2025-07-01 22:45:00 [WARN],SRV-008,Zero_Day,88
INC-02709,2025-02-17 01:53:00 [WARN],SRV-007,Zero_Day,111
INC-02710,2025-07-07 18:00:00 [WARN],SRV-005, ddos ,4
INC-02711,2025-02-08 05:22:00 [WARN],SRV-004, DDoS ,77
INC-02712,2025-01-03 09:24:00 [WARN],SRV-002, DDoS ,18
INC-02713,2025-05-27 13:21:00 [WARN],SRV-008, SQL_Injection ,87
INC-02714,2025-09-16 02:23:00 [WARN],SRV-006, sql_injection ,29
INC-02715,2025-04-21 15:56:00 [WARN],SRV-001, ddos ,3
INC-02716,2025-12-31 00:34:00 [WARN],SRV-005, SQL_Injection ,64
INC-02717,2025-07-16 12:36:00 [WARN],SRV-001,Malware_Dropper,16
INC-02718,2025-09-27 11:37:00 [WARN],SRV-007,ransomware,68
INC-02719,2025-03-24 16:52:00 [WARN],SRV-002, Brute_Force,33
INC-02720,2025-03-07 00:28:00 [WARN],SRV-003,Cross_Site_Scripting,146
INC-02721,2025-04-15 07:34:00 [WARN],SRV-001,phishing,136
INC-02722,2025-08-18 16:02:00 [WARN],SRV-008,Cross_Site_Scripting,103
INC-02723,2025-04-28 13:33:00 [WARN],SRV-007, DDoS ,114
INC-02724,2025-01-24 09:43:00 [WARN],SRV-004,Ransomware,35
INC-02725,2025-05-21 23:27:00 [WARN],SRV-004,Ransomware,40
INC-02726,2025-01-11 03:40:00 [WARN],SRV-002,zero_day,47
INC-02727,2025-08-22 16:30:00 [WARN],SRV-004,Phishing,107
INC-02728,2025-01-16 04:11:00 [WARN],SRV-005,Ransomware,13
INC-02729,2025-07-21 11:55:00 [WARN],SRV-004, sql_injection ,141 hrs
INC-02730,2025-09-11 22:19:00 [WARN],SRV-008, ddos ,3
INC-02731,2025-09-27 05:09:00 [WARN],SRV-005,Malware_Dropper,71
INC-02732,2025-08-28 01:01:00 [WARN],SRV-005,Ransomware,93
INC-02733,2025-02-24 20:04:00 [WARN],SRV-004, DDoS ,121
INC-02734,2025-10-02 03:07:00 [WARN],SRV-005, DDoS ,6
INC-02735,2025-08-17 05:51:00 [WARN],SRV-004,Malware_Dropper,89
INC-02736,2025-02-06 11:52:00 [WARN],SRV-004,Malware_Dropper,66
INC-02737,2025-01-26_23:12:00 [ERROR],SRV-006,Phishing,143
INC-02738,2025-10-17 08:37:00 [WARN],SRV-004,ransomware,32
INC-02739,2025-03-30 17:45:00 [WARN],SRV-008, DDoS ,66
INC-02740,2025-12-22 09:25:00 [WARN],SRV-001, DDoS ,70
INC-02741,2025-10-12 04:18:00 [WARN],SRV-007,Cross_Site_Scripting,74
INC-02742,2025-06-05 19:27:00 [WARN],SRV-007,Insider_Threat,126
INC-02743,2025-01-23_07:07:00 [ERROR],SRV-002,Cross_Site_Scripting,102
INC-02744,2025-01-22 23:24:00 [WARN],SRV-003,Cross_Site_Scripting,71
INC-02745,2025-05-18 02:10:00 [WARN],SRV-006,insider_threat,87
INC-02746,2025-07-18 05:42:00 [WARN],SRV-007,Insider_Threat,128
INC-02747,2025-05-23 14:02:00 [WARN],SRV-002,Ransomware,61
INC-02748,2025-04-23 21:46:00 [WARN],SRV-002,Malware_Dropper,121
INC-02749,2025-11-07 17:42:00 [WARN],SRV-001, Brute_Force,134
INC-02750,2025-07-25 21:40:00 [WARN],SRV-007, SQL_Injection ,27
INC-02751,2025-09-12 21:16:00 [WARN],SRV-001,cross_site_scripting,84
INC-02752,2025-04-11 01:25:00 [WARN],SRV-007, ddos ,20
INC-02753,2025-06-30 21:20:00 [WARN],SRV-003,Cross_Site_Scripting,124
INC-02754,2025-03-09 03:59:00 [WARN],SRV-008, SQL_Injection ,112
INC-02755,2025-12-17 23:08:00 [WARN],SRV-006,Cross_Site_Scripting,47
INC-02756,2025-12-25 18:47:00 [WARN],SRV-001,cross_site_scripting,96
INC-02757,2025-05-22 17:16:00 [WARN],SRV-003,Ransomware,121
INC-02758,2025-04-20 13:02:00 [WARN],SRV-007,ransomware,50
INC-02759,2025-07-23 21:26:00 [WARN],SRV-008,Insider_Threat,70 hrs
INC-02760,2025-11-23 14:40:00 [WARN],SRV-008,Cross_Site_Scripting,129
INC-02761,2025-01-17 13:01:00 [WARN],SRV-007,Cross_Site_Scripting,46
INC-02762,2025-09-15 12:53:00 [WARN],SRV-002,Malware_Dropper,141
INC-02763,2025-09-23 06:57:00 [WARN],SRV-004,Zero_Day,6
INC-02764,2025-06-13 22:50:00 [WARN],SRV-007,Zero_Day,43
INC-02765,2025-12-20 13:16:00 [WARN],SRV-003, Brute_Force,20
INC-02766,2025-12-06 12:34:00 [WARN],SRV-006,Ransomware,89
INC-02767,2025-02-07 22:50:00 [WARN],SRV-008,Zero_Day,135
INC-02768,2025-08-03 03:05:00 [WARN],SRV-006, DDoS ,20
INC-02769,2025-06-11 01:24:00 [WARN],SRV-001,Phishing,113
INC-02770,2025-05-07_01:01:00 [ERROR],SRV-004,Cross_Site_Scripting,
INC-02771,2025-11-25 06:35:00 [WARN],SRV-001,Insider_Threat,67
INC-02772,2025-02-09 06:01:00 [WARN],SRV-006, brute_force,127
INC-02773,2025-03-14 01:53:00 [WARN],SRV-008,Phishing,118
INC-02774,2025-06-23 23:30:00 [WARN],SRV-008, sql_injection ,25
INC-02775,2025-03-06 05:49:00 [WARN],SRV-003, SQL_Injection ,108
INC-02776,2025-06-30 13:52:00 [WARN],SRV-006, DDoS ,119
INC-02777,2025-07-13 13:49:00 [WARN],SRV-002,Insider_Threat,102
INC-02778,2025-10-25 02:06:00 [WARN],SRV-001, Brute_Force,42
INC-02779,2025-03-23 03:05:00 [WARN],SRV-005, DDoS ,1
INC-02780,2025-10-18 08:54:00 [WARN],SRV-003,Insider_Threat,54
INC-02781,2025-06-08_20:54:00 [ERROR],SRV-003,Ransomware,20
INC-02782,2025-03-05 08:42:00 [WARN],SRV-007,cross_site_scripting,23
INC-02783,2025-12-07_04:14:00 [ERROR],SRV-002, ddos ,72
INC-02784,2025-12-17 01:44:00 [WARN],SRV-004,Malware_Dropper,105
INC-02785,2025-09-27 15:26:00 [WARN],SRV-006,zero_day,18
INC-02786,2025-10-11 16:14:00 [WARN],SRV-004,Ransomware,16
INC-02787,2025-07-19 08:18:00 [WARN],SRV-006,cross_site_scripting,123
INC-02788,2025-06-05 18:25:00 [WARN],SRV-004,Cross_Site_Scripting,66
INC-02789,2025-12-15 21:46:00 [WARN],SRV-006,Insider_Threat,47
INC-02790,2025-08-23_12:05:00 [ERROR],SRV-008,zero_day,135
INC-02791,2025-02-02 00:14:00 [WARN],SRV-008,Phishing,95
INC-02792,2025-09-08 08:36:00 [WARN],SRV-008, DDoS ,95
INC-02793,2025-02-20_00:29:00 [ERROR],SRV-006,Malware_Dropper,138
INC-02794,2025-06-12_22:26:00 [ERROR],SRV-001,Zero_Day,4
INC-02795,2025-10-17 12:58:00 [WARN],SRV-005,Malware_Dropper,121
INC-02796,2025-08-09 06:05:00 [WARN],SRV-005,phishing,89
INC-02797,2025-01-26 20:45:00 [WARN],SRV-006,Malware_Dropper,65
INC-02798,2025-03-09 22:41:00 [WARN],SRV-005,zero_day,90
INC-02799,2025-03-16 21:35:00 [WARN],SRV-008, ddos ,107
INC-02800,2025-04-22 04:59:00 [WARN],SRV-005, DDoS ,23
INC-02801,2025-03-28 10:51:00 [WARN],SRV-007,ransomware,120
INC-02802,2025-01-05 14:04:00 [WARN],SRV-001,Phishing,130
INC-02803,2025-08-02 23:32:00 [WARN],SRV-006,Phishing,101 hrs
INC-02804,2025-05-28 23:56:00 [WARN],SRV-007, SQL_Injection ,16
INC-02805,2025-05-18 14:21:00 [WARN],SRV-006,Ransomware,21
INC-02806,2025-11-03 13:24:00 [WARN],SRV-004,Zero_Day,125 hrs
INC-02807,2025-07-09 11:22:00 [WARN],SRV-002,Malware_Dropper,145
INC-02808,2025-01-07 10:45:00 [WARN],SRV-006,Zero_Day,63
INC-02809,2025-04-17 04:05:00 [WARN],SRV-004,Ransomware,15
INC-02810,2025-01-19 16:05:00 [WARN],SRV-007, Brute_Force,128
INC-02811,2025-11-29 22:53:00 [WARN],SRV-006,cross_site_scripting,3
INC-02812,2025-05-25 00:14:00 [WARN],SRV-005,ransomware,14
INC-02813,2025-11-09 05:27:00 [WARN],SRV-002,Phishing,34
INC-02814,2025-06-28 20:11:00 [WARN],SRV-003, DDoS ,112
INC-02815,2025-09-29 16:22:00 [WARN],SRV-006,Zero_Day,126
INC-02816,2025-11-30 06:37:00 [WARN],SRV-002, Brute_Force,51
INC-02817,2025-02-20 00:16:00 [WARN],SRV-002,Ransomware,10
INC-02818,2025-02-20 02:30:00 [WARN],SRV-002,Malware_Dropper,99
INC-02819,2025-02-07 09:07:00 [WARN],SRV-005,Phishing,29
INC-02820,2025-09-05 14:39:00 [WARN],SRV-007, SQL_Injection ,129
INC-02821,2025-11-08 23:25:00 [WARN],SRV-004, sql_injection ,89
INC-02822,2025-05-12 01:41:00 [WARN],SRV-004,Cross_Site_Scripting,114
INC-02823,2025-09-05 11:57:00 [WARN],SRV-007, DDoS ,98
INC-02824,2025-02-26_14:54:00 [ERROR],SRV-004, ddos ,114
INC-02825,2025-05-05_00:33:00 [ERROR],SRV-008, SQL_Injection ,17
INC-02826,2025-07-08 19:33:00 [WARN],SRV-007,Insider_Threat,9
INC-02827,2025-12-19_13:28:00 [ERROR],SRV-003,Malware_Dropper,69
INC-02828,2025-02-07_13:15:00 [ERROR],SRV-008,Phishing,146
INC-02829,2025-01-18 13:40:00 [WARN],SRV-004, Brute_Force,40
INC-02830,2025-09-30_22:21:00 [ERROR],SRV-001, Brute_Force,95
INC-02831,2025-07-21 13:36:00 [WARN],SRV-002,cross_site_scripting,131
INC-02832,2025-03-04 06:46:00 [WARN],SRV-002, sql_injection ,
INC-02833,2025-02-17 14:29:00 [WARN],SRV-005,Cross_Site_Scripting,109
INC-02834,2025-09-26 07:44:00 [WARN],SRV-001, Brute_Force,130
INC-02835,2025-04-02 17:23:00 [WARN],SRV-006,Phishing,18
INC-02836,2025-11-02 07:38:00 [WARN],SRV-007,Malware_Dropper,50
INC-02837,2025-01-02 10:47:00 [WARN],SRV-007,Phishing,122
INC-02838,2025-08-14 14:29:00 [WARN],SRV-006,Phishing,29
INC-02839,2025-09-08 21:15:00 [WARN],SRV-006,Insider_Threat,100
INC-02840,2025-10-11 02:00:00 [WARN],SRV-003,Zero_Day,28
INC-02841,2025-01-03 01:46:00 [WARN],SRV-006,Zero_Day,50
INC-02842,2025-03-03 11:40:00 [WARN],SRV-004,Zero_Day,125
INC-02843,2025-12-02 20:24:00 [WARN],SRV-006,Cross_Site_Scripting,17
INC-02844,2025-09-10 14:11:00 [WARN],SRV-006, SQL_Injection ,51 hrs
INC-02845,2025-05-26_04:49:00 [ERROR],SRV-002,Ransomware,32
INC-02846,2025-09-27 03:57:00 [WARN],SRV-007, Brute_Force,143
INC-02847,2025-09-13 20:33:00 [WARN],SRV-005,phishing,145
INC-02848,2025-11-21 00:15:00 [WARN],SRV-008,Phishing,75
INC-02849,2025-02-19 00:11:00 [WARN],SRV-007,Ransomware,29
INC-02850,2025-05-05 22:17:00 [WARN],SRV-004,zero_day,125
INC-02851,2025-06-02 09:19:00 [WARN],SRV-001,Phishing,57
INC-02852,2025-02-08 00:40:00 [WARN],SRV-003, SQL_Injection ,48 hrs
INC-02853,2025-11-15 08:50:00 [WARN],SRV-003,Phishing,116
INC-02854,2025-07-04 10:38:00 [WARN],SRV-004, DDoS ,59
INC-02855,2025-05-04 21:16:00 [WARN],SRV-006,Malware_Dropper,53
INC-02856,2025-02-12 06:14:00 [WARN],SRV-001,Malware_Dropper,55
INC-02857,2025-08-27 09:12:00 [WARN],SRV-001,zero_day,7
INC-02858,2025-01-12 16:11:00 [WARN],SRV-008,malware_dropper,23
INC-02859,2025-04-10 00:25:00 [WARN],SRV-005,insider_threat,54
INC-02860,2025-04-20 00:37:00 [WARN],SRV-007,insider_threat,73
INC-02861,2025-04-16 08:35:00 [WARN],SRV-003, SQL_Injection ,120
INC-02862,2025-02-04 22:15:00 [WARN],SRV-003,Phishing,75
INC-02863,2025-08-26 01:21:00 [WARN],SRV-001,Phishing,5
INC-02864,2025-07-29 03:24:00 [WARN],SRV-006,Cross_Site_Scripting,143
INC-02865,2025-09-03 22:19:00 [WARN],SRV-001,Insider_Threat,27
INC-02866,2025-10-29 22:49:00 [WARN],SRV-003, Brute_Force,80
INC-02867,2025-11-02 17:49:00 [WARN],SRV-005, SQL_Injection ,117
INC-02868,2025-12-04_17:02:00 [ERROR],SRV-008,Insider_Threat,134
INC-02869,2025-11-23 16:41:00 [WARN],SRV-005, DDoS ,29
INC-02870,2025-02-22 09:23:00 [WARN],SRV-005,Zero_Day,90
INC-02871,2025-01-03 10:19:00 [WARN],SRV-003, SQL_Injection ,146
INC-02872,2025-08-21 03:48:00 [WARN],SRV-008,ransomware,62
INC-02873,2025-08-22 05:58:00 [WARN],SRV-007, SQL_Injection ,108
INC-02874,2025-11-29 15:21:00 [WARN],SRV-002,Phishing,111
INC-02875,2025-09-03 02:02:00 [WARN],SRV-005, Brute_Force,150
INC-02876,2025-05-19 17:17:00 [WARN],SRV-003,Malware_Dropper,50
INC-02877,2025-09-05_05:50:00 [ERROR],SRV-002,Phishing,52
INC-02878,2025-04-20 22:01:00 [WARN],SRV-008, Brute_Force,55
INC-02879,2025-11-12 21:03:00 [WARN],SRV-008, Brute_Force,128
INC-02880,2025-04-22 08:14:00 [WARN],SRV-001, SQL_Injection ,19
INC-02881,2025-09-29 11:41:00 [WARN],SRV-005,Zero_Day,36
INC-02882,2025-07-25 05:46:00 [WARN],SRV-002,Phishing,67
INC-02883,2025-11-05 07:34:00 [WARN],SRV-004,Ransomware,87
INC-02884,2025-12-06 01:52:00 [WARN],SRV-002,Malware_Dropper,142
INC-02885,2025-09-26 00:38:00 [WARN],SRV-001,Phishing,70
INC-02886,2025-05-19 07:51:00 [WARN],SRV-007,Insider_Threat,47
INC-02887,2025-06-07 01:25:00 [WARN],SRV-008, DDoS ,145
INC-02888,2025-02-17_05:53:00 [ERROR],SRV-006,Insider_Threat,
INC-02889,2025-10-30 01:22:00 [WARN],SRV-005,Insider_Threat,121
INC-02890,2025-03-28 15:06:00 [WARN],SRV-006,zero_day,116
INC-02891,2025-04-21 06:30:00 [WARN],SRV-001,Malware_Dropper,93
INC-02892,2025-05-02 10:06:00 [WARN],SRV-007,Phishing,105
INC-02893,2025-06-01 09:44:00 [WARN],SRV-004, DDoS ,50
INC-02894,2025-08-16 13:09:00 [WARN],SRV-002,Insider_Threat,130
INC-02895,2025-05-09 06:02:00 [WARN],SRV-006,Phishing,146
INC-02896,2025-09-19 09:48:00 [WARN],SRV-002,Zero_Day,79
INC-02897,2025-02-26 18:25:00 [WARN],SRV-001,Ransomware,102 hrs
INC-02898,2025-06-01 05:10:00 [WARN],SRV-005,Ransomware,138
INC-02899,2025-08-04 02:43:00 [WARN],SRV-008, Brute_Force,132
INC-02900,2025-10-18 13:45:00 [WARN],SRV-003,Cross_Site_Scripting,73
INC-02901,2025-09-06 13:44:00 [WARN],SRV-003,Phishing,94
INC-02902,2025-07-21 19:29:00 [WARN],SRV-001,Ransomware,25
INC-02903,2025-06-11 06:45:00 [WARN],SRV-008, SQL_Injection ,103
INC-02904,2025-03-18 14:58:00 [WARN],SRV-006, Brute_Force,
INC-02905,2025-12-30_18:21:00 [ERROR],SRV-008,Ransomware,94
INC-02906,2025-07-07 07:44:00 [WARN],SRV-006,cross_site_scripting,61
INC-02907,2025-08-03 09:08:00 [WARN],SRV-005,Cross_Site_Scripting,135
INC-02908,2025-04-26 19:04:00 [WARN],SRV-006, SQL_Injection ,93 hrs
INC-02909,2025-06-10 02:56:00 [WARN],SRV-003, sql_injection ,50
INC-02910,2025-12-01 00:47:00 [WARN],SRV-004,Zero_Day,47
INC-02911,2025-11-05 18:35:00 [WARN],SRV-005,Insider_Threat,120
INC-02912,2025-06-09_02:59:00 [ERROR],SRV-008,Zero_Day,44
INC-02913,2025-01-25 20:28:00 [WARN],SRV-007, Brute_Force,99
INC-02914,2025-10-05 14:20:00 [WARN],SRV-004,phishing,137
INC-02915,2025-11-25_16:22:00 [ERROR],SRV-007, DDoS ,10 hrs
INC-02916,2025-01-24 06:14:00 [WARN],SRV-002,Malware_Dropper,25
INC-02917,2025-05-21 07:35:00 [WARN],SRV-008, SQL_Injection ,136
INC-02918,2025-04-26 05:28:00 [WARN],SRV-001, DDoS ,131
INC-02919,2025-12-19 23:49:00 [WARN],SRV-007, DDoS ,63
INC-02920,2025-05-30 19:28:00 [WARN],SRV-008,Insider_Threat,43
INC-02921,2025-05-10 19:28:00 [WARN],SRV-005, Brute_Force,85
INC-02922,2025-12-23 16:33:00 [WARN],SRV-008,Malware_Dropper,3
INC-02923,2025-10-02 21:55:00 [WARN],SRV-002, SQL_Injection ,28
INC-02924,2025-03-26 22:01:00 [WARN],SRV-001, Brute_Force,104
INC-02925,2025-06-19 19:47:00 [WARN],SRV-007,Zero_Day,22
INC-02926,2025-10-31 17:31:00 [WARN],SRV-005,Phishing,124
INC-02927,2025-03-14_16:40:00 [ERROR],SRV-006,Ransomware,57
INC-02928,2025-07-06 00:34:00 [WARN],SRV-002,Insider_Threat,74
INC-02929,2025-01-07 03:29:00 [WARN],SRV-003, DDoS ,111
INC-02930,2025-01-21 06:03:00 [WARN],SRV-005,ransomware,149
INC-02931,2025-12-25 16:59:00 [WARN],SRV-004,phishing,43
INC-02932,2025-07-10 11:04:00 [WARN],SRV-004,Phishing,32
INC-02933,2025-05-31 09:40:00 [WARN],SRV-003,ransomware,147
INC-02934,2025-10-05 15:13:00 [WARN],SRV-007, Brute_Force,123
INC-02935,2025-01-02 07:04:00 [WARN],SRV-003,Insider_Threat,70
INC-02936,2025-11-26 18:42:00 [WARN],SRV-004,Ransomware,84
INC-02937,2025-11-13 08:41:00 [WARN],SRV-002, SQL_Injection ,127
INC-02938,2025-10-17 19:07:00 [WARN],SRV-006, DDoS ,18
INC-02939,2025-09-11 14:51:00 [WARN],SRV-004,Ransomware,15
INC-02940,2025-12-28 05:34:00 [WARN],SRV-006,Ransomware,123
INC-02941,2025-03-25 17:33:00 [WARN],SRV-008,Phishing,140
INC-02942,2025-12-26 11:07:00 [WARN],SRV-007, DDoS ,66
INC-02943,2025-02-18 18:13:00 [WARN],SRV-002,Phishing,39
INC-02944,2025-11-11 05:22:00 [WARN],SRV-007,Ransomware,134
INC-02945,2025-11-01_20:01:00 [ERROR],SRV-003,Phishing,112
INC-02946,2025-10-05 19:24:00 [WARN],SRV-002,Cross_Site_Scripting,14
INC-02947,2025-03-01 23:03:00 [WARN],SRV-005, DDoS ,139
INC-02948,2025-08-17 16:33:00 [WARN],SRV-001,Malware_Dropper,112
INC-02949,2025-01-07 02:09:00 [WARN],SRV-004,Phishing,133
INC-02950,2025-10-23 04:01:00 [WARN],SRV-005,Insider_Threat,52
INC-02951,2025-07-11 14:53:00 [WARN],SRV-002, DDoS ,31
INC-02952,2025-06-12 14:57:00 [WARN],SRV-003, Brute_Force,42
INC-02953,2025-07-16 03:41:00 [WARN],SRV-008,Insider_Threat,51
INC-02954,2025-06-21 08:16:00 [WARN],SRV-008, ddos ,84
INC-02955,2025-06-18 08:43:00 [WARN],SRV-005,Zero_Day,41
INC-02956,2025-07-28 21:30:00 [WARN],SRV-008,ransomware,63
INC-02957,2025-02-01 14:20:00 [WARN],SRV-003,Cross_Site_Scripting,58
INC-02958,2025-01-23 18:23:00 [WARN],SRV-005,Insider_Threat,76
INC-02959,2025-08-09 04:52:00 [WARN],SRV-007, SQL_Injection ,39
INC-02960,2025-03-23 10:55:00 [WARN],SRV-002, SQL_Injection ,72
INC-02961,2025-06-24_15:23:00 [ERROR],SRV-001,malware_dropper,55
INC-02962,2025-11-08 01:42:00 [WARN],SRV-002,phishing,26
INC-02963,2025-09-11_16:52:00 [ERROR],SRV-002, ddos ,70
INC-02964,2025-10-30_22:09:00 [ERROR],SRV-008, SQL_Injection ,87
INC-02965,2025-01-08 12:12:00 [WARN],SRV-005,Cross_Site_Scripting,96
INC-02966,2025-01-13 16:15:00 [WARN],SRV-002, DDoS ,107
INC-02967,2025-09-22 00:34:00 [WARN],SRV-003,Malware_Dropper,48
INC-02968,2025-09-14_07:50:00 [ERROR],SRV-001,Ransomware,125
INC-02969,2025-01-30 05:09:00 [WARN],SRV-006,Zero_Day,
INC-02970,2025-11-11 11:07:00 [WARN],SRV-008,Phishing,52 hrs
INC-02971,2025-05-10 14:21:00 [WARN],SRV-006,Zero_Day,14
INC-02972,2025-09-12_23:45:00 [ERROR],SRV-006, brute_force,137
INC-02973,2025-05-23 11:59:00 [WARN],SRV-003,Cross_Site_Scripting,49
INC-02974,2025-11-05 05:20:00 [WARN],SRV-006,Phishing,29
INC-02975,2025-11-10_17:01:00 [ERROR],SRV-003, DDoS ,29
INC-02976,2025-12-12 23:18:00 [WARN],SRV-008,Zero_Day,74
INC-02977,2025-10-05 18:57:00 [WARN],SRV-004,Phishing,82
INC-02978,2025-05-20 15:30:00 [WARN],SRV-004, Brute_Force,106
INC-02979,2025-12-21 19:52:00 [WARN],SRV-004,cross_site_scripting,84
INC-02980,2025-04-13 06:45:00 [WARN],SRV-008, Brute_Force,35
INC-02981,2025-06-03 10:53:00 [WARN],SRV-007, SQL_Injection ,123
INC-02982,2025-08-23 06:05:00 [WARN],SRV-003,Phishing,6
INC-02983,2025-06-20 06:16:00 [WARN],SRV-007,Cross_Site_Scripting,27
INC-02984,2025-09-11 03:06:00 [WARN],SRV-007,Phishing,53
INC-02985,2025-10-30_03:51:00 [ERROR],SRV-001, sql_injection ,84
INC-02986,2025-04-27 00:06:00 [WARN],SRV-004,phishing,117
INC-02987,2025-01-15 04:06:00 [WARN],SRV-006,Zero_Day,3
INC-02988,2025-05-23 05:58:00 [WARN],SRV-007,phishing,58
INC-02989,2025-08-20 22:57:00 [WARN],SRV-004,ransomware,119
INC-02990,2025-04-23 07:40:00 [WARN],SRV-004,Malware_Dropper,32 hrs
INC-02991,2025-01-12 06:56:00 [WARN],SRV-002, DDoS ,69
INC-02992,2025-09-20 10:17:00 [WARN],SRV-004, SQL_Injection ,100
INC-02993,2025-07-18 09:40:00 [WARN],SRV-003, SQL_Injection ,92
INC-02994,2025-04-02 15:15:00 [WARN],SRV-001,Cross_Site_Scripting,46
INC-02995,2025-12-05 11:19:00 [WARN],SRV-007,Zero_Day,103 hrs
INC-02996,2025-10-11 22:21:00 [WARN],SRV-001, SQL_Injection ,132
INC-02997,2025-12-16 10:52:00 [WARN],SRV-003, sql_injection ,133
INC-02998,2025-06-13 09:33:00 [WARN],SRV-006, SQL_Injection ,135
INC-02999,2025-04-18 10:30:00 [WARN],SRV-003,Zero_Day,56
INC-03000,2025-04-20_09:30:00 [ERROR],SRV-006,Phishing,117
INC-03001,2025-10-20 21:19:00 [WARN],SRV-007,Malware_Dropper,5
INC-03002,2025-10-28 06:55:00 [WARN],SRV-007,Phishing,119
INC-03003,2025-11-21_11:55:00 [ERROR],SRV-003,Phishing,101
INC-03004,2025-02-19 05:24:00 [WARN],SRV-001,Insider_Threat,127
INC-03005,2025-01-20 05:51:00 [WARN],SRV-006,Phishing,82
INC-03006,2025-06-21 11:20:00 [WARN],SRV-004,Ransomware,28
INC-03007,2025-08-23 12:09:00 [WARN],SRV-008, Brute_Force,120
INC-03008,2025-02-14 10:24:00 [WARN],SRV-007, SQL_Injection ,20
INC-03009,2025-12-22 21:36:00 [WARN],SRV-001,Ransomware,76
INC-03010,2025-12-05 15:14:00 [WARN],SRV-001, sql_injection ,78
INC-03011,2025-05-24 10:38:00 [WARN],SRV-003,Ransomware,109
INC-03012,2025-04-01 04:37:00 [WARN],SRV-003,cross_site_scripting,31 hrs
INC-03013,2025-11-17 12:21:00 [WARN],SRV-002,Zero_Day,47
INC-03014,2025-05-28 04:01:00 [WARN],SRV-007,Cross_Site_Scripting,17
INC-03015,2025-06-15 22:22:00 [WARN],SRV-002, sql_injection ,47
INC-03016,2025-11-01 01:18:00 [WARN],SRV-008,Phishing,55
INC-03017,2025-02-22 03:15:00 [WARN],SRV-004,Malware_Dropper,85
INC-03018,2025-02-25 02:45:00 [WARN],SRV-004, DDoS ,150
INC-03019,2025-05-08 10:33:00 [WARN],SRV-006,Phishing,101
INC-03020,2025-05-04 01:16:00 [WARN],SRV-006, ddos ,53
INC-03021,2025-10-17 02:26:00 [WARN],SRV-007,Malware_Dropper,110
INC-03022,2025-01-21 01:35:00 [WARN],SRV-008,insider_threat,94
INC-03023,2025-07-19_22:54:00 [ERROR],SRV-004,Phishing,88
INC-03024,2025-03-08 07:19:00 [WARN],SRV-003,Phishing,20
INC-03025,2025-06-07 07:16:00 [WARN],SRV-004,Ransomware,76
INC-03026,2025-03-22 10:18:00 [WARN],SRV-007,Cross_Site_Scripting,106
INC-03027,2025-09-14 18:15:00 [WARN],SRV-002,Insider_Threat,32
INC-03028,2025-08-06 22:15:00 [WARN],SRV-002,cross_site_scripting,80
INC-03029,2025-10-23 12:33:00 [WARN],SRV-001,Malware_Dropper,68
INC-03030,2025-04-19 01:52:00 [WARN],SRV-002,ransomware,24
INC-03031,2025-01-11 00:15:00 [WARN],SRV-002,Phishing,86
INC-03032,2025-10-16 06:55:00 [WARN],SRV-006, brute_force,80
INC-03033,2025-10-08 10:26:00 [WARN],SRV-002,insider_threat,77
INC-03034,2025-06-08 21:40:00 [WARN],SRV-007, SQL_Injection ,7
INC-03035,2025-06-07 11:24:00 [WARN],SRV-003,Ransomware,132
INC-03036,2025-07-31 20:56:00 [WARN],SRV-003,Phishing,89
INC-03037,2025-07-29 04:05:00 [WARN],SRV-007,Insider_Threat,41
INC-03038,2025-10-05 10:26:00 [WARN],SRV-005,Malware_Dropper,43 hrs
INC-03039,2025-10-27 20:04:00 [WARN],SRV-004,Zero_Day,14
INC-03040,2025-07-04 21:36:00 [WARN],SRV-005,phishing,40
INC-03041,2025-02-20_02:35:00 [ERROR],SRV-003,Zero_Day,71
INC-03042,2025-09-05 16:09:00 [WARN],SRV-006,Cross_Site_Scripting,129
INC-03043,2025-08-18 21:50:00 [WARN],SRV-004,Insider_Threat,135 hrs
INC-03044,2025-06-04 10:50:00 [WARN],SRV-002,zero_day,129
INC-03045,2025-05-16 02:32:00 [WARN],SRV-005, SQL_Injection ,39
INC-03046,2025-06-30 01:11:00 [WARN],SRV-002,Phishing,83
INC-03047,2025-02-16 05:49:00 [WARN],SRV-004,Ransomware,3
INC-03048,2025-07-08 03:18:00 [WARN],SRV-006,Zero_Day,4
INC-03049,2025-08-02 02:22:00 [WARN],SRV-008,Malware_Dropper,136
INC-03050,2025-08-01 19:57:00 [WARN],SRV-004, SQL_Injection ,97
INC-03051,2025-04-06_09:18:00 [ERROR],SRV-005,Phishing,15
INC-03052,2025-05-03_03:50:00 [ERROR],SRV-008, Brute_Force,26
INC-03053,2025-02-27 01:47:00 [WARN],SRV-004,Phishing,118
INC-03054,2025-12-26 19:12:00 [WARN],SRV-006, Brute_Force,
INC-03055,2025-07-19 13:21:00 [WARN],SRV-005, DDoS ,1
INC-03056,2025-06-04 15:16:00 [WARN],SRV-008, DDoS ,90
INC-03057,2025-12-06 13:13:00 [WARN],SRV-004,Malware_Dropper,37
INC-03058,2025-12-11 10:40:00 [WARN],SRV-008,Malware_Dropper,27
INC-03059,2025-08-21 14:14:00 [WARN],SRV-003,Ransomware,11
INC-03060,2025-10-29 20:09:00 [WARN],SRV-003, Brute_Force,3 hrs
INC-03061,2025-06-06 05:11:00 [WARN],SRV-002,Zero_Day,145
INC-03062,2025-08-27 09:04:00 [WARN],SRV-004,Phishing,39
INC-03063,2025-06-13 13:48:00 [WARN],SRV-008,Malware_Dropper,42
INC-03064,2025-12-14 17:22:00 [WARN],SRV-003,Cross_Site_Scripting,142
INC-03065,2025-12-12_11:11:00 [ERROR],SRV-002, DDoS ,68
INC-03066,2025-01-03 20:41:00 [WARN],SRV-005,Phishing,128
INC-03067,2025-03-17_18:56:00 [ERROR],SRV-001, SQL_Injection ,141
INC-03068,2025-07-02 09:21:00 [WARN],SRV-007,Cross_Site_Scripting,33 hrs
INC-03069,2025-11-12 00:38:00 [WARN],SRV-006, Brute_Force,10
INC-03070,2025-08-08 09:46:00 [WARN],SRV-004,ransomware,101
INC-03071,2025-02-08 11:51:00 [WARN],SRV-001,Zero_Day,90
INC-03072,2025-11-17 07:24:00 [WARN],SRV-008,Phishing,73
INC-03073,2025-12-12 11:22:00 [WARN],SRV-008, brute_force,139
INC-03074,2025-05-11 06:48:00 [WARN],SRV-008,cross_site_scripting,42
INC-03075,2025-03-20 11:23:00 [WARN],SRV-002,Zero_Day,86
INC-03076,2025-11-06 12:57:00 [WARN],SRV-007, SQL_Injection ,96
INC-03077,2025-05-20 08:58:00 [WARN],SRV-005, DDoS ,113
INC-03078,2025-11-12 06:59:00 [WARN],SRV-007, Brute_Force,113
INC-03079,2025-02-06 18:09:00 [WARN],SRV-004,Insider_Threat,21 hrs
INC-03080,2025-09-17 20:59:00 [WARN],SRV-004, SQL_Injection ,71 hrs
INC-03081,2025-01-13 10:57:00 [WARN],SRV-004,Zero_Day,67 hrs
INC-03082,2025-07-01 12:31:00 [WARN],SRV-008, sql_injection ,134
INC-03083,2025-02-06 02:31:00 [WARN],SRV-001,Malware_Dropper,137 hrs
INC-03084,2025-12-18 22:32:00 [WARN],SRV-005,Ransomware,16
INC-03085,2025-03-03_02:57:00 [ERROR],SRV-002,Zero_Day,115
INC-03086,2025-04-16 11:24:00 [WARN],SRV-007,Zero_Day,148
INC-03087,2025-10-29 16:31:00 [WARN],SRV-006,Zero_Day,25
INC-03088,2025-08-28 12:39:00 [WARN],SRV-001,zero_day,81
INC-03089,2025-05-07 19:51:00 [WARN],SRV-005,Ransomware,57
INC-03090,2025-05-07 15:47:00 [WARN],SRV-008, DDoS ,7
INC-03091,2025-04-29 13:05:00 [WARN],SRV-004,Cross_Site_Scripting,80
INC-03092,2025-01-16 12:34:00 [WARN],SRV-003,malware_dropper,51
INC-03093,2025-07-22 00:02:00 [WARN],SRV-005, Brute_Force,30
INC-03094,2025-03-29 20:40:00 [WARN],SRV-006, SQL_Injection ,94
INC-03095,2025-05-01 20:43:00 [WARN],SRV-001, DDoS ,114
INC-03096,2025-12-24 20:12:00 [WARN],SRV-005, Brute_Force,30
INC-03097,2025-03-21_03:43:00 [ERROR],SRV-003, Brute_Force,1
INC-03098,2025-02-12 23:10:00 [WARN],SRV-004, Brute_Force,149
INC-03099,2025-02-06 10:10:00 [WARN],SRV-004,Zero_Day,65
INC-03100,2025-10-03 15:50:00 [WARN],SRV-007,Phishing,39
INC-03101,2025-07-03 18:39:00 [WARN],SRV-003,Malware_Dropper,56
INC-03102,2025-01-10 10:56:00 [WARN],SRV-001, DDoS ,
INC-03103,2025-08-20 06:36:00 [WARN],SRV-001,cross_site_scripting,84 hrs
INC-03104,2025-02-22 03:01:00 [WARN],SRV-007, Brute_Force,91 hrs
INC-03105,2025-01-29 09:07:00 [WARN],SRV-006, SQL_Injection ,139
INC-03106,2025-04-04 03:54:00 [WARN],SRV-002,Malware_Dropper,42
INC-03107,2025-03-07_19:29:00 [ERROR],SRV-003,Ransomware,121
INC-03108,2025-10-07 20:36:00 [WARN],SRV-004,Cross_Site_Scripting,148
INC-03109,2025-11-04 15:19:00 [WARN],SRV-003,Insider_Threat,28
INC-03110,2025-10-21 06:37:00 [WARN],SRV-008, SQL_Injection ,107 hrs
INC-03111,2025-12-20_08:44:00 [ERROR],SRV-002, brute_force,75
INC-03112,2025-02-09 08:44:00 [WARN],SRV-003,Cross_Site_Scripting,66
INC-03113,2025-07-06 19:55:00 [WARN],SRV-006, SQL_Injection ,137
INC-03114,2025-09-13_05:05:00 [ERROR],SRV-007,Cross_Site_Scripting,141
INC-03115,2025-03-29 03:37:00 [WARN],SRV-007,Phishing,19
INC-03116,2025-10-21 00:56:00 [WARN],SRV-003, Brute_Force,52
INC-03117,2025-01-19 19:06:00 [WARN],SRV-007,Malware_Dropper,5
INC-03118,2025-02-05 00:42:00 [WARN],SRV-001, DDoS ,127
INC-03119,2025-02-07 03:50:00 [WARN],SRV-001,Cross_Site_Scripting,51
INC-03120,2025-04-02 21:30:00 [WARN],SRV-007,Zero_Day,122
INC-03121,2025-02-07 05:06:00 [WARN],SRV-003, SQL_Injection ,100
INC-03122,2025-01-27 00:49:00 [WARN],SRV-002,Malware_Dropper,130
INC-03123,2025-01-15 02:16:00 [WARN],SRV-003, DDoS ,67
INC-03124,2025-10-05 18:07:00 [WARN],SRV-001,insider_threat,108
INC-03125,2025-04-11 19:18:00 [WARN],SRV-005, ddos ,35
INC-03126,2025-08-10 00:23:00 [WARN],SRV-003, Brute_Force,128
INC-03127,2025-06-17 10:40:00 [WARN],SRV-002,Cross_Site_Scripting,87
INC-03128,2025-06-04 05:13:00 [WARN],SRV-006,cross_site_scripting,107
INC-03129,2025-10-19 01:25:00 [WARN],SRV-002, DDoS ,17
INC-03130,2025-06-29 13:54:00 [WARN],SRV-007,Insider_Threat,139 hrs
INC-03131,2025-11-21 17:19:00 [WARN],SRV-004,Cross_Site_Scripting,30
INC-03132,2025-10-31 18:25:00 [WARN],SRV-004, DDoS ,107
INC-03133,2025-08-13 20:51:00 [WARN],SRV-006, DDoS ,35
INC-03134,2025-09-25 08:52:00 [WARN],SRV-002,cross_site_scripting,87
INC-03135,2025-06-30 19:41:00 [WARN],SRV-008,Phishing,4
INC-03136,2025-09-14_06:13:00 [ERROR],SRV-008,Zero_Day,56
INC-03137,2025-10-10 06:54:00 [WARN],SRV-002, Brute_Force,7
INC-03138,2025-06-06 05:35:00 [WARN],SRV-004, SQL_Injection ,77
INC-03139,2025-11-17_06:06:00 [ERROR],SRV-007,Insider_Threat,
INC-03140,2025-07-29 09:39:00 [WARN],SRV-004,malware_dropper,69
INC-03141,2025-04-11 15:51:00 [WARN],SRV-008,Ransomware,121
INC-03142,2025-11-22 05:15:00 [WARN],SRV-006,phishing,77
INC-03143,2025-10-23 21:43:00 [WARN],SRV-003,Cross_Site_Scripting,55
INC-03144,2025-01-08 17:37:00 [WARN],SRV-003,Cross_Site_Scripting,60
INC-03145,2025-06-17 03:09:00 [WARN],SRV-008,malware_dropper,115
INC-03146,2025-06-04 11:29:00 [WARN],SRV-003,malware_dropper,41
INC-03147,2025-04-11 20:36:00 [WARN],SRV-002, SQL_Injection ,29
INC-03148,2025-01-26 01:55:00 [WARN],SRV-003,Cross_Site_Scripting,11
INC-03149,2025-11-01 20:45:00 [WARN],SRV-007, Brute_Force,39
INC-03150,2025-02-08 07:39:00 [WARN],SRV-007,Malware_Dropper,96
INC-03151,2025-07-22 00:47:00 [WARN],SRV-004,Ransomware,50
INC-03152,2025-04-23 08:09:00 [WARN],SRV-001,Zero_Day,64
INC-03153,2025-08-23 12:49:00 [WARN],SRV-008,Cross_Site_Scripting,106 hrs
INC-03154,2025-03-06 00:46:00 [WARN],SRV-006,insider_threat,104
INC-03155,2025-07-27 21:19:00 [WARN],SRV-006, Brute_Force,37
INC-03156,2025-04-03 20:22:00 [WARN],SRV-003, Brute_Force,65 hrs
INC-03157,2025-02-09 05:56:00 [WARN],SRV-002,Zero_Day,111
INC-03158,2025-01-02 10:54:00 [WARN],SRV-005, brute_force,20
INC-03159,2025-12-28 03:56:00 [WARN],SRV-008,Malware_Dropper,129
INC-03160,2025-12-28 01:14:00 [WARN],SRV-008, DDoS ,127
INC-03161,2025-09-02 08:43:00 [WARN],SRV-002, Brute_Force,57
INC-03162,2025-05-19 11:11:00 [WARN],SRV-003, Brute_Force,61
INC-03163,2025-02-28 04:16:00 [WARN],SRV-006, Brute_Force,132
INC-03164,2025-09-23 23:38:00 [WARN],SRV-003,Zero_Day,73
INC-03165,2025-11-02 09:29:00 [WARN],SRV-004,Cross_Site_Scripting,102
INC-03166,2025-12-31 09:54:00 [WARN],SRV-008, sql_injection ,103
INC-03167,2025-09-07_04:30:00 [ERROR],SRV-008,malware_dropper,
INC-03168,2025-05-09 06:35:00 [WARN],SRV-002,Phishing,101
INC-03169,2025-12-18 06:38:00 [WARN],SRV-007, Brute_Force,84
INC-03170,2025-04-28 09:06:00 [WARN],SRV-003,Insider_Threat,94
INC-03171,2025-02-19_01:02:00 [ERROR],SRV-008,Zero_Day,89
INC-03172,2025-12-13 13:42:00 [WARN],SRV-005,zero_day,46
INC-03173,2025-08-22 04:05:00 [WARN],SRV-007,Cross_Site_Scripting,70
INC-03174,2025-08-13 20:31:00 [WARN],SRV-006,cross_site_scripting,11
INC-03175,2025-12-09 01:10:00 [WARN],SRV-007,Insider_Threat,20
INC-03176,2025-01-29 02:37:00 [WARN],SRV-006,Phishing,107
INC-03177,2025-04-26 13:29:00 [WARN],SRV-007, DDoS ,104
INC-03178,2025-03-05 16:08:00 [WARN],SRV-003,Malware_Dropper,28
INC-03179,2025-11-02 18:06:00 [WARN],SRV-003,Cross_Site_Scripting,114 hrs
INC-03180,2025-03-14 16:49:00 [WARN],SRV-006,Malware_Dropper,20
INC-03181,2025-05-13 01:34:00 [WARN],SRV-002,Insider_Threat,141
INC-03182,2025-11-19 12:34:00 [WARN],SRV-002,Zero_Day,45
INC-03183,2025-04-15 02:45:00 [WARN],SRV-004, brute_force,96
INC-03184,2025-12-13 09:53:00 [WARN],SRV-002,Phishing,36
INC-03185,2025-12-02 16:11:00 [WARN],SRV-003,Cross_Site_Scripting,23
INC-03186,2025-04-07 03:23:00 [WARN],SRV-008,Zero_Day,43
INC-03187,2025-12-03 09:33:00 [WARN],SRV-004, SQL_Injection ,128
INC-03188,2025-12-02 20:51:00 [WARN],SRV-005,Insider_Threat,137
INC-03189,2025-09-02 02:30:00 [WARN],SRV-002,insider_threat,146
INC-03190,2025-11-23 09:24:00 [WARN],SRV-001,Insider_Threat,
INC-03191,2025-06-18 09:20:00 [WARN],SRV-004, Brute_Force,94
INC-03192,2025-07-19 05:11:00 [WARN],SRV-005,Ransomware,39
INC-03193,2025-04-11 18:11:00 [WARN],SRV-003,phishing,99
INC-03194,2025-11-16 04:35:00 [WARN],SRV-004,Zero_Day,132
INC-03195,2025-03-03 02:54:00 [WARN],SRV-008, Brute_Force,102
INC-03196,2025-11-11 02:47:00 [WARN],SRV-006,zero_day,91
INC-03197,2025-01-21 08:15:00 [WARN],SRV-008,zero_day,119
INC-03198,2025-09-23_07:54:00 [ERROR],SRV-005,Ransomware,17
INC-03199,2025-08-22 04:25:00 [WARN],SRV-005,insider_threat,123
INC-03200,2025-09-03 01:32:00 [WARN],SRV-005,Phishing,105
INC-03201,2025-08-20 19:55:00 [WARN],SRV-004, SQL_Injection ,128
INC-03202,2025-05-27 13:54:00 [WARN],SRV-004,Malware_Dropper,142
INC-03203,2025-05-26_16:16:00 [ERROR],SRV-002,Phishing,100
INC-03204,2025-05-22 19:52:00 [WARN],SRV-007, SQL_Injection ,13
INC-03205,2025-03-16 18:39:00 [WARN],SRV-008,Insider_Threat,56
INC-03206,2025-11-26_12:11:00 [ERROR],SRV-008,cross_site_scripting,102
INC-03207,2025-05-28 01:56:00 [WARN],SRV-005, DDoS ,63
INC-03208,2025-09-07 06:53:00 [WARN],SRV-004,Zero_Day,136
INC-03209,2025-05-17 23:27:00 [WARN],SRV-008,Ransomware,67
INC-03210,2025-06-26_22:03:00 [ERROR],SRV-005, SQL_Injection ,30
INC-03211,2025-11-09 22:09:00 [WARN],SRV-007,Cross_Site_Scripting,112
INC-03212,2025-11-29 15:07:00 [WARN],SRV-001, DDoS ,116
INC-03213,2025-10-10 13:41:00 [WARN],SRV-001, SQL_Injection ,36
INC-03214,2025-02-04 18:22:00 [WARN],SRV-007,Zero_Day,39
INC-03215,2025-12-23_01:47:00 [ERROR],SRV-006, SQL_Injection ,64
INC-03216,2025-03-10 06:37:00 [WARN],SRV-005,Insider_Threat,110
INC-03217,2026-01-01 19:25:00 [WARN],SRV-008, sql_injection ,124
INC-03218,2025-06-24 05:16:00 [WARN],SRV-007, brute_force,58
INC-03219,2025-06-29 23:37:00 [WARN],SRV-007,Ransomware,75
INC-03220,2025-11-01 02:51:00 [WARN],SRV-006,Ransomware,82
INC-03221,2025-08-02 10:22:00 [WARN],SRV-005,malware_dropper,122
INC-03222,2025-05-09 06:22:00 [WARN],SRV-003,malware_dropper,93
INC-03223,2025-08-27 02:51:00 [WARN],SRV-002,Malware_Dropper,23
INC-03224,2025-06-06 19:11:00 [WARN],SRV-003, DDoS ,88
INC-03225,2025-12-21 05:42:00 [WARN],SRV-003, SQL_Injection ,88
INC-03226,2025-03-08 05:24:00 [WARN],SRV-005,Insider_Threat,23
INC-03227,2025-05-21 08:05:00 [WARN],SRV-007,zero_day,136
INC-03228,2025-04-07 22:22:00 [WARN],SRV-004, SQL_Injection ,22
INC-03229,2025-03-16 06:51:00 [WARN],SRV-008, ddos ,119
INC-03230,2025-03-15 06:31:00 [WARN],SRV-008, DDoS ,29
INC-03231,2025-08-03_11:13:00 [ERROR],SRV-006,Zero_Day,60
INC-03232,2025-09-23 17:01:00 [WARN],SRV-004,Phishing,45
INC-03233,2025-06-15 11:50:00 [WARN],SRV-005,Phishing,128
INC-03234,2025-11-03 19:53:00 [WARN],SRV-002, SQL_Injection ,128
INC-03235,2025-05-20 05:08:00 [WARN],SRV-003,Insider_Threat,32
INC-03236,2025-06-18 16:41:00 [WARN],SRV-001,Ransomware,116
INC-03237,2025-10-19 08:11:00 [WARN],SRV-004,Insider_Threat,106
INC-03238,2025-03-08 12:58:00 [WARN],SRV-006,Cross_Site_Scripting,94
INC-03239,2025-08-27_03:43:00 [ERROR],SRV-001,Cross_Site_Scripting,122
INC-03240,2025-07-15 10:32:00 [WARN],SRV-004,phishing,108
INC-03241,2025-11-19 20:24:00 [WARN],SRV-002,Cross_Site_Scripting,117
INC-03242,2025-03-14 14:12:00 [WARN],SRV-004,Malware_Dropper,144
INC-03243,2025-06-17 09:37:00 [WARN],SRV-003, Brute_Force,17
INC-03244,2025-04-19 02:07:00 [WARN],SRV-006,Ransomware,52
INC-03245,2025-10-31 18:55:00 [WARN],SRV-005,Ransomware,141
INC-03246,2025-10-02 22:05:00 [WARN],SRV-005,Malware_Dropper,101
INC-03247,2025-04-07 11:53:00 [WARN],SRV-008,Malware_Dropper,65
INC-03248,2025-12-30 03:17:00 [WARN],SRV-008,Zero_Day,106
INC-03249,2025-11-21 10:50:00 [WARN],SRV-008,Zero_Day,46
INC-03250,2025-10-08 16:01:00 [WARN],SRV-007,Zero_Day,82 hrs
INC-03251,2025-09-02 12:42:00 [WARN],SRV-004, SQL_Injection ,76
INC-03252,2025-10-28 12:59:00 [WARN],SRV-002, DDoS ,103
INC-03253,2026-01-01 17:17:00 [WARN],SRV-006,Cross_Site_Scripting,99
INC-03254,2025-05-20_19:46:00 [ERROR],SRV-008, Brute_Force,140
INC-03255,2025-01-28 04:08:00 [WARN],SRV-007, DDoS ,74 hrs
INC-03256,2025-06-29 23:52:00 [WARN],SRV-002,insider_threat,57
INC-03257,2025-07-26_02:36:00 [ERROR],SRV-004, DDoS ,12
INC-03258,2025-02-16 10:08:00 [WARN],SRV-004,Malware_Dropper,118
INC-03259,2025-03-27 11:59:00 [WARN],SRV-001,ransomware,90
INC-03260,2025-12-26 21:19:00 [WARN],SRV-004,Insider_Threat,111
INC-03261,2025-04-27 01:32:00 [WARN],SRV-005, Brute_Force,64
INC-03262,2025-07-12 11:34:00 [WARN],SRV-006,Insider_Threat,45
INC-03263,2025-06-25 17:24:00 [WARN],SRV-003, SQL_Injection ,64
INC-03264,2025-09-07 09:49:00 [WARN],SRV-008, Brute_Force,79
INC-03265,2025-01-12 06:41:00 [WARN],SRV-008,Phishing,36
INC-03266,2025-05-07 19:07:00 [WARN],SRV-008,Malware_Dropper,56 hrs
INC-03267,2025-11-25 20:44:00 [WARN],SRV-003,Ransomware,112
INC-03268,2025-01-23 19:34:00 [WARN],SRV-001,Insider_Threat,14
INC-03269,2025-08-08 02:27:00 [WARN],SRV-008,Phishing,2
INC-03270,2025-04-03 02:51:00 [WARN],SRV-002,malware_dropper,122
INC-03271,2025-07-08 06:23:00 [WARN],SRV-007, Brute_Force,122
INC-03272,2025-03-06 05:04:00 [WARN],SRV-003,Zero_Day,11
INC-03273,2025-11-04 06:08:00 [WARN],SRV-005,Ransomware,62
INC-03274,2025-03-27 07:31:00 [WARN],SRV-007,Insider_Threat,66
INC-03275,2025-08-04 22:41:00 [WARN],SRV-002,Phishing,34
INC-03276,2025-09-18 23:31:00 [WARN],SRV-003, Brute_Force,123
INC-03277,2025-02-20 17:26:00 [WARN],SRV-002, SQL_Injection ,123 hrs
INC-03278,2025-09-10 21:41:00 [WARN],SRV-005,Phishing,48
INC-03279,2025-05-09 08:39:00 [WARN],SRV-001,Cross_Site_Scripting,24
INC-03280,2025-04-17 06:10:00 [WARN],SRV-008,phishing,
INC-03281,2025-03-01 13:20:00 [WARN],SRV-006,cross_site_scripting,22
INC-03282,2025-07-21 21:24:00 [WARN],SRV-008,Zero_Day,50
INC-03283,2025-07-05 03:25:00 [WARN],SRV-005,Ransomware,55
INC-03284,2025-05-09 22:22:00 [WARN],SRV-005,Insider_Threat,121
INC-03285,2025-01-28 12:32:00 [WARN],SRV-006, Brute_Force,74
INC-03286,2025-09-04 14:52:00 [WARN],SRV-002,Zero_Day,78
INC-03287,2025-10-18 12:10:00 [WARN],SRV-007,zero_day,67
INC-03288,2025-02-25 13:28:00 [WARN],SRV-003,cross_site_scripting,136
INC-03289,2025-10-18 00:11:00 [WARN],SRV-001,Zero_Day,120
INC-03290,2025-05-28 03:17:00 [WARN],SRV-004, DDoS ,149
INC-03291,2025-08-08 08:53:00 [WARN],SRV-002,Insider_Threat,106
INC-03292,2025-12-21 09:13:00 [WARN],SRV-001,malware_dropper,65
INC-03293,2025-12-28 01:09:00 [WARN],SRV-002, brute_force,137
INC-03294,2025-04-04 03:34:00 [WARN],SRV-005,Malware_Dropper,112
INC-03295,2025-08-24 15:02:00 [WARN],SRV-005, SQL_Injection ,99
INC-03296,2025-03-01_07:44:00 [ERROR],SRV-006, SQL_Injection ,145
INC-03297,2025-12-20 17:32:00 [WARN],SRV-001,Cross_Site_Scripting,40 hrs
INC-03298,2025-10-14 13:58:00 [WARN],SRV-002,Ransomware,125
INC-03299,2025-10-04 01:44:00 [WARN],SRV-006,Insider_Threat,135
INC-03300,2025-07-18 18:18:00 [WARN],SRV-008,Cross_Site_Scripting,104
INC-03301,2025-05-21 03:09:00 [WARN],SRV-001, ddos ,135
INC-03302,2025-02-14 22:28:00 [WARN],SRV-005, Brute_Force,70
INC-03303,2025-10-01 09:13:00 [WARN],SRV-001, Brute_Force,32
INC-03304,2025-03-02 14:58:00 [WARN],SRV-001,Ransomware,120 hrs
INC-03305,2025-05-23 11:28:00 [WARN],SRV-004,Zero_Day,87
INC-03306,2025-01-19 07:20:00 [WARN],SRV-005,cross_site_scripting,37
INC-03307,2025-07-29 12:16:00 [WARN],SRV-007,Insider_Threat,37
INC-03308,2025-01-15 03:46:00 [WARN],SRV-002,Insider_Threat,71
INC-03309,2025-10-04 22:18:00 [WARN],SRV-005,insider_threat,53
INC-03310,2025-02-08 02:29:00 [WARN],SRV-003, DDoS ,135
INC-03311,2025-12-10 04:14:00 [WARN],SRV-002,Zero_Day,123
INC-03312,2025-10-01 02:31:00 [WARN],SRV-002,Cross_Site_Scripting,8
INC-03313,2025-07-14 17:17:00 [WARN],SRV-007,Ransomware,109
INC-03314,2025-05-06 17:18:00 [WARN],SRV-007, ddos ,111
INC-03315,2025-07-26 06:53:00 [WARN],SRV-006,Zero_Day,131
INC-03316,2025-07-10_02:35:00 [ERROR],SRV-004,Phishing,16
INC-03317,2025-08-31 10:29:00 [WARN],SRV-004,malware_dropper,84
INC-03318,2025-04-09 13:04:00 [WARN],SRV-005, Brute_Force,106
INC-03319,2025-11-04 09:49:00 [WARN],SRV-002,malware_dropper,91
INC-03320,2025-11-23_04:32:00 [ERROR],SRV-001,insider_threat,60
INC-03321,2025-05-23 03:30:00 [WARN],SRV-003,Zero_Day,130
INC-03322,2025-02-06 00:53:00 [WARN],SRV-004,Phishing,114
INC-03323,2025-03-24 01:18:00 [WARN],SRV-005,Zero_Day,114
INC-03324,2025-10-05 06:48:00 [WARN],SRV-007,Zero_Day,133
INC-03325,2025-05-20 10:26:00 [WARN],SRV-005, DDoS ,29
INC-03326,2025-11-23 19:38:00 [WARN],SRV-005,cross_site_scripting,52
INC-03327,2025-09-05_10:51:00 [ERROR],SRV-001,Phishing,87
INC-03328,2025-11-05 15:58:00 [WARN],SRV-007,cross_site_scripting,5
INC-03329,2025-05-29 23:14:00 [WARN],SRV-006,Insider_Threat,110 hrs
INC-03330,2025-06-03 00:27:00 [WARN],SRV-004, DDoS ,76
INC-03331,2025-04-18 10:55:00 [WARN],SRV-007,Zero_Day,75
INC-03332,2025-03-22 23:18:00 [WARN],SRV-001,Malware_Dropper,67
INC-03333,2025-08-03 00:55:00 [WARN],SRV-007,Malware_Dropper,79
INC-03334,2025-11-10 21:01:00 [WARN],SRV-001,Malware_Dropper,101
INC-03335,2025-04-15 02:58:00 [WARN],SRV-006,Insider_Threat,69
INC-03336,2025-02-23 06:53:00 [WARN],SRV-002,cross_site_scripting,80
INC-03337,2025-07-21 05:17:00 [WARN],SRV-006, Brute_Force,22
INC-03338,2025-10-16 09:37:00 [WARN],SRV-003,Ransomware,31
INC-03339,2025-11-10 19:11:00 [WARN],SRV-004, SQL_Injection ,24
INC-03340,2025-01-14 13:36:00 [WARN],SRV-006, SQL_Injection ,70
INC-03341,2025-03-13_15:01:00 [ERROR],SRV-004,Insider_Threat,120
INC-03342,2025-03-20 21:20:00 [WARN],SRV-005, DDoS ,64
INC-03343,2025-06-24 04:29:00 [WARN],SRV-003,Cross_Site_Scripting,81
INC-03344,2025-02-19 04:29:00 [WARN],SRV-002,insider_threat,73
INC-03345,2025-07-05 16:10:00 [WARN],SRV-005,zero_day,106
INC-03346,2025-12-16 01:34:00 [WARN],SRV-001,phishing,17
INC-03347,2025-06-08 00:44:00 [WARN],SRV-003, SQL_Injection ,58
INC-03348,2025-11-25 10:09:00 [WARN],SRV-001,Ransomware,139
INC-03349,2025-12-26 05:56:00 [WARN],SRV-008,malware_dropper,51
INC-03350,2025-01-02 21:11:00 [WARN],SRV-001,Zero_Day,71
INC-03351,2025-04-30 00:38:00 [WARN],SRV-003, DDoS ,60
INC-03352,2025-12-30 12:24:00 [WARN],SRV-005, SQL_Injection ,4
INC-03353,2025-11-02 15:47:00 [WARN],SRV-002, SQL_Injection ,95
INC-03354,2025-09-04 02:51:00 [WARN],SRV-008, DDoS ,25 hrs
INC-03355,2025-04-02 03:15:00 [WARN],SRV-008,Zero_Day,20
INC-03356,2025-10-23 19:53:00 [WARN],SRV-006, sql_injection ,2
INC-03357,2025-10-13 21:17:00 [WARN],SRV-005,Malware_Dropper,70
INC-03358,2025-06-13 15:18:00 [WARN],SRV-003,Cross_Site_Scripting,71
INC-03359,2025-09-05 15:00:00 [WARN],SRV-003,Phishing,46
INC-03360,2025-03-02 22:13:00 [WARN],SRV-005,Malware_Dropper,13
INC-03361,2025-10-13 18:43:00 [WARN],SRV-005,Zero_Day,37 hrs
INC-03362,2025-12-11 19:04:00 [WARN],SRV-007,Ransomware,29
INC-03363,2025-05-17 08:20:00 [WARN],SRV-002,phishing,135
INC-03364,2025-05-19 08:25:00 [WARN],SRV-003,malware_dropper,7
INC-03365,2025-09-26 14:22:00 [WARN],SRV-006,Ransomware,114 hrs
INC-03366,2025-05-29 22:33:00 [WARN],SRV-004, DDoS ,19
INC-03367,2025-07-15 10:13:00 [WARN],SRV-004, SQL_Injection ,2
INC-03368,2025-11-03 16:05:00 [WARN],SRV-007,Cross_Site_Scripting,110
INC-03369,2025-09-09 14:34:00 [WARN],SRV-001,ransomware,29
INC-03370,2025-07-31 13:47:00 [WARN],SRV-006,cross_site_scripting,91
INC-03371,2025-09-21 16:29:00 [WARN],SRV-008,Phishing,129
INC-03372,2025-03-10 04:17:00 [WARN],SRV-008,Zero_Day,13
INC-03373,2025-11-04 22:34:00 [WARN],SRV-004, ddos ,141
INC-03374,2025-04-01 22:52:00 [WARN],SRV-008, DDoS ,71
INC-03375,2025-07-15 02:09:00 [WARN],SRV-003,phishing,12
INC-03376,2025-12-27 18:26:00 [WARN],SRV-006,Phishing,79
INC-03377,2025-03-03 05:55:00 [WARN],SRV-006,Zero_Day,78
INC-03378,2025-03-30 20:15:00 [WARN],SRV-006, sql_injection ,136
INC-03379,2025-10-16 15:50:00 [WARN],SRV-006,Ransomware,124
INC-03380,2025-03-15 10:52:00 [WARN],SRV-005, SQL_Injection ,20
INC-03381,2025-10-15 07:12:00 [WARN],SRV-002, ddos ,136
INC-03382,2025-05-15 14:05:00 [WARN],SRV-005,Malware_Dropper,99
INC-03383,2025-12-02 03:25:00 [WARN],SRV-002,phishing,99
INC-03384,2025-08-01 12:21:00 [WARN],SRV-007,phishing,104
INC-03385,2025-08-05 03:17:00 [WARN],SRV-005, SQL_Injection ,70
INC-03386,2025-02-14 20:40:00 [WARN],SRV-004,Ransomware,45
INC-03387,2025-06-14 03:12:00 [WARN],SRV-006,Malware_Dropper,79
INC-03388,2025-08-30_16:06:00 [ERROR],SRV-005,malware_dropper,41
INC-03389,2025-01-20 03:47:00 [WARN],SRV-006,Cross_Site_Scripting,139
INC-03390,2025-10-03 08:12:00 [WARN],SRV-002,Ransomware,73
INC-03391,2025-05-23 12:51:00 [WARN],SRV-003,Phishing,61
INC-03392,2025-03-30 01:00:00 [WARN],SRV-008,insider_threat,23
INC-03393,2025-10-31 13:41:00 [WARN],SRV-004,Insider_Threat,106
INC-03394,2025-07-15 17:08:00 [WARN],SRV-004,insider_threat,27
INC-03395,2025-11-11 00:37:00 [WARN],SRV-004,Cross_Site_Scripting,88
INC-03396,2025-03-09_07:45:00 [ERROR],SRV-005, Brute_Force,80
INC-03397,2025-02-14_23:46:00 [ERROR],SRV-007,Malware_Dropper,35 hrs
INC-03398,2025-02-15 03:33:00 [WARN],SRV-002, SQL_Injection ,17
INC-03399,2025-09-27 12:12:00 [WARN],SRV-006,Phishing,19
INC-03400,2025-10-15 05:53:00 [WARN],SRV-001,Phishing,3
INC-03401,2025-01-20 04:55:00 [WARN],SRV-005, sql_injection ,52
INC-03402,2025-03-13 11:24:00 [WARN],SRV-006,Zero_Day,63
INC-03403,2025-01-30 09:35:00 [WARN],SRV-003,Phishing,107
INC-03404,2025-11-29_02:04:00 [ERROR],SRV-002, SQL_Injection ,56
INC-03405,2025-08-03_00:19:00 [ERROR],SRV-002,Zero_Day,14
INC-03406,2025-07-31 16:38:00 [WARN],SRV-001,Phishing,103
INC-03407,2025-06-13 07:18:00 [WARN],SRV-002,Ransomware,136
INC-03408,2025-11-06 17:13:00 [WARN],SRV-008,Cross_Site_Scripting,46
INC-03409,2025-09-02 21:32:00 [WARN],SRV-005, SQL_Injection ,105
INC-03410,2025-12-18_07:14:00 [ERROR],SRV-001,Zero_Day,36
INC-03411,2025-07-15 15:51:00 [WARN],SRV-006,Insider_Threat,21
INC-03412,2025-12-11 03:25:00 [WARN],SRV-007,Phishing,114
INC-03413,2025-04-08 07:21:00 [WARN],SRV-006, SQL_Injection ,83
INC-03414,2025-08-23 22:22:00 [WARN],SRV-008,malware_dropper,86
INC-03415,2025-01-30 07:48:00 [WARN],SRV-004,Phishing,32
INC-03416,2025-05-21 14:20:00 [WARN],SRV-004, brute_force,31
INC-03417,2025-12-25_06:57:00 [ERROR],SRV-006, ddos ,82
INC-03418,2025-04-17 08:25:00 [WARN],SRV-001,ransomware,39
INC-03419,2025-10-19_01:39:00 [ERROR],SRV-006,malware_dropper,66
INC-03420,2025-12-30 11:34:00 [WARN],SRV-007,Cross_Site_Scripting,147
INC-03421,2025-03-25 08:16:00 [WARN],SRV-003,insider_threat,83
INC-03422,2025-11-21 02:37:00 [WARN],SRV-003, Brute_Force,11
INC-03423,2025-08-08 20:17:00 [WARN],SRV-004, Brute_Force,96 hrs
INC-03424,2025-05-03 06:36:00 [WARN],SRV-007,Zero_Day,93
INC-03425,2025-02-15 00:18:00 [WARN],SRV-008,Malware_Dropper,65
INC-03426,2025-02-05 07:38:00 [WARN],SRV-006, Brute_Force,20
INC-03427,2025-12-25_15:27:00 [ERROR],SRV-006,Zero_Day,18
INC-03428,2025-05-24 14:09:00 [WARN],SRV-004,Insider_Threat,29
INC-03429,2025-12-25_17:47:00 [ERROR],SRV-002,Ransomware,64 hrs
INC-03430,2025-02-16 02:58:00 [WARN],SRV-005,Cross_Site_Scripting,59
INC-03431,2025-02-13 17:54:00 [WARN],SRV-004,ransomware,142
INC-03432,2025-12-05 16:35:00 [WARN],SRV-006,Cross_Site_Scripting,123
INC-03433,2025-04-06 11:14:00 [WARN],SRV-005, Brute_Force,6
INC-03434,2025-12-22 11:00:00 [WARN],SRV-007,Cross_Site_Scripting,50
INC-03435,2025-06-13_01:52:00 [ERROR],SRV-007,Zero_Day,125
INC-03436,2025-12-26 09:58:00 [WARN],SRV-001, SQL_Injection ,4
INC-03437,2025-03-11 15:35:00 [WARN],SRV-006,Zero_Day,2
INC-03438,2025-07-19 05:31:00 [WARN],SRV-001, Brute_Force,81
INC-03439,2025-03-10 23:08:00 [WARN],SRV-004, Brute_Force,54
INC-03440,2025-12-14 08:28:00 [WARN],SRV-001,Cross_Site_Scripting,97
INC-03441,2025-08-31 19:30:00 [WARN],SRV-001,Insider_Threat,84
INC-03442,2025-12-10 02:18:00 [WARN],SRV-002, sql_injection ,
INC-03443,2025-09-28 12:41:00 [WARN],SRV-008, Brute_Force,87
INC-03444,2025-09-03 03:12:00 [WARN],SRV-003, DDoS ,57
INC-03445,2025-10-30 08:05:00 [WARN],SRV-004,Malware_Dropper,88 hrs
INC-03446,2025-09-14 16:08:00 [WARN],SRV-006,Zero_Day,72
INC-03447,2025-04-11_18:26:00 [ERROR],SRV-008,malware_dropper,129
INC-03448,2025-09-07 22:49:00 [WARN],SRV-008, SQL_Injection ,131
INC-03449,2025-11-07 20:39:00 [WARN],SRV-006,Insider_Threat,23
INC-03450,2025-12-02 02:46:00 [WARN],SRV-005,Cross_Site_Scripting,88
INC-03451,2025-10-03 00:52:00 [WARN],SRV-002,Cross_Site_Scripting,57
INC-03452,2025-04-22 14:07:00 [WARN],SRV-004,Ransomware,138
INC-03453,2025-05-23 00:56:00 [WARN],SRV-003,Phishing,90
INC-03454,2025-02-22 18:41:00 [WARN],SRV-008,Ransomware,15
INC-03455,2025-12-03 16:38:00 [WARN],SRV-002,Cross_Site_Scripting,17
INC-03456,2025-06-17 15:02:00 [WARN],SRV-001,Malware_Dropper,88
INC-03457,2025-07-07 14:34:00 [WARN],SRV-003,Insider_Threat,144
INC-03458,2025-08-09 12:02:00 [WARN],SRV-008,Phishing,143
INC-03459,2025-02-15 04:38:00 [WARN],SRV-008,Cross_Site_Scripting,125
INC-03460,2025-11-26 17:40:00 [WARN],SRV-008,Zero_Day,69
INC-03461,2025-09-16 06:50:00 [WARN],SRV-006, SQL_Injection ,89
INC-03462,2025-05-12_00:14:00 [ERROR],SRV-007,insider_threat,134
INC-03463,2025-10-09 14:53:00 [WARN],SRV-001,Phishing,130
INC-03464,2025-11-18 00:01:00 [WARN],SRV-002, DDoS ,17
INC-03465,2025-03-06 19:54:00 [WARN],SRV-001,Zero_Day,93
INC-03466,2025-12-24 06:02:00 [WARN],SRV-003, Brute_Force,84
INC-03467,2025-06-16 23:50:00 [WARN],SRV-006,Malware_Dropper,2
INC-03468,2025-04-03 04:01:00 [WARN],SRV-006,Cross_Site_Scripting,92
INC-03469,2025-10-14_17:13:00 [ERROR],SRV-003,Cross_Site_Scripting,77
INC-03470,2025-08-19 06:34:00 [WARN],SRV-006,Cross_Site_Scripting,88
INC-03471,2025-12-28 12:41:00 [WARN],SRV-003, sql_injection ,42
INC-03472,2025-10-24 02:56:00 [WARN],SRV-004,Ransomware,27
INC-03473,2025-07-22 08:52:00 [WARN],SRV-003,Malware_Dropper,65
INC-03474,2025-11-08 03:40:00 [WARN],SRV-005,malware_dropper,133
INC-03475,2025-10-04 03:29:00 [WARN],SRV-004,insider_threat,109
INC-03476,2025-09-07 11:11:00 [WARN],SRV-004,Cross_Site_Scripting,6
INC-03477,2025-07-17 19:50:00 [WARN],SRV-002, SQL_Injection ,116
INC-03478,2025-08-02 00:30:00 [WARN],SRV-004,Zero_Day,21
INC-03479,2025-09-03 14:55:00 [WARN],SRV-001,Insider_Threat,9
INC-03480,2025-02-20 19:53:00 [WARN],SRV-007,phishing,25
INC-03481,2025-06-05 23:51:00 [WARN],SRV-007,Phishing,36
INC-03482,2025-10-04 06:25:00 [WARN],SRV-001,Malware_Dropper,72
INC-03483,2025-08-11 11:25:00 [WARN],SRV-003, Brute_Force,42
INC-03484,2025-07-24 15:07:00 [WARN],SRV-002,ransomware,3
INC-03485,2025-08-18 08:11:00 [WARN],SRV-006, DDoS ,
INC-03486,2025-12-30 00:35:00 [WARN],SRV-001,Ransomware,112
INC-03487,2025-10-20 13:35:00 [WARN],SRV-006, Brute_Force,2
INC-03488,2025-04-11 13:07:00 [WARN],SRV-004,insider_threat,93
INC-03489,2025-04-09 11:57:00 [WARN],SRV-006,Zero_Day,37
INC-03490,2025-01-13 04:31:00 [WARN],SRV-004, DDoS ,119
INC-03491,2025-09-23 15:22:00 [WARN],SRV-006,Ransomware,66
INC-03492,2025-04-30 00:21:00 [WARN],SRV-002,Zero_Day,3
INC-03493,2025-11-13 05:08:00 [WARN],SRV-007,Malware_Dropper,61
INC-03494,2025-01-15 01:26:00 [WARN],SRV-002,Insider_Threat,73
INC-03495,2025-07-16 14:03:00 [WARN],SRV-004, sql_injection ,121
INC-03496,2025-05-27 23:05:00 [WARN],SRV-002,Zero_Day,142
INC-03497,2025-02-20 10:40:00 [WARN],SRV-001,Malware_Dropper,36
INC-03498,2025-08-03 09:42:00 [WARN],SRV-008,Phishing,142
INC-03499,2025-01-13 13:43:00 [WARN],SRV-004,Zero_Day,27
INC-03500,2025-09-12 08:26:00 [WARN],SRV-006,Insider_Threat,123
INC-03501,2025-03-11 11:53:00 [WARN],SRV-003,Phishing,35
INC-03502,2025-02-06 22:57:00 [WARN],SRV-007,Cross_Site_Scripting,9
INC-03503,2025-09-19 16:37:00 [WARN],SRV-008, SQL_Injection ,143
INC-03504,2025-05-04 22:51:00 [WARN],SRV-008,Zero_Day,122
INC-03505,2025-09-04_07:16:00 [ERROR],SRV-001,Insider_Threat,143
INC-03506,2025-10-29_09:37:00 [ERROR],SRV-008, SQL_Injection ,47
INC-03507,2025-01-09 10:08:00 [WARN],SRV-004,ransomware,75 hrs
INC-03508,2025-01-03 11:55:00 [WARN],SRV-003,Malware_Dropper,37
INC-03509,2025-03-14 12:01:00 [WARN],SRV-007,Ransomware,
INC-03510,2025-10-12 21:14:00 [WARN],SRV-003,Cross_Site_Scripting,51
INC-03511,2025-06-02 05:57:00 [WARN],SRV-002,Ransomware,45
INC-03512,2025-05-31 20:04:00 [WARN],SRV-006,Zero_Day,37 hrs
INC-03513,2025-07-27_04:24:00 [ERROR],SRV-001,Ransomware,105
INC-03514,2025-10-24_09:55:00 [ERROR],SRV-006,ransomware,102
INC-03515,2025-09-30 19:57:00 [WARN],SRV-008, Brute_Force,105
INC-03516,2025-10-04 06:17:00 [WARN],SRV-004,Phishing,65
INC-03517,2025-06-11 04:40:00 [WARN],SRV-003, sql_injection ,40
INC-03518,2025-04-10 03:43:00 [WARN],SRV-003,Insider_Threat,131
INC-03519,2025-08-17 09:22:00 [WARN],SRV-001,Ransomware,106
INC-03520,2025-09-16 13:45:00 [WARN],SRV-004,Phishing,67
INC-03521,2025-01-31 22:06:00 [WARN],SRV-002,Cross_Site_Scripting,127
INC-03522,2025-10-29 03:42:00 [WARN],SRV-007,malware_dropper,111
INC-03523,2025-12-29 03:49:00 [WARN],SRV-003, SQL_Injection ,39
INC-03524,2025-09-08 21:11:00 [WARN],SRV-005,Insider_Threat,136
INC-03525,2025-01-08 00:28:00 [WARN],SRV-005,zero_day,41
INC-03526,2025-05-04 02:42:00 [WARN],SRV-005,Phishing,83
INC-03527,2025-09-07 13:12:00 [WARN],SRV-006, DDoS ,102
INC-03528,2025-02-23 10:16:00 [WARN],SRV-002, DDoS ,144
INC-03529,2025-07-23_01:11:00 [ERROR],SRV-003,phishing,69
INC-03530,2025-11-08 00:12:00 [WARN],SRV-008, brute_force,72
INC-03531,2025-12-11 02:24:00 [WARN],SRV-008, Brute_Force,44
INC-03532,2025-03-29 15:05:00 [WARN],SRV-001,Ransomware,4
INC-03533,2025-03-25 14:42:00 [WARN],SRV-002,insider_threat,84
INC-03534,2025-10-31 04:42:00 [WARN],SRV-008,phishing,30
INC-03535,2025-03-06 23:35:00 [WARN],SRV-006, SQL_Injection ,57
INC-03536,2025-01-21 16:14:00 [WARN],SRV-001,Ransomware,76
INC-03537,2025-05-14_21:41:00 [ERROR],SRV-001,Zero_Day,7
INC-03538,2025-12-26 02:56:00 [WARN],SRV-004, DDoS ,61 hrs
INC-03539,2025-11-07 01:56:00 [WARN],SRV-001, Brute_Force,
INC-03540,2025-06-20 23:25:00 [WARN],SRV-004,Insider_Threat,24
INC-03541,2025-06-04 04:08:00 [WARN],SRV-005,Insider_Threat,130
INC-03542,2025-09-25 16:50:00 [WARN],SRV-001,Phishing,73
INC-03543,2025-07-31 13:46:00 [WARN],SRV-002,Ransomware,139
INC-03544,2025-10-27 14:30:00 [WARN],SRV-004,Zero_Day,107
INC-03545,2025-12-13 22:05:00 [WARN],SRV-007,Phishing,143
INC-03546,2025-04-08 11:34:00 [WARN],SRV-004, Brute_Force,95
INC-03547,2025-02-08 09:32:00 [WARN],SRV-004,Phishing,62
INC-03548,2025-12-01 01:41:00 [WARN],SRV-007, SQL_Injection ,123
INC-03549,2025-12-04_16:46:00 [ERROR],SRV-008,Ransomware,95
INC-03550,2025-10-30 19:53:00 [WARN],SRV-005,Insider_Threat,112
INC-03551,2025-12-27 16:22:00 [WARN],SRV-008, DDoS ,116
INC-03552,2025-01-10 10:23:00 [WARN],SRV-002, DDoS ,62
INC-03553,2025-09-01 00:37:00 [WARN],SRV-002, DDoS ,72
INC-03554,2025-08-16 23:58:00 [WARN],SRV-001, sql_injection ,
INC-03555,2025-04-04 08:32:00 [WARN],SRV-005, Brute_Force,
INC-03556,2025-03-23_14:50:00 [ERROR],SRV-004,Cross_Site_Scripting,29
INC-03557,2025-12-21 18:28:00 [WARN],SRV-007, SQL_Injection ,84
INC-03558,2025-03-27_02:42:00 [ERROR],SRV-007,phishing,11
INC-03559,2025-10-20 23:27:00 [WARN],SRV-006, ddos ,59
INC-03560,2025-12-28 11:03:00 [WARN],SRV-003,Phishing,146
INC-03561,2025-01-10 05:30:00 [WARN],SRV-003,Zero_Day,106
INC-03562,2025-01-06 08:42:00 [WARN],SRV-003,Insider_Threat,51
INC-03563,2025-02-02 06:27:00 [WARN],SRV-002,insider_threat,85
INC-03564,2025-09-11 09:36:00 [WARN],SRV-005, DDoS ,88
INC-03565,2025-02-14 09:23:00 [WARN],SRV-008, DDoS ,103
INC-03566,2025-11-20 16:37:00 [WARN],SRV-006,Malware_Dropper,10
INC-03567,2025-04-12 08:55:00 [WARN],SRV-007,Zero_Day,133
INC-03568,2025-11-22 05:20:00 [WARN],SRV-002,Insider_Threat,135
INC-03569,2025-10-23_11:03:00 [ERROR],SRV-004,insider_threat,130
INC-03570,2025-02-21 16:21:00 [WARN],SRV-001,Phishing,44
INC-03571,2025-05-25 14:35:00 [WARN],SRV-002, brute_force,32
INC-03572,2025-06-15 23:29:00 [WARN],SRV-001,Insider_Threat,75
INC-03573,2025-01-20 08:46:00 [WARN],SRV-001, DDoS ,2
INC-03574,2025-11-09 15:51:00 [WARN],SRV-007, brute_force,113 hrs
INC-03575,2025-12-29 21:21:00 [WARN],SRV-007,malware_dropper,69
INC-03576,2025-03-03 03:36:00 [WARN],SRV-002,Malware_Dropper,49
INC-03577,2025-01-06 18:58:00 [WARN],SRV-001,Phishing,28
INC-03578,2025-02-17 08:42:00 [WARN],SRV-006,Malware_Dropper,6
INC-03579,2025-02-11 04:44:00 [WARN],SRV-003,Malware_Dropper,102
INC-03580,2025-10-25 09:02:00 [WARN],SRV-002, SQL_Injection ,135 hrs
INC-03581,2025-10-10 19:33:00 [WARN],SRV-006, SQL_Injection ,139
INC-03582,2025-09-16 04:33:00 [WARN],SRV-007,zero_day,32
INC-03583,2025-05-14 19:44:00 [WARN],SRV-004,Insider_Threat,140
INC-03584,2025-05-29 22:01:00 [WARN],SRV-007,Phishing,76
INC-03585,2025-09-01 12:41:00 [WARN],SRV-004,insider_threat,79
INC-03586,2025-04-08 12:48:00 [WARN],SRV-008, Brute_Force,81 hrs
INC-03587,2025-12-13 11:04:00 [WARN],SRV-007, Brute_Force,142
INC-03588,2025-12-14 03:52:00 [WARN],SRV-002,zero_day,138
INC-03589,2025-08-31_04:52:00 [ERROR],SRV-007,Insider_Threat,85
INC-03590,2025-01-13 05:47:00 [WARN],SRV-008,Insider_Threat,42
INC-03591,2025-09-11 09:29:00 [WARN],SRV-006, Brute_Force,102
INC-03592,2025-03-08 23:48:00 [WARN],SRV-007, Brute_Force,8
INC-03593,2025-07-23 10:52:00 [WARN],SRV-002,Malware_Dropper,130
INC-03594,2025-07-29 18:34:00 [WARN],SRV-001,Malware_Dropper,106
INC-03595,2025-08-10 05:54:00 [WARN],SRV-008,Phishing,29
INC-03596,2025-09-13 04:21:00 [WARN],SRV-004, brute_force,63
INC-03597,2025-04-29 01:17:00 [WARN],SRV-004,Zero_Day,87
INC-03598,2025-05-29 07:05:00 [WARN],SRV-002, Brute_Force,62
INC-03599,2025-06-20 00:04:00 [WARN],SRV-004, SQL_Injection ,29
INC-03600,2025-11-04_10:40:00 [ERROR],SRV-007,Malware_Dropper,93
INC-03601,2025-11-27 14:50:00 [WARN],SRV-005, SQL_Injection ,68
INC-03602,2025-08-09 04:28:00 [WARN],SRV-007,Ransomware,70
INC-03603,2025-04-11 14:39:00 [WARN],SRV-006,Phishing,107
INC-03604,2025-10-24 22:59:00 [WARN],SRV-006,Ransomware,39
INC-03605,2025-04-12 05:25:00 [WARN],SRV-008,Ransomware,132
INC-03606,2025-07-11 06:33:00 [WARN],SRV-001, SQL_Injection ,77
INC-03607,2025-12-10 20:22:00 [WARN],SRV-001, SQL_Injection ,36
INC-03608,2025-08-31 01:03:00 [WARN],SRV-003,phishing,31
INC-03609,2025-04-03 04:23:00 [WARN],SRV-002,Phishing,73
INC-03610,2025-02-17 11:51:00 [WARN],SRV-003, DDoS ,89
INC-03611,2025-06-01 11:41:00 [WARN],SRV-004,Zero_Day,13
INC-03612,2025-11-12 18:00:00 [WARN],SRV-005,Malware_Dropper,
INC-03613,2025-08-01 20:31:00 [WARN],SRV-002, sql_injection ,93
INC-03614,2025-05-01 19:57:00 [WARN],SRV-003,Zero_Day,29
INC-03615,2025-09-28 05:14:00 [WARN],SRV-004,Zero_Day,15
INC-03616,2025-05-10 10:26:00 [WARN],SRV-006,Cross_Site_Scripting,99
INC-03617,2025-06-21 11:41:00 [WARN],SRV-006,Phishing,88
INC-03618,2025-12-04 22:50:00 [WARN],SRV-005,Cross_Site_Scripting,136
INC-03619,2025-11-03 19:17:00 [WARN],SRV-007,Phishing,58
INC-03620,2025-02-09 11:29:00 [WARN],SRV-003, SQL_Injection ,15 hrs
INC-03621,2025-08-31_09:08:00 [ERROR],SRV-002, brute_force,131
INC-03622,2025-06-17 13:01:00 [WARN],SRV-007, SQL_Injection ,134
INC-03623,2025-02-12 00:14:00 [WARN],SRV-003,Insider_Threat,35
INC-03624,2025-03-07 05:42:00 [WARN],SRV-003,Malware_Dropper,87
INC-03625,2025-03-26 23:51:00 [WARN],SRV-002, SQL_Injection ,
INC-03626,2025-04-28 14:27:00 [WARN],SRV-006, ddos ,20
INC-03627,2025-11-23 22:02:00 [WARN],SRV-005,Insider_Threat,57
INC-03628,2025-04-06 04:11:00 [WARN],SRV-008, SQL_Injection ,14
INC-03629,2025-03-04_18:23:00 [ERROR],SRV-002, DDoS ,51
INC-03630,2025-04-19 09:05:00 [WARN],SRV-006, SQL_Injection ,88
INC-03631,2025-02-01 10:13:00 [WARN],SRV-002, brute_force,59
INC-03632,2025-10-18 03:40:00 [WARN],SRV-005,Ransomware,69
INC-03633,2025-06-23_05:34:00 [ERROR],SRV-003,Zero_Day,25
INC-03634,2025-02-04 13:50:00 [WARN],SRV-001, SQL_Injection ,115
INC-03635,2025-12-14 16:12:00 [WARN],SRV-008, DDoS ,96
INC-03636,2025-02-19 11:21:00 [WARN],SRV-007, DDoS ,84
INC-03637,2025-09-26 23:30:00 [WARN],SRV-003,Zero_Day,123
INC-03638,2025-01-03 23:55:00 [WARN],SRV-008, SQL_Injection ,102
INC-03639,2025-10-14 07:35:00 [WARN],SRV-004,Malware_Dropper,104
INC-03640,2025-06-25 14:02:00 [WARN],SRV-003, Brute_Force,131
INC-03641,2025-03-07 21:32:00 [WARN],SRV-004,Phishing,78
INC-03642,2025-07-02 14:43:00 [WARN],SRV-004,insider_threat,140
INC-03643,2025-09-24_14:23:00 [ERROR],SRV-001,Ransomware,98
INC-03644,2025-03-27 22:35:00 [WARN],SRV-004, SQL_Injection ,131
INC-03645,2025-06-15 19:16:00 [WARN],SRV-008, Brute_Force,82
INC-03646,2025-07-06 07:00:00 [WARN],SRV-002,Zero_Day,11
INC-03647,2025-04-18 06:02:00 [WARN],SRV-005,zero_day,25
INC-03648,2025-03-02 05:06:00 [WARN],SRV-006,Ransomware,148
INC-03649,2025-04-30 18:08:00 [WARN],SRV-003, Brute_Force,106
INC-03650,2025-10-30 01:46:00 [WARN],SRV-007,Insider_Threat,117
INC-03651,2025-02-19 06:28:00 [WARN],SRV-008,Ransomware,141
INC-03652,2025-03-07_04:05:00 [ERROR],SRV-004, Brute_Force,20
INC-03653,2025-01-29 02:45:00 [WARN],SRV-008,malware_dropper,74
INC-03654,2025-05-03 05:22:00 [WARN],SRV-003, Brute_Force,82
INC-03655,2025-08-06 03:11:00 [WARN],SRV-004, DDoS ,50
INC-03656,2025-07-29_20:28:00 [ERROR],SRV-003,Malware_Dropper,18
INC-03657,2025-10-09 17:10:00 [WARN],SRV-006,Zero_Day,63
INC-03658,2025-12-29 02:31:00 [WARN],SRV-007,ransomware,48 hrs
INC-03659,2025-02-22 21:36:00 [WARN],SRV-006,Phishing,15
INC-03660,2025-12-04 08:10:00 [WARN],SRV-002,Zero_Day,55
INC-03661,2025-01-26 15:15:00 [WARN],SRV-005, SQL_Injection ,143 hrs
INC-03662,2025-10-08_11:58:00 [ERROR],SRV-003,Ransomware,37
INC-03663,2025-07-24 06:58:00 [WARN],SRV-005,Malware_Dropper,61
INC-03664,2025-01-08 13:23:00 [WARN],SRV-007, SQL_Injection ,129
INC-03665,2025-06-28 14:01:00 [WARN],SRV-007,Zero_Day,14
INC-03666,2025-02-05 08:10:00 [WARN],SRV-002,phishing,147
INC-03667,2025-05-11 22:56:00 [WARN],SRV-002,Insider_Threat,108
INC-03668,2025-03-04 02:53:00 [WARN],SRV-007,Zero_Day,113
INC-03669,2025-12-31 10:38:00 [WARN],SRV-003, Brute_Force,99
INC-03670,2025-11-14 15:25:00 [WARN],SRV-006, DDoS ,51
INC-03671,2025-10-31 20:24:00 [WARN],SRV-005,malware_dropper,16
INC-03672,2025-05-25 20:29:00 [WARN],SRV-008,Phishing,65
INC-03673,2025-05-19 06:01:00 [WARN],SRV-002,Malware_Dropper,19
INC-03674,2025-08-22 07:32:00 [WARN],SRV-006,Malware_Dropper,30
INC-03675,2025-07-06_08:41:00 [ERROR],SRV-006,ransomware,35
INC-03676,2025-11-19 05:48:00 [WARN],SRV-003,Malware_Dropper,24
INC-03677,2025-12-26 02:03:00 [WARN],SRV-007,Cross_Site_Scripting,118
INC-03678,2025-12-12 12:48:00 [WARN],SRV-005,Phishing,30
INC-03679,2025-08-24 10:31:00 [WARN],SRV-003,Insider_Threat,46 hrs
INC-03680,2025-09-09 01:15:00 [WARN],SRV-002,Insider_Threat,76
INC-03681,2025-04-29 23:45:00 [WARN],SRV-002,phishing,130
INC-03682,2025-12-22 05:02:00 [WARN],SRV-008, ddos ,18
INC-03683,2025-09-24 06:42:00 [WARN],SRV-002,Phishing,30
INC-03684,2025-05-25 20:12:00 [WARN],SRV-006, DDoS ,140
INC-03685,2025-08-09 07:35:00 [WARN],SRV-008, Brute_Force,104
INC-03686,2025-07-25 02:47:00 [WARN],SRV-002, brute_force,20
INC-03687,2025-05-04 02:08:00 [WARN],SRV-007, sql_injection ,128
INC-03688,2025-04-29 02:16:00 [WARN],SRV-001, SQL_Injection ,139
INC-03689,2025-05-15 17:19:00 [WARN],SRV-007, DDoS ,26
INC-03690,2025-01-16 01:19:00 [WARN],SRV-007,Phishing,37
INC-03691,2025-03-12 21:54:00 [WARN],SRV-005,Phishing,73
INC-03692,2025-03-21_05:52:00 [ERROR],SRV-005,Ransomware,71
INC-03693,2025-10-11 06:41:00 [WARN],SRV-008, DDoS ,121
INC-03694,2025-08-30 05:55:00 [WARN],SRV-005, brute_force,56
INC-03695,2025-09-14 11:28:00 [WARN],SRV-003,Malware_Dropper,15
INC-03696,2025-06-16 02:42:00 [WARN],SRV-006,Malware_Dropper,72
INC-03697,2025-12-27 11:03:00 [WARN],SRV-005,Zero_Day,129
INC-03698,2025-07-28 17:52:00 [WARN],SRV-007, DDoS ,115
INC-03699,2025-07-03_14:47:00 [ERROR],SRV-002, SQL_Injection ,82
INC-03700,2025-10-21 20:21:00 [WARN],SRV-002,Ransomware,50
INC-03701,2025-07-28 00:45:00 [WARN],SRV-008, brute_force,45
INC-03702,2025-03-06 06:16:00 [WARN],SRV-006,Zero_Day,78
INC-03703,2025-05-24_15:03:00 [ERROR],SRV-006, SQL_Injection ,82 hrs
INC-03704,2025-05-24 03:32:00 [WARN],SRV-004,cross_site_scripting,2
INC-03705,2025-07-09 16:34:00 [WARN],SRV-002,zero_day,145
INC-03706,2025-04-18 07:17:00 [WARN],SRV-003,Ransomware,126
INC-03707,2025-05-04 16:24:00 [WARN],SRV-003,phishing,131
INC-03708,2025-01-24 17:52:00 [WARN],SRV-002,Phishing,115
INC-03709,2025-01-23 07:12:00 [WARN],SRV-003,Zero_Day,108
INC-03710,2025-03-19 00:30:00 [WARN],SRV-001, sql_injection ,113
INC-03711,2025-07-19 20:18:00 [WARN],SRV-006, DDoS ,36
INC-03712,2025-07-21 14:06:00 [WARN],SRV-003, DDoS ,17
INC-03713,2025-03-13 20:41:00 [WARN],SRV-001, SQL_Injection ,98
INC-03714,2025-12-05 17:37:00 [WARN],SRV-002,Phishing,27
INC-03715,2025-10-05 07:37:00 [WARN],SRV-001,Insider_Threat,106
INC-03716,2025-02-12 03:17:00 [WARN],SRV-006,cross_site_scripting,150
INC-03717,2025-05-06 02:02:00 [WARN],SRV-004, DDoS ,84
INC-03718,2025-01-09 22:09:00 [WARN],SRV-007, ddos ,132
INC-03719,2025-12-07 03:10:00 [WARN],SRV-001,Phishing,130
INC-03720,2025-03-22 10:15:00 [WARN],SRV-007,Zero_Day,40
INC-03721,2025-01-17 05:00:00 [WARN],SRV-007,Zero_Day,117
INC-03722,2025-04-30 00:32:00 [WARN],SRV-006,Insider_Threat,27
INC-03723,2025-11-10 03:46:00 [WARN],SRV-007, DDoS ,41
INC-03724,2025-02-02 18:57:00 [WARN],SRV-008,Cross_Site_Scripting,44
INC-03725,2025-04-28 05:26:00 [WARN],SRV-007,Ransomware,26 hrs
INC-03726,2025-01-15 05:56:00 [WARN],SRV-003, sql_injection ,138
INC-03727,2025-03-23_04:50:00 [ERROR],SRV-007, SQL_Injection ,2
INC-03728,2025-02-17 02:12:00 [WARN],SRV-003, Brute_Force,42
INC-03729,2025-06-13 04:23:00 [WARN],SRV-008,Zero_Day,20
INC-03730,2025-10-26 03:01:00 [WARN],SRV-003,malware_dropper,93
INC-03731,2025-01-09 06:28:00 [WARN],SRV-006,Ransomware,143
INC-03732,2025-05-11 09:44:00 [WARN],SRV-002,Cross_Site_Scripting,99
INC-03733,2025-09-04 03:29:00 [WARN],SRV-004,Phishing,34
INC-03734,2025-12-31 23:41:00 [WARN],SRV-008,malware_dropper,130
INC-03735,2025-01-04 17:38:00 [WARN],SRV-002, Brute_Force,12 hrs
INC-03736,2025-08-26 15:51:00 [WARN],SRV-008,phishing,105
INC-03737,2025-01-31 08:32:00 [WARN],SRV-005, DDoS ,130
INC-03738,2025-11-28 14:47:00 [WARN],SRV-007, DDoS ,50
INC-03739,2025-05-15 02:24:00 [WARN],SRV-006, sql_injection ,126
INC-03740,2025-04-09 19:33:00 [WARN],SRV-007, SQL_Injection ,124
INC-03741,2025-07-07 14:07:00 [WARN],SRV-003, Brute_Force,60
INC-03742,2025-07-16 16:58:00 [WARN],SRV-003, DDoS ,18
INC-03743,2025-11-26 23:22:00 [WARN],SRV-003,Phishing,11
INC-03744,2025-08-07 20:27:00 [WARN],SRV-003,Zero_Day,42
INC-03745,2025-08-31 06:57:00 [WARN],SRV-008,Insider_Threat,150
INC-03746,2025-06-16 01:48:00 [WARN],SRV-005,Cross_Site_Scripting,144
INC-03747,2025-06-11 00:28:00 [WARN],SRV-004,Insider_Threat,25
INC-03748,2025-04-02 06:30:00 [WARN],SRV-004,Phishing,121
INC-03749,2025-10-27_11:35:00 [ERROR],SRV-003, Brute_Force,92
INC-03750,2025-10-16 10:34:00 [WARN],SRV-002,Ransomware,81
INC-03751,2025-06-24 15:02:00 [WARN],SRV-002, DDoS ,49
INC-03752,2025-02-12 09:46:00 [WARN],SRV-004, SQL_Injection ,62
INC-03753,2025-07-02 21:30:00 [WARN],SRV-002, sql_injection ,9
INC-03754,2025-07-08_11:26:00 [ERROR],SRV-004,Cross_Site_Scripting,60
INC-03755,2025-03-27 00:03:00 [WARN],SRV-002,Ransomware,29
INC-03756,2025-04-15 10:59:00 [WARN],SRV-007,Cross_Site_Scripting,100
INC-03757,2025-10-23 01:03:00 [WARN],SRV-002,Ransomware,52
INC-03758,2025-06-11 20:42:00 [WARN],SRV-001, SQL_Injection ,81
INC-03759,2025-04-14 07:31:00 [WARN],SRV-001, SQL_Injection ,81
INC-03760,2025-01-19 03:28:00 [WARN],SRV-008,zero_day,84
INC-03761,2025-04-21 14:39:00 [WARN],SRV-002,Insider_Threat,23
INC-03762,2025-12-31 22:17:00 [WARN],SRV-003, DDoS ,45
INC-03763,2025-03-18 17:14:00 [WARN],SRV-003, sql_injection ,78
INC-03764,2025-01-23 01:22:00 [WARN],SRV-002,Malware_Dropper,36
INC-03765,2025-07-31 12:35:00 [WARN],SRV-005, ddos ,100
INC-03766,2025-09-09_14:24:00 [ERROR],SRV-002,Zero_Day,123
INC-03767,2025-06-03 15:22:00 [WARN],SRV-007,zero_day,42
INC-03768,2025-07-20 17:01:00 [WARN],SRV-002, DDoS ,88
INC-03769,2025-12-29 22:54:00 [WARN],SRV-008, DDoS ,45
INC-03770,2025-12-12 19:13:00 [WARN],SRV-008,Malware_Dropper,71
INC-03771,2025-01-19 03:37:00 [WARN],SRV-002, sql_injection ,113
INC-03772,2025-04-06 00:39:00 [WARN],SRV-004, Brute_Force,27 hrs
INC-03773,2025-11-21 02:38:00 [WARN],SRV-003, SQL_Injection ,39
INC-03774,2025-12-29 11:45:00 [WARN],SRV-008,Malware_Dropper,26
INC-03775,2025-09-30 14:32:00 [WARN],SRV-005,zero_day,7
INC-03776,2025-01-24 10:14:00 [WARN],SRV-006,Ransomware,48
INC-03777,2025-10-11 21:47:00 [WARN],SRV-007,Ransomware,46
INC-03778,2025-09-05 06:47:00 [WARN],SRV-004,Phishing,23
INC-03779,2025-06-19 07:05:00 [WARN],SRV-002,Insider_Threat,33
INC-03780,2025-12-14 05:41:00 [WARN],SRV-006, Brute_Force,86
INC-03781,2025-11-21 13:18:00 [WARN],SRV-004,Zero_Day,99
INC-03782,2025-07-27_16:11:00 [ERROR],SRV-006, DDoS ,66
INC-03783,2025-02-12 12:40:00 [WARN],SRV-008,Cross_Site_Scripting,32
INC-03784,2025-05-06 11:04:00 [WARN],SRV-001,Cross_Site_Scripting,41
INC-03785,2025-07-19 16:18:00 [WARN],SRV-004,Zero_Day,102
INC-03786,2025-06-02 10:00:00 [WARN],SRV-008,Malware_Dropper,123
INC-03787,2025-09-22_10:18:00 [ERROR],SRV-005,Cross_Site_Scripting,142
INC-03788,2025-11-18 21:27:00 [WARN],SRV-006,Insider_Threat,103
INC-03789,2025-05-24 19:15:00 [WARN],SRV-004,Ransomware,116
INC-03790,2025-09-28_12:53:00 [ERROR],SRV-004, SQL_Injection ,23
INC-03791,2025-11-19 22:59:00 [WARN],SRV-002,Ransomware,51 hrs
INC-03792,2025-01-04 16:01:00 [WARN],SRV-006,zero_day,79
INC-03793,2025-05-20 05:29:00 [WARN],SRV-006,Cross_Site_Scripting,129
INC-03794,2025-02-07 06:58:00 [WARN],SRV-006, DDoS ,3
INC-03795,2025-11-17 20:51:00 [WARN],SRV-003,Ransomware,47
INC-03796,2025-05-29 06:57:00 [WARN],SRV-004,Cross_Site_Scripting,94
INC-03797,2025-10-09 12:08:00 [WARN],SRV-008, Brute_Force,80
INC-03798,2025-09-05 16:41:00 [WARN],SRV-001, DDoS ,27
INC-03799,2025-01-21 07:37:00 [WARN],SRV-005,ransomware,41
INC-03800,2025-12-14_20:34:00 [ERROR],SRV-006, SQL_Injection ,33
INC-03801,2025-07-12 18:54:00 [WARN],SRV-004,Insider_Threat,44
INC-03802,2025-03-31 23:59:00 [WARN],SRV-007,Phishing,71
INC-03803,2025-02-28 19:20:00 [WARN],SRV-003, ddos ,42
INC-03804,2025-05-06 16:26:00 [WARN],SRV-005, Brute_Force,73
INC-03805,2025-03-09 00:32:00 [WARN],SRV-006,Cross_Site_Scripting,20
INC-03806,2025-10-30 09:53:00 [WARN],SRV-003, SQL_Injection ,132
INC-03807,2025-01-30 06:48:00 [WARN],SRV-001,Malware_Dropper,32
INC-03808,2025-05-30 13:06:00 [WARN],SRV-004,phishing,97
INC-03809,2025-06-22 05:33:00 [WARN],SRV-004, SQL_Injection ,22
INC-03810,2025-10-31 10:34:00 [WARN],SRV-008,Insider_Threat,144
INC-03811,2025-11-17 05:52:00 [WARN],SRV-003,Phishing,108
INC-03812,2025-09-12 17:40:00 [WARN],SRV-008,Ransomware,101
INC-03813,2025-12-30 15:15:00 [WARN],SRV-006, Brute_Force,101
INC-03814,2025-10-02 03:34:00 [WARN],SRV-001, Brute_Force,135
INC-03815,2025-01-13 06:19:00 [WARN],SRV-007, SQL_Injection ,7
INC-03816,2025-08-17 10:02:00 [WARN],SRV-001,Malware_Dropper,104
INC-03817,2025-08-25 09:14:00 [WARN],SRV-001,Ransomware,14
INC-03818,2025-08-07 14:02:00 [WARN],SRV-007,Ransomware,101
INC-03819,2025-05-28 04:59:00 [WARN],SRV-007, DDoS ,58
INC-03820,2025-11-06 20:21:00 [WARN],SRV-002,Phishing,61
INC-03821,2025-07-26 13:44:00 [WARN],SRV-005,malware_dropper,41
INC-03822,2025-04-24 18:14:00 [WARN],SRV-006,ransomware,103
INC-03823,2025-11-14 11:41:00 [WARN],SRV-002,Phishing,124
INC-03824,2025-11-21 04:07:00 [WARN],SRV-008,phishing,55
INC-03825,2025-05-28 23:07:00 [WARN],SRV-005, Brute_Force,144
INC-03826,2025-06-10 17:53:00 [WARN],SRV-005,Insider_Threat,44
INC-03827,2025-06-08 20:37:00 [WARN],SRV-007,Insider_Threat,79
INC-03828,2025-10-18 09:26:00 [WARN],SRV-005,Phishing,
INC-03829,2025-03-28 04:35:00 [WARN],SRV-001,Insider_Threat,119
INC-03830,2025-02-21 02:53:00 [WARN],SRV-007,insider_threat,49
INC-03831,2025-07-02 23:27:00 [WARN],SRV-002,Insider_Threat,115
INC-03832,2025-07-10 08:46:00 [WARN],SRV-007, brute_force,101
INC-03833,2025-06-12 16:48:00 [WARN],SRV-005,ransomware,150
INC-03834,2025-07-09 08:36:00 [WARN],SRV-007, SQL_Injection ,119
INC-03835,2025-10-16 17:00:00 [WARN],SRV-005, DDoS ,41
INC-03836,2025-12-01 20:14:00 [WARN],SRV-007,malware_dropper,119
INC-03837,2025-03-05 21:09:00 [WARN],SRV-001,Ransomware,86
INC-03838,2025-09-06 09:27:00 [WARN],SRV-002, Brute_Force,31
INC-03839,2025-12-11 00:41:00 [WARN],SRV-006, DDoS ,52
INC-03840,2025-09-28 17:41:00 [WARN],SRV-004,Ransomware,73
INC-03841,2025-01-25 09:47:00 [WARN],SRV-004,Phishing,64
INC-03842,2025-07-29 11:17:00 [WARN],SRV-001, brute_force,143
INC-03843,2025-03-31 02:17:00 [WARN],SRV-004,insider_threat,130
INC-03844,2025-07-31 22:01:00 [WARN],SRV-005, ddos ,115
INC-03845,2025-09-04 22:49:00 [WARN],SRV-006,Zero_Day,127
INC-03846,2025-04-11 19:10:00 [WARN],SRV-002, Brute_Force,44
INC-03847,2025-09-29 23:54:00 [WARN],SRV-002,Zero_Day,19
INC-03848,2025-05-12_18:54:00 [ERROR],SRV-006,Cross_Site_Scripting,51
INC-03849,2025-09-01 10:41:00 [WARN],SRV-005,Zero_Day,70
INC-03850,2025-08-05 15:03:00 [WARN],SRV-006,insider_threat,121
INC-03851,2025-06-09 01:26:00 [WARN],SRV-008,Ransomware,
INC-03852,2025-09-02 07:26:00 [WARN],SRV-007,Insider_Threat,145
INC-03853,2025-02-14 09:08:00 [WARN],SRV-002,Cross_Site_Scripting,5
INC-03854,2025-05-29 20:29:00 [WARN],SRV-002,Phishing,7
INC-03855,2025-05-29_09:29:00 [ERROR],SRV-004, Brute_Force,138
INC-03856,2025-03-12 13:26:00 [WARN],SRV-001, SQL_Injection ,108
INC-03857,2025-04-15 10:02:00 [WARN],SRV-007,phishing,113
INC-03858,2025-03-03 12:01:00 [WARN],SRV-003,Cross_Site_Scripting,150
INC-03859,2025-11-05 00:33:00 [WARN],SRV-007,Insider_Threat,73
INC-03860,2025-08-08 04:08:00 [WARN],SRV-004, SQL_Injection ,5
INC-03861,2025-01-23 06:46:00 [WARN],SRV-005,Zero_Day,136
INC-03862,2025-03-10_12:33:00 [ERROR],SRV-005,phishing,99
INC-03863,2025-03-25 14:14:00 [WARN],SRV-006, SQL_Injection ,84
INC-03864,2025-01-22 22:55:00 [WARN],SRV-007, DDoS ,110
INC-03865,2025-11-08 00:18:00 [WARN],SRV-007,malware_dropper,144
INC-03866,2025-04-30 06:30:00 [WARN],SRV-003, Brute_Force,142
INC-03867,2025-11-18 23:14:00 [WARN],SRV-003, DDoS ,
INC-03868,2025-09-15 03:02:00 [WARN],SRV-005,malware_dropper,125
INC-03869,2025-03-27 02:34:00 [WARN],SRV-004,ransomware,
INC-03870,2025-10-03_09:05:00 [ERROR],SRV-004, Brute_Force,65
INC-03871,2025-06-30 09:28:00 [WARN],SRV-006,ransomware,91
INC-03872,2025-02-10 11:02:00 [WARN],SRV-003,Insider_Threat,5 hrs
INC-03873,2025-08-27 12:14:00 [WARN],SRV-007,Insider_Threat,16
INC-03874,2025-03-19 22:05:00 [WARN],SRV-006,Malware_Dropper,94
INC-03875,2025-01-07 15:12:00 [WARN],SRV-001,Phishing,38
INC-03876,2025-05-06 08:52:00 [WARN],SRV-001,Ransomware,128
INC-03877,2025-07-25 06:09:00 [WARN],SRV-007,Insider_Threat,147
INC-03878,2025-12-30 12:32:00 [WARN],SRV-003, SQL_Injection ,141
INC-03879,2025-10-12 22:52:00 [WARN],SRV-002,Insider_Threat,67
INC-03880,2025-04-20_10:29:00 [ERROR],SRV-006,Ransomware,31
INC-03881,2025-07-08 22:06:00 [WARN],SRV-005,Zero_Day,104
INC-03882,2025-05-22 08:50:00 [WARN],SRV-007,Cross_Site_Scripting,25
INC-03883,2025-10-22 11:31:00 [WARN],SRV-006,Zero_Day,5
INC-03884,2025-07-24 09:28:00 [WARN],SRV-003,Malware_Dropper,
INC-03885,2025-08-10_07:40:00 [ERROR],SRV-002,Phishing,16 hrs
INC-03886,2025-06-02 18:59:00 [WARN],SRV-007,zero_day,146
INC-03887,2025-12-19 00:01:00 [WARN],SRV-007,Insider_Threat,107
INC-03888,2025-09-15_22:43:00 [ERROR],SRV-002,Ransomware,115
INC-03889,2025-02-06 16:58:00 [WARN],SRV-007,malware_dropper,64
INC-03890,2025-01-14 17:58:00 [WARN],SRV-001,Cross_Site_Scripting,58
INC-03891,2025-02-09_03:48:00 [ERROR],SRV-003, DDoS ,137
INC-03892,2025-11-29 04:45:00 [WARN],SRV-002, SQL_Injection ,126
INC-03893,2025-05-08 06:31:00 [WARN],SRV-003,Ransomware,68
INC-03894,2025-11-23 12:58:00 [WARN],SRV-007,Zero_Day,66
INC-03895,2025-05-11 02:39:00 [WARN],SRV-001,Phishing,14
INC-03896,2025-11-26 15:02:00 [WARN],SRV-005,Zero_Day,123
INC-03897,2025-04-23 07:34:00 [WARN],SRV-007, Brute_Force,106
INC-03898,2025-10-04_06:16:00 [ERROR],SRV-006,Cross_Site_Scripting,93
INC-03899,2025-07-24 20:21:00 [WARN],SRV-002,Zero_Day,60
INC-03900,2025-11-15 12:08:00 [WARN],SRV-001,Zero_Day,14
INC-03901,2025-04-25 15:35:00 [WARN],SRV-001,Zero_Day,89
INC-03902,2025-08-20 07:25:00 [WARN],SRV-001,Insider_Threat,123
INC-03903,2025-07-10 07:27:00 [WARN],SRV-006,Malware_Dropper,142
INC-03904,2025-06-07 03:24:00 [WARN],SRV-002,Insider_Threat,33
INC-03905,2025-11-20 08:53:00 [WARN],SRV-002,zero_day,34
INC-03906,2025-01-08 04:40:00 [WARN],SRV-003,Ransomware,110
INC-03907,2025-03-14 08:44:00 [WARN],SRV-002,Ransomware,117
INC-03908,2025-06-02 03:10:00 [WARN],SRV-007,Ransomware,45
INC-03909,2025-08-27 13:06:00 [WARN],SRV-008,Cross_Site_Scripting,138
INC-03910,2025-09-03_20:38:00 [ERROR],SRV-001, Brute_Force,148
INC-03911,2025-04-25 09:44:00 [WARN],SRV-003, sql_injection ,
INC-03912,2025-05-05 12:29:00 [WARN],SRV-004,Insider_Threat,89
INC-03913,2025-09-05 11:38:00 [WARN],SRV-007, SQL_Injection ,135
INC-03914,2025-01-05 00:54:00 [WARN],SRV-003,Cross_Site_Scripting,120
INC-03915,2025-09-08 15:49:00 [WARN],SRV-004,Zero_Day,4
INC-03916,2025-12-05 21:18:00 [WARN],SRV-001,Ransomware,84
INC-03917,2025-01-04 01:58:00 [WARN],SRV-008,Phishing,141 hrs
INC-03918,2025-04-21 14:31:00 [WARN],SRV-003,Ransomware,40 hrs
INC-03919,2025-11-13 10:31:00 [WARN],SRV-005,ransomware,8
INC-03920,2025-01-31 18:39:00 [WARN],SRV-002, Brute_Force,147 hrs
INC-03921,2025-02-04 12:19:00 [WARN],SRV-007, Brute_Force,31
INC-03922,2025-06-01 17:37:00 [WARN],SRV-008,Ransomware,75
INC-03923,2025-04-01 04:43:00 [WARN],SRV-002,Malware_Dropper,89
INC-03924,2025-08-06 08:46:00 [WARN],SRV-006,Phishing,119
INC-03925,2025-12-21_01:50:00 [ERROR],SRV-004,Ransomware,38
INC-03926,2025-08-23 18:35:00 [WARN],SRV-003, SQL_Injection ,98
INC-03927,2025-06-19 12:09:00 [WARN],SRV-006,Phishing,73
INC-03928,2025-11-27_20:18:00 [ERROR],SRV-004,Malware_Dropper,120
INC-03929,2025-12-31 23:11:00 [WARN],SRV-004,Zero_Day,49
INC-03930,2025-08-08 10:38:00 [WARN],SRV-001,zero_day,
INC-03931,2025-06-17 14:29:00 [WARN],SRV-008,Insider_Threat,149
INC-03932,2025-11-06 04:51:00 [WARN],SRV-002,Ransomware,41 hrs
INC-03933,2025-10-16 14:54:00 [WARN],SRV-004,Malware_Dropper,29
INC-03934,2025-02-02_12:08:00 [ERROR],SRV-003,Zero_Day,26
INC-03935,2025-11-11 00:38:00 [WARN],SRV-003,Malware_Dropper,148
INC-03936,2025-04-16 10:06:00 [WARN],SRV-003,Malware_Dropper,116
INC-03937,2025-06-26 01:38:00 [WARN],SRV-006,Phishing,127
INC-03938,2025-12-14 05:20:00 [WARN],SRV-001,zero_day,50
INC-03939,2025-05-31_03:01:00 [ERROR],SRV-003,Ransomware,9
INC-03940,2025-05-02 14:23:00 [WARN],SRV-008,Malware_Dropper,78
INC-03941,2025-11-04 14:42:00 [WARN],SRV-002,Insider_Threat,15
INC-03942,2025-09-27 12:45:00 [WARN],SRV-005, Brute_Force,115
INC-03943,2025-05-06 21:10:00 [WARN],SRV-004,Insider_Threat,94
INC-03944,2025-11-22 17:58:00 [WARN],SRV-006, Brute_Force,128
INC-03945,2025-10-01 03:01:00 [WARN],SRV-001, DDoS ,116
INC-03946,2025-12-05 02:19:00 [WARN],SRV-002,Malware_Dropper,15
INC-03947,2025-01-19 00:55:00 [WARN],SRV-003, SQL_Injection ,8
INC-03948,2025-03-08 19:42:00 [WARN],SRV-008, SQL_Injection ,148
INC-03949,2025-05-20 19:35:00 [WARN],SRV-006, brute_force,118
INC-03950,2025-07-29 20:10:00 [WARN],SRV-003, SQL_Injection ,103
INC-03951,2025-01-08 04:49:00 [WARN],SRV-004,Malware_Dropper,11
INC-03952,2025-11-05 12:11:00 [WARN],SRV-003,Phishing,12
INC-03953,2025-11-09 21:18:00 [WARN],SRV-005, SQL_Injection ,84
INC-03954,2025-08-01_07:46:00 [ERROR],SRV-008,Phishing,2
INC-03955,2025-08-25 02:52:00 [WARN],SRV-002,malware_dropper,59
INC-03956,2025-05-10 21:26:00 [WARN],SRV-003,Cross_Site_Scripting,51
INC-03957,2025-06-30 11:42:00 [WARN],SRV-005, DDoS ,135
INC-03958,2025-09-04 06:06:00 [WARN],SRV-005,Phishing,46
INC-03959,2025-10-19 05:03:00 [WARN],SRV-008, SQL_Injection ,145
INC-03960,2025-04-25 19:45:00 [WARN],SRV-008,Zero_Day,104
INC-03961,2025-07-09 03:35:00 [WARN],SRV-003,Zero_Day,27
INC-03962,2025-01-25 14:12:00 [WARN],SRV-001,Malware_Dropper,7
INC-03963,2025-11-01 20:09:00 [WARN],SRV-007,Zero_Day,142
INC-03964,2025-10-13 00:24:00 [WARN],SRV-001,Phishing,22
INC-03965,2025-07-07 22:07:00 [WARN],SRV-001, brute_force,138
INC-03966,2025-12-15 10:04:00 [WARN],SRV-005, DDoS ,119 hrs
INC-03967,2025-07-13 17:58:00 [WARN],SRV-006,Ransomware,123
INC-03968,2025-08-14 11:07:00 [WARN],SRV-007,Cross_Site_Scripting,130
INC-03969,2025-05-06 10:29:00 [WARN],SRV-006,Insider_Threat,66
INC-03970,2025-09-29 11:04:00 [WARN],SRV-004,cross_site_scripting,8
INC-03971,2025-05-06 07:10:00 [WARN],SRV-006, Brute_Force,55
INC-03972,2025-03-13 21:27:00 [WARN],SRV-002,malware_dropper,148
INC-03973,2025-02-13 15:29:00 [WARN],SRV-002,Phishing,121
INC-03974,2025-08-20 12:50:00 [WARN],SRV-001,Malware_Dropper,143
INC-03975,2025-01-26 13:15:00 [WARN],SRV-003,Zero_Day,132
INC-03976,2025-01-01 13:09:00 [WARN],SRV-004, SQL_Injection ,137
INC-03977,2025-04-15 22:52:00 [WARN],SRV-003,Phishing,144
INC-03978,2025-06-26 21:19:00 [WARN],SRV-008, Brute_Force,127
INC-03979,2025-10-18_08:51:00 [ERROR],SRV-006,insider_threat,12
INC-03980,2025-12-09 00:28:00 [WARN],SRV-003, Brute_Force,44
INC-03981,2025-05-29 08:26:00 [WARN],SRV-007, ddos ,54
INC-03982,2025-02-24 09:09:00 [WARN],SRV-002,Malware_Dropper,73
INC-03983,2025-02-22 12:50:00 [WARN],SRV-004, brute_force,69
INC-03984,2025-06-20 09:53:00 [WARN],SRV-002,Zero_Day,120
INC-03985,2025-11-18_13:43:00 [ERROR],SRV-003,ransomware,24
INC-03986,2025-05-31 19:36:00 [WARN],SRV-007,Ransomware,116
INC-03987,2025-09-10_19:38:00 [ERROR],SRV-008,Zero_Day,
INC-03988,2025-02-12 01:48:00 [WARN],SRV-008, SQL_Injection ,46
INC-03989,2025-09-07 10:16:00 [WARN],SRV-001,Cross_Site_Scripting,23
INC-03990,2025-08-05_07:40:00 [ERROR],SRV-006, SQL_Injection ,86
INC-03991,2025-01-16 16:20:00 [WARN],SRV-008,Cross_Site_Scripting,74
INC-03992,2025-09-18 18:16:00 [WARN],SRV-004,ransomware,119
INC-03993,2025-01-17 06:52:00 [WARN],SRV-003,Malware_Dropper,135
INC-03994,2025-02-08 21:15:00 [WARN],SRV-007, Brute_Force,83
INC-03995,2025-10-18 03:52:00 [WARN],SRV-003,Insider_Threat,133
INC-03996,2025-12-14 04:17:00 [WARN],SRV-001, SQL_Injection ,125
INC-03997,2025-11-01 02:29:00 [WARN],SRV-002,insider_threat,113
INC-03998,2025-12-25_19:25:00 [ERROR],SRV-002, DDoS ,75
INC-03999,2025-02-27 23:12:00 [WARN],SRV-005, SQL_Injection ,33
INC-04000,2025-10-01 23:45:00 [WARN],SRV-003,Zero_Day,
INC-04001,2025-01-12 20:59:00 [WARN],SRV-004, Brute_Force,13
INC-04002,2025-09-17_22:22:00 [ERROR],SRV-006, Brute_Force,82
INC-04003,2025-10-21 13:13:00 [WARN],SRV-002,Insider_Threat,138
INC-04004,2025-05-25 15:08:00 [WARN],SRV-002,zero_day,44
INC-04005,2025-10-28 05:11:00 [WARN],SRV-003, SQL_Injection ,74
INC-04006,2025-07-22 20:41:00 [WARN],SRV-006,Insider_Threat,14
INC-04007,2025-10-01 21:21:00 [WARN],SRV-002,Malware_Dropper,102
INC-04008,2025-04-13 14:18:00 [WARN],SRV-008,phishing,44
INC-04009,2025-03-25 13:10:00 [WARN],SRV-003,cross_site_scripting,131
INC-04010,2025-09-01 12:59:00 [WARN],SRV-007, Brute_Force,58
INC-04011,2025-08-23 03:17:00 [WARN],SRV-008,Zero_Day,58
INC-04012,2025-06-27 22:45:00 [WARN],SRV-004,Malware_Dropper,89
INC-04013,2025-05-16 23:00:00 [WARN],SRV-007, Brute_Force,111
INC-04014,2025-06-16 01:54:00 [WARN],SRV-001,cross_site_scripting,18
INC-04015,2025-12-11 18:23:00 [WARN],SRV-004, Brute_Force,84 hrs
INC-04016,2025-01-23 18:16:00 [WARN],SRV-002, brute_force,117
INC-04017,2025-01-22 06:03:00 [WARN],SRV-008,Ransomware,59
INC-04018,2025-05-19 11:18:00 [WARN],SRV-004,Insider_Threat,105
INC-04019,2025-06-11 04:21:00 [WARN],SRV-006,Zero_Day,106
INC-04020,2025-09-25 08:30:00 [WARN],SRV-005,Insider_Threat,8
INC-04021,2025-12-04 08:37:00 [WARN],SRV-003, DDoS ,67
INC-04022,2025-10-29 11:51:00 [WARN],SRV-001,Cross_Site_Scripting,82
INC-04023,2025-01-03 18:28:00 [WARN],SRV-008, sql_injection ,1
INC-04024,2025-11-23 16:11:00 [WARN],SRV-008,zero_day,45
INC-04025,2025-08-18 03:04:00 [WARN],SRV-007, DDoS ,113
INC-04026,2025-10-05 09:37:00 [WARN],SRV-008,Malware_Dropper,123
INC-04027,2025-01-15_12:04:00 [ERROR],SRV-004,Malware_Dropper,52
INC-04028,2025-09-01 13:56:00 [WARN],SRV-002, DDoS ,76
INC-04029,2025-06-16 05:46:00 [WARN],SRV-006, Brute_Force,43
INC-04030,2025-11-11 20:55:00 [WARN],SRV-003,Phishing,42
INC-04031,2025-05-04 08:42:00 [WARN],SRV-001,Zero_Day,98
INC-04032,2025-03-12_23:17:00 [ERROR],SRV-003, SQL_Injection ,52
INC-04033,2025-10-16_23:12:00 [ERROR],SRV-007,Cross_Site_Scripting,14
INC-04034,2025-08-29 10:53:00 [WARN],SRV-004,Cross_Site_Scripting,76
INC-04035,2025-02-02 07:09:00 [WARN],SRV-006,Phishing,96
INC-04036,2025-08-12 18:34:00 [WARN],SRV-004,Phishing,57
INC-04037,2025-04-27_07:45:00 [ERROR],SRV-005,Zero_Day,138
INC-04038,2025-05-01 19:16:00 [WARN],SRV-001,Phishing,71
INC-04039,2026-01-01 16:10:00 [WARN],SRV-004,Zero_Day,23
INC-04040,2025-04-15 23:02:00 [WARN],SRV-001,Zero_Day,149
INC-04041,2025-12-30 10:06:00 [WARN],SRV-004,Zero_Day,95
INC-04042,2025-03-18_04:36:00 [ERROR],SRV-005,cross_site_scripting,133
INC-04043,2025-02-21_04:33:00 [ERROR],SRV-008,Ransomware,81
INC-04044,2025-08-25 15:06:00 [WARN],SRV-003,insider_threat,35
INC-04045,2025-07-16 06:21:00 [WARN],SRV-005,Zero_Day,146
INC-04046,2025-04-20 12:19:00 [WARN],SRV-001,insider_threat,73
INC-04047,2026-01-01 15:01:00 [WARN],SRV-002, sql_injection ,51
INC-04048,2025-05-19 09:06:00 [WARN],SRV-003,Cross_Site_Scripting,105
INC-04049,2025-11-13 19:23:00 [WARN],SRV-004,phishing,105
INC-04050,2025-04-16 11:47:00 [WARN],SRV-004,Malware_Dropper,39
INC-04051,2025-03-23 08:46:00 [WARN],SRV-005, DDoS ,126
INC-04052,2025-06-25 22:22:00 [WARN],SRV-003,Phishing,150
INC-04053,2025-12-09 10:13:00 [WARN],SRV-002,Zero_Day,149
INC-04054,2025-08-09 14:53:00 [WARN],SRV-007,Malware_Dropper,65
INC-04055,2025-02-22_16:05:00 [ERROR],SRV-006, brute_force,40
INC-04056,2025-10-02 19:59:00 [WARN],SRV-002, Brute_Force,
INC-04057,2025-11-02 19:10:00 [WARN],SRV-005,Phishing,13 hrs
INC-04058,2025-03-25 07:59:00 [WARN],SRV-004,Zero_Day,150
INC-04059,2025-09-10 02:13:00 [WARN],SRV-007,Zero_Day,133
INC-04060,2025-05-10 01:38:00 [WARN],SRV-008, DDoS ,38
INC-04061,2025-04-24 19:04:00 [WARN],SRV-006,phishing,12
INC-04062,2025-02-23 18:41:00 [WARN],SRV-006,Malware_Dropper,10
INC-04063,2025-07-20 20:40:00 [WARN],SRV-005, DDoS ,16 hrs
INC-04064,2025-10-15 07:31:00 [WARN],SRV-005,ransomware,141
INC-04065,2025-12-28_00:18:00 [ERROR],SRV-004, DDoS ,131
INC-04066,2025-02-22_22:46:00 [ERROR],SRV-002,Insider_Threat,57
INC-04067,2025-01-31 17:13:00 [WARN],SRV-001,Zero_Day,36
INC-04068,2025-03-06 14:59:00 [WARN],SRV-007, Brute_Force,65
INC-04069,2025-05-28 00:25:00 [WARN],SRV-004, Brute_Force,23
INC-04070,2025-11-25_11:25:00 [ERROR],SRV-005,Malware_Dropper,104
INC-04071,2025-08-04_00:14:00 [ERROR],SRV-007,Malware_Dropper,124
INC-04072,2025-10-04 11:59:00 [WARN],SRV-004,Phishing,36
INC-04073,2026-01-01 21:03:00 [WARN],SRV-003,Insider_Threat,33
INC-04074,2025-08-24 01:26:00 [WARN],SRV-004, Brute_Force,22
INC-04075,2025-10-22 20:52:00 [WARN],SRV-007,Insider_Threat,87
INC-04076,2025-01-25 01:46:00 [WARN],SRV-003,insider_threat,145
INC-04077,2025-04-29 02:46:00 [WARN],SRV-001,Cross_Site_Scripting,67
INC-04078,2025-08-23 10:28:00 [WARN],SRV-004, DDoS ,98
INC-04079,2025-09-18 07:01:00 [WARN],SRV-005, Brute_Force,80
INC-04080,2025-10-16 09:12:00 [WARN],SRV-004, SQL_Injection ,101
INC-04081,2025-04-20 19:47:00 [WARN],SRV-005,Ransomware,8
INC-04082,2025-10-13 04:07:00 [WARN],SRV-007,Phishing,80
INC-04083,2025-11-18 23:36:00 [WARN],SRV-007,Zero_Day,18
INC-04084,2025-02-08 22:46:00 [WARN],SRV-001,Zero_Day,92 hrs
INC-04085,2025-05-16 06:20:00 [WARN],SRV-005,Malware_Dropper,137
INC-04086,2025-11-28 14:48:00 [WARN],SRV-006,Cross_Site_Scripting,75
INC-04087,2025-12-14 23:06:00 [WARN],SRV-002,phishing,34
INC-04088,2025-05-26 13:39:00 [WARN],SRV-001,Zero_Day,32
INC-04089,2025-09-11 02:04:00 [WARN],SRV-003,zero_day,34
INC-04090,2025-02-22 04:08:00 [WARN],SRV-008,phishing,53
INC-04091,2025-05-13 10:23:00 [WARN],SRV-002,Zero_Day,72
INC-04092,2025-03-20 18:04:00 [WARN],SRV-001, Brute_Force,60
INC-04093,2025-09-09 22:19:00 [WARN],SRV-008,cross_site_scripting,148
INC-04094,2025-09-04 08:32:00 [WARN],SRV-003, Brute_Force,138
INC-04095,2025-02-13 03:01:00 [WARN],SRV-007, sql_injection ,57
INC-04096,2025-03-31 00:42:00 [WARN],SRV-002,zero_day,52
INC-04097,2025-08-24 05:46:00 [WARN],SRV-006,zero_day,28 hrs
INC-04098,2025-08-24 21:07:00 [WARN],SRV-007,insider_threat,101
INC-04099,2025-11-28 09:43:00 [WARN],SRV-006,Insider_Threat,100
INC-04100,2025-05-29 18:20:00 [WARN],SRV-005, DDoS ,43
INC-04101,2025-06-04 03:42:00 [WARN],SRV-001, Brute_Force,117
INC-04102,2025-01-01 23:51:00 [WARN],SRV-003, Brute_Force,141
INC-04103,2025-01-31 23:41:00 [WARN],SRV-002, DDoS ,1
INC-04104,2025-11-25 19:21:00 [WARN],SRV-008,Ransomware,115
INC-04105,2025-02-27 04:42:00 [WARN],SRV-007,insider_threat,140
INC-04106,2025-03-17 00:42:00 [WARN],SRV-001,Malware_Dropper,76
INC-04107,2025-01-16 12:14:00 [WARN],SRV-004,Zero_Day,73
INC-04108,2025-04-02 20:22:00 [WARN],SRV-005,Cross_Site_Scripting,140
INC-04109,2025-03-27 03:06:00 [WARN],SRV-002,Zero_Day,108
INC-04110,2025-10-21 21:38:00 [WARN],SRV-001,Insider_Threat,108
INC-04111,2025-05-29 17:44:00 [WARN],SRV-002,Phishing,91
INC-04112,2025-08-11 12:08:00 [WARN],SRV-006,Cross_Site_Scripting,37
INC-04113,2025-10-13 11:09:00 [WARN],SRV-001,Cross_Site_Scripting,91
INC-04114,2025-09-09 22:33:00 [WARN],SRV-004,Insider_Threat,67
INC-04115,2025-07-17 08:58:00 [WARN],SRV-003,Cross_Site_Scripting,149
INC-04116,2025-11-04_21:44:00 [ERROR],SRV-002,Zero_Day,76 hrs
INC-04117,2025-11-09 07:17:00 [WARN],SRV-001,Malware_Dropper,107
INC-04118,2025-07-19 07:59:00 [WARN],SRV-005, ddos ,115
INC-04119,2025-03-21 11:29:00 [WARN],SRV-003,Zero_Day,12
INC-04120,2025-10-29 12:32:00 [WARN],SRV-006,Malware_Dropper,37
INC-04121,2025-01-18 22:25:00 [WARN],SRV-002,Phishing,33
INC-04122,2025-09-28 01:34:00 [WARN],SRV-003,Ransomware,104
INC-04123,2025-10-02 18:08:00 [WARN],SRV-006,Cross_Site_Scripting,78
INC-04124,2025-01-31 06:44:00 [WARN],SRV-003, Brute_Force,81
INC-04125,2025-07-08 07:46:00 [WARN],SRV-002, sql_injection ,101
INC-04126,2025-03-19 13:09:00 [WARN],SRV-007,malware_dropper,29
INC-04127,2025-04-11 16:49:00 [WARN],SRV-008,Insider_Threat,39
INC-04128,2025-08-13 10:45:00 [WARN],SRV-008, sql_injection ,74
INC-04129,2025-10-29 11:24:00 [WARN],SRV-008, SQL_Injection ,133
INC-04130,2025-07-02 12:22:00 [WARN],SRV-006,Insider_Threat,9
INC-04131,2025-10-01 18:46:00 [WARN],SRV-004,malware_dropper,54
INC-04132,2025-08-13 00:39:00 [WARN],SRV-004,Phishing,76
INC-04133,2025-05-02 22:38:00 [WARN],SRV-004,Cross_Site_Scripting,5
INC-04134,2026-01-01 09:31:00 [WARN],SRV-005,Ransomware,31
INC-04135,2025-03-07 21:19:00 [WARN],SRV-006,Cross_Site_Scripting,148
INC-04136,2025-01-20 12:55:00 [WARN],SRV-008, SQL_Injection ,57
INC-04137,2025-07-06 18:26:00 [WARN],SRV-003, SQL_Injection ,43 hrs
INC-04138,2025-05-07 01:08:00 [WARN],SRV-007, brute_force,144
INC-04139,2025-06-02_01:12:00 [ERROR],SRV-007,Insider_Threat,122
INC-04140,2025-12-10 01:19:00 [WARN],SRV-002,Cross_Site_Scripting,57
INC-04141,2025-01-28 22:01:00 [WARN],SRV-005,malware_dropper,58
INC-04142,2025-07-19 19:38:00 [WARN],SRV-007,Cross_Site_Scripting,93
INC-04143,2025-06-01 03:20:00 [WARN],SRV-006,Cross_Site_Scripting,42
INC-04144,2025-03-20_06:10:00 [ERROR],SRV-005,Ransomware,137
INC-04145,2026-01-01 14:03:00 [WARN],SRV-002,Insider_Threat,118
INC-04146,2025-12-09_16:33:00 [ERROR],SRV-008, Brute_Force,110
INC-04147,2025-04-25 18:44:00 [WARN],SRV-006,ransomware,59 hrs
INC-04148,2025-03-18 08:36:00 [WARN],SRV-003,Phishing,92
INC-04149,2025-02-28 11:43:00 [WARN],SRV-004,Insider_Threat,2
INC-04150,2025-01-11 01:23:00 [WARN],SRV-006, ddos ,113
INC-04151,2025-03-03 00:07:00 [WARN],SRV-005, DDoS ,147
INC-04152,2025-05-31 13:10:00 [WARN],SRV-004,Zero_Day,85
INC-04153,2025-06-09 11:31:00 [WARN],SRV-001,Cross_Site_Scripting,84
INC-04154,2025-05-28 04:56:00 [WARN],SRV-008,Phishing,64
INC-04155,2025-02-07 01:23:00 [WARN],SRV-003, DDoS ,2
INC-04156,2025-07-14 07:19:00 [WARN],SRV-006,Zero_Day,58
INC-04157,2025-09-14 17:36:00 [WARN],SRV-006,Malware_Dropper,53 hrs
INC-04158,2025-05-12 04:43:00 [WARN],SRV-007, ddos ,138
INC-04159,2025-08-18 07:23:00 [WARN],SRV-005, DDoS ,149
INC-04160,2025-04-08 11:16:00 [WARN],SRV-002, Brute_Force,38
INC-04161,2025-04-03 13:54:00 [WARN],SRV-007,Phishing,39
INC-04162,2025-06-29 18:37:00 [WARN],SRV-003,Malware_Dropper,12
INC-04163,2025-08-06 14:37:00 [WARN],SRV-005, brute_force,72
INC-04164,2025-01-30 09:18:00 [WARN],SRV-005, Brute_Force,83
INC-04165,2025-05-31 16:07:00 [WARN],SRV-001,Phishing,33
INC-04166,2025-11-15 17:36:00 [WARN],SRV-001, SQL_Injection ,27
INC-04167,2025-04-23 11:07:00 [WARN],SRV-007,Ransomware,1
INC-04168,2025-10-04 23:51:00 [WARN],SRV-004, Brute_Force,54
INC-04169,2025-04-11 04:07:00 [WARN],SRV-003, SQL_Injection ,124
INC-04170,2025-06-04_20:19:00 [ERROR],SRV-002,Ransomware,114
INC-04171,2025-12-13 08:33:00 [WARN],SRV-007, brute_force,39
INC-04172,2025-03-08 20:03:00 [WARN],SRV-001, SQL_Injection ,138
INC-04173,2025-05-12 21:25:00 [WARN],SRV-002,Zero_Day,113
INC-04174,2025-12-16 09:29:00 [WARN],SRV-007, Brute_Force,71
INC-04175,2025-08-24 19:12:00 [WARN],SRV-008, SQL_Injection ,121
INC-04176,2025-02-17 18:58:00 [WARN],SRV-007,Phishing,69
INC-04177,2025-03-27 05:30:00 [WARN],SRV-001, SQL_Injection ,82
INC-04178,2025-06-08 16:52:00 [WARN],SRV-007,cross_site_scripting,118
INC-04179,2025-08-29 11:45:00 [WARN],SRV-001, SQL_Injection ,86
INC-04180,2025-11-18 23:26:00 [WARN],SRV-003,Insider_Threat,52
INC-04181,2025-08-30_20:55:00 [ERROR],SRV-002, SQL_Injection ,18
INC-04182,2025-10-17 15:42:00 [WARN],SRV-003,Malware_Dropper,139
INC-04183,2025-02-21 14:20:00 [WARN],SRV-002, DDoS ,79
INC-04184,2025-06-04 01:24:00 [WARN],SRV-004,Phishing,124
INC-04185,2025-07-04 10:51:00 [WARN],SRV-002,Cross_Site_Scripting,43
INC-04186,2025-06-14 01:12:00 [WARN],SRV-008, DDoS ,107
INC-04187,2025-07-29 08:06:00 [WARN],SRV-005,ransomware,140
INC-04188,2025-08-20 19:35:00 [WARN],SRV-007, Brute_Force,91
INC-04189,2025-03-01 12:53:00 [WARN],SRV-007, SQL_Injection ,26
INC-04190,2025-09-28 01:41:00 [WARN],SRV-007,Malware_Dropper,36
INC-04191,2025-04-12 16:55:00 [WARN],SRV-006,Phishing,49
INC-04192,2025-11-04 07:00:00 [WARN],SRV-005,Ransomware,48
INC-04193,2025-03-24 18:39:00 [WARN],SRV-005,zero_day,83
INC-04194,2025-09-18 14:27:00 [WARN],SRV-002,Insider_Threat,87
INC-04195,2025-09-10 21:22:00 [WARN],SRV-006, Brute_Force,127
INC-04196,2025-07-01_09:25:00 [ERROR],SRV-001,Insider_Threat,77
INC-04197,2025-09-12 07:44:00 [WARN],SRV-006,Phishing,112
INC-04198,2025-10-06 14:11:00 [WARN],SRV-002,Ransomware,114
INC-04199,2025-01-11 01:04:00 [WARN],SRV-006, Brute_Force,24
INC-04200,2025-01-09 06:26:00 [WARN],SRV-005,insider_threat,61
INC-04201,2025-06-09 12:02:00 [WARN],SRV-008,malware_dropper,62
INC-04202,2025-03-24_20:44:00 [ERROR],SRV-007,Phishing,115
INC-04203,2025-03-20 06:05:00 [WARN],SRV-001,phishing,75
INC-04204,2025-02-04 11:40:00 [WARN],SRV-002, Brute_Force,46
INC-04205,2025-03-06 08:21:00 [WARN],SRV-005, Brute_Force,147
INC-04206,2025-12-29 01:41:00 [WARN],SRV-004, SQL_Injection ,95
INC-04207,2025-09-14 02:27:00 [WARN],SRV-001,Ransomware,10
INC-04208,2025-07-26 17:39:00 [WARN],SRV-007,Phishing,33
INC-04209,2025-01-29 12:20:00 [WARN],SRV-004,Cross_Site_Scripting,40
INC-04210,2025-01-03 02:11:00 [WARN],SRV-006,Insider_Threat,8
INC-04211,2025-07-27 05:04:00 [WARN],SRV-007,Cross_Site_Scripting,83
INC-04212,2025-06-27 00:08:00 [WARN],SRV-005, Brute_Force,20 hrs
INC-04213,2025-06-15 03:54:00 [WARN],SRV-005, SQL_Injection ,37
INC-04214,2025-08-18 17:00:00 [WARN],SRV-002, SQL_Injection ,28
INC-04215,2025-01-10 22:34:00 [WARN],SRV-008, Brute_Force,128
INC-04216,2025-04-03 04:55:00 [WARN],SRV-001,Cross_Site_Scripting,142
INC-04217,2025-01-18 16:35:00 [WARN],SRV-001, Brute_Force,102
INC-04218,2025-12-06 21:51:00 [WARN],SRV-003,zero_day,110
INC-04219,2025-11-29 09:38:00 [WARN],SRV-007, ddos ,27
INC-04220,2025-08-05 23:54:00 [WARN],SRV-004, SQL_Injection ,20
INC-04221,2025-01-23 08:35:00 [WARN],SRV-004,phishing,78
INC-04222,2025-08-29 17:58:00 [WARN],SRV-005,ransomware,
INC-04223,2025-02-02 17:37:00 [WARN],SRV-003,Ransomware,109
INC-04224,2025-03-10 08:01:00 [WARN],SRV-004,malware_dropper,146
INC-04225,2025-04-10 14:08:00 [WARN],SRV-008,insider_threat,127
INC-04226,2025-07-23 12:03:00 [WARN],SRV-006,Zero_Day,32
INC-04227,2025-06-22 02:05:00 [WARN],SRV-003, SQL_Injection ,36
INC-04228,2025-12-03_02:39:00 [ERROR],SRV-003, Brute_Force,91
INC-04229,2025-10-22 13:57:00 [WARN],SRV-002,Insider_Threat,18
INC-04230,2025-11-21 22:44:00 [WARN],SRV-001,Cross_Site_Scripting,104
INC-04231,2025-12-16_22:44:00 [ERROR],SRV-006, SQL_Injection ,110
INC-04232,2025-12-28 16:29:00 [WARN],SRV-001,Phishing,14
INC-04233,2025-09-23 02:17:00 [WARN],SRV-003,Ransomware,117
INC-04234,2025-03-10 05:19:00 [WARN],SRV-004,Phishing,102
INC-04235,2025-07-19 11:39:00 [WARN],SRV-002, DDoS ,141
INC-04236,2025-04-05 15:12:00 [WARN],SRV-002, DDoS ,124
INC-04237,2025-07-13 01:07:00 [WARN],SRV-008,Phishing,61
INC-04238,2025-05-21 00:10:00 [WARN],SRV-002,Cross_Site_Scripting,81
INC-04239,2025-12-30 08:15:00 [WARN],SRV-001, Brute_Force,16
INC-04240,2025-08-12 06:50:00 [WARN],SRV-005,Cross_Site_Scripting,27
INC-04241,2025-06-25 22:49:00 [WARN],SRV-007,Malware_Dropper,78
INC-04242,2025-09-07 07:41:00 [WARN],SRV-004,Ransomware,81
INC-04243,2025-11-11 06:17:00 [WARN],SRV-005, ddos ,34
INC-04244,2025-11-21 12:49:00 [WARN],SRV-005, DDoS ,27
INC-04245,2025-04-29 00:20:00 [WARN],SRV-007,Insider_Threat,146
INC-04246,2025-11-04 15:52:00 [WARN],SRV-008,zero_day,30
INC-04247,2025-06-22 08:24:00 [WARN],SRV-007,Zero_Day,135
INC-04248,2025-05-03 08:39:00 [WARN],SRV-004,Malware_Dropper,97
INC-04249,2025-02-05 19:04:00 [WARN],SRV-007,Zero_Day,19
INC-04250,2025-03-11 04:37:00 [WARN],SRV-008,Malware_Dropper,119
INC-04251,2025-02-25_23:35:00 [ERROR],SRV-004, brute_force,131
INC-04252,2025-07-02_07:41:00 [ERROR],SRV-008,Insider_Threat,128
INC-04253,2025-07-03 14:40:00 [WARN],SRV-008,Zero_Day,61
INC-04254,2025-07-28 02:28:00 [WARN],SRV-008,ransomware,42
INC-04255,2025-09-25_22:30:00 [ERROR],SRV-003,Ransomware,142
INC-04256,2025-06-05_01:57:00 [ERROR],SRV-003,Zero_Day,97 hrs
INC-04257,2025-12-02 16:53:00 [WARN],SRV-006,cross_site_scripting,146
INC-04258,2025-03-04 17:34:00 [WARN],SRV-003, DDoS ,108
INC-04259,2025-08-07 06:30:00 [WARN],SRV-006,Phishing,91
INC-04260,2025-06-24 19:25:00 [WARN],SRV-003,Cross_Site_Scripting,88
INC-04261,2025-11-09 19:54:00 [WARN],SRV-002,Zero_Day,47
INC-04262,2025-02-19 05:10:00 [WARN],SRV-002,Malware_Dropper,61
INC-04263,2025-01-01 19:19:00 [WARN],SRV-004,Malware_Dropper,70
INC-04264,2025-09-29 01:26:00 [WARN],SRV-002,Malware_Dropper,109
INC-04265,2025-12-05 17:13:00 [WARN],SRV-003, SQL_Injection ,58
INC-04266,2025-01-24 02:11:00 [WARN],SRV-006,Cross_Site_Scripting,133
INC-04267,2025-02-10 12:29:00 [WARN],SRV-007, SQL_Injection ,27
INC-04268,2025-08-07 00:16:00 [WARN],SRV-002, brute_force,6
INC-04269,2025-02-16_11:51:00 [ERROR],SRV-006,Phishing,44
INC-04270,2025-09-26 22:17:00 [WARN],SRV-006,Zero_Day,133 hrs
INC-04271,2025-05-02 05:13:00 [WARN],SRV-002,ransomware,140
INC-04272,2025-01-10 13:46:00 [WARN],SRV-007,Malware_Dropper,12
INC-04273,2025-06-08 00:46:00 [WARN],SRV-002,Cross_Site_Scripting,6
INC-04274,2025-04-04 07:32:00 [WARN],SRV-006, Brute_Force,1
INC-04275,2025-09-02 01:18:00 [WARN],SRV-002,phishing,43
INC-04276,2025-11-22 14:51:00 [WARN],SRV-001,Cross_Site_Scripting,2
INC-04277,2025-04-22 12:38:00 [WARN],SRV-004,ransomware,91
INC-04278,2025-02-16 04:52:00 [WARN],SRV-003, SQL_Injection ,92
INC-04279,2025-10-07 08:46:00 [WARN],SRV-007, DDoS ,6
INC-04280,2025-01-03 23:20:00 [WARN],SRV-003,ransomware,104
INC-04281,2025-10-26 04:21:00 [WARN],SRV-003,Malware_Dropper,139
INC-04282,2025-10-12 10:06:00 [WARN],SRV-008,Zero_Day,125
INC-04283,2025-11-02 08:28:00 [WARN],SRV-007,Malware_Dropper,96
INC-04284,2025-06-27 23:48:00 [WARN],SRV-006, DDoS ,110
INC-04285,2025-10-08 17:31:00 [WARN],SRV-006,zero_day,16
INC-04286,2025-01-12 21:44:00 [WARN],SRV-004,Ransomware,76
INC-04287,2025-04-11 06:19:00 [WARN],SRV-007, Brute_Force,111
INC-04288,2025-08-12 06:50:00 [WARN],SRV-006,Zero_Day,125
INC-04289,2025-12-29 21:02:00 [WARN],SRV-001,Phishing,138
INC-04290,2025-11-16 13:02:00 [WARN],SRV-004,Phishing,97
INC-04291,2025-09-13 14:31:00 [WARN],SRV-001,Insider_Threat,115
INC-04292,2025-09-10 11:27:00 [WARN],SRV-003, DDoS ,122 hrs
INC-04293,2025-04-03 01:07:00 [WARN],SRV-008,Zero_Day,6 hrs
INC-04294,2025-05-27 16:46:00 [WARN],SRV-001,Insider_Threat,35 hrs
INC-04295,2025-05-14 19:20:00 [WARN],SRV-004, DDoS ,95
INC-04296,2025-06-11 15:45:00 [WARN],SRV-002,Malware_Dropper,58
INC-04297,2025-12-28 04:11:00 [WARN],SRV-001,ransomware,94
INC-04298,2025-01-22 21:15:00 [WARN],SRV-006,Zero_Day,141
INC-04299,2025-07-10_21:18:00 [ERROR],SRV-003,Cross_Site_Scripting,99
INC-04300,2025-12-09 05:41:00 [WARN],SRV-006,Ransomware,79
INC-04301,2025-04-20 18:49:00 [WARN],SRV-007,Malware_Dropper,40
INC-04302,2025-02-05 18:10:00 [WARN],SRV-005, Brute_Force,14
INC-04303,2025-05-22 01:44:00 [WARN],SRV-002,Malware_Dropper,37
INC-04304,2025-09-07 00:27:00 [WARN],SRV-004,Cross_Site_Scripting,122
INC-04305,2025-07-17 07:03:00 [WARN],SRV-001,Ransomware,126
INC-04306,2025-02-14 09:53:00 [WARN],SRV-006, ddos ,92
INC-04307,2025-08-10 19:30:00 [WARN],SRV-007,insider_threat,127
INC-04308,2025-12-30 01:49:00 [WARN],SRV-006, ddos ,91
INC-04309,2025-10-20_18:31:00 [ERROR],SRV-007,Insider_Threat,62
INC-04310,2025-11-29 22:27:00 [WARN],SRV-006,Phishing,53
INC-04311,2025-07-14 00:49:00 [WARN],SRV-007, DDoS ,144
INC-04312,2025-12-28 00:49:00 [WARN],SRV-007,Malware_Dropper,145
INC-04313,2025-10-12_01:58:00 [ERROR],SRV-006,Insider_Threat,41
INC-04314,2025-05-22 14:51:00 [WARN],SRV-004,Ransomware,24
INC-04315,2025-02-16 11:35:00 [WARN],SRV-006,Ransomware,131
INC-04316,2025-01-25 21:14:00 [WARN],SRV-004,Insider_Threat,126
INC-04317,2025-07-08 21:08:00 [WARN],SRV-003,phishing,42
INC-04318,2025-07-28 01:38:00 [WARN],SRV-006,Cross_Site_Scripting,51
INC-04319,2025-02-02_01:49:00 [ERROR],SRV-004,Ransomware,16
INC-04320,2025-11-10 20:58:00 [WARN],SRV-007, DDoS ,40
INC-04321,2025-07-15 02:11:00 [WARN],SRV-008,ransomware,85
INC-04322,2025-05-18 21:45:00 [WARN],SRV-004,Insider_Threat,32
INC-04323,2025-12-28 02:45:00 [WARN],SRV-004,Malware_Dropper,128
INC-04324,2025-07-25 20:59:00 [WARN],SRV-008, DDoS ,134
INC-04325,2025-12-18 16:09:00 [WARN],SRV-008,Malware_Dropper,59
INC-04326,2025-08-25 23:36:00 [WARN],SRV-007,Insider_Threat,116
INC-04327,2025-01-24 08:18:00 [WARN],SRV-008,Ransomware,92
INC-04328,2025-04-09 18:29:00 [WARN],SRV-007,phishing,57
INC-04329,2025-04-10 15:55:00 [WARN],SRV-004,Cross_Site_Scripting,121
INC-04330,2025-03-11 21:11:00 [WARN],SRV-005,Zero_Day,133
INC-04331,2025-01-26 22:40:00 [WARN],SRV-001,Phishing,46
INC-04332,2025-03-03 01:10:00 [WARN],SRV-004,Insider_Threat,141
INC-04333,2025-04-24 22:11:00 [WARN],SRV-006, SQL_Injection ,133 hrs
INC-04334,2025-09-06 23:07:00 [WARN],SRV-003, DDoS ,79
INC-04335,2025-08-12 19:35:00 [WARN],SRV-007,phishing,73
INC-04336,2025-10-14 04:45:00 [WARN],SRV-004, SQL_Injection ,20
INC-04337,2025-09-27 06:31:00 [WARN],SRV-001, DDoS ,44
INC-04338,2025-06-28 14:53:00 [WARN],SRV-006,Malware_Dropper,81
INC-04339,2025-07-02 21:43:00 [WARN],SRV-008, DDoS ,123
INC-04340,2025-10-18 22:04:00 [WARN],SRV-007, DDoS ,65
INC-04341,2025-12-29 16:26:00 [WARN],SRV-008, SQL_Injection ,42
INC-04342,2025-11-18 19:47:00 [WARN],SRV-004,Insider_Threat,55
INC-04343,2025-11-08 09:19:00 [WARN],SRV-006,Ransomware,103
INC-04344,2025-09-18 17:15:00 [WARN],SRV-006, Brute_Force,122
INC-04345,2025-10-17 13:36:00 [WARN],SRV-007, SQL_Injection ,88
INC-04346,2025-07-16 15:23:00 [WARN],SRV-007, SQL_Injection ,100
INC-04347,2025-10-27_20:44:00 [ERROR],SRV-006, SQL_Injection ,13
INC-04348,2025-01-28 01:24:00 [WARN],SRV-001,insider_threat,80
INC-04349,2025-03-31_02:14:00 [ERROR],SRV-001,Phishing,92
INC-04350,2025-08-14 04:21:00 [WARN],SRV-002,Cross_Site_Scripting,76
INC-04351,2025-07-04 10:55:00 [WARN],SRV-008,Insider_Threat,25
INC-04352,2025-12-01 02:59:00 [WARN],SRV-003,Zero_Day,150
INC-04353,2025-01-23 16:26:00 [WARN],SRV-006,Phishing,141
INC-04354,2025-03-29 17:29:00 [WARN],SRV-007,Phishing,3
INC-04355,2025-07-28 19:02:00 [WARN],SRV-008,Ransomware,110
INC-04356,2025-11-02 22:52:00 [WARN],SRV-003, Brute_Force,71 hrs
INC-04357,2025-09-27 17:14:00 [WARN],SRV-004,Ransomware,130
INC-04358,2025-11-28 23:12:00 [WARN],SRV-002,malware_dropper,111
INC-04359,2025-05-28_15:16:00 [ERROR],SRV-005, brute_force,50
INC-04360,2025-11-04 04:18:00 [WARN],SRV-005,ransomware,
INC-04361,2025-08-16_02:00:00 [ERROR],SRV-005,Cross_Site_Scripting,85
INC-04362,2025-07-04 22:46:00 [WARN],SRV-002, Brute_Force,32
INC-04363,2025-03-11 01:36:00 [WARN],SRV-005, sql_injection ,89
INC-04364,2025-08-19 21:48:00 [WARN],SRV-005, Brute_Force,7
INC-04365,2025-10-23 09:38:00 [WARN],SRV-003,Zero_Day,69
INC-04366,2025-11-07 04:33:00 [WARN],SRV-006,Ransomware,27 hrs
INC-04367,2025-03-16 18:29:00 [WARN],SRV-005, SQL_Injection ,58
INC-04368,2025-05-09 00:41:00 [WARN],SRV-003,Zero_Day,90
INC-04369,2025-09-01 22:15:00 [WARN],SRV-004,Malware_Dropper,40
INC-04370,2025-04-01 18:06:00 [WARN],SRV-002,Cross_Site_Scripting,62
INC-04371,2025-10-20 19:11:00 [WARN],SRV-003,Insider_Threat,43
INC-04372,2025-09-19_08:56:00 [ERROR],SRV-002,Cross_Site_Scripting,46 hrs
INC-04373,2025-07-26 23:14:00 [WARN],SRV-007,Cross_Site_Scripting,128
INC-04374,2025-02-13 22:01:00 [WARN],SRV-008,Phishing,122
INC-04375,2025-02-08 07:54:00 [WARN],SRV-006,zero_day,43
INC-04376,2025-11-02 12:53:00 [WARN],SRV-005, Brute_Force,30
INC-04377,2025-12-10 15:43:00 [WARN],SRV-001, SQL_Injection ,35
INC-04378,2025-01-19 05:00:00 [WARN],SRV-005, Brute_Force,92
INC-04379,2025-08-29_05:20:00 [ERROR],SRV-008,Phishing,123
INC-04380,2025-02-01 02:07:00 [WARN],SRV-001,Insider_Threat,69
INC-04381,2025-11-12 00:32:00 [WARN],SRV-003, sql_injection ,32
INC-04382,2025-09-16 17:26:00 [WARN],SRV-001, SQL_Injection ,52
INC-04383,2025-04-16 22:45:00 [WARN],SRV-007,Phishing,38
INC-04384,2025-02-24 18:01:00 [WARN],SRV-005, ddos ,131
INC-04385,2025-01-27 00:11:00 [WARN],SRV-006,Insider_Threat,8
INC-04386,2025-11-04 21:21:00 [WARN],SRV-007,Zero_Day,83 hrs
INC-04387,2025-11-28 11:37:00 [WARN],SRV-005,Insider_Threat,72
INC-04388,2025-10-01_14:54:00 [ERROR],SRV-007,Malware_Dropper,111
INC-04389,2025-11-29 17:58:00 [WARN],SRV-008, Brute_Force,80
INC-04390,2025-09-15 16:45:00 [WARN],SRV-007, Brute_Force,72
INC-04391,2025-09-22 02:20:00 [WARN],SRV-003, SQL_Injection ,126
INC-04392,2025-09-07 13:28:00 [WARN],SRV-003,Zero_Day,16
INC-04393,2025-05-14 11:18:00 [WARN],SRV-005, brute_force,82
INC-04394,2025-09-06 16:22:00 [WARN],SRV-007,Ransomware,114
INC-04395,2025-04-23 08:21:00 [WARN],SRV-003,insider_threat,141
INC-04396,2025-11-11 04:17:00 [WARN],SRV-005,Ransomware,15
INC-04397,2025-02-01 18:14:00 [WARN],SRV-005,Insider_Threat,35
INC-04398,2025-09-12 16:29:00 [WARN],SRV-003,cross_site_scripting,7
INC-04399,2025-11-23 15:36:00 [WARN],SRV-004,Cross_Site_Scripting,73
INC-04400,2025-01-29 17:12:00 [WARN],SRV-006,Zero_Day,58
INC-04401,2025-07-30 06:58:00 [WARN],SRV-005, SQL_Injection ,135
INC-04402,2025-12-02_02:42:00 [ERROR],SRV-008,Zero_Day,61
INC-04403,2025-03-10 18:11:00 [WARN],SRV-006,Zero_Day,20
INC-04404,2025-09-15 23:16:00 [WARN],SRV-003,ransomware,81
INC-04405,2025-04-16 23:46:00 [WARN],SRV-006,Insider_Threat,38
INC-04406,2025-10-18 07:27:00 [WARN],SRV-008, DDoS ,86
INC-04407,2025-08-03 04:55:00 [WARN],SRV-005, DDoS ,50 hrs
INC-04408,2025-05-01 16:58:00 [WARN],SRV-002,ransomware,85
INC-04409,2025-09-29 02:17:00 [WARN],SRV-004,insider_threat,150
INC-04410,2025-10-08 00:24:00 [WARN],SRV-007, SQL_Injection ,11
INC-04411,2025-04-20_23:14:00 [ERROR],SRV-002,zero_day,85
INC-04412,2025-11-29 03:35:00 [WARN],SRV-007, SQL_Injection ,45
INC-04413,2025-07-18_08:33:00 [ERROR],SRV-001,Insider_Threat,22
INC-04414,2025-07-21 11:09:00 [WARN],SRV-002,Malware_Dropper,131
INC-04415,2025-10-16 13:55:00 [WARN],SRV-005,Zero_Day,64
INC-04416,2025-06-11 22:30:00 [WARN],SRV-007,Ransomware,147
INC-04417,2025-12-18 16:21:00 [WARN],SRV-002,Insider_Threat,66
INC-04418,2025-07-13 18:23:00 [WARN],SRV-004, Brute_Force,109
INC-04419,2025-03-26 20:31:00 [WARN],SRV-003,Insider_Threat,150
INC-04420,2025-11-22 02:06:00 [WARN],SRV-002,malware_dropper,110
INC-04421,2025-10-04 18:12:00 [WARN],SRV-002,Ransomware,76
INC-04422,2025-03-04 04:37:00 [WARN],SRV-008, sql_injection ,15
INC-04423,2025-12-28 23:43:00 [WARN],SRV-003,cross_site_scripting,113
INC-04424,2025-07-16 23:57:00 [WARN],SRV-005, SQL_Injection ,5
INC-04425,2025-06-15 09:31:00 [WARN],SRV-002,Insider_Threat,50
INC-04426,2025-06-26 00:14:00 [WARN],SRV-005, Brute_Force,83
INC-04427,2025-09-09 11:34:00 [WARN],SRV-007,malware_dropper,104
INC-04428,2025-10-15 18:57:00 [WARN],SRV-002,Malware_Dropper,15
INC-04429,2025-10-02 21:45:00 [WARN],SRV-002, sql_injection ,101
INC-04430,2025-03-11 06:31:00 [WARN],SRV-004, Brute_Force,32
INC-04431,2025-11-02 08:40:00 [WARN],SRV-006,Ransomware,118
INC-04432,2025-05-10 16:32:00 [WARN],SRV-007, DDoS ,91
INC-04433,2025-10-28 06:26:00 [WARN],SRV-003,Zero_Day,27
INC-04434,2025-12-21_00:11:00 [ERROR],SRV-007,Phishing,11
INC-04435,2025-07-18 11:18:00 [WARN],SRV-008,Insider_Threat,2
INC-04436,2025-02-19 12:32:00 [WARN],SRV-004,Phishing,17
INC-04437,2025-11-16 16:11:00 [WARN],SRV-002,Zero_Day,55
INC-04438,2025-12-03 01:59:00 [WARN],SRV-003, DDoS ,98
INC-04439,2025-02-05 10:40:00 [WARN],SRV-001,Phishing,61
INC-04440,2025-07-14 00:50:00 [WARN],SRV-001,Ransomware,18
INC-04441,2025-04-02 08:31:00 [WARN],SRV-006, DDoS ,101
INC-04442,2025-06-10_14:15:00 [ERROR],SRV-007,Ransomware,30
INC-04443,2025-12-02 22:41:00 [WARN],SRV-002, DDoS ,20
INC-04444,2025-05-26 15:02:00 [WARN],SRV-007,Insider_Threat,53
INC-04445,2025-10-13 23:25:00 [WARN],SRV-007,Insider_Threat,110
INC-04446,2025-12-14 12:25:00 [WARN],SRV-006, brute_force,118
INC-04447,2025-08-27 18:15:00 [WARN],SRV-003,Phishing,88
INC-04448,2025-05-05 19:34:00 [WARN],SRV-003,Phishing,55
INC-04449,2025-10-13 03:09:00 [WARN],SRV-005,zero_day,65
INC-04450,2025-04-18 06:46:00 [WARN],SRV-007, DDoS ,83
INC-04451,2025-03-22 23:48:00 [WARN],SRV-006,Cross_Site_Scripting,3
INC-04452,2025-04-11 11:50:00 [WARN],SRV-005, SQL_Injection ,119
INC-04453,2025-11-24 11:41:00 [WARN],SRV-006,malware_dropper,149
INC-04454,2025-12-22 03:42:00 [WARN],SRV-004,Phishing,1
INC-04455,2025-05-01 16:46:00 [WARN],SRV-004, DDoS ,8
INC-04456,2025-06-26 11:06:00 [WARN],SRV-001,malware_dropper,132
INC-04457,2025-03-17 17:10:00 [WARN],SRV-002, sql_injection ,142
INC-04458,2025-04-18 21:34:00 [WARN],SRV-002, sql_injection ,19
INC-04459,2025-08-15_14:00:00 [ERROR],SRV-008, DDoS ,56
INC-04460,2025-02-15 09:01:00 [WARN],SRV-005,Malware_Dropper,27
INC-04461,2025-01-15 01:35:00 [WARN],SRV-006,Cross_Site_Scripting,42
INC-04462,2025-05-12 00:25:00 [WARN],SRV-003,Phishing,131
INC-04463,2025-04-18 03:15:00 [WARN],SRV-006,Cross_Site_Scripting,132
INC-04464,2025-04-21 21:10:00 [WARN],SRV-002, SQL_Injection ,118
INC-04465,2025-02-26_00:38:00 [ERROR],SRV-005,Insider_Threat,49
INC-04466,2025-05-23 15:55:00 [WARN],SRV-008,Malware_Dropper,84
INC-04467,2025-04-19 04:16:00 [WARN],SRV-001,Insider_Threat,116
INC-04468,2025-03-21 03:37:00 [WARN],SRV-005, SQL_Injection ,39
INC-04469,2025-12-18 06:32:00 [WARN],SRV-006, SQL_Injection ,14
INC-04470,2025-09-19 14:48:00 [WARN],SRV-004,Insider_Threat,54
INC-04471,2025-02-27 08:39:00 [WARN],SRV-008,Cross_Site_Scripting,82
INC-04472,2025-06-25 01:55:00 [WARN],SRV-005, SQL_Injection ,44
INC-04473,2025-05-28 03:02:00 [WARN],SRV-008, DDoS ,141
INC-04474,2025-03-19 09:06:00 [WARN],SRV-005, DDoS ,47
INC-04475,2025-06-19_19:52:00 [ERROR],SRV-003, sql_injection ,150
INC-04476,2025-04-09_20:37:00 [ERROR],SRV-002,Cross_Site_Scripting,
INC-04477,2025-04-30 03:34:00 [WARN],SRV-001,Malware_Dropper,101
INC-04478,2025-09-25 22:55:00 [WARN],SRV-002,Malware_Dropper,76
INC-04479,2025-12-08 18:43:00 [WARN],SRV-005, Brute_Force,86
INC-04480,2025-07-13 04:37:00 [WARN],SRV-005, SQL_Injection ,26
INC-04481,2025-08-07_02:18:00 [ERROR],SRV-007,Ransomware,16
INC-04482,2025-07-08_16:12:00 [ERROR],SRV-005, SQL_Injection ,106
INC-04483,2025-07-12 06:59:00 [WARN],SRV-003, DDoS ,76
INC-04484,2025-08-29 19:51:00 [WARN],SRV-006,cross_site_scripting,73 hrs
INC-04485,2025-01-11 22:18:00 [WARN],SRV-003, SQL_Injection ,108
INC-04486,2025-02-20 08:00:00 [WARN],SRV-008,Zero_Day,141
INC-04487,2025-02-18 00:13:00 [WARN],SRV-002,insider_threat,102
INC-04488,2025-12-16 18:33:00 [WARN],SRV-007,Phishing,127 hrs
INC-04489,2025-01-08 02:24:00 [WARN],SRV-003,Zero_Day,23
INC-04490,2025-03-01 05:58:00 [WARN],SRV-007, DDoS ,67
INC-04491,2025-10-08 18:54:00 [WARN],SRV-005,Malware_Dropper,26
INC-04492,2025-12-13 18:16:00 [WARN],SRV-007, DDoS ,62
INC-04493,2025-11-07 08:20:00 [WARN],SRV-007,cross_site_scripting,85
INC-04494,2025-01-01 18:52:00 [WARN],SRV-002, DDoS ,25
INC-04495,2025-09-03 01:25:00 [WARN],SRV-008,Zero_Day,90
INC-04496,2025-09-09 03:37:00 [WARN],SRV-002,Insider_Threat,2
INC-04497,2025-04-24 13:17:00 [WARN],SRV-006, Brute_Force,17
INC-04498,2025-04-12 06:33:00 [WARN],SRV-008,Ransomware,59
INC-04499,2025-01-10 23:33:00 [WARN],SRV-001, DDoS ,58
INC-04500,2025-12-31 22:18:00 [WARN],SRV-007, Brute_Force,122 hrs
INC-04501,2025-04-29_09:13:00 [ERROR],SRV-002,ransomware,43
INC-04502,2025-06-15 09:22:00 [WARN],SRV-001,Ransomware,10
INC-04503,2025-11-22 16:04:00 [WARN],SRV-007,Ransomware,43
INC-04504,2025-12-08 01:40:00 [WARN],SRV-002,insider_threat,135
INC-04505,2025-10-10 06:42:00 [WARN],SRV-007, Brute_Force,85
INC-04506,2026-01-01 19:19:00 [WARN],SRV-004, SQL_Injection ,74
INC-04507,2025-08-20 00:50:00 [WARN],SRV-002,malware_dropper,72
INC-04508,2025-10-21 12:52:00 [WARN],SRV-002,cross_site_scripting,134
INC-04509,2025-05-23 19:19:00 [WARN],SRV-006, brute_force,134
INC-04510,2025-11-30 00:08:00 [WARN],SRV-008, Brute_Force,45
INC-04511,2025-03-29 07:54:00 [WARN],SRV-006,Phishing,88
INC-04512,2025-03-04 13:19:00 [WARN],SRV-003, DDoS ,5
INC-04513,2025-12-17 03:37:00 [WARN],SRV-008,Insider_Threat,92
INC-04514,2025-09-27 13:15:00 [WARN],SRV-003,malware_dropper,16
INC-04515,2025-03-15 06:38:00 [WARN],SRV-005,Zero_Day,6
INC-04516,2025-10-28 08:48:00 [WARN],SRV-001,Ransomware,76
INC-04517,2025-11-24_09:19:00 [ERROR],SRV-005,Ransomware,64
INC-04518,2025-10-24 02:49:00 [WARN],SRV-002,Cross_Site_Scripting,100 hrs
INC-04519,2025-09-16_19:20:00 [ERROR],SRV-007,Ransomware,57
INC-04520,2025-07-18 06:34:00 [WARN],SRV-008, Brute_Force,57
INC-04521,2025-12-21_23:46:00 [ERROR],SRV-008,ransomware,16
INC-04522,2026-01-01 17:41:00 [WARN],SRV-005,Cross_Site_Scripting,58
INC-04523,2025-11-25 12:16:00 [WARN],SRV-001, SQL_Injection ,103
INC-04524,2025-05-08_06:29:00 [ERROR],SRV-004,Malware_Dropper,149
INC-04525,2025-09-09 08:09:00 [WARN],SRV-004, DDoS ,58
INC-04526,2025-05-01 15:04:00 [WARN],SRV-005,Cross_Site_Scripting,58
INC-04527,2025-01-08_08:57:00 [ERROR],SRV-006,Phishing,68
INC-04528,2025-05-23 14:39:00 [WARN],SRV-008,Ransomware,
INC-04529,2025-11-02 10:55:00 [WARN],SRV-008,Cross_Site_Scripting,17
INC-04530,2025-09-16 23:16:00 [WARN],SRV-006,Zero_Day,121
INC-04531,2025-06-14 16:48:00 [WARN],SRV-008, SQL_Injection ,34
INC-04532,2025-11-10_20:01:00 [ERROR],SRV-007,Zero_Day,28
INC-04533,2025-07-04 09:46:00 [WARN],SRV-001,Phishing,95
INC-04534,2025-07-12 00:47:00 [WARN],SRV-006, brute_force,109
INC-04535,2025-01-30 21:56:00 [WARN],SRV-008,Cross_Site_Scripting,71
INC-04536,2025-05-25 06:21:00 [WARN],SRV-004,Zero_Day,24
INC-04537,2025-07-28 06:22:00 [WARN],SRV-006, DDoS ,87
INC-04538,2025-04-09 20:49:00 [WARN],SRV-007, SQL_Injection ,120
INC-04539,2025-08-17 13:13:00 [WARN],SRV-001, Brute_Force,103
INC-04540,2025-12-31 19:56:00 [WARN],SRV-001,Ransomware,12
INC-04541,2025-03-11 13:23:00 [WARN],SRV-008,Malware_Dropper,148
INC-04542,2025-07-21 06:25:00 [WARN],SRV-002,Ransomware,98
INC-04543,2025-08-06 01:40:00 [WARN],SRV-006, Brute_Force,121
INC-04544,2025-03-19 17:46:00 [WARN],SRV-005, Brute_Force,113
INC-04545,2025-09-13 12:57:00 [WARN],SRV-006,Insider_Threat,77 hrs
INC-04546,2025-05-25 03:14:00 [WARN],SRV-008,Cross_Site_Scripting,85
INC-04547,2025-04-11 12:48:00 [WARN],SRV-005, DDoS ,33
INC-04548,2025-03-26 13:09:00 [WARN],SRV-002, Brute_Force,59
INC-04549,2025-08-23 05:40:00 [WARN],SRV-001,Zero_Day,147
INC-04550,2025-12-25 17:55:00 [WARN],SRV-008,Zero_Day,68
INC-04551,2025-11-12_11:34:00 [ERROR],SRV-002, ddos ,18
INC-04552,2025-07-19 21:39:00 [WARN],SRV-002,Zero_Day,97
INC-04553,2025-03-02 18:26:00 [WARN],SRV-002, Brute_Force,74
INC-04554,2025-10-19 18:59:00 [WARN],SRV-001,Zero_Day,40
INC-04555,2025-09-11 16:11:00 [WARN],SRV-008, DDoS ,121 hrs
INC-04556,2025-03-11 16:43:00 [WARN],SRV-003,Phishing,120
INC-04557,2025-11-20 05:57:00 [WARN],SRV-006, SQL_Injection ,100
INC-04558,2025-01-20 05:04:00 [WARN],SRV-006, Brute_Force,83
INC-04559,2025-02-26 23:48:00 [WARN],SRV-005,Phishing,135
INC-04560,2025-09-12_15:22:00 [ERROR],SRV-005,insider_threat,145
INC-04561,2025-08-06 11:31:00 [WARN],SRV-001,Ransomware,52
INC-04562,2025-12-01 06:27:00 [WARN],SRV-005,Ransomware,71
INC-04563,2025-05-27_20:13:00 [ERROR],SRV-001,Ransomware,33
INC-04564,2025-04-27 11:16:00 [WARN],SRV-004,cross_site_scripting,106
INC-04565,2025-01-12 11:30:00 [WARN],SRV-007, DDoS ,27
INC-04566,2025-12-08 16:00:00 [WARN],SRV-002,phishing,37
INC-04567,2025-05-01 21:08:00 [WARN],SRV-008, sql_injection ,25
INC-04568,2025-07-18 12:33:00 [WARN],SRV-007,Zero_Day,22
INC-04569,2025-07-01 07:18:00 [WARN],SRV-003,Malware_Dropper,134
INC-04570,2025-10-31 03:55:00 [WARN],SRV-008, ddos ,17
INC-04571,2025-07-13 03:00:00 [WARN],SRV-003,Malware_Dropper,124
INC-04572,2025-05-07_20:51:00 [ERROR],SRV-005,Cross_Site_Scripting,102
INC-04573,2025-01-13 07:13:00 [WARN],SRV-003, Brute_Force,90
INC-04574,2025-12-16 02:00:00 [WARN],SRV-001,Cross_Site_Scripting,136
INC-04575,2025-12-23 00:07:00 [WARN],SRV-007,Malware_Dropper,62
INC-04576,2025-09-04 09:52:00 [WARN],SRV-008,malware_dropper,
INC-04577,2025-08-25 02:38:00 [WARN],SRV-004, DDoS ,59
INC-04578,2025-01-23 18:06:00 [WARN],SRV-001, DDoS ,24
INC-04579,2025-05-03 20:43:00 [WARN],SRV-006,Phishing,26 hrs
INC-04580,2025-07-03 21:25:00 [WARN],SRV-004, brute_force,28
INC-04581,2025-01-19_23:49:00 [ERROR],SRV-004, SQL_Injection ,134
INC-04582,2025-07-30 00:35:00 [WARN],SRV-006,Zero_Day,68
INC-04583,2025-08-07 22:32:00 [WARN],SRV-004, Brute_Force,92
INC-04584,2025-06-20 12:04:00 [WARN],SRV-002, DDoS ,47
INC-04585,2025-03-16 18:57:00 [WARN],SRV-003,Ransomware,141
INC-04586,2025-09-22 09:00:00 [WARN],SRV-004, DDoS ,109
INC-04587,2025-07-04 16:56:00 [WARN],SRV-003, DDoS ,145
INC-04588,2025-08-13 01:48:00 [WARN],SRV-002, sql_injection ,52
INC-04589,2025-01-25 06:17:00 [WARN],SRV-001,Insider_Threat,24
INC-04590,2025-05-16 04:55:00 [WARN],SRV-008,malware_dropper,49
INC-04591,2025-11-04 06:20:00 [WARN],SRV-002,Cross_Site_Scripting,2
INC-04592,2025-10-02 16:05:00 [WARN],SRV-002,phishing,97
INC-04593,2025-07-23 11:33:00 [WARN],SRV-005,malware_dropper,30
INC-04594,2025-07-04 03:27:00 [WARN],SRV-008, SQL_Injection ,4 hrs
INC-04595,2025-11-22 18:29:00 [WARN],SRV-005,Zero_Day,80
INC-04596,2025-10-18 08:05:00 [WARN],SRV-008,Cross_Site_Scripting,57
INC-04597,2025-08-27 22:45:00 [WARN],SRV-003, Brute_Force,56
INC-04598,2025-10-02 01:06:00 [WARN],SRV-002,ransomware,35 hrs
INC-04599,2025-03-02 08:27:00 [WARN],SRV-001,Phishing,93
INC-04600,2025-07-07 02:19:00 [WARN],SRV-005,Ransomware,20
INC-04601,2025-06-02 07:17:00 [WARN],SRV-005,Ransomware,104
INC-04602,2025-09-22 23:54:00 [WARN],SRV-007,Ransomware,81
INC-04603,2025-12-05 12:34:00 [WARN],SRV-002, Brute_Force,133
INC-04604,2025-04-21 21:29:00 [WARN],SRV-003,Malware_Dropper,145
INC-04605,2025-12-13 10:39:00 [WARN],SRV-005,malware_dropper,60
INC-04606,2025-06-03 02:55:00 [WARN],SRV-001,Phishing,4
INC-04607,2025-11-08 16:34:00 [WARN],SRV-001, SQL_Injection ,118
INC-04608,2025-03-08 23:58:00 [WARN],SRV-007, SQL_Injection ,73
INC-04609,2025-08-16 14:26:00 [WARN],SRV-008,Ransomware,136
INC-04610,2025-03-20 10:37:00 [WARN],SRV-004,Insider_Threat,123
INC-04611,2026-01-01 06:55:00 [WARN],SRV-004,Zero_Day,101
INC-04612,2025-08-29 01:16:00 [WARN],SRV-001, DDoS ,26
INC-04613,2025-08-27 06:30:00 [WARN],SRV-006,Ransomware,128
INC-04614,2026-01-01_18:43:00 [ERROR],SRV-005,Cross_Site_Scripting,123
INC-04615,2025-02-16_17:30:00 [ERROR],SRV-007, Brute_Force,150
INC-04616,2025-09-30 16:27:00 [WARN],SRV-002,phishing,134
INC-04617,2025-08-17 21:58:00 [WARN],SRV-001,Zero_Day,57
INC-04618,2025-11-09_03:51:00 [ERROR],SRV-006, Brute_Force,59
INC-04619,2025-05-02 14:03:00 [WARN],SRV-006,zero_day,127
INC-04620,2025-05-25 14:44:00 [WARN],SRV-005, Brute_Force,40
INC-04621,2025-12-31 12:18:00 [WARN],SRV-004,Cross_Site_Scripting,58 hrs
INC-04622,2025-05-10_16:10:00 [ERROR],SRV-007,Malware_Dropper,38
INC-04623,2025-10-14 10:18:00 [WARN],SRV-003,Malware_Dropper,89
INC-04624,2025-11-04 14:44:00 [WARN],SRV-004,Cross_Site_Scripting,93
INC-04625,2025-11-28_00:55:00 [ERROR],SRV-005, DDoS ,125
INC-04626,2025-11-22 06:42:00 [WARN],SRV-003, ddos ,117
INC-04627,2025-08-25 11:14:00 [WARN],SRV-006, Brute_Force,122
INC-04628,2025-06-26 22:08:00 [WARN],SRV-002, ddos ,133
INC-04629,2025-06-03 11:19:00 [WARN],SRV-002, DDoS ,85
INC-04630,2025-08-04 05:36:00 [WARN],SRV-008,Malware_Dropper,87
INC-04631,2025-02-26 07:33:00 [WARN],SRV-007,phishing,40
INC-04632,2025-11-18 01:57:00 [WARN],SRV-003,Zero_Day,117
INC-04633,2025-05-21 15:04:00 [WARN],SRV-008,Zero_Day,19
INC-04634,2025-06-02 04:23:00 [WARN],SRV-004,zero_day,85
INC-04635,2025-10-09 07:45:00 [WARN],SRV-006, SQL_Injection ,97
INC-04636,2025-08-28 18:04:00 [WARN],SRV-001, Brute_Force,140
INC-04637,2025-09-30 15:27:00 [WARN],SRV-005,Ransomware,102
INC-04638,2025-08-07 20:16:00 [WARN],SRV-006,Insider_Threat,32
INC-04639,2025-07-08 08:16:00 [WARN],SRV-008, DDoS ,39
INC-04640,2025-11-25 17:22:00 [WARN],SRV-001,Insider_Threat,37
INC-04641,2025-01-27 18:51:00 [WARN],SRV-007,Cross_Site_Scripting,54
INC-04642,2025-08-02 11:02:00 [WARN],SRV-006,Ransomware,112
INC-04643,2025-01-07 05:03:00 [WARN],SRV-006, DDoS ,117
INC-04644,2025-07-18 22:24:00 [WARN],SRV-003, SQL_Injection ,58
INC-04645,2025-03-20 11:11:00 [WARN],SRV-005, DDoS ,85
INC-04646,2025-09-02_12:52:00 [ERROR],SRV-005,cross_site_scripting,69
INC-04647,2025-08-06 02:32:00 [WARN],SRV-007, Brute_Force,83
INC-04648,2025-04-23 10:55:00 [WARN],SRV-007,Cross_Site_Scripting,116
INC-04649,2025-06-14_20:29:00 [ERROR],SRV-006,malware_dropper,2
INC-04650,2025-12-13 16:27:00 [WARN],SRV-003,Ransomware,19
INC-04651,2025-01-12 17:34:00 [WARN],SRV-008, SQL_Injection ,114
INC-04652,2025-05-12 08:03:00 [WARN],SRV-007,Insider_Threat,24
INC-04653,2025-08-28 15:22:00 [WARN],SRV-006,Phishing,99 hrs
INC-04654,2025-05-29 17:04:00 [WARN],SRV-002,Cross_Site_Scripting,48
INC-04655,2025-12-06 06:37:00 [WARN],SRV-003,Ransomware,112
INC-04656,2025-09-04_20:18:00 [ERROR],SRV-001,Insider_Threat,66
INC-04657,2025-01-05 14:48:00 [WARN],SRV-005,Phishing,38
INC-04658,2025-04-10 22:33:00 [WARN],SRV-006, sql_injection ,22
INC-04659,2025-05-03 21:39:00 [WARN],SRV-006,Malware_Dropper,93
INC-04660,2025-04-13 14:19:00 [WARN],SRV-006, SQL_Injection ,49
INC-04661,2025-04-30 16:29:00 [WARN],SRV-008,Cross_Site_Scripting,110
INC-04662,2025-06-29 20:31:00 [WARN],SRV-002,insider_threat,51
INC-04663,2025-04-02 08:51:00 [WARN],SRV-004,Malware_Dropper,81
INC-04664,2025-06-24 17:37:00 [WARN],SRV-001,insider_threat,35
INC-04665,2025-10-22 03:14:00 [WARN],SRV-008, Brute_Force,30
INC-04666,2025-08-24 10:05:00 [WARN],SRV-003,Ransomware,16
INC-04667,2025-06-25_15:35:00 [ERROR],SRV-002, Brute_Force,32
INC-04668,2025-01-21 11:16:00 [WARN],SRV-001,insider_threat,129
INC-04669,2025-03-16 20:34:00 [WARN],SRV-001,Phishing,57 hrs
INC-04670,2025-03-30 10:36:00 [WARN],SRV-004,cross_site_scripting,57
INC-04671,2025-04-10 16:02:00 [WARN],SRV-006, sql_injection ,90
INC-04672,2025-06-12 16:28:00 [WARN],SRV-004,malware_dropper,124
INC-04673,2025-04-06 21:43:00 [WARN],SRV-006,Malware_Dropper,36
INC-04674,2025-02-09_00:52:00 [ERROR],SRV-007,Malware_Dropper,79
INC-04675,2025-01-12 00:13:00 [WARN],SRV-001,zero_day,99
INC-04676,2025-09-11 02:11:00 [WARN],SRV-001,insider_threat,124
INC-04677,2025-12-25 09:01:00 [WARN],SRV-006,ransomware,40
INC-04678,2025-07-28_18:01:00 [ERROR],SRV-002, SQL_Injection ,86
INC-04679,2025-01-22 15:09:00 [WARN],SRV-006,Insider_Threat,88
INC-04680,2025-05-10 17:18:00 [WARN],SRV-008,Cross_Site_Scripting,53
INC-04681,2025-06-18 07:09:00 [WARN],SRV-006, SQL_Injection ,48
INC-04682,2025-06-12 00:05:00 [WARN],SRV-001, SQL_Injection ,30
INC-04683,2025-08-05 05:27:00 [WARN],SRV-004, Brute_Force,133
INC-04684,2025-11-01 07:08:00 [WARN],SRV-001,Cross_Site_Scripting,34
INC-04685,2025-12-26_19:32:00 [ERROR],SRV-001,Malware_Dropper,78
INC-04686,2025-03-28 02:26:00 [WARN],SRV-001, SQL_Injection ,112
INC-04687,2025-02-03 23:33:00 [WARN],SRV-008, Brute_Force,99
INC-04688,2025-03-01 09:41:00 [WARN],SRV-003,Phishing,125
INC-04689,2025-08-10 10:48:00 [WARN],SRV-006, sql_injection ,149
INC-04690,2025-08-22 22:23:00 [WARN],SRV-001,Zero_Day,78
INC-04691,2025-01-29 13:31:00 [WARN],SRV-006, sql_injection ,128
INC-04692,2025-09-26 23:53:00 [WARN],SRV-002,Cross_Site_Scripting,37
INC-04693,2025-09-14 11:25:00 [WARN],SRV-006,Phishing,58
INC-04694,2025-01-17 18:17:00 [WARN],SRV-007, SQL_Injection ,44
INC-04695,2025-06-03 10:08:00 [WARN],SRV-005,insider_threat,56
INC-04696,2025-03-08 03:49:00 [WARN],SRV-008,Phishing,88
INC-04697,2025-01-13 01:10:00 [WARN],SRV-006,Cross_Site_Scripting,110
INC-04698,2025-01-03 22:38:00 [WARN],SRV-003, DDoS ,33
INC-04699,2025-11-11 11:31:00 [WARN],SRV-004,Zero_Day,21
INC-04700,2025-05-22 14:03:00 [WARN],SRV-007,Zero_Day,30
INC-04701,2025-08-21 17:29:00 [WARN],SRV-001,Malware_Dropper,
INC-04702,2025-11-22 21:52:00 [WARN],SRV-007, SQL_Injection ,6
INC-04703,2025-01-25 11:56:00 [WARN],SRV-003,phishing,74
INC-04704,2025-11-28 00:04:00 [WARN],SRV-001, DDoS ,116
INC-04705,2025-03-09 07:24:00 [WARN],SRV-003,Insider_Threat,130
INC-04706,2025-09-02 08:45:00 [WARN],SRV-008,Malware_Dropper,138
INC-04707,2025-01-08 13:52:00 [WARN],SRV-002,Phishing,88
INC-04708,2025-11-19_21:29:00 [ERROR],SRV-002,Phishing,46
INC-04709,2025-01-31 15:09:00 [WARN],SRV-007,ransomware,54
INC-04710,2025-12-04 04:07:00 [WARN],SRV-003, SQL_Injection ,93
INC-04711,2025-04-02 10:19:00 [WARN],SRV-001, Brute_Force,26
INC-04712,2025-07-05 09:49:00 [WARN],SRV-008, DDoS ,57
INC-04713,2025-01-24 20:12:00 [WARN],SRV-006,Malware_Dropper,53
INC-04714,2025-03-04_14:47:00 [ERROR],SRV-003, Brute_Force,88
INC-04715,2025-04-19 21:38:00 [WARN],SRV-002,Insider_Threat,74
INC-04716,2025-04-30 06:55:00 [WARN],SRV-001, sql_injection ,148
INC-04717,2025-08-14 23:20:00 [WARN],SRV-006, Brute_Force,29
INC-04718,2025-12-01 11:24:00 [WARN],SRV-001,Ransomware,85
INC-04719,2025-05-02 05:34:00 [WARN],SRV-008,insider_threat,73
INC-04720,2025-07-16 14:13:00 [WARN],SRV-001,Cross_Site_Scripting,21
INC-04721,2025-03-11 08:59:00 [WARN],SRV-001,Zero_Day,65
INC-04722,2025-05-03 09:34:00 [WARN],SRV-007, SQL_Injection ,120
INC-04723,2025-03-01 03:46:00 [WARN],SRV-003,Cross_Site_Scripting,139
INC-04724,2025-03-17 17:23:00 [WARN],SRV-002,Phishing,71
INC-04725,2025-01-02 00:01:00 [WARN],SRV-003,Phishing,20
INC-04726,2025-12-18 08:37:00 [WARN],SRV-005,Ransomware,125
INC-04727,2025-10-15 01:33:00 [WARN],SRV-006,Ransomware,115
INC-04728,2025-02-16 11:49:00 [WARN],SRV-007,Insider_Threat,131
INC-04729,2025-06-07 19:52:00 [WARN],SRV-004, SQL_Injection ,114
INC-04730,2025-01-28 10:41:00 [WARN],SRV-006,Insider_Threat,19
INC-04731,2025-01-09 21:51:00 [WARN],SRV-003, SQL_Injection ,64
INC-04732,2025-04-11_20:28:00 [ERROR],SRV-003,Insider_Threat,77
INC-04733,2025-10-20 22:04:00 [WARN],SRV-002, Brute_Force,96
INC-04734,2025-01-02 01:37:00 [WARN],SRV-007, SQL_Injection ,11
INC-04735,2025-06-01 07:43:00 [WARN],SRV-001,Phishing,3
INC-04736,2025-08-03_15:53:00 [ERROR],SRV-003, DDoS ,68
INC-04737,2025-10-07 08:45:00 [WARN],SRV-008,Insider_Threat,76
INC-04738,2025-05-11 18:42:00 [WARN],SRV-008,Insider_Threat,24
INC-04739,2025-07-10 09:28:00 [WARN],SRV-008,Insider_Threat,36
INC-04740,2025-09-15 18:50:00 [WARN],SRV-005,Phishing,30
INC-04741,2025-10-31 22:27:00 [WARN],SRV-002,Ransomware,32
INC-04742,2025-05-28 20:43:00 [WARN],SRV-002,Zero_Day,80
INC-04743,2025-01-10 21:55:00 [WARN],SRV-004,Ransomware,77
INC-04744,2025-06-03 03:40:00 [WARN],SRV-004,Zero_Day,39
INC-04745,2025-09-18 00:40:00 [WARN],SRV-006, Brute_Force,38
INC-04746,2025-10-14 17:57:00 [WARN],SRV-008, DDoS ,37
INC-04747,2025-05-17 13:44:00 [WARN],SRV-002,Zero_Day,99
INC-04748,2025-06-18 10:39:00 [WARN],SRV-008, Brute_Force,132
INC-04749,2025-08-13 19:06:00 [WARN],SRV-005,cross_site_scripting,32 hrs
INC-04750,2025-05-13 20:06:00 [WARN],SRV-004,malware_dropper,114
INC-04751,2025-02-13 16:58:00 [WARN],SRV-002,Zero_Day,39
INC-04752,2025-01-02 14:02:00 [WARN],SRV-001,Ransomware,34
INC-04753,2025-06-21 00:35:00 [WARN],SRV-001,Phishing,98
INC-04754,2025-10-25_09:54:00 [ERROR],SRV-006,Cross_Site_Scripting,128
INC-04755,2025-04-13 15:44:00 [WARN],SRV-004,Cross_Site_Scripting,29
INC-04756,2025-12-26_01:33:00 [ERROR],SRV-004,Zero_Day,30 hrs
INC-04757,2025-02-16 22:09:00 [WARN],SRV-007,Cross_Site_Scripting,129
INC-04758,2025-05-04 23:26:00 [WARN],SRV-008,zero_day,44
INC-04759,2025-06-06 14:04:00 [WARN],SRV-007,Malware_Dropper,117
INC-04760,2025-10-21 13:41:00 [WARN],SRV-003,ransomware,103
INC-04761,2025-11-29 01:35:00 [WARN],SRV-003,Malware_Dropper,49
INC-04762,2025-08-25 02:06:00 [WARN],SRV-003,Insider_Threat,55
INC-04763,2025-02-26 12:22:00 [WARN],SRV-002,Malware_Dropper,20
INC-04764,2025-03-08 19:27:00 [WARN],SRV-008, SQL_Injection ,3
INC-04765,2025-07-30 22:51:00 [WARN],SRV-006,zero_day,39
INC-04766,2025-07-23 21:24:00 [WARN],SRV-008,Ransomware,30
INC-04767,2025-10-31 19:02:00 [WARN],SRV-005,Phishing,139
INC-04768,2025-11-16_14:01:00 [ERROR],SRV-001, Brute_Force,141
INC-04769,2026-01-01 11:31:00 [WARN],SRV-008, SQL_Injection ,75
INC-04770,2025-05-24 23:39:00 [WARN],SRV-008,Insider_Threat,86
INC-04771,2025-05-05 22:17:00 [WARN],SRV-004, DDoS ,50
INC-04772,2025-03-30 12:31:00 [WARN],SRV-001, ddos ,35
INC-04773,2025-02-03 17:10:00 [WARN],SRV-007,zero_day,136
INC-04774,2025-02-22 03:44:00 [WARN],SRV-006,Insider_Threat,71
INC-04775,2025-01-26_03:29:00 [ERROR],SRV-004, brute_force,81
INC-04776,2025-08-23 09:07:00 [WARN],SRV-001,Cross_Site_Scripting,137
INC-04777,2025-04-15 10:02:00 [WARN],SRV-007, DDoS ,150
INC-04778,2025-10-01 18:46:00 [WARN],SRV-002, sql_injection ,40 hrs
INC-04779,2025-07-29 10:57:00 [WARN],SRV-006,Malware_Dropper,97
INC-04780,2025-08-03 00:48:00 [WARN],SRV-008,cross_site_scripting,40
INC-04781,2025-07-06 06:17:00 [WARN],SRV-001, SQL_Injection ,143
INC-04782,2025-05-11 19:07:00 [WARN],SRV-002,Malware_Dropper,51
INC-04783,2025-09-04 14:00:00 [WARN],SRV-006, Brute_Force,13
INC-04784,2025-09-18 19:05:00 [WARN],SRV-002,Ransomware,31
INC-04785,2025-02-22 21:32:00 [WARN],SRV-002,Zero_Day,56
INC-04786,2025-02-28 15:17:00 [WARN],SRV-008,Phishing,90
INC-04787,2025-12-10 20:06:00 [WARN],SRV-004,Zero_Day,121
INC-04788,2025-06-02 07:06:00 [WARN],SRV-005,Phishing,
INC-04789,2025-11-20 07:00:00 [WARN],SRV-005, DDoS ,112 hrs
INC-04790,2025-02-15 01:27:00 [WARN],SRV-001,Ransomware,92
INC-04791,2025-10-01 00:00:00 [WARN],SRV-001, Brute_Force,77 hrs
INC-04792,2025-05-24 09:22:00 [WARN],SRV-007, DDoS ,100
INC-04793,2025-04-04 10:34:00 [WARN],SRV-003,zero_day,11
INC-04794,2025-10-15 13:49:00 [WARN],SRV-003,Cross_Site_Scripting,69
INC-04795,2025-12-07 07:45:00 [WARN],SRV-001, Brute_Force,86
INC-04796,2025-07-15 19:11:00 [WARN],SRV-005,Phishing,114
INC-04797,2025-03-20 10:46:00 [WARN],SRV-008, brute_force,125
INC-04798,2025-01-20 15:52:00 [WARN],SRV-008, brute_force,125
INC-04799,2025-03-01 06:31:00 [WARN],SRV-007, DDoS ,48
INC-04800,2025-11-27 18:58:00 [WARN],SRV-007, sql_injection ,137
INC-04801,2025-04-29_08:20:00 [ERROR],SRV-002,Phishing,87
INC-04802,2025-06-06 17:59:00 [WARN],SRV-005,phishing,65
INC-04803,2025-03-22 19:06:00 [WARN],SRV-008, DDoS ,57
INC-04804,2025-05-27 21:26:00 [WARN],SRV-001,Cross_Site_Scripting,15
INC-04805,2025-04-04 09:08:00 [WARN],SRV-003, sql_injection ,67
INC-04806,2025-07-06_14:01:00 [ERROR],SRV-008, SQL_Injection ,101
INC-04807,2025-07-22 17:09:00 [WARN],SRV-008, SQL_Injection ,42
INC-04808,2025-08-06 15:25:00 [WARN],SRV-002,Zero_Day,63
INC-04809,2025-07-27 02:54:00 [WARN],SRV-004,zero_day,134
INC-04810,2025-01-27 14:29:00 [WARN],SRV-005,Insider_Threat,48
INC-04811,2025-09-14 00:19:00 [WARN],SRV-007,Cross_Site_Scripting,54
INC-04812,2025-10-03 20:13:00 [WARN],SRV-005, SQL_Injection ,65
INC-04813,2025-04-28 22:55:00 [WARN],SRV-003,Zero_Day,116
INC-04814,2025-07-09 01:34:00 [WARN],SRV-007, DDoS ,2
INC-04815,2025-06-04 03:06:00 [WARN],SRV-002,Phishing,17
INC-04816,2025-02-10 05:26:00 [WARN],SRV-006,Cross_Site_Scripting,95
INC-04817,2025-08-28 05:41:00 [WARN],SRV-002, DDoS ,89
INC-04818,2025-07-24 18:52:00 [WARN],SRV-008,Zero_Day,145
INC-04819,2025-07-29 12:51:00 [WARN],SRV-008, SQL_Injection ,33
INC-04820,2025-06-21 15:45:00 [WARN],SRV-004,Cross_Site_Scripting,32
INC-04821,2025-02-13 13:22:00 [WARN],SRV-008,Cross_Site_Scripting,105
INC-04822,2025-03-30 00:34:00 [WARN],SRV-004,Zero_Day,13
INC-04823,2025-06-10 01:33:00 [WARN],SRV-008,Malware_Dropper,77
INC-04824,2025-04-03 07:33:00 [WARN],SRV-005,Insider_Threat,137
INC-04825,2025-04-21 05:09:00 [WARN],SRV-004, Brute_Force,106
INC-04826,2025-06-30 10:28:00 [WARN],SRV-003,Ransomware,133
INC-04827,2025-05-04 22:41:00 [WARN],SRV-003, Brute_Force,122
INC-04828,2025-10-08 14:19:00 [WARN],SRV-005, DDoS ,126 hrs
INC-04829,2025-12-20 15:39:00 [WARN],SRV-001,Phishing,23
INC-04830,2025-03-04 03:37:00 [WARN],SRV-006,phishing,108
INC-04831,2025-06-08 21:15:00 [WARN],SRV-005, DDoS ,32
INC-04832,2025-06-03 09:55:00 [WARN],SRV-003,Insider_Threat,148
INC-04833,2025-09-13 15:22:00 [WARN],SRV-003,Cross_Site_Scripting,44 hrs
INC-04834,2025-01-14 01:29:00 [WARN],SRV-003,zero_day,77
INC-04835,2025-01-23 08:16:00 [WARN],SRV-006, brute_force,129
INC-04836,2025-03-05 22:02:00 [WARN],SRV-005,Ransomware,96
INC-04837,2025-07-15 04:56:00 [WARN],SRV-003,cross_site_scripting,37
INC-04838,2025-01-27 20:33:00 [WARN],SRV-006,Zero_Day,121
INC-04839,2025-08-09 06:02:00 [WARN],SRV-006,Zero_Day,61
INC-04840,2025-04-23 20:53:00 [WARN],SRV-004,Cross_Site_Scripting,86 hrs
INC-04841,2025-07-20 11:39:00 [WARN],SRV-003,Zero_Day,64
INC-04842,2025-03-21 08:17:00 [WARN],SRV-006,Zero_Day,43
INC-04843,2025-09-12 04:44:00 [WARN],SRV-002,insider_threat,5 hrs
INC-04844,2025-07-03 19:10:00 [WARN],SRV-007,Malware_Dropper,149
INC-04845,2025-10-31 09:39:00 [WARN],SRV-005,Zero_Day,3
INC-04846,2025-05-01 16:13:00 [WARN],SRV-004,Ransomware,52
INC-04847,2025-04-15 19:05:00 [WARN],SRV-008,Insider_Threat,68
INC-04848,2025-12-12 20:02:00 [WARN],SRV-003,Phishing,88
INC-04849,2025-09-25 05:07:00 [WARN],SRV-006,Cross_Site_Scripting,57
INC-04850,2025-01-26 21:31:00 [WARN],SRV-005,Ransomware,132
INC-04851,2025-06-01 16:47:00 [WARN],SRV-005, DDoS ,106 hrs
INC-04852,2025-02-01 23:23:00 [WARN],SRV-008,Ransomware,54
INC-04853,2025-08-31 00:49:00 [WARN],SRV-001, SQL_Injection ,54 hrs
INC-04854,2025-04-12 23:36:00 [WARN],SRV-003, DDoS ,36
INC-04855,2025-08-19 20:36:00 [WARN],SRV-003,cross_site_scripting,2
INC-04856,2025-02-03 00:01:00 [WARN],SRV-001,Malware_Dropper,78
INC-04857,2025-06-12 15:40:00 [WARN],SRV-004,Malware_Dropper,43
INC-04858,2025-09-05 07:39:00 [WARN],SRV-003,ransomware,54
INC-04859,2025-04-28 21:51:00 [WARN],SRV-001,Malware_Dropper,82
INC-04860,2025-03-11 12:03:00 [WARN],SRV-008, Brute_Force,54
INC-04861,2025-08-26_08:12:00 [ERROR],SRV-003,Malware_Dropper,6
INC-04862,2025-01-21_10:21:00 [ERROR],SRV-007,Cross_Site_Scripting,67
INC-04863,2025-12-20 20:50:00 [WARN],SRV-008,Phishing,59
INC-04864,2025-01-07 19:48:00 [WARN],SRV-001,Insider_Threat,124
INC-04865,2025-11-23 10:37:00 [WARN],SRV-007,ransomware,119
INC-04866,2025-05-14 21:08:00 [WARN],SRV-004, brute_force,124
INC-04867,2025-09-16 06:42:00 [WARN],SRV-007, brute_force,107
INC-04868,2025-05-27 15:43:00 [WARN],SRV-006,Phishing,77
INC-04869,2025-04-24_08:17:00 [ERROR],SRV-003,Phishing,133
INC-04870,2025-05-10 08:11:00 [WARN],SRV-003,Cross_Site_Scripting,56
INC-04871,2025-06-19 23:50:00 [WARN],SRV-007,Zero_Day,73
INC-04872,2025-12-01 08:20:00 [WARN],SRV-007,Malware_Dropper,14
INC-04873,2025-06-29 16:17:00 [WARN],SRV-005,Zero_Day,72
INC-04874,2025-01-31 00:44:00 [WARN],SRV-004,insider_threat,137
INC-04875,2025-04-05 00:52:00 [WARN],SRV-006, Brute_Force,10
INC-04876,2025-04-13 00:52:00 [WARN],SRV-005, DDoS ,67
INC-04877,2025-08-08 15:35:00 [WARN],SRV-007,Cross_Site_Scripting,148
INC-04878,2025-05-07 22:51:00 [WARN],SRV-006,Phishing,86
INC-04879,2025-10-27 11:58:00 [WARN],SRV-003, ddos ,80
INC-04880,2025-05-09 11:19:00 [WARN],SRV-002,Phishing,54
INC-04881,2025-04-23 02:27:00 [WARN],SRV-007, Brute_Force,27
INC-04882,2025-03-13 09:15:00 [WARN],SRV-006,Cross_Site_Scripting,82
INC-04883,2025-12-19 08:10:00 [WARN],SRV-004,Insider_Threat,99
INC-04884,2025-10-04 06:04:00 [WARN],SRV-001,Ransomware,81
INC-04885,2025-07-26 12:50:00 [WARN],SRV-006,Cross_Site_Scripting,36
INC-04886,2025-03-23_06:32:00 [ERROR],SRV-001, SQL_Injection ,120
INC-04887,2025-10-25 23:41:00 [WARN],SRV-003, sql_injection ,62
INC-04888,2025-06-10 03:18:00 [WARN],SRV-005, DDoS ,119
INC-04889,2025-02-09 04:54:00 [WARN],SRV-008, sql_injection ,98
INC-04890,2025-10-07 10:50:00 [WARN],SRV-006, sql_injection ,18
INC-04891,2025-07-17 02:40:00 [WARN],SRV-008,Cross_Site_Scripting,42
INC-04892,2025-06-05 00:05:00 [WARN],SRV-002,Cross_Site_Scripting,15
INC-04893,2025-11-18 14:00:00 [WARN],SRV-004,malware_dropper,41
INC-04894,2025-08-10 21:24:00 [WARN],SRV-006, ddos ,81
INC-04895,2025-02-15_00:00:00 [ERROR],SRV-008, Brute_Force,73
INC-04896,2025-04-01 08:25:00 [WARN],SRV-003, DDoS ,81
INC-04897,2025-04-27 12:29:00 [WARN],SRV-006, sql_injection ,41
INC-04898,2025-03-30 07:56:00 [WARN],SRV-006,Ransomware,18
INC-04899,2025-08-22 04:02:00 [WARN],SRV-004,Zero_Day,103 hrs
INC-04900,2025-07-10 04:48:00 [WARN],SRV-007,Insider_Threat,129
INC-04901,2025-02-08 14:22:00 [WARN],SRV-006,Zero_Day,32
INC-04902,2025-07-01 15:23:00 [WARN],SRV-007,Zero_Day,96
INC-04903,2025-03-24 07:11:00 [WARN],SRV-002, SQL_Injection ,80
INC-04904,2025-05-02 15:43:00 [WARN],SRV-003,Insider_Threat,50
INC-04905,2025-06-05 20:27:00 [WARN],SRV-007,Cross_Site_Scripting,10
INC-04906,2025-07-06 01:12:00 [WARN],SRV-003,Ransomware,95
INC-04907,2025-02-12 04:08:00 [WARN],SRV-002,Cross_Site_Scripting,66
INC-04908,2025-11-12 10:04:00 [WARN],SRV-002,Phishing,142 hrs
INC-04909,2025-04-21 04:25:00 [WARN],SRV-005,phishing,79
INC-04910,2025-04-13 20:49:00 [WARN],SRV-003,Cross_Site_Scripting,24
INC-04911,2025-10-09 21:21:00 [WARN],SRV-004,Zero_Day,111
INC-04912,2025-04-03 19:33:00 [WARN],SRV-001,Malware_Dropper,21
INC-04913,2025-12-14 11:48:00 [WARN],SRV-004,Zero_Day,98
INC-04914,2025-02-02 11:10:00 [WARN],SRV-007,Phishing,80
INC-04915,2025-01-24 22:13:00 [WARN],SRV-008,Zero_Day,81
INC-04916,2025-08-21 22:43:00 [WARN],SRV-006, DDoS ,39
INC-04917,2025-08-02 13:21:00 [WARN],SRV-007, SQL_Injection ,98
INC-04918,2025-11-19 15:36:00 [WARN],SRV-006,Phishing,47
INC-04919,2025-12-28 09:32:00 [WARN],SRV-003,Ransomware,83
INC-04920,2025-05-19 20:32:00 [WARN],SRV-007, Brute_Force,95
INC-04921,2025-08-13 14:24:00 [WARN],SRV-006,Zero_Day,6
INC-04922,2025-04-25 23:55:00 [WARN],SRV-005, SQL_Injection ,50
INC-04923,2025-12-11_13:32:00 [ERROR],SRV-006, DDoS ,140
INC-04924,2025-03-03 07:27:00 [WARN],SRV-001, Brute_Force,79
INC-04925,2025-03-01 20:24:00 [WARN],SRV-006,ransomware,82
INC-04926,2025-05-30 10:53:00 [WARN],SRV-007,Insider_Threat,140
INC-04927,2025-08-12 20:09:00 [WARN],SRV-001,Cross_Site_Scripting,113
INC-04928,2025-07-28 14:32:00 [WARN],SRV-004,Cross_Site_Scripting,65
INC-04929,2025-10-20 18:19:00 [WARN],SRV-006,insider_threat,137
INC-04930,2025-08-12 06:08:00 [WARN],SRV-002,phishing,35
INC-04931,2025-03-22 16:59:00 [WARN],SRV-002,Zero_Day,52
INC-04932,2025-05-11 11:52:00 [WARN],SRV-004,Ransomware,133 hrs
INC-04933,2025-07-29 06:41:00 [WARN],SRV-004, SQL_Injection ,144
INC-04934,2025-09-21 00:11:00 [WARN],SRV-005,phishing,47
INC-04935,2025-02-18 03:01:00 [WARN],SRV-001,Phishing,69
INC-04936,2025-05-31 07:51:00 [WARN],SRV-006,phishing,43
INC-04937,2025-03-25 07:25:00 [WARN],SRV-006, DDoS ,83
INC-04938,2025-09-26 23:09:00 [WARN],SRV-005,insider_threat,138
INC-04939,2025-09-21 00:00:00 [WARN],SRV-004,zero_day,29
INC-04940,2025-08-13 12:41:00 [WARN],SRV-003, Brute_Force,43
INC-04941,2025-08-23 14:13:00 [WARN],SRV-008,Cross_Site_Scripting,126
INC-04942,2025-04-04 11:30:00 [WARN],SRV-006, sql_injection ,40
INC-04943,2025-01-17 14:09:00 [WARN],SRV-007, SQL_Injection ,103
INC-04944,2025-08-30 08:53:00 [WARN],SRV-002, Brute_Force,35
INC-04945,2025-05-29 06:47:00 [WARN],SRV-007, Brute_Force,45
INC-04946,2025-11-19_01:13:00 [ERROR],SRV-006,ransomware,46
INC-04947,2025-12-28 02:35:00 [WARN],SRV-005, Brute_Force,90
INC-04948,2025-02-11 08:04:00 [WARN],SRV-006,Insider_Threat,138
INC-04949,2025-01-07 19:22:00 [WARN],SRV-004,Ransomware,29
INC-04950,2025-08-21 06:04:00 [WARN],SRV-005,Zero_Day,46
INC-04951,2025-07-01 09:03:00 [WARN],SRV-003, DDoS ,11
INC-04952,2025-12-10 02:56:00 [WARN],SRV-005, Brute_Force,8
INC-04953,2025-01-07 13:09:00 [WARN],SRV-005,phishing,144
INC-04954,2025-09-07 03:26:00 [WARN],SRV-007, Brute_Force,147
INC-04955,2025-10-16 02:24:00 [WARN],SRV-002, Brute_Force,23
INC-04956,2025-04-08 17:45:00 [WARN],SRV-006,Insider_Threat,46
INC-04957,2025-08-21 23:20:00 [WARN],SRV-005,Cross_Site_Scripting,21
INC-04958,2025-11-11 22:31:00 [WARN],SRV-005, Brute_Force,147
INC-04959,2025-07-12 21:29:00 [WARN],SRV-003,Insider_Threat,104
INC-04960,2025-09-15 12:34:00 [WARN],SRV-006,Zero_Day,30
INC-04961,2025-09-16 15:38:00 [WARN],SRV-004, SQL_Injection ,123
INC-04962,2025-07-14 10:26:00 [WARN],SRV-005,Cross_Site_Scripting,22
INC-04963,2025-06-11 04:44:00 [WARN],SRV-007, SQL_Injection ,19
INC-04964,2025-07-26 13:53:00 [WARN],SRV-006,Malware_Dropper,
INC-04965,2025-03-23 09:14:00 [WARN],SRV-003,Zero_Day,125
INC-04966,2025-04-16 00:31:00 [WARN],SRV-008,Malware_Dropper,5
INC-04967,2025-04-05 19:39:00 [WARN],SRV-005,Zero_Day,49
INC-04968,2025-08-17 04:11:00 [WARN],SRV-001, Brute_Force,52
INC-04969,2025-04-27 12:54:00 [WARN],SRV-006,Malware_Dropper,40
INC-04970,2025-08-13 08:12:00 [WARN],SRV-002, brute_force,73
INC-04971,2025-04-08 09:16:00 [WARN],SRV-007, sql_injection ,147
INC-04972,2025-11-10 03:21:00 [WARN],SRV-002,Ransomware,124
INC-04973,2025-06-18 03:41:00 [WARN],SRV-008,Insider_Threat,72 hrs
INC-04974,2025-02-25_11:02:00 [ERROR],SRV-008,Ransomware,77
INC-04975,2025-04-04 08:59:00 [WARN],SRV-005,Zero_Day,16
INC-04976,2025-01-14 08:25:00 [WARN],SRV-002,Ransomware,
INC-04977,2025-09-13 02:13:00 [WARN],SRV-004,Phishing,102
INC-04978,2025-08-04 13:08:00 [WARN],SRV-005, DDoS ,104
INC-04979,2025-02-21 22:05:00 [WARN],SRV-002, Brute_Force,110
INC-04980,2025-12-16 02:33:00 [WARN],SRV-001, SQL_Injection ,140
INC-04981,2025-08-20 12:12:00 [WARN],SRV-006,Cross_Site_Scripting,33
INC-04982,2025-10-22_11:14:00 [ERROR],SRV-008, Brute_Force,66
INC-04983,2025-06-15 06:41:00 [WARN],SRV-002,Zero_Day,32
INC-04984,2025-10-21 01:07:00 [WARN],SRV-001, DDoS ,63
INC-04985,2025-03-22 14:12:00 [WARN],SRV-003,Malware_Dropper,102
INC-04986,2025-11-09 20:24:00 [WARN],SRV-004, SQL_Injection ,35
INC-04987,2025-08-31_09:44:00 [ERROR],SRV-008,Insider_Threat,103
INC-04988,2025-02-23 05:23:00 [WARN],SRV-006, DDoS ,134
INC-04989,2025-08-18 06:56:00 [WARN],SRV-002,ransomware,29
INC-04990,2025-11-24 02:30:00 [WARN],SRV-003,Zero_Day,47
INC-04991,2025-02-09 06:26:00 [WARN],SRV-005,ransomware,14
INC-04992,2025-03-05_08:44:00 [ERROR],SRV-005, brute_force,73
INC-04993,2025-04-21 02:24:00 [WARN],SRV-004,phishing,10
INC-04994,2025-04-26 15:24:00 [WARN],SRV-008,Malware_Dropper,144
INC-04995,2025-11-03 13:12:00 [WARN],SRV-001,Malware_Dropper,24
INC-04996,2025-06-08 19:12:00 [WARN],SRV-006,cross_site_scripting,36
INC-04997,2025-12-30 06:16:00 [WARN],SRV-004,cross_site_scripting,146
INC-04998,2025-07-09 01:35:00 [WARN],SRV-007,Insider_Threat,59
INC-04999,2025-05-18 21:15:00 [WARN],SRV-007,Cross_Site_Scripting,114
INC-05000,2025-12-27 17:01:00 [WARN],SRV-005,Ransomware,48
INC-05001,2025-04-26 05:33:00 [WARN],SRV-002,Zero_Day,116
INC-05002,2025-11-01 23:34:00 [WARN],SRV-005,Ransomware,23
INC-05003,2025-02-12 04:15:00 [WARN],SRV-008,malware_dropper,89
INC-05004,2025-09-23 14:51:00 [WARN],SRV-008,Zero_Day,20
INC-05005,2025-11-16 12:38:00 [WARN],SRV-001,phishing,89
INC-05006,2025-01-10 05:41:00 [WARN],SRV-004,phishing,40
INC-05007,2025-08-25 06:59:00 [WARN],SRV-003,Zero_Day,73
INC-05008,2025-04-08 14:19:00 [WARN],SRV-006,Ransomware,100
INC-05009,2025-02-23 09:58:00 [WARN],SRV-002,Zero_Day,17
INC-05010,2025-08-23 12:14:00 [WARN],SRV-004, SQL_Injection ,118
INC-05011,2025-07-14 10:42:00 [WARN],SRV-003,cross_site_scripting,110
INC-05012,2025-12-01 17:49:00 [WARN],SRV-006,cross_site_scripting,139
INC-05013,2025-04-03 05:49:00 [WARN],SRV-003,Insider_Threat,37
INC-05014,2025-12-29 23:21:00 [WARN],SRV-003,malware_dropper,117
INC-05015,2025-12-06 18:18:00 [WARN],SRV-006, Brute_Force,27
INC-05016,2025-09-08 19:14:00 [WARN],SRV-002,Malware_Dropper,114
INC-05017,2025-10-20 04:28:00 [WARN],SRV-006,Cross_Site_Scripting,32
INC-05018,2025-06-12 17:08:00 [WARN],SRV-007, SQL_Injection ,52
INC-05019,2025-12-22 20:26:00 [WARN],SRV-002,Zero_Day,58
INC-05020,2025-07-22 03:47:00 [WARN],SRV-001, Brute_Force,12
INC-05021,2025-09-19 15:21:00 [WARN],SRV-008,Cross_Site_Scripting,46
INC-05022,2025-07-09 08:49:00 [WARN],SRV-005,phishing,29
INC-05023,2025-08-28 03:42:00 [WARN],SRV-007,Insider_Threat,111
INC-05024,2025-05-15 14:21:00 [WARN],SRV-006,Insider_Threat,103
INC-05025,2025-02-24_01:25:00 [ERROR],SRV-001,Ransomware,23
INC-05026,2025-03-26_21:03:00 [ERROR],SRV-003,Zero_Day,63
INC-05027,2025-11-14 01:43:00 [WARN],SRV-004,insider_threat,56
INC-05028,2025-07-25 19:57:00 [WARN],SRV-003, ddos ,90
INC-05029,2025-10-22 08:22:00 [WARN],SRV-001,Phishing,25
INC-05030,2025-05-13 07:43:00 [WARN],SRV-007,Phishing,97
INC-05031,2025-02-11 12:06:00 [WARN],SRV-004,Ransomware,16
INC-05032,2025-10-07 02:57:00 [WARN],SRV-002,Insider_Threat,82
INC-05033,2025-09-24 11:57:00 [WARN],SRV-002, brute_force,9
INC-05034,2025-07-26 10:36:00 [WARN],SRV-006,Phishing,104
INC-05035,2025-08-06 07:48:00 [WARN],SRV-006, SQL_Injection ,88 hrs
INC-05036,2025-05-29 18:47:00 [WARN],SRV-003, Brute_Force,93
INC-05037,2025-07-03 07:30:00 [WARN],SRV-006, SQL_Injection ,126 hrs
INC-05038,2025-07-14 06:33:00 [WARN],SRV-008,cross_site_scripting,2
INC-05039,2025-11-29 23:48:00 [WARN],SRV-006,Zero_Day,77
INC-05040,2025-03-15 21:36:00 [WARN],SRV-003,Cross_Site_Scripting,57
INC-05041,2025-06-22 03:33:00 [WARN],SRV-008,Insider_Threat,137
INC-05042,2025-05-19 08:08:00 [WARN],SRV-002, Brute_Force,132
INC-05043,2025-01-30 19:21:00 [WARN],SRV-002, ddos ,2
INC-05044,2025-05-26_00:29:00 [ERROR],SRV-005, DDoS ,21
INC-05045,2025-08-21 13:39:00 [WARN],SRV-004,cross_site_scripting,63
INC-05046,2025-08-12 16:35:00 [WARN],SRV-004, sql_injection ,30
INC-05047,2025-08-27 07:07:00 [WARN],SRV-003,Cross_Site_Scripting,76 hrs
INC-05048,2025-06-10 07:05:00 [WARN],SRV-007, SQL_Injection ,78
INC-05049,2025-01-27 10:54:00 [WARN],SRV-007, SQL_Injection ,31
INC-05050,2025-01-21 21:34:00 [WARN],SRV-008,Zero_Day,55
INC-05051,2025-10-07 22:11:00 [WARN],SRV-003, sql_injection ,18
INC-05052,2025-02-28 11:33:00 [WARN],SRV-008,Phishing,54
INC-05053,2025-02-07 14:57:00 [WARN],SRV-007,zero_day,26
INC-05054,2025-06-01 20:58:00 [WARN],SRV-005, Brute_Force,133
INC-05055,2025-11-12 13:44:00 [WARN],SRV-007,Zero_Day,77
INC-05056,2025-09-14_19:21:00 [ERROR],SRV-005,Cross_Site_Scripting,122
INC-05057,2025-12-15 19:26:00 [WARN],SRV-001,insider_threat,142
INC-05058,2025-05-04 03:58:00 [WARN],SRV-005,Cross_Site_Scripting,65
INC-05059,2025-04-08 23:37:00 [WARN],SRV-004,Phishing,54
INC-05060,2025-07-08 21:17:00 [WARN],SRV-003,insider_threat,111
INC-05061,2025-04-23 08:40:00 [WARN],SRV-004,Phishing,94
INC-05062,2025-01-21 12:34:00 [WARN],SRV-004,Malware_Dropper,130
INC-05063,2025-03-03 12:14:00 [WARN],SRV-001,Cross_Site_Scripting,139
INC-05064,2025-06-16_00:49:00 [ERROR],SRV-001, Brute_Force,73
INC-05065,2025-11-23 07:03:00 [WARN],SRV-006,Zero_Day,141 hrs
INC-05066,2025-10-28 15:38:00 [WARN],SRV-003,Malware_Dropper,73
INC-05067,2025-08-15 01:17:00 [WARN],SRV-004,Ransomware,90
INC-05068,2025-03-02 20:11:00 [WARN],SRV-003, SQL_Injection ,69
INC-05069,2025-07-23 23:25:00 [WARN],SRV-007, Brute_Force,8
INC-05070,2025-02-03 14:00:00 [WARN],SRV-003,Ransomware,96
INC-05071,2025-09-30_15:04:00 [ERROR],SRV-002, brute_force,139
INC-05072,2025-05-12 15:43:00 [WARN],SRV-003, Brute_Force,18
INC-05073,2025-10-20_00:41:00 [ERROR],SRV-007,Zero_Day,51
INC-05074,2025-12-30 15:14:00 [WARN],SRV-004,Phishing,68
INC-05075,2025-09-29 11:02:00 [WARN],SRV-001,malware_dropper,135
INC-05076,2025-03-21 02:55:00 [WARN],SRV-003,Insider_Threat,56
INC-05077,2025-03-31_08:05:00 [ERROR],SRV-008,Ransomware,119
INC-05078,2025-10-04 15:05:00 [WARN],SRV-007,Cross_Site_Scripting,127
INC-05079,2025-05-28 23:11:00 [WARN],SRV-003,phishing,4
INC-05080,2025-03-31 16:44:00 [WARN],SRV-001,malware_dropper,36
INC-05081,2025-02-07 10:06:00 [WARN],SRV-007, DDoS ,116
INC-05082,2025-12-03 01:20:00 [WARN],SRV-001,Ransomware,140
INC-05083,2025-06-12 03:42:00 [WARN],SRV-004,Insider_Threat,22
INC-05084,2025-09-06 17:18:00 [WARN],SRV-003, SQL_Injection ,32
INC-05085,2025-09-30 04:37:00 [WARN],SRV-005,Insider_Threat,62
INC-05086,2025-04-29 16:15:00 [WARN],SRV-007,Cross_Site_Scripting,18
INC-05087,2025-04-15 07:07:00 [WARN],SRV-002,Insider_Threat,39
INC-05088,2025-10-01 22:51:00 [WARN],SRV-006, Brute_Force,24
INC-05089,2025-04-11 13:19:00 [WARN],SRV-002, SQL_Injection ,
INC-05090,2025-02-15 17:32:00 [WARN],SRV-003, SQL_Injection ,29
INC-05091,2025-01-17 16:50:00 [WARN],SRV-002,Ransomware,58
INC-05092,2025-03-12 06:00:00 [WARN],SRV-001,Ransomware,64
INC-05093,2025-06-18 03:15:00 [WARN],SRV-005, DDoS ,149
INC-05094,2025-10-20_06:50:00 [ERROR],SRV-007,Zero_Day,4
INC-05095,2025-01-05 19:34:00 [WARN],SRV-007, DDoS ,1
INC-05096,2025-02-17 13:28:00 [WARN],SRV-008,Insider_Threat,116
INC-05097,2025-11-19 07:17:00 [WARN],SRV-003, DDoS ,25
INC-05098,2025-04-10 04:52:00 [WARN],SRV-004, Brute_Force,28 hrs
INC-05099,2025-09-07 03:56:00 [WARN],SRV-006,Zero_Day,133
INC-05100,2025-03-02 20:03:00 [WARN],SRV-008,Malware_Dropper,43
INC-05101,2025-01-26 04:43:00 [WARN],SRV-001,Insider_Threat,114
INC-05102,2025-11-17 15:08:00 [WARN],SRV-001,Phishing,93
INC-05103,2025-03-12 04:55:00 [WARN],SRV-003, sql_injection ,28
INC-05104,2025-11-05 06:01:00 [WARN],SRV-006,Ransomware,3
INC-05105,2025-12-04 11:11:00 [WARN],SRV-006,cross_site_scripting,146
INC-05106,2025-03-18 04:16:00 [WARN],SRV-002, DDoS ,29
INC-05107,2025-10-14 09:51:00 [WARN],SRV-006,insider_threat,45
INC-05108,2025-04-01 09:41:00 [WARN],SRV-006,Phishing,19
INC-05109,2025-10-27_20:58:00 [ERROR],SRV-008, DDoS ,138 hrs
INC-05110,2025-06-28 15:25:00 [WARN],SRV-002,Ransomware,148
INC-05111,2025-10-26 03:13:00 [WARN],SRV-001,Phishing,96
INC-05112,2025-03-07 18:34:00 [WARN],SRV-003,malware_dropper,116
INC-05113,2025-08-06 17:46:00 [WARN],SRV-007,Malware_Dropper,5 hrs
INC-05114,2025-11-11 22:21:00 [WARN],SRV-008,cross_site_scripting,45
INC-05115,2025-07-12 07:04:00 [WARN],SRV-002, DDoS ,135
INC-05116,2025-12-04 18:20:00 [WARN],SRV-007, sql_injection ,88
INC-05117,2025-12-29 14:16:00 [WARN],SRV-002, DDoS ,118
INC-05118,2025-10-25 22:09:00 [WARN],SRV-004,Phishing,92
INC-05119,2025-10-26 08:03:00 [WARN],SRV-005,insider_threat,74
INC-05120,2025-11-03 05:02:00 [WARN],SRV-006, SQL_Injection ,23
INC-05121,2025-08-17 02:14:00 [WARN],SRV-003,malware_dropper,
INC-05122,2025-12-07 15:09:00 [WARN],SRV-006,Cross_Site_Scripting,12
INC-05123,2025-10-31 05:50:00 [WARN],SRV-008,ransomware,62
INC-05124,2025-10-25 07:57:00 [WARN],SRV-006,Ransomware,117
INC-05125,2025-11-18_18:12:00 [ERROR],SRV-004,Cross_Site_Scripting,29
INC-05126,2025-06-07 07:18:00 [WARN],SRV-008, SQL_Injection ,46
INC-05127,2025-01-21 17:42:00 [WARN],SRV-004,Phishing,121
INC-05128,2025-12-15 09:45:00 [WARN],SRV-004,Ransomware,116
INC-05129,2025-08-24 13:22:00 [WARN],SRV-004,Malware_Dropper,49
INC-05130,2025-07-20 11:10:00 [WARN],SRV-003,Cross_Site_Scripting,78
INC-05131,2025-08-31 03:22:00 [WARN],SRV-004,Cross_Site_Scripting,33
INC-05132,2025-02-14 06:00:00 [WARN],SRV-007,Insider_Threat,40
INC-05133,2025-10-16 20:42:00 [WARN],SRV-005, Brute_Force,41
INC-05134,2025-01-13 05:58:00 [WARN],SRV-007,Malware_Dropper,90
INC-05135,2025-02-10 04:38:00 [WARN],SRV-003,ransomware,88
INC-05136,2025-06-03 20:46:00 [WARN],SRV-007, DDoS ,102
INC-05137,2025-03-31 00:55:00 [WARN],SRV-004,phishing,48
INC-05138,2025-08-06 20:16:00 [WARN],SRV-002,Insider_Threat,78
INC-05139,2025-01-22 04:53:00 [WARN],SRV-001,Phishing,21
INC-05140,2025-11-27_16:30:00 [ERROR],SRV-002,Zero_Day,82
INC-05141,2025-12-04 04:17:00 [WARN],SRV-003, DDoS ,101
INC-05142,2025-10-23 14:42:00 [WARN],SRV-005, DDoS ,25
INC-05143,2025-07-05 00:56:00 [WARN],SRV-006,Insider_Threat,21
INC-05144,2025-07-15 03:18:00 [WARN],SRV-002,Malware_Dropper,44
INC-05145,2025-11-30 14:55:00 [WARN],SRV-004,cross_site_scripting,24
INC-05146,2025-10-15 16:35:00 [WARN],SRV-007,insider_threat,19
INC-05147,2025-12-01 00:53:00 [WARN],SRV-001,ransomware,
INC-05148,2025-04-08 21:55:00 [WARN],SRV-008, ddos ,54
INC-05149,2025-12-23 01:25:00 [WARN],SRV-003,Malware_Dropper,103
INC-05150,2025-05-03_11:44:00 [ERROR],SRV-005,insider_threat,62
INC-05151,2025-12-31 21:52:00 [WARN],SRV-007,Insider_Threat,82
INC-05152,2025-10-10 06:17:00 [WARN],SRV-002,Zero_Day,123
INC-05153,2025-03-13 11:29:00 [WARN],SRV-004, Brute_Force,16
INC-05154,2025-08-06 09:36:00 [WARN],SRV-002, DDoS ,79
INC-05155,2025-06-19 02:23:00 [WARN],SRV-001,insider_threat,129
INC-05156,2025-02-03 02:43:00 [WARN],SRV-004,Malware_Dropper,137
INC-05157,2025-05-28 12:55:00 [WARN],SRV-001,Malware_Dropper,78 hrs
INC-05158,2025-10-31 19:42:00 [WARN],SRV-003,Malware_Dropper,8
INC-05159,2025-12-04 06:10:00 [WARN],SRV-003, brute_force,33
INC-05160,2025-03-08 03:50:00 [WARN],SRV-008,Zero_Day,35
INC-05161,2025-04-09 01:00:00 [WARN],SRV-006, DDoS ,145
INC-05162,2025-09-05 08:33:00 [WARN],SRV-003,malware_dropper,135
INC-05163,2025-03-09 04:57:00 [WARN],SRV-006,phishing,100
INC-05164,2025-03-12 02:15:00 [WARN],SRV-007,cross_site_scripting,49
INC-05165,2025-02-11 19:44:00 [WARN],SRV-007,Ransomware,
INC-05166,2025-11-20 11:02:00 [WARN],SRV-007,Phishing,109
INC-05167,2025-11-19 19:14:00 [WARN],SRV-001, Brute_Force,21
INC-05168,2025-05-08 00:09:00 [WARN],SRV-003,Malware_Dropper,8
INC-05169,2025-06-28 11:43:00 [WARN],SRV-006,Zero_Day,69
INC-05170,2025-03-30 09:59:00 [WARN],SRV-005,Zero_Day,111
INC-05171,2025-08-07 13:57:00 [WARN],SRV-005,Malware_Dropper,28
INC-05172,2025-06-14_03:34:00 [ERROR],SRV-006,phishing,122
INC-05173,2025-02-18 18:43:00 [WARN],SRV-001,Phishing,78
INC-05174,2025-09-15 22:51:00 [WARN],SRV-001,Phishing,98
INC-05175,2025-12-18 20:16:00 [WARN],SRV-004,Insider_Threat,61
INC-05176,2025-01-19_18:57:00 [ERROR],SRV-001,Ransomware,139
INC-05177,2025-08-21 00:04:00 [WARN],SRV-004,Zero_Day,93
INC-05178,2025-12-23 21:51:00 [WARN],SRV-001,Cross_Site_Scripting,92
INC-05179,2025-10-13 21:20:00 [WARN],SRV-003, DDoS ,
INC-05180,2025-12-15_17:52:00 [ERROR],SRV-005,Cross_Site_Scripting,142
INC-05181,2025-04-13 17:54:00 [WARN],SRV-007,Zero_Day,73
INC-05182,2025-03-26 05:19:00 [WARN],SRV-005, Brute_Force,118
INC-05183,2025-04-08 07:17:00 [WARN],SRV-007,Zero_Day,114
INC-05184,2025-03-06 00:13:00 [WARN],SRV-005,Cross_Site_Scripting,64
INC-05185,2025-12-14 06:49:00 [WARN],SRV-006,Malware_Dropper,10
INC-05186,2025-04-29 19:57:00 [WARN],SRV-005, brute_force,146
INC-05187,2025-04-13 08:40:00 [WARN],SRV-004,ransomware,57
INC-05188,2025-10-11 13:12:00 [WARN],SRV-003,Cross_Site_Scripting,115
INC-05189,2025-08-29 18:08:00 [WARN],SRV-007, sql_injection ,132
INC-05190,2025-03-19 07:44:00 [WARN],SRV-005, DDoS ,35
INC-05191,2025-02-23 12:39:00 [WARN],SRV-006, Brute_Force,9
INC-05192,2025-02-21_01:40:00 [ERROR],SRV-002,Malware_Dropper,114
INC-05193,2025-11-22 20:17:00 [WARN],SRV-002,Phishing,90
INC-05194,2025-01-10 06:26:00 [WARN],SRV-003,Zero_Day,123
INC-05195,2025-02-15 17:00:00 [WARN],SRV-004,Phishing,53
INC-05196,2025-02-23 10:20:00 [WARN],SRV-007, brute_force,105
INC-05197,2025-03-27 00:32:00 [WARN],SRV-002, Brute_Force,27
INC-05198,2025-05-13_17:40:00 [ERROR],SRV-001,Phishing,83
INC-05199,2025-04-25 01:46:00 [WARN],SRV-003, SQL_Injection ,64
INC-05200,2025-11-18 04:35:00 [WARN],SRV-008, SQL_Injection ,103
INC-05201,2025-05-21_22:16:00 [ERROR],SRV-002,Insider_Threat,140
INC-05202,2025-05-30 08:49:00 [WARN],SRV-006,Phishing,47
INC-05203,2025-10-21 00:48:00 [WARN],SRV-006, SQL_Injection ,106
INC-05204,2025-06-07 15:04:00 [WARN],SRV-002,Insider_Threat,139
INC-05205,2025-07-21 04:41:00 [WARN],SRV-001,Insider_Threat,84
INC-05206,2025-03-08 12:17:00 [WARN],SRV-008,Cross_Site_Scripting,116
INC-05207,2025-07-30 13:23:00 [WARN],SRV-005,Ransomware,21
INC-05208,2025-04-05 05:33:00 [WARN],SRV-005, Brute_Force,39
INC-05209,2025-11-17 11:17:00 [WARN],SRV-002, SQL_Injection ,1
INC-05210,2025-03-22_01:34:00 [ERROR],SRV-006,Cross_Site_Scripting,30
INC-05211,2025-08-17 22:13:00 [WARN],SRV-001,Malware_Dropper,80
INC-05212,2025-04-19 04:57:00 [WARN],SRV-007,Cross_Site_Scripting,136
INC-05213,2025-05-24 02:22:00 [WARN],SRV-008,Cross_Site_Scripting,140
INC-05214,2025-05-29 21:35:00 [WARN],SRV-006,phishing,126
INC-05215,2025-11-12 00:55:00 [WARN],SRV-006, SQL_Injection ,142
INC-05216,2025-02-16 07:20:00 [WARN],SRV-003,Ransomware,128
INC-05217,2025-09-29 16:41:00 [WARN],SRV-005,insider_threat,32
INC-05218,2025-09-16 06:35:00 [WARN],SRV-004,Insider_Threat,62
INC-05219,2025-08-30 13:46:00 [WARN],SRV-003,cross_site_scripting,
INC-05220,2025-05-23 15:20:00 [WARN],SRV-002,ransomware,109
INC-05221,2025-05-05 06:57:00 [WARN],SRV-008,Malware_Dropper,107
INC-05222,2025-03-14 22:06:00 [WARN],SRV-005,Insider_Threat,119
INC-05223,2025-06-05 19:59:00 [WARN],SRV-006,Insider_Threat,69
INC-05224,2025-03-19 05:12:00 [WARN],SRV-005,Ransomware,30
INC-05225,2025-01-27_11:40:00 [ERROR],SRV-005,Phishing,46
INC-05226,2025-01-14 21:44:00 [WARN],SRV-004,Ransomware,54
INC-05227,2025-05-04 20:36:00 [WARN],SRV-005,Ransomware,130
INC-05228,2025-12-30 13:36:00 [WARN],SRV-007,Phishing,24
INC-05229,2025-06-22 07:11:00 [WARN],SRV-002, SQL_Injection ,26
INC-05230,2025-06-21_23:42:00 [ERROR],SRV-007,Cross_Site_Scripting,68
INC-05231,2025-08-07 11:26:00 [WARN],SRV-002, Brute_Force,63
INC-05232,2025-11-23 00:40:00 [WARN],SRV-003,Zero_Day,68
INC-05233,2025-08-19 14:55:00 [WARN],SRV-002,malware_dropper,50
INC-05234,2025-11-18 06:46:00 [WARN],SRV-008, SQL_Injection ,25
INC-05235,2025-11-04_00:21:00 [ERROR],SRV-002, SQL_Injection ,42
INC-05236,2025-05-18 16:11:00 [WARN],SRV-008,Zero_Day,
INC-05237,2025-09-03 12:07:00 [WARN],SRV-008,Cross_Site_Scripting,145
INC-05238,2025-04-21 10:51:00 [WARN],SRV-002,Zero_Day,48
INC-05239,2025-01-22 21:27:00 [WARN],SRV-008, DDoS ,76
INC-05240,2025-11-20 18:20:00 [WARN],SRV-007, Brute_Force,23
INC-05241,2025-09-17 13:59:00 [WARN],SRV-001,Cross_Site_Scripting,29
INC-05242,2025-12-16_05:21:00 [ERROR],SRV-002,Ransomware,82
INC-05243,2025-07-09 22:54:00 [WARN],SRV-007, DDoS ,27
INC-05244,2025-10-21 19:06:00 [WARN],SRV-001,insider_threat,105
INC-05245,2026-01-01 05:17:00 [WARN],SRV-002, SQL_Injection ,117
INC-05246,2025-12-03 17:23:00 [WARN],SRV-005,Malware_Dropper,107
INC-05247,2025-08-25 08:25:00 [WARN],SRV-002,Cross_Site_Scripting,12
INC-05248,2025-06-07 09:45:00 [WARN],SRV-001, Brute_Force,47
INC-05249,2025-10-06 23:58:00 [WARN],SRV-001, Brute_Force,43
INC-05250,2025-07-08 15:28:00 [WARN],SRV-005,Phishing,27
INC-05251,2025-06-21 10:56:00 [WARN],SRV-006, Brute_Force,11
INC-05252,2025-03-21 21:36:00 [WARN],SRV-006, Brute_Force,58
INC-05253,2025-03-31 12:27:00 [WARN],SRV-002, DDoS ,22
INC-05254,2025-04-19 10:30:00 [WARN],SRV-001,ransomware,118
INC-05255,2025-12-09 19:43:00 [WARN],SRV-006,Zero_Day,134
INC-05256,2025-03-17 16:21:00 [WARN],SRV-006,Phishing,74
INC-05257,2025-10-05 01:44:00 [WARN],SRV-006,Ransomware,63
INC-05258,2025-01-12 13:14:00 [WARN],SRV-002,Malware_Dropper,72
INC-05259,2025-11-09_07:47:00 [ERROR],SRV-002,Malware_Dropper,27
INC-05260,2025-06-08 15:13:00 [WARN],SRV-001,phishing,94
INC-05261,2025-04-30_10:02:00 [ERROR],SRV-004,Malware_Dropper,137
INC-05262,2025-01-03 09:13:00 [WARN],SRV-008,Phishing,19
INC-05263,2025-04-11 06:24:00 [WARN],SRV-005,cross_site_scripting,132
INC-05264,2025-05-22 08:26:00 [WARN],SRV-005, sql_injection ,141
INC-05265,2025-12-06 08:54:00 [WARN],SRV-004,Ransomware,129
INC-05266,2025-04-27 20:20:00 [WARN],SRV-004, SQL_Injection ,6
INC-05267,2025-09-22 07:23:00 [WARN],SRV-005,malware_dropper,144
INC-05268,2025-09-03 01:54:00 [WARN],SRV-001, ddos ,116
INC-05269,2025-10-01 00:14:00 [WARN],SRV-007,Malware_Dropper,18
INC-05270,2025-06-06 18:37:00 [WARN],SRV-003,Phishing,6
INC-05271,2025-04-18_15:04:00 [ERROR],SRV-005,malware_dropper,69
INC-05272,2025-09-10 09:20:00 [WARN],SRV-002,Insider_Threat,117
INC-05273,2025-09-14 06:03:00 [WARN],SRV-002,Phishing,69
INC-05274,2025-07-23 23:05:00 [WARN],SRV-007, DDoS ,10
INC-05275,2025-03-20 18:17:00 [WARN],SRV-002, DDoS ,103
INC-05276,2025-05-16 17:59:00 [WARN],SRV-005,ransomware,47
INC-05277,2025-02-23 05:46:00 [WARN],SRV-005,Zero_Day,88
INC-05278,2025-11-25 17:22:00 [WARN],SRV-003,malware_dropper,46
INC-05279,2025-03-12 03:55:00 [WARN],SRV-004, Brute_Force,44
INC-05280,2025-07-06 04:02:00 [WARN],SRV-001, Brute_Force,114
INC-05281,2025-07-23 03:08:00 [WARN],SRV-001,Cross_Site_Scripting,24
INC-05282,2025-06-08 19:10:00 [WARN],SRV-008,Phishing,21
INC-05283,2025-07-13 17:24:00 [WARN],SRV-002, Brute_Force,54
INC-05284,2025-04-07 13:30:00 [WARN],SRV-001,Cross_Site_Scripting,119
INC-05285,2025-02-13 09:37:00 [WARN],SRV-004, Brute_Force,83
INC-05286,2025-11-11 01:24:00 [WARN],SRV-002,Cross_Site_Scripting,28
INC-05287,2025-07-21 19:22:00 [WARN],SRV-008,Zero_Day,133
INC-05288,2026-01-01 02:32:00 [WARN],SRV-003,Zero_Day,82
INC-05289,2025-05-09_12:39:00 [ERROR],SRV-005, Brute_Force,105
INC-05290,2025-06-09 15:28:00 [WARN],SRV-007,cross_site_scripting,145
INC-05291,2025-04-10 20:58:00 [WARN],SRV-007,Ransomware,16
INC-05292,2025-08-24_10:41:00 [ERROR],SRV-002,cross_site_scripting,43
INC-05293,2025-12-17 07:23:00 [WARN],SRV-005,Malware_Dropper,18
INC-05294,2025-08-25_09:47:00 [ERROR],SRV-007,Malware_Dropper,21
INC-05295,2025-11-12_07:55:00 [ERROR],SRV-006,Zero_Day,136
INC-05296,2025-11-24 23:05:00 [WARN],SRV-001,Zero_Day,124
INC-05297,2025-10-11 03:54:00 [WARN],SRV-005, DDoS ,13
INC-05298,2025-10-10 17:05:00 [WARN],SRV-005,Zero_Day,20
INC-05299,2025-07-18 23:54:00 [WARN],SRV-004, SQL_Injection ,149
INC-05300,2025-11-25 14:32:00 [WARN],SRV-006, Brute_Force,131
INC-05301,2025-09-02 02:34:00 [WARN],SRV-006,Cross_Site_Scripting,50
INC-05302,2025-01-28_19:01:00 [ERROR],SRV-004,Zero_Day,138 hrs
INC-05303,2025-03-14 19:03:00 [WARN],SRV-007,Ransomware,129 hrs
INC-05304,2025-01-23 05:15:00 [WARN],SRV-005,Cross_Site_Scripting,99
INC-05305,2025-09-01 09:08:00 [WARN],SRV-002, Brute_Force,146
INC-05306,2025-07-26 09:36:00 [WARN],SRV-007, Brute_Force,107
INC-05307,2025-04-22 12:41:00 [WARN],SRV-005,Phishing,35
INC-05308,2025-10-14 20:14:00 [WARN],SRV-002,Phishing,10
INC-05309,2025-03-09 03:26:00 [WARN],SRV-006,Phishing,113
INC-05310,2025-10-28 16:49:00 [WARN],SRV-003,insider_threat,122
INC-05311,2025-11-03 09:42:00 [WARN],SRV-004,Malware_Dropper,94
INC-05312,2025-12-30 12:46:00 [WARN],SRV-004,Cross_Site_Scripting,95
INC-05313,2025-04-06 15:13:00 [WARN],SRV-005, DDoS ,19
INC-05314,2025-05-25 23:21:00 [WARN],SRV-004, SQL_Injection ,3
INC-05315,2025-01-13 21:39:00 [WARN],SRV-005, SQL_Injection ,42
INC-05316,2025-10-30 19:14:00 [WARN],SRV-005,Zero_Day,113
INC-05317,2025-04-15 18:07:00 [WARN],SRV-008, SQL_Injection ,34
INC-05318,2025-01-06 14:15:00 [WARN],SRV-003, brute_force,74
INC-05319,2025-12-25 06:01:00 [WARN],SRV-002, SQL_Injection ,121
INC-05320,2025-11-22 21:27:00 [WARN],SRV-004,Malware_Dropper,106
INC-05321,2025-04-02 17:59:00 [WARN],SRV-002,Cross_Site_Scripting,93
INC-05322,2025-09-16 22:02:00 [WARN],SRV-005, DDoS ,142
INC-05323,2025-05-15 21:17:00 [WARN],SRV-007,Zero_Day,13
INC-05324,2025-12-03 18:13:00 [WARN],SRV-004,Phishing,140
INC-05325,2025-07-31 23:27:00 [WARN],SRV-003,Ransomware,37
INC-05326,2025-12-20 02:07:00 [WARN],SRV-005, SQL_Injection ,17
INC-05327,2025-12-31 04:03:00 [WARN],SRV-006, sql_injection ,136
INC-05328,2025-11-08 06:43:00 [WARN],SRV-005,Insider_Threat,40
INC-05329,2025-07-24 05:26:00 [WARN],SRV-004,ransomware,25
INC-05330,2025-06-02 02:49:00 [WARN],SRV-003,Malware_Dropper,72
INC-05331,2025-11-03 04:51:00 [WARN],SRV-007, Brute_Force,
INC-05332,2025-07-13 19:30:00 [WARN],SRV-008, sql_injection ,10
INC-05333,2025-03-12 18:54:00 [WARN],SRV-002, ddos ,69
INC-05334,2025-09-01_13:13:00 [ERROR],SRV-002,phishing,22
INC-05335,2025-05-16 23:50:00 [WARN],SRV-007, DDoS ,139
INC-05336,2025-10-01_00:45:00 [ERROR],SRV-007,Ransomware,41
INC-05337,2025-03-21 09:22:00 [WARN],SRV-007,malware_dropper,132
INC-05338,2025-12-13_04:11:00 [ERROR],SRV-002, brute_force,120
INC-05339,2025-10-19 03:10:00 [WARN],SRV-001,zero_day,127
INC-05340,2025-09-22 04:38:00 [WARN],SRV-005,Ransomware,15
INC-05341,2025-05-05 21:33:00 [WARN],SRV-007, Brute_Force,134
INC-05342,2025-01-06 20:18:00 [WARN],SRV-004, sql_injection ,58
INC-05343,2025-08-12 09:54:00 [WARN],SRV-003,Insider_Threat,55
INC-05344,2025-06-28 11:33:00 [WARN],SRV-007, sql_injection ,69
INC-05345,2025-05-21 19:25:00 [WARN],SRV-004, SQL_Injection ,90
INC-05346,2025-04-20 00:40:00 [WARN],SRV-008,phishing,139
INC-05347,2025-06-02 00:53:00 [WARN],SRV-007,Malware_Dropper,103
INC-05348,2025-04-30 03:29:00 [WARN],SRV-001,Cross_Site_Scripting,136
INC-05349,2025-05-17 12:19:00 [WARN],SRV-005,Malware_Dropper,66
INC-05350,2025-06-16 17:11:00 [WARN],SRV-005,Ransomware,126
INC-05351,2025-09-18 20:22:00 [WARN],SRV-001,Ransomware,33
INC-05352,2025-08-18 19:20:00 [WARN],SRV-004,Cross_Site_Scripting,87
INC-05353,2025-07-16 14:20:00 [WARN],SRV-001, SQL_Injection ,66
INC-05354,2025-10-29 07:38:00 [WARN],SRV-003,Malware_Dropper,7
INC-05355,2025-07-31 11:19:00 [WARN],SRV-008, SQL_Injection ,133
INC-05356,2025-09-15 19:24:00 [WARN],SRV-001, Brute_Force,97
INC-05357,2025-09-30 20:18:00 [WARN],SRV-008,Cross_Site_Scripting,110
INC-05358,2025-05-22 12:49:00 [WARN],SRV-006, DDoS ,106
INC-05359,2025-01-19 10:56:00 [WARN],SRV-002,Phishing,140
INC-05360,2025-01-08 21:12:00 [WARN],SRV-003, SQL_Injection ,99
INC-05361,2025-09-10 19:31:00 [WARN],SRV-008,Phishing,103
INC-05362,2025-08-24_23:50:00 [ERROR],SRV-006,Malware_Dropper,66
INC-05363,2025-02-05_07:42:00 [ERROR],SRV-005,Malware_Dropper,132
INC-05364,2025-05-23 07:08:00 [WARN],SRV-007,phishing,95
INC-05365,2025-12-01 11:48:00 [WARN],SRV-006, SQL_Injection ,112
INC-05366,2025-05-03 12:36:00 [WARN],SRV-005,Ransomware,60
INC-05367,2025-11-10 14:50:00 [WARN],SRV-001, Brute_Force,145
INC-05368,2025-09-08 22:23:00 [WARN],SRV-001,Zero_Day,19
INC-05369,2025-10-26_11:26:00 [ERROR],SRV-002,Zero_Day,109
INC-05370,2025-07-27 19:04:00 [WARN],SRV-004,Insider_Threat,127
INC-05371,2025-05-26 02:09:00 [WARN],SRV-002,cross_site_scripting,58
INC-05372,2025-04-07 14:02:00 [WARN],SRV-004, DDoS ,13
INC-05373,2025-10-15 12:22:00 [WARN],SRV-001,Cross_Site_Scripting,38
INC-05374,2025-05-04 00:39:00 [WARN],SRV-001,Phishing,64
INC-05375,2025-12-28 19:31:00 [WARN],SRV-008,Zero_Day,114
INC-05376,2025-01-17 06:24:00 [WARN],SRV-004,Malware_Dropper,113
INC-05377,2025-03-13 04:46:00 [WARN],SRV-002,Zero_Day,49
INC-05378,2025-07-09_04:17:00 [ERROR],SRV-002, DDoS ,102
INC-05379,2025-06-26 18:58:00 [WARN],SRV-005, SQL_Injection ,94
INC-05380,2025-02-15 15:42:00 [WARN],SRV-001, DDoS ,54
INC-05381,2025-01-16_23:16:00 [ERROR],SRV-007,Malware_Dropper,33
INC-05382,2025-05-25 20:06:00 [WARN],SRV-008,Insider_Threat,121
INC-05383,2025-06-28 00:32:00 [WARN],SRV-005,Cross_Site_Scripting,11
INC-05384,2025-11-17 15:59:00 [WARN],SRV-006, sql_injection ,148
INC-05385,2025-04-11 22:55:00 [WARN],SRV-007,Phishing,145
INC-05386,2025-03-29 23:55:00 [WARN],SRV-002,Ransomware,93
INC-05387,2025-01-01_21:41:00 [ERROR],SRV-005,Insider_Threat,40
INC-05388,2025-09-19 22:06:00 [WARN],SRV-002,Malware_Dropper,41
INC-05389,2025-05-17_12:27:00 [ERROR],SRV-007, SQL_Injection ,121
INC-05390,2025-11-20 04:38:00 [WARN],SRV-001,Ransomware,41
INC-05391,2025-11-22 23:58:00 [WARN],SRV-002,Cross_Site_Scripting,72
INC-05392,2025-06-13 20:55:00 [WARN],SRV-008, DDoS ,131
INC-05393,2025-12-18 14:59:00 [WARN],SRV-004,Cross_Site_Scripting,30
INC-05394,2025-09-16 04:47:00 [WARN],SRV-003,Zero_Day,107
INC-05395,2025-11-18 21:58:00 [WARN],SRV-001, sql_injection ,116
INC-05396,2025-08-06_22:29:00 [ERROR],SRV-005,Ransomware,71
INC-05397,2025-04-05 17:08:00 [WARN],SRV-006,Cross_Site_Scripting,27
INC-05398,2025-12-06 16:03:00 [WARN],SRV-005, brute_force,93
INC-05399,2025-05-21 21:28:00 [WARN],SRV-002,Phishing,111 hrs
INC-05400,2025-10-12 17:56:00 [WARN],SRV-006,Insider_Threat,115
INC-05401,2025-09-30 12:13:00 [WARN],SRV-007,malware_dropper,
INC-05402,2025-05-07 17:33:00 [WARN],SRV-006, SQL_Injection ,39
INC-05403,2025-01-25 10:57:00 [WARN],SRV-008,Zero_Day,97
INC-05404,2025-07-26_21:22:00 [ERROR],SRV-002,Ransomware,111
INC-05405,2025-01-17 22:22:00 [WARN],SRV-003, sql_injection ,85
INC-05406,2025-06-12 23:24:00 [WARN],SRV-004, sql_injection ,123
INC-05407,2025-11-29 00:36:00 [WARN],SRV-007, Brute_Force,16
INC-05408,2025-03-13 04:58:00 [WARN],SRV-006, DDoS ,90 hrs
INC-05409,2025-08-26 21:45:00 [WARN],SRV-007,ransomware,109
INC-05410,2025-11-26 08:30:00 [WARN],SRV-004, Brute_Force,65
INC-05411,2025-05-11 12:50:00 [WARN],SRV-007,insider_threat,63
INC-05412,2025-05-17 12:23:00 [WARN],SRV-001, Brute_Force,134
INC-05413,2025-05-16 01:48:00 [WARN],SRV-007, Brute_Force,113
INC-05414,2025-06-18 11:51:00 [WARN],SRV-001,Insider_Threat,52
INC-05415,2025-08-16 21:35:00 [WARN],SRV-005,Ransomware,11
INC-05416,2025-02-17 16:04:00 [WARN],SRV-005,Malware_Dropper,59
INC-05417,2025-09-18 10:59:00 [WARN],SRV-006,malware_dropper,77
INC-05418,2025-12-09 18:03:00 [WARN],SRV-006,Ransomware,73
INC-05419,2025-09-14 22:07:00 [WARN],SRV-004,Phishing,15
INC-05420,2025-10-03 12:31:00 [WARN],SRV-007, DDoS ,72
INC-05421,2025-09-11 15:21:00 [WARN],SRV-007,Zero_Day,146
INC-05422,2025-03-28 21:25:00 [WARN],SRV-007, Brute_Force,77
INC-05423,2025-02-25 23:38:00 [WARN],SRV-006,Malware_Dropper,53
INC-05424,2025-06-12 08:46:00 [WARN],SRV-007, SQL_Injection ,57
INC-05425,2025-01-11_05:20:00 [ERROR],SRV-008,Malware_Dropper,47
INC-05426,2025-02-15 16:46:00 [WARN],SRV-005,Cross_Site_Scripting,77
INC-05427,2025-05-09 17:01:00 [WARN],SRV-002,Insider_Threat,5
INC-05428,2025-09-03 15:14:00 [WARN],SRV-004,Cross_Site_Scripting,78
INC-05429,2025-12-25 04:27:00 [WARN],SRV-005,Cross_Site_Scripting,
INC-05430,2025-06-09 22:15:00 [WARN],SRV-004,Ransomware,53
INC-05431,2025-03-20 01:27:00 [WARN],SRV-001,Cross_Site_Scripting,56
INC-05432,2025-04-10 04:37:00 [WARN],SRV-002, SQL_Injection ,63
INC-05433,2025-05-26 02:14:00 [WARN],SRV-004,zero_day,78
INC-05434,2025-11-22 13:46:00 [WARN],SRV-004,ransomware,30
INC-05435,2025-08-19 18:59:00 [WARN],SRV-006,Cross_Site_Scripting,35
INC-05436,2025-05-14 02:37:00 [WARN],SRV-002,Cross_Site_Scripting,45
INC-05437,2025-02-06 13:00:00 [WARN],SRV-001,malware_dropper,130
INC-05438,2025-04-12 11:52:00 [WARN],SRV-008,Ransomware,117
INC-05439,2025-01-23 16:26:00 [WARN],SRV-005,phishing,11
INC-05440,2025-04-05 00:03:00 [WARN],SRV-003,insider_threat,19
INC-05441,2025-06-13 10:59:00 [WARN],SRV-007, DDoS ,42
INC-05442,2025-04-16 17:41:00 [WARN],SRV-005,Malware_Dropper,34
INC-05443,2025-11-10 14:02:00 [WARN],SRV-005,Malware_Dropper,123
INC-05444,2025-08-31_09:06:00 [ERROR],SRV-007,Zero_Day,128
INC-05445,2025-05-28 13:22:00 [WARN],SRV-008,insider_threat,115
INC-05446,2025-09-06 09:14:00 [WARN],SRV-007, brute_force,90
INC-05447,2025-06-02 14:26:00 [WARN],SRV-007, Brute_Force,114 hrs
INC-05448,2025-07-02 19:04:00 [WARN],SRV-005, DDoS ,114
INC-05449,2025-11-27_20:44:00 [ERROR],SRV-005,Cross_Site_Scripting,134
INC-05450,2025-08-04 05:39:00 [WARN],SRV-004,phishing,83
INC-05451,2025-10-14_03:38:00 [ERROR],SRV-005,Zero_Day,5 hrs
INC-05452,2025-07-30 08:04:00 [WARN],SRV-006, Brute_Force,130
INC-05453,2025-08-10 03:25:00 [WARN],SRV-001, Brute_Force,9
INC-05454,2025-02-27 09:56:00 [WARN],SRV-005,Phishing,124
INC-05455,2025-05-26_04:36:00 [ERROR],SRV-006,Phishing,94
INC-05456,2025-12-29 21:58:00 [WARN],SRV-006,Cross_Site_Scripting,9
INC-05457,2025-08-12 15:46:00 [WARN],SRV-001,malware_dropper,70
INC-05458,2025-02-13 02:51:00 [WARN],SRV-007, DDoS ,97
INC-05459,2025-07-31 08:49:00 [WARN],SRV-002,Malware_Dropper,55
INC-05460,2025-03-11 08:13:00 [WARN],SRV-004,Ransomware,128
INC-05461,2025-07-10 10:07:00 [WARN],SRV-005, Brute_Force,75 hrs
INC-05462,2025-01-28 14:40:00 [WARN],SRV-006, SQL_Injection ,74
INC-05463,2025-04-04 17:34:00 [WARN],SRV-002, ddos ,26
INC-05464,2025-02-18 20:04:00 [WARN],SRV-004,Zero_Day,68
INC-05465,2025-01-27 22:03:00 [WARN],SRV-004, SQL_Injection ,
INC-05466,2025-02-10 07:33:00 [WARN],SRV-003, Brute_Force,93
INC-05467,2025-08-03 17:08:00 [WARN],SRV-002, Brute_Force,102
INC-05468,2025-08-23 02:58:00 [WARN],SRV-006,Insider_Threat,59
INC-05469,2025-09-07 03:13:00 [WARN],SRV-006,Zero_Day,124
INC-05470,2025-02-08 10:33:00 [WARN],SRV-004, DDoS ,75
INC-05471,2025-05-18 13:27:00 [WARN],SRV-008,Malware_Dropper,50
INC-05472,2025-08-12 02:45:00 [WARN],SRV-003,Zero_Day,56
INC-05473,2025-10-14 20:22:00 [WARN],SRV-007,Ransomware,77
INC-05474,2025-06-08 20:17:00 [WARN],SRV-003,Malware_Dropper,97
INC-05475,2025-10-11 18:30:00 [WARN],SRV-004,zero_day,129
INC-05476,2025-08-09 21:27:00 [WARN],SRV-007,Insider_Threat,93
INC-05477,2025-11-02 05:24:00 [WARN],SRV-007, SQL_Injection ,116
INC-05478,2025-03-23 13:22:00 [WARN],SRV-006,Zero_Day,42
INC-05479,2025-03-19_04:15:00 [ERROR],SRV-007, SQL_Injection ,2
INC-05480,2026-01-01 13:03:00 [WARN],SRV-003,Ransomware,42
INC-05481,2025-05-10 05:44:00 [WARN],SRV-005, DDoS ,30
INC-05482,2025-01-24 01:52:00 [WARN],SRV-002, Brute_Force,125
INC-05483,2025-08-29 17:13:00 [WARN],SRV-003,cross_site_scripting,19
INC-05484,2025-09-02_11:47:00 [ERROR],SRV-007,cross_site_scripting,11
INC-05485,2025-11-07 08:59:00 [WARN],SRV-008,Malware_Dropper,8
INC-05486,2025-09-19 15:13:00 [WARN],SRV-006,Cross_Site_Scripting,107
INC-05487,2025-03-16 17:51:00 [WARN],SRV-002,Insider_Threat,35
INC-05488,2025-04-03 22:29:00 [WARN],SRV-005, DDoS ,25
INC-05489,2025-09-19_23:29:00 [ERROR],SRV-004,Zero_Day,43
INC-05490,2025-01-31 19:01:00 [WARN],SRV-005, Brute_Force,117
INC-05491,2025-06-27 07:38:00 [WARN],SRV-004, SQL_Injection ,135
INC-05492,2025-12-28 17:26:00 [WARN],SRV-007,Malware_Dropper,99
INC-05493,2025-03-26 11:15:00 [WARN],SRV-004, DDoS ,44
INC-05494,2025-06-02 12:40:00 [WARN],SRV-006,Zero_Day,149
INC-05495,2025-07-05_03:02:00 [ERROR],SRV-006,Malware_Dropper,103
INC-05496,2025-03-16_17:19:00 [ERROR],SRV-006, DDoS ,64
INC-05497,2025-01-21 06:23:00 [WARN],SRV-002, Brute_Force,56
INC-05498,2025-01-08 21:09:00 [WARN],SRV-001, brute_force,78
INC-05499,2025-09-24 13:42:00 [WARN],SRV-008,Phishing,146
INC-05500,2025-01-08 15:54:00 [WARN],SRV-004, SQL_Injection ,69
INC-05501,2025-09-23 09:52:00 [WARN],SRV-003,Ransomware,139
INC-05502,2025-11-03 03:00:00 [WARN],SRV-005,Ransomware,116
INC-05503,2025-07-10 05:04:00 [WARN],SRV-001, DDoS ,100
INC-05504,2025-09-08 21:16:00 [WARN],SRV-007,Insider_Threat,149
INC-05505,2025-02-17 01:57:00 [WARN],SRV-008,Zero_Day,2
INC-05506,2025-06-22 14:00:00 [WARN],SRV-006, brute_force,125
INC-05507,2025-09-12 03:25:00 [WARN],SRV-001,Zero_Day,144
INC-05508,2025-11-11 12:54:00 [WARN],SRV-008,Insider_Threat,19
INC-05509,2025-09-24 06:10:00 [WARN],SRV-008,Insider_Threat,110
INC-05510,2025-03-09 03:35:00 [WARN],SRV-007,Malware_Dropper,110
INC-05511,2025-03-08 09:48:00 [WARN],SRV-005,Ransomware,78
INC-05512,2025-02-25 23:41:00 [WARN],SRV-006, DDoS ,126
INC-05513,2025-01-07_02:44:00 [ERROR],SRV-006, DDoS ,44
INC-05514,2025-05-04 08:58:00 [WARN],SRV-004, SQL_Injection ,34
INC-05515,2025-02-06 17:38:00 [WARN],SRV-007,insider_threat,143
INC-05516,2025-01-28 16:25:00 [WARN],SRV-003,Ransomware,112
INC-05517,2025-03-10 17:58:00 [WARN],SRV-003,malware_dropper,37
INC-05518,2025-06-12 18:27:00 [WARN],SRV-002,Ransomware,2
INC-05519,2025-10-23 08:17:00 [WARN],SRV-006,Phishing,31
INC-05520,2025-10-22 21:12:00 [WARN],SRV-002, Brute_Force,18
INC-05521,2025-05-13 00:59:00 [WARN],SRV-001,Insider_Threat,8
INC-05522,2025-08-28 06:23:00 [WARN],SRV-003,Cross_Site_Scripting,29
INC-05523,2025-07-02 11:45:00 [WARN],SRV-001,Malware_Dropper,84
INC-05524,2025-02-21_04:43:00 [ERROR],SRV-004, SQL_Injection ,34
INC-05525,2025-02-11 08:44:00 [WARN],SRV-005, SQL_Injection ,134
INC-05526,2025-11-17 21:05:00 [WARN],SRV-008,zero_day,54
INC-05527,2025-12-10_19:08:00 [ERROR],SRV-004,Insider_Threat,11
INC-05528,2025-03-07 08:52:00 [WARN],SRV-004,Insider_Threat,82
INC-05529,2025-08-30_22:56:00 [ERROR],SRV-007,cross_site_scripting,132
INC-05530,2025-02-26 03:30:00 [WARN],SRV-007,Malware_Dropper,46
INC-05531,2025-10-25 19:28:00 [WARN],SRV-004, ddos ,20
INC-05532,2025-07-17 19:08:00 [WARN],SRV-002,Malware_Dropper,131
INC-05533,2025-10-11 14:06:00 [WARN],SRV-002,Malware_Dropper,63 hrs
INC-05534,2025-05-03_12:11:00 [ERROR],SRV-002, SQL_Injection ,20
INC-05535,2025-03-30 12:55:00 [WARN],SRV-008,Cross_Site_Scripting,115
INC-05536,2025-11-08 15:45:00 [WARN],SRV-002, Brute_Force,56
INC-05537,2025-05-05 02:13:00 [WARN],SRV-004, Brute_Force,74
INC-05538,2025-11-11 07:29:00 [WARN],SRV-003,Cross_Site_Scripting,23
INC-05539,2025-09-23 09:00:00 [WARN],SRV-005, Brute_Force,52
INC-05540,2025-07-17 09:37:00 [WARN],SRV-002,Ransomware,33 hrs
INC-05541,2025-05-26 15:31:00 [WARN],SRV-001,Zero_Day,113
INC-05542,2025-08-23 20:36:00 [WARN],SRV-001,Insider_Threat,7
INC-05543,2025-04-08_23:10:00 [ERROR],SRV-008,Zero_Day,89
INC-05544,2025-01-04 20:35:00 [WARN],SRV-008,Cross_Site_Scripting,94
INC-05545,2025-04-07 14:55:00 [WARN],SRV-002, Brute_Force,2
INC-05546,2025-11-27_05:44:00 [ERROR],SRV-008,Ransomware,106
INC-05547,2025-02-06 02:39:00 [WARN],SRV-003,Zero_Day,43
INC-05548,2025-01-08_05:09:00 [ERROR],SRV-003,zero_day,144
INC-05549,2025-09-12 15:02:00 [WARN],SRV-005,phishing,93
INC-05550,2025-01-08 00:50:00 [WARN],SRV-002,Ransomware,72
INC-05551,2025-10-28 13:17:00 [WARN],SRV-008,Malware_Dropper,126
INC-05552,2025-05-08 23:39:00 [WARN],SRV-006,Insider_Threat,126
INC-05553,2025-08-28 20:19:00 [WARN],SRV-008,cross_site_scripting,146
INC-05554,2025-05-21 01:32:00 [WARN],SRV-003,Cross_Site_Scripting,100
INC-05555,2025-03-30 01:39:00 [WARN],SRV-001,Malware_Dropper,80
INC-05556,2025-03-25 03:17:00 [WARN],SRV-007,Cross_Site_Scripting,74
INC-05557,2025-01-28 09:30:00 [WARN],SRV-008,Malware_Dropper,103
INC-05558,2025-10-09 20:07:00 [WARN],SRV-006, SQL_Injection ,21
INC-05559,2025-06-21 02:53:00 [WARN],SRV-002,Cross_Site_Scripting,138
INC-05560,2025-05-15 04:25:00 [WARN],SRV-003,Ransomware,72
INC-05561,2025-07-22 16:47:00 [WARN],SRV-004, SQL_Injection ,150
INC-05562,2025-01-24 00:22:00 [WARN],SRV-007, DDoS ,109
INC-05563,2025-02-08 19:36:00 [WARN],SRV-001,Ransomware,119
INC-05564,2025-06-12 13:34:00 [WARN],SRV-006,cross_site_scripting,111
INC-05565,2025-08-15 00:32:00 [WARN],SRV-005,insider_threat,135
INC-05566,2025-02-13 23:55:00 [WARN],SRV-006,Insider_Threat,36 hrs
INC-05567,2025-08-09 08:25:00 [WARN],SRV-001,Zero_Day,116
INC-05568,2025-12-26 20:09:00 [WARN],SRV-008, brute_force,42
INC-05569,2025-07-28 08:47:00 [WARN],SRV-001, brute_force,102
INC-05570,2025-04-30 00:25:00 [WARN],SRV-008,Insider_Threat,47
INC-05571,2025-09-28 05:43:00 [WARN],SRV-006,Zero_Day,52
INC-05572,2025-06-19 07:46:00 [WARN],SRV-002, Brute_Force,98
INC-05573,2025-01-23 06:07:00 [WARN],SRV-005,Ransomware,108
INC-05574,2025-06-05 10:04:00 [WARN],SRV-008,Phishing,53
INC-05575,2025-07-08 08:21:00 [WARN],SRV-008,Cross_Site_Scripting,71
INC-05576,2025-03-04 22:17:00 [WARN],SRV-003,Cross_Site_Scripting,14
INC-05577,2025-04-18 23:33:00 [WARN],SRV-001,Malware_Dropper,24 hrs
INC-05578,2025-08-28 06:48:00 [WARN],SRV-008,Cross_Site_Scripting,71
INC-05579,2025-02-11 21:21:00 [WARN],SRV-002, DDoS ,113
INC-05580,2025-02-25 04:29:00 [WARN],SRV-006,Ransomware,5
INC-05581,2025-10-29 10:43:00 [WARN],SRV-001,insider_threat,70
INC-05582,2025-05-23 08:10:00 [WARN],SRV-003, ddos ,82
INC-05583,2026-01-01 14:59:00 [WARN],SRV-007,Zero_Day,18
INC-05584,2025-05-18_09:22:00 [ERROR],SRV-005, SQL_Injection ,116
INC-05585,2025-03-27_10:50:00 [ERROR],SRV-004,ransomware,100
INC-05586,2025-04-22 09:28:00 [WARN],SRV-001,Phishing,122
INC-05587,2025-10-02 05:56:00 [WARN],SRV-004, DDoS ,120
INC-05588,2025-08-25 05:48:00 [WARN],SRV-003, Brute_Force,136
INC-05589,2025-08-07 07:30:00 [WARN],SRV-007,Cross_Site_Scripting,15
INC-05590,2025-09-06_03:56:00 [ERROR],SRV-006,Malware_Dropper,36
INC-05591,2025-07-21 20:48:00 [WARN],SRV-005,Malware_Dropper,72
INC-05592,2025-09-07 09:07:00 [WARN],SRV-006,Cross_Site_Scripting,75
INC-05593,2025-07-04 10:49:00 [WARN],SRV-003, SQL_Injection ,29
INC-05594,2025-03-05 21:22:00 [WARN],SRV-006,Insider_Threat,106
INC-05595,2025-03-26_04:12:00 [ERROR],SRV-004,malware_dropper,1
INC-05596,2025-12-09 00:55:00 [WARN],SRV-007,ransomware,132
INC-05597,2025-01-06 23:04:00 [WARN],SRV-003, brute_force,3
INC-05598,2025-03-06 12:24:00 [WARN],SRV-004, Brute_Force,103
INC-05599,2025-04-18 22:45:00 [WARN],SRV-005, DDoS ,39
INC-05600,2025-11-14 03:49:00 [WARN],SRV-002, brute_force,20
INC-05601,2025-08-06 16:20:00 [WARN],SRV-002,Ransomware,135
INC-05602,2025-05-10 05:01:00 [WARN],SRV-001,Malware_Dropper,28
INC-05603,2025-12-17 14:26:00 [WARN],SRV-002,malware_dropper,126
INC-05604,2025-04-18 18:34:00 [WARN],SRV-008, Brute_Force,46
INC-05605,2025-12-27_04:30:00 [ERROR],SRV-001, sql_injection ,82
INC-05606,2025-08-18 02:11:00 [WARN],SRV-001, SQL_Injection ,55
INC-05607,2025-09-11 15:16:00 [WARN],SRV-003, sql_injection ,38
INC-05608,2025-04-07 14:02:00 [WARN],SRV-001,Phishing,11
INC-05609,2025-02-06 08:36:00 [WARN],SRV-002, sql_injection ,50
INC-05610,2025-12-23_20:55:00 [ERROR],SRV-007, Brute_Force,51
INC-05611,2025-05-13_11:31:00 [ERROR],SRV-002, ddos ,64
INC-05612,2025-08-05 14:27:00 [WARN],SRV-006, DDoS ,21
INC-05613,2025-06-22 19:02:00 [WARN],SRV-006, Brute_Force,57
INC-05614,2025-09-11 21:33:00 [WARN],SRV-004, SQL_Injection ,128
INC-05615,2025-03-27 15:05:00 [WARN],SRV-001,Cross_Site_Scripting,110
INC-05616,2025-10-08 02:36:00 [WARN],SRV-003,Phishing,50
INC-05617,2025-08-23 23:56:00 [WARN],SRV-004,ransomware,103
INC-05618,2025-08-02 08:43:00 [WARN],SRV-002,Cross_Site_Scripting,29
INC-05619,2025-03-05_02:01:00 [ERROR],SRV-008,Malware_Dropper,39
INC-05620,2025-01-09 04:03:00 [WARN],SRV-006,Ransomware,110
INC-05621,2025-10-18_08:08:00 [ERROR],SRV-006,insider_threat,28
INC-05622,2025-05-03 17:20:00 [WARN],SRV-007,Cross_Site_Scripting,142
INC-05623,2025-09-17 20:50:00 [WARN],SRV-007,Insider_Threat,38
INC-05624,2025-09-08 08:27:00 [WARN],SRV-001,Ransomware,1
INC-05625,2025-03-22 05:21:00 [WARN],SRV-008,Insider_Threat,107
INC-05626,2025-12-23_16:22:00 [ERROR],SRV-001,Insider_Threat,65
INC-05627,2025-05-22 20:30:00 [WARN],SRV-001,Insider_Threat,76
INC-05628,2025-11-26 18:55:00 [WARN],SRV-003,Zero_Day,52
INC-05629,2025-01-10 20:08:00 [WARN],SRV-004, DDoS ,55
INC-05630,2025-05-14 23:08:00 [WARN],SRV-004, sql_injection ,97 hrs
INC-05631,2025-04-18 16:00:00 [WARN],SRV-007,Phishing,3
INC-05632,2025-12-06 17:14:00 [WARN],SRV-005,Ransomware,2
INC-05633,2025-09-21 04:56:00 [WARN],SRV-003,Zero_Day,87
INC-05634,2025-04-12 21:35:00 [WARN],SRV-002,Malware_Dropper,112
INC-05635,2025-11-09 21:32:00 [WARN],SRV-008, Brute_Force,69
INC-05636,2025-01-23 19:02:00 [WARN],SRV-006,Zero_Day,20
INC-05637,2025-06-08 17:03:00 [WARN],SRV-004,Malware_Dropper,122
INC-05638,2025-04-30 17:26:00 [WARN],SRV-006,Ransomware,112
INC-05639,2025-12-19 11:23:00 [WARN],SRV-003,zero_day,22
INC-05640,2025-09-06 12:13:00 [WARN],SRV-002, SQL_Injection ,91
INC-05641,2025-03-18 04:23:00 [WARN],SRV-007,Zero_Day,26
INC-05642,2025-03-05 18:40:00 [WARN],SRV-007, Brute_Force,26
INC-05643,2025-09-18 16:45:00 [WARN],SRV-004,insider_threat,102
INC-05644,2025-07-12 22:53:00 [WARN],SRV-006,malware_dropper,100
INC-05645,2025-07-12_20:39:00 [ERROR],SRV-003, Brute_Force,74
INC-05646,2025-11-23 10:28:00 [WARN],SRV-008, DDoS ,28
INC-05647,2025-05-12 09:01:00 [WARN],SRV-004,Malware_Dropper,
INC-05648,2025-01-27 06:50:00 [WARN],SRV-004,Malware_Dropper,40
INC-05649,2025-06-28 02:32:00 [WARN],SRV-007,Ransomware,37 hrs
INC-05650,2025-06-16 00:08:00 [WARN],SRV-002,Malware_Dropper,12
INC-05651,2025-05-22 04:42:00 [WARN],SRV-007, DDoS ,36
INC-05652,2025-11-28 20:10:00 [WARN],SRV-002, ddos ,3
INC-05653,2025-01-19 08:56:00 [WARN],SRV-005,Cross_Site_Scripting,123
INC-05654,2025-04-20 08:16:00 [WARN],SRV-004, DDoS ,93
INC-05655,2025-06-03_10:22:00 [ERROR],SRV-007,Ransomware,29
INC-05656,2025-12-25 13:37:00 [WARN],SRV-002,Cross_Site_Scripting,86
INC-05657,2025-10-03 10:45:00 [WARN],SRV-001,Cross_Site_Scripting,36
INC-05658,2025-12-17 13:20:00 [WARN],SRV-004, DDoS ,55
INC-05659,2025-12-07 07:19:00 [WARN],SRV-006,phishing,128
INC-05660,2025-04-29 19:52:00 [WARN],SRV-001,Cross_Site_Scripting,118
INC-05661,2025-08-03 21:06:00 [WARN],SRV-003, DDoS ,32
INC-05662,2025-12-18_14:02:00 [ERROR],SRV-007, DDoS ,129
INC-05663,2025-10-07 04:55:00 [WARN],SRV-002, Brute_Force,26
INC-05664,2025-11-30 07:22:00 [WARN],SRV-001,Cross_Site_Scripting,
INC-05665,2025-04-18 14:38:00 [WARN],SRV-008,Insider_Threat,36
INC-05666,2025-01-28 23:12:00 [WARN],SRV-007,Ransomware,77
INC-05667,2025-11-30 17:23:00 [WARN],SRV-006, SQL_Injection ,14
INC-05668,2025-02-09 17:32:00 [WARN],SRV-002,Phishing,76
INC-05669,2025-02-15 17:54:00 [WARN],SRV-008, ddos ,52
INC-05670,2025-01-21 13:47:00 [WARN],SRV-008,Cross_Site_Scripting,145
INC-05671,2025-09-12 13:27:00 [WARN],SRV-007,Zero_Day,146
INC-05672,2025-03-10 21:19:00 [WARN],SRV-001,Ransomware,73
INC-05673,2025-08-19 03:35:00 [WARN],SRV-005,Zero_Day,58
INC-05674,2025-09-24 05:03:00 [WARN],SRV-006,Malware_Dropper,97
INC-05675,2025-03-21 19:12:00 [WARN],SRV-007,Zero_Day,23 hrs
INC-05676,2025-02-06 07:03:00 [WARN],SRV-006, ddos ,75
INC-05677,2025-02-26 21:34:00 [WARN],SRV-003,cross_site_scripting,129
INC-05678,2025-04-29 01:16:00 [WARN],SRV-008,Ransomware,64
INC-05679,2025-10-30 06:27:00 [WARN],SRV-004,Insider_Threat,144
INC-05680,2025-02-20_02:11:00 [ERROR],SRV-002,Phishing,106
INC-05681,2025-01-14 08:15:00 [WARN],SRV-004,Insider_Threat,72
INC-05682,2025-01-12 09:57:00 [WARN],SRV-001, brute_force,149
INC-05683,2025-09-23 04:23:00 [WARN],SRV-002, SQL_Injection ,66
INC-05684,2025-11-16 08:24:00 [WARN],SRV-007,Zero_Day,100
INC-05685,2025-12-06_02:07:00 [ERROR],SRV-008,Cross_Site_Scripting,15
INC-05686,2025-04-30 14:14:00 [WARN],SRV-004, SQL_Injection ,47
INC-05687,2025-01-11 18:12:00 [WARN],SRV-008,Cross_Site_Scripting,46
INC-05688,2025-03-19 05:46:00 [WARN],SRV-008,Zero_Day,50
INC-05689,2025-12-25 22:41:00 [WARN],SRV-007,Phishing,128
INC-05690,2025-04-11 22:32:00 [WARN],SRV-002,Zero_Day,69
INC-05691,2025-09-11 06:17:00 [WARN],SRV-002,Malware_Dropper,106 hrs
INC-05692,2025-08-13 06:51:00 [WARN],SRV-004,Phishing,116
INC-05693,2025-05-21 01:46:00 [WARN],SRV-004,Cross_Site_Scripting,51
INC-05694,2025-02-20 07:28:00 [WARN],SRV-007,Ransomware,68
INC-05695,2025-05-09 18:24:00 [WARN],SRV-002, DDoS ,24
INC-05696,2025-03-31 22:39:00 [WARN],SRV-005, Brute_Force,76
INC-05697,2025-09-09 22:58:00 [WARN],SRV-001, ddos ,130
INC-05698,2025-04-07 09:48:00 [WARN],SRV-006,Zero_Day,79
INC-05699,2025-01-21 19:42:00 [WARN],SRV-006,Zero_Day,47
INC-05700,2025-02-02 19:36:00 [WARN],SRV-002, sql_injection ,138
INC-05701,2025-12-16 06:58:00 [WARN],SRV-004, Brute_Force,48
INC-05702,2025-08-04 03:50:00 [WARN],SRV-002,Insider_Threat,108
INC-05703,2025-12-14 13:16:00 [WARN],SRV-006,Malware_Dropper,46
INC-05704,2025-10-07_08:40:00 [ERROR],SRV-006,Zero_Day,83
INC-05705,2025-06-29 14:34:00 [WARN],SRV-008,Phishing,23
INC-05706,2025-07-01 21:47:00 [WARN],SRV-002, DDoS ,88
INC-05707,2025-12-16_18:54:00 [ERROR],SRV-002,Insider_Threat,85
INC-05708,2025-08-29 19:36:00 [WARN],SRV-003,cross_site_scripting,12
INC-05709,2025-06-17 09:42:00 [WARN],SRV-005,ransomware,126
INC-05710,2025-09-04 11:43:00 [WARN],SRV-007,Cross_Site_Scripting,108
INC-05711,2025-11-16_06:05:00 [ERROR],SRV-007,Cross_Site_Scripting,86
INC-05712,2025-07-17_05:13:00 [ERROR],SRV-002,Ransomware,6
INC-05713,2025-08-17 10:44:00 [WARN],SRV-007,Insider_Threat,56
INC-05714,2025-12-30 07:20:00 [WARN],SRV-001, brute_force,29
INC-05715,2025-05-21 02:36:00 [WARN],SRV-005,Zero_Day,27
INC-05716,2026-01-01_13:28:00 [ERROR],SRV-002,Insider_Threat,1
INC-05717,2025-08-12 23:02:00 [WARN],SRV-007,Malware_Dropper,99
INC-05718,2025-02-18 00:37:00 [WARN],SRV-003,Cross_Site_Scripting,129
INC-05719,2025-06-26 07:20:00 [WARN],SRV-004,Phishing,35
INC-05720,2025-12-29 22:16:00 [WARN],SRV-007, Brute_Force,15
INC-05721,2025-02-26 10:53:00 [WARN],SRV-006,Insider_Threat,51
INC-05722,2025-11-19 23:51:00 [WARN],SRV-002,Insider_Threat,81
INC-05723,2025-01-13_20:44:00 [ERROR],SRV-004, SQL_Injection ,78
INC-05724,2025-02-11 21:17:00 [WARN],SRV-003,Insider_Threat,56
INC-05725,2025-10-13 15:44:00 [WARN],SRV-001, DDoS ,27
INC-05726,2025-11-11_19:17:00 [ERROR],SRV-004,Cross_Site_Scripting,71
INC-05727,2025-04-28 08:22:00 [WARN],SRV-006,Insider_Threat,44
INC-05728,2025-07-01_18:57:00 [ERROR],SRV-002,Cross_Site_Scripting,125
INC-05729,2025-07-15 14:29:00 [WARN],SRV-008,Zero_Day,87
INC-05730,2025-05-19 08:04:00 [WARN],SRV-003, SQL_Injection ,127
INC-05731,2025-04-10 11:33:00 [WARN],SRV-004,cross_site_scripting,4
INC-05732,2025-01-25 03:58:00 [WARN],SRV-003,Malware_Dropper,23
INC-05733,2025-06-07 07:34:00 [WARN],SRV-001, SQL_Injection ,32
INC-05734,2025-01-17 23:17:00 [WARN],SRV-003,Ransomware,40 hrs
INC-05735,2025-01-07 17:27:00 [WARN],SRV-008, ddos ,58
INC-05736,2025-05-24 03:21:00 [WARN],SRV-005,Cross_Site_Scripting,99
INC-05737,2025-05-06_15:57:00 [ERROR],SRV-007, DDoS ,39
INC-05738,2025-12-31 13:29:00 [WARN],SRV-007, SQL_Injection ,79
INC-05739,2025-07-01 07:32:00 [WARN],SRV-001,Malware_Dropper,100
INC-05740,2025-05-16 18:10:00 [WARN],SRV-004,phishing,73
INC-05741,2025-10-16 09:08:00 [WARN],SRV-007,Phishing,5 hrs
INC-05742,2025-05-11 22:24:00 [WARN],SRV-001,Cross_Site_Scripting,63
INC-05743,2025-07-04 16:13:00 [WARN],SRV-004,Cross_Site_Scripting,8
INC-05744,2025-03-16 12:37:00 [WARN],SRV-006,Insider_Threat,54
INC-05745,2025-01-31 11:24:00 [WARN],SRV-005,Malware_Dropper,100
INC-05746,2025-09-02 12:39:00 [WARN],SRV-001,Insider_Threat,10
INC-05747,2025-07-31 06:24:00 [WARN],SRV-004,Zero_Day,3
INC-05748,2025-08-04 20:55:00 [WARN],SRV-008,Insider_Threat,89
INC-05749,2025-12-30 13:55:00 [WARN],SRV-008,Phishing,11
INC-05750,2025-01-26 21:15:00 [WARN],SRV-003, DDoS ,88
INC-05751,2025-05-16 18:33:00 [WARN],SRV-006,malware_dropper,59
INC-05752,2025-11-29 07:59:00 [WARN],SRV-008,insider_threat,55
INC-05753,2025-09-26 18:41:00 [WARN],SRV-003,Malware_Dropper,61
INC-05754,2025-05-23 04:17:00 [WARN],SRV-004,Ransomware,97
INC-05755,2025-09-06 19:45:00 [WARN],SRV-002,Ransomware,138
INC-05756,2025-02-09 07:30:00 [WARN],SRV-002,insider_threat,61
INC-05757,2025-01-04 08:42:00 [WARN],SRV-002,Ransomware,132
INC-05758,2025-02-01 11:33:00 [WARN],SRV-002, SQL_Injection ,65
INC-05759,2025-09-24 20:12:00 [WARN],SRV-004,Ransomware,132
INC-05760,2025-02-25 22:36:00 [WARN],SRV-002,Cross_Site_Scripting,55
INC-05761,2025-03-09 16:10:00 [WARN],SRV-001,Phishing,101
INC-05762,2025-11-13 10:21:00 [WARN],SRV-002, SQL_Injection ,148
INC-05763,2025-03-07 05:37:00 [WARN],SRV-008, SQL_Injection ,145 hrs
INC-05764,2025-04-07 15:24:00 [WARN],SRV-002, ddos ,112
INC-05765,2025-02-23 13:58:00 [WARN],SRV-001,Zero_Day,19
INC-05766,2025-05-18 23:29:00 [WARN],SRV-003,phishing,147
INC-05767,2025-10-20 19:45:00 [WARN],SRV-002,Zero_Day,8
INC-05768,2025-01-12 18:47:00 [WARN],SRV-005,Phishing,15
INC-05769,2025-06-29 08:01:00 [WARN],SRV-007,Malware_Dropper,28
INC-05770,2025-06-30 11:08:00 [WARN],SRV-001,Ransomware,8
INC-05771,2025-05-29 15:45:00 [WARN],SRV-007,Cross_Site_Scripting,120 hrs
INC-05772,2025-11-11 03:58:00 [WARN],SRV-004,Phishing,8
INC-05773,2025-11-20 15:02:00 [WARN],SRV-005, DDoS ,132
INC-05774,2025-11-14 16:58:00 [WARN],SRV-003,Insider_Threat,27
INC-05775,2025-07-15_08:17:00 [ERROR],SRV-004,Zero_Day,112
INC-05776,2025-12-04 21:19:00 [WARN],SRV-006,Insider_Threat,84
INC-05777,2025-11-13 05:52:00 [WARN],SRV-002, Brute_Force,40
INC-05778,2025-09-18 17:05:00 [WARN],SRV-008, Brute_Force,59
INC-05779,2025-06-12 23:31:00 [WARN],SRV-001,Phishing,135
INC-05780,2025-11-02 21:59:00 [WARN],SRV-008,Ransomware,4
INC-05781,2025-09-12 03:19:00 [WARN],SRV-005, ddos ,10
INC-05782,2025-12-08 16:44:00 [WARN],SRV-004,cross_site_scripting,73
INC-05783,2025-06-17 02:01:00 [WARN],SRV-004,Ransomware,59
INC-05784,2025-04-01 21:02:00 [WARN],SRV-002,Cross_Site_Scripting,23
INC-05785,2025-11-17 07:20:00 [WARN],SRV-004,ransomware,143
INC-05786,2025-09-25 03:57:00 [WARN],SRV-001, DDoS ,34
INC-05787,2025-03-18 17:19:00 [WARN],SRV-003,Phishing,18
INC-05788,2025-03-19_10:02:00 [ERROR],SRV-002,Ransomware,88
INC-05789,2025-02-07 18:36:00 [WARN],SRV-004,Phishing,43
INC-05790,2025-11-09 08:10:00 [WARN],SRV-002,Zero_Day,104
INC-05791,2025-03-03 00:59:00 [WARN],SRV-004,Cross_Site_Scripting,87
INC-05792,2025-12-18 23:56:00 [WARN],SRV-002,insider_threat,111
INC-05793,2025-03-02 19:39:00 [WARN],SRV-006, SQL_Injection ,96
INC-05794,2025-08-11_14:47:00 [ERROR],SRV-005, Brute_Force,77
INC-05795,2025-12-03 12:12:00 [WARN],SRV-003,Phishing,89
INC-05796,2025-11-03 08:38:00 [WARN],SRV-008, SQL_Injection ,71 hrs
INC-05797,2025-12-24_17:46:00 [ERROR],SRV-006,zero_day,91
INC-05798,2025-11-08 20:54:00 [WARN],SRV-005, SQL_Injection ,145 hrs
INC-05799,2025-03-08 16:39:00 [WARN],SRV-007,Insider_Threat,79 hrs
INC-05800,2025-05-15 11:46:00 [WARN],SRV-004,zero_day,118
INC-05801,2025-05-10 22:11:00 [WARN],SRV-008, Brute_Force,117
INC-05802,2025-04-12 15:00:00 [WARN],SRV-002,Cross_Site_Scripting,121
INC-05803,2025-10-30 13:25:00 [WARN],SRV-003,Phishing,12
INC-05804,2025-01-08 12:53:00 [WARN],SRV-001, Brute_Force,28
INC-05805,2025-01-09 06:36:00 [WARN],SRV-006,Phishing,47
INC-05806,2025-03-10 11:12:00 [WARN],SRV-001, SQL_Injection ,18
INC-05807,2025-06-15 20:15:00 [WARN],SRV-008,Insider_Threat,106
INC-05808,2025-10-26 00:58:00 [WARN],SRV-003,Malware_Dropper,61
INC-05809,2025-10-31 22:30:00 [WARN],SRV-007, SQL_Injection ,11
INC-05810,2025-09-20_10:55:00 [ERROR],SRV-003, SQL_Injection ,128
INC-05811,2025-01-31 09:21:00 [WARN],SRV-005,Zero_Day,31
INC-05812,2025-10-13 04:08:00 [WARN],SRV-001,Phishing,89
INC-05813,2025-08-17 09:01:00 [WARN],SRV-006,Insider_Threat,138
INC-05814,2025-06-15 22:20:00 [WARN],SRV-008,Insider_Threat,59 hrs
INC-05815,2025-04-28 07:54:00 [WARN],SRV-005, DDoS ,18
INC-05816,2025-02-12 22:22:00 [WARN],SRV-003,Cross_Site_Scripting,117
INC-05817,2025-06-07 20:19:00 [WARN],SRV-005, Brute_Force,71
INC-05818,2025-12-26 23:46:00 [WARN],SRV-001,Cross_Site_Scripting,121
INC-05819,2025-05-18_12:52:00 [ERROR],SRV-006, Brute_Force,35
INC-05820,2025-07-27 11:40:00 [WARN],SRV-002,Ransomware,108
INC-05821,2025-07-03 09:33:00 [WARN],SRV-005,Phishing,8
INC-05822,2025-08-06 01:01:00 [WARN],SRV-006,Zero_Day,11
INC-05823,2025-09-27 19:02:00 [WARN],SRV-003,Cross_Site_Scripting,29
INC-05824,2025-11-26 08:16:00 [WARN],SRV-006, Brute_Force,6
INC-05825,2025-07-18 12:19:00 [WARN],SRV-006,Cross_Site_Scripting,105
INC-05826,2025-10-08 15:02:00 [WARN],SRV-005, Brute_Force,145
INC-05827,2025-03-23_15:27:00 [ERROR],SRV-002, SQL_Injection ,69
INC-05828,2025-09-04 20:29:00 [WARN],SRV-006,phishing,144
INC-05829,2025-12-09 22:55:00 [WARN],SRV-003,Insider_Threat,
INC-05830,2025-05-09 17:01:00 [WARN],SRV-003, SQL_Injection ,76
INC-05831,2025-12-22 06:35:00 [WARN],SRV-008,Phishing,83
INC-05832,2025-08-14 01:30:00 [WARN],SRV-001, Brute_Force,81
INC-05833,2025-04-29 20:24:00 [WARN],SRV-007,Cross_Site_Scripting,125
INC-05834,2025-05-28 05:52:00 [WARN],SRV-002, DDoS ,72
INC-05835,2025-11-09 07:33:00 [WARN],SRV-007, SQL_Injection ,65
INC-05836,2025-12-14 05:56:00 [WARN],SRV-006, Brute_Force,124
INC-05837,2025-05-23 19:03:00 [WARN],SRV-005,Phishing,72
INC-05838,2025-06-02 20:23:00 [WARN],SRV-002, ddos ,122
INC-05839,2025-01-22_23:47:00 [ERROR],SRV-001, SQL_Injection ,4
INC-05840,2025-09-11 15:43:00 [WARN],SRV-001, DDoS ,89
INC-05841,2025-01-01 12:08:00 [WARN],SRV-002,Ransomware,109
INC-05842,2025-09-16 01:13:00 [WARN],SRV-002,Zero_Day,58
INC-05843,2025-11-05 05:43:00 [WARN],SRV-002,zero_day,20
INC-05844,2025-03-29 23:47:00 [WARN],SRV-005,Cross_Site_Scripting,120
INC-05845,2025-04-27 23:49:00 [WARN],SRV-008,Insider_Threat,125 hrs
INC-05846,2025-03-05 18:15:00 [WARN],SRV-003,Phishing,38
INC-05847,2025-10-18 03:32:00 [WARN],SRV-008, SQL_Injection ,4
INC-05848,2025-09-13 21:02:00 [WARN],SRV-001,Ransomware,3
INC-05849,2025-08-10 11:32:00 [WARN],SRV-008,Zero_Day,79
INC-05850,2025-04-24_23:15:00 [ERROR],SRV-005,Phishing,58
INC-05851,2025-01-18 01:57:00 [WARN],SRV-007,Malware_Dropper,138
INC-05852,2025-09-20 03:10:00 [WARN],SRV-001, sql_injection ,91
INC-05853,2025-12-26 18:49:00 [WARN],SRV-008,Ransomware,120
INC-05854,2025-02-08 04:36:00 [WARN],SRV-007,phishing,102
INC-05855,2025-12-16 17:00:00 [WARN],SRV-001,Phishing,18
INC-05856,2025-08-26 23:38:00 [WARN],SRV-001,Malware_Dropper,136 hrs
INC-05857,2025-10-28 18:25:00 [WARN],SRV-002, brute_force,75
INC-05858,2025-04-06 21:39:00 [WARN],SRV-008,Cross_Site_Scripting,140
INC-05859,2025-09-16 16:27:00 [WARN],SRV-007,Malware_Dropper,45
INC-05860,2025-03-18 15:20:00 [WARN],SRV-007,Malware_Dropper,94
INC-05861,2025-06-05 04:59:00 [WARN],SRV-001, Brute_Force,16
INC-05862,2025-10-07 13:43:00 [WARN],SRV-008,Cross_Site_Scripting,141
INC-05863,2025-11-26 15:19:00 [WARN],SRV-004, DDoS ,135
INC-05864,2025-03-06 19:54:00 [WARN],SRV-001,Phishing,132 hrs
INC-05865,2025-04-10 13:03:00 [WARN],SRV-002, Brute_Force,44
INC-05866,2025-11-26 16:44:00 [WARN],SRV-006,Phishing,136
INC-05867,2025-04-25 20:36:00 [WARN],SRV-002,Insider_Threat,66
INC-05868,2025-03-09 11:43:00 [WARN],SRV-005,insider_threat,115
INC-05869,2025-03-01 06:45:00 [WARN],SRV-001,Cross_Site_Scripting,28
INC-05870,2025-04-26_02:41:00 [ERROR],SRV-001,Ransomware,81
INC-05871,2025-11-06 08:17:00 [WARN],SRV-003,Cross_Site_Scripting,56
INC-05872,2025-06-12 11:48:00 [WARN],SRV-003, SQL_Injection ,40
INC-05873,2025-06-26 18:26:00 [WARN],SRV-004, DDoS ,71
INC-05874,2025-07-09 23:09:00 [WARN],SRV-003,Cross_Site_Scripting,111
INC-05875,2025-12-31 11:45:00 [WARN],SRV-003,zero_day,59
INC-05876,2025-08-10 19:23:00 [WARN],SRV-008,Cross_Site_Scripting,53
INC-05877,2025-02-02 07:44:00 [WARN],SRV-008, DDoS ,16
INC-05878,2025-10-04_06:40:00 [ERROR],SRV-002,Zero_Day,101
INC-05879,2025-10-04 13:12:00 [WARN],SRV-005,Zero_Day,18
INC-05880,2025-06-18 22:24:00 [WARN],SRV-003,phishing,128
INC-05881,2025-06-24 19:20:00 [WARN],SRV-004,Malware_Dropper,89
INC-05882,2025-01-04 18:54:00 [WARN],SRV-002,Insider_Threat,141
INC-05883,2025-08-14_10:25:00 [ERROR],SRV-005,Insider_Threat,60
INC-05884,2025-09-15 21:06:00 [WARN],SRV-005, Brute_Force,87
INC-05885,2025-07-30 05:45:00 [WARN],SRV-002,Zero_Day,16
INC-05886,2025-06-23 12:22:00 [WARN],SRV-006,Malware_Dropper,47
INC-05887,2025-07-03 22:34:00 [WARN],SRV-001, DDoS ,38
INC-05888,2025-12-06 00:15:00 [WARN],SRV-006,Phishing,6
INC-05889,2025-04-05 05:25:00 [WARN],SRV-006,Ransomware,118
INC-05890,2025-07-19 01:36:00 [WARN],SRV-007, Brute_Force,39
INC-05891,2025-11-12_10:49:00 [ERROR],SRV-008,Zero_Day,86
INC-05892,2025-09-02 17:40:00 [WARN],SRV-003,Insider_Threat,58
INC-05893,2025-02-23 09:20:00 [WARN],SRV-006,Ransomware,78
INC-05894,2025-07-07 05:12:00 [WARN],SRV-006, sql_injection ,77
INC-05895,2025-11-04 13:55:00 [WARN],SRV-004,Phishing,146
INC-05896,2025-10-12 20:43:00 [WARN],SRV-007,ransomware,82
INC-05897,2025-05-17_02:23:00 [ERROR],SRV-005, SQL_Injection ,17
INC-05898,2025-12-30 06:56:00 [WARN],SRV-001, Brute_Force,18
INC-05899,2025-04-02 14:14:00 [WARN],SRV-002, SQL_Injection ,115
INC-05900,2025-09-02_16:14:00 [ERROR],SRV-004, SQL_Injection ,85
INC-05901,2025-06-07 05:53:00 [WARN],SRV-006, SQL_Injection ,132 hrs
INC-05902,2025-04-17 05:44:00 [WARN],SRV-002,phishing,126
INC-05903,2025-05-29 07:00:00 [WARN],SRV-001, DDoS ,1
INC-05904,2025-09-06 05:42:00 [WARN],SRV-001,Insider_Threat,23
INC-05905,2025-08-01 16:25:00 [WARN],SRV-001, DDoS ,41
INC-05906,2025-10-21 08:39:00 [WARN],SRV-003,Malware_Dropper,139
INC-05907,2025-04-20 16:54:00 [WARN],SRV-008,Phishing,76
INC-05908,2025-03-12 05:51:00 [WARN],SRV-002,zero_day,77
INC-05909,2025-07-29 18:38:00 [WARN],SRV-005,Malware_Dropper,109
INC-05910,2025-06-20 07:06:00 [WARN],SRV-004,Ransomware,95
INC-05911,2025-05-04 16:26:00 [WARN],SRV-008,malware_dropper,141
INC-05912,2025-01-03 14:27:00 [WARN],SRV-002, DDoS ,104
INC-05913,2025-09-30 19:14:00 [WARN],SRV-003,Cross_Site_Scripting,127
INC-05914,2025-10-01 00:51:00 [WARN],SRV-007,zero_day,134
INC-05915,2025-03-24 02:35:00 [WARN],SRV-008,Phishing,129
INC-05916,2025-12-12_14:17:00 [ERROR],SRV-003,Cross_Site_Scripting,30
INC-05917,2025-02-24 16:57:00 [WARN],SRV-007,Zero_Day,81
INC-05918,2025-08-02 14:40:00 [WARN],SRV-004, SQL_Injection ,137
INC-05919,2025-08-20 02:26:00 [WARN],SRV-003, DDoS ,122
INC-05920,2025-11-06 03:17:00 [WARN],SRV-001,Phishing,70
INC-05921,2025-06-19_07:00:00 [ERROR],SRV-004,Phishing,49
INC-05922,2025-03-30_02:17:00 [ERROR],SRV-002,Malware_Dropper,120 hrs
INC-05923,2025-12-29 22:29:00 [WARN],SRV-001, DDoS ,139
INC-05924,2025-01-15 12:56:00 [WARN],SRV-007,Zero_Day,59
INC-05925,2025-02-20 03:59:00 [WARN],SRV-006,Malware_Dropper,100
INC-05926,2025-01-24 22:04:00 [WARN],SRV-002,zero_day,69
INC-05927,2025-03-22 05:02:00 [WARN],SRV-002,Cross_Site_Scripting,106
INC-05928,2025-12-25 18:04:00 [WARN],SRV-003, Brute_Force,54
INC-05929,2025-01-28 19:45:00 [WARN],SRV-007,Insider_Threat,38
INC-05930,2025-05-25 07:03:00 [WARN],SRV-008, DDoS ,95
INC-05931,2025-07-27 06:34:00 [WARN],SRV-001,Insider_Threat,14 hrs
INC-05932,2025-11-05 06:33:00 [WARN],SRV-001, DDoS ,124
INC-05933,2025-10-30 19:21:00 [WARN],SRV-002,Insider_Threat,73
INC-05934,2025-03-22 16:13:00 [WARN],SRV-005,zero_day,63
INC-05935,2025-10-26 04:51:00 [WARN],SRV-006, DDoS ,89
INC-05936,2025-11-08 00:55:00 [WARN],SRV-002, Brute_Force,10
INC-05937,2025-07-07 12:25:00 [WARN],SRV-007, DDoS ,83
INC-05938,2025-02-25 18:36:00 [WARN],SRV-004,cross_site_scripting,114
INC-05939,2025-01-28 18:41:00 [WARN],SRV-003, Brute_Force,67
INC-05940,2025-06-06 15:12:00 [WARN],SRV-004,ransomware,52
INC-05941,2025-10-26 23:31:00 [WARN],SRV-002,Zero_Day,86
INC-05942,2025-05-20_03:40:00 [ERROR],SRV-004,Ransomware,8
INC-05943,2025-04-30 00:55:00 [WARN],SRV-005,Insider_Threat,32
INC-05944,2025-10-19 07:55:00 [WARN],SRV-001, DDoS ,129
INC-05945,2025-04-03_08:40:00 [ERROR],SRV-007, DDoS ,137
INC-05946,2025-04-24 04:12:00 [WARN],SRV-005,Ransomware,72
INC-05947,2025-11-26 05:01:00 [WARN],SRV-008, DDoS ,
INC-05948,2025-03-04 13:15:00 [WARN],SRV-001,Insider_Threat,103
INC-05949,2025-12-29 14:55:00 [WARN],SRV-001, SQL_Injection ,2
INC-05950,2025-05-09_19:25:00 [ERROR],SRV-001,Ransomware,9
INC-05951,2025-09-29 19:37:00 [WARN],SRV-007, DDoS ,56
INC-05952,2025-06-16 19:55:00 [WARN],SRV-002,insider_threat,122
INC-05953,2025-02-05 18:57:00 [WARN],SRV-007,malware_dropper,76
INC-05954,2025-07-22 09:17:00 [WARN],SRV-002,Malware_Dropper,127
INC-05955,2025-01-31 23:43:00 [WARN],SRV-005,phishing,56
INC-05956,2025-10-17_01:26:00 [ERROR],SRV-001,Phishing,78
INC-05957,2025-03-13 12:24:00 [WARN],SRV-008,Ransomware,109
INC-05958,2025-06-18_23:00:00 [ERROR],SRV-007, DDoS ,136
INC-05959,2025-06-08 23:02:00 [WARN],SRV-003,phishing,124
INC-05960,2025-05-14 18:50:00 [WARN],SRV-001,ransomware,57
INC-05961,2025-05-21 00:34:00 [WARN],SRV-003,Phishing,72
INC-05962,2025-02-23 03:49:00 [WARN],SRV-001, DDoS ,11
INC-05963,2025-01-14 21:54:00 [WARN],SRV-001,Phishing,129
INC-05964,2025-03-23 08:03:00 [WARN],SRV-002, DDoS ,65
INC-05965,2025-06-26_23:45:00 [ERROR],SRV-001,Malware_Dropper,85
INC-05966,2025-01-23 09:10:00 [WARN],SRV-001, DDoS ,43
INC-05967,2025-05-13_17:54:00 [ERROR],SRV-005, DDoS ,10
INC-05968,2025-01-11 21:22:00 [WARN],SRV-005,Phishing,93
INC-05969,2025-11-30 18:55:00 [WARN],SRV-007,cross_site_scripting,23
INC-05970,2025-11-16 19:26:00 [WARN],SRV-005, Brute_Force,98
INC-05971,2025-04-02 15:38:00 [WARN],SRV-007,Malware_Dropper,46
INC-05972,2025-01-03 09:44:00 [WARN],SRV-003, SQL_Injection ,22
INC-05973,2025-01-25 09:51:00 [WARN],SRV-004, SQL_Injection ,130
INC-05974,2025-02-22 20:24:00 [WARN],SRV-003,Malware_Dropper,8
INC-05975,2025-03-19 21:00:00 [WARN],SRV-006, DDoS ,117
INC-05976,2025-04-29 14:22:00 [WARN],SRV-005,Malware_Dropper,47
INC-05977,2025-10-26 10:24:00 [WARN],SRV-007,Zero_Day,60
INC-05978,2025-05-26 02:37:00 [WARN],SRV-006,Insider_Threat,8
INC-05979,2025-08-30_22:50:00 [ERROR],SRV-006,zero_day,101
INC-05980,2025-01-06 02:02:00 [WARN],SRV-001,Phishing,130
INC-05981,2025-06-21 00:07:00 [WARN],SRV-002, DDoS ,67
INC-05982,2025-06-20 05:12:00 [WARN],SRV-003,ransomware,23
INC-05983,2025-01-09 09:27:00 [WARN],SRV-006,Insider_Threat,44
INC-05984,2025-08-13 05:36:00 [WARN],SRV-007,Zero_Day,40
INC-05985,2025-10-25 21:02:00 [WARN],SRV-006,Phishing,29 hrs
INC-05986,2025-02-12 22:05:00 [WARN],SRV-001,Phishing,140
INC-05987,2025-08-14 11:28:00 [WARN],SRV-002,Phishing,125 hrs
INC-05988,2025-05-31 20:21:00 [WARN],SRV-002, SQL_Injection ,5
INC-05989,2025-09-02 03:07:00 [WARN],SRV-004,Insider_Threat,6
INC-05990,2025-02-10 03:55:00 [WARN],SRV-002,Zero_Day,78
INC-05991,2025-12-23 09:01:00 [WARN],SRV-008,Phishing,24
INC-05992,2025-07-01 03:07:00 [WARN],SRV-007,insider_threat,49
INC-05993,2025-09-28 13:55:00 [WARN],SRV-007,insider_threat,8
INC-05994,2025-10-15 09:52:00 [WARN],SRV-004, DDoS ,33
INC-05995,2025-10-27 16:38:00 [WARN],SRV-001,Zero_Day,36
INC-05996,2025-02-20 19:53:00 [WARN],SRV-008, sql_injection ,103
INC-05997,2025-01-05 22:08:00 [WARN],SRV-002,Insider_Threat,118
INC-05998,2025-04-01_21:21:00 [ERROR],SRV-006, Brute_Force,102
INC-05999,2025-04-11 20:11:00 [WARN],SRV-005,insider_threat,116
INC-06000,2025-06-24 15:53:00 [WARN],SRV-007, Brute_Force,64
INC-06001,2025-04-06 07:25:00 [WARN],SRV-006,Insider_Threat,72
INC-06002,2025-04-24_20:24:00 [ERROR],SRV-008,Cross_Site_Scripting,75
INC-06003,2025-05-19 05:49:00 [WARN],SRV-008,Ransomware,82
INC-06004,2025-03-26 06:51:00 [WARN],SRV-007,insider_threat,63
INC-06005,2025-10-26 05:10:00 [WARN],SRV-001,Ransomware,51 hrs
INC-06006,2025-07-11 12:04:00 [WARN],SRV-008,Ransomware,139
INC-06007,2025-03-31 04:58:00 [WARN],SRV-007, DDoS ,80
INC-06008,2025-06-05_11:38:00 [ERROR],SRV-005,Malware_Dropper,113
INC-06009,2025-08-26 19:41:00 [WARN],SRV-007,Cross_Site_Scripting,48
INC-06010,2025-11-06 12:33:00 [WARN],SRV-007,cross_site_scripting,82
INC-06011,2025-06-16 16:59:00 [WARN],SRV-004,Ransomware,41
INC-06012,2025-04-15 19:13:00 [WARN],SRV-008,Ransomware,67
INC-06013,2025-05-20 21:46:00 [WARN],SRV-008, SQL_Injection ,133
INC-06014,2025-03-24 02:38:00 [WARN],SRV-003, DDoS ,119 hrs
INC-06015,2025-09-12 05:47:00 [WARN],SRV-007,Malware_Dropper,138
INC-06016,2025-10-11 11:57:00 [WARN],SRV-007,Phishing,14
INC-06017,2025-02-03 15:08:00 [WARN],SRV-002,Phishing,5
INC-06018,2025-06-17 03:47:00 [WARN],SRV-002,Malware_Dropper,71
INC-06019,2025-12-18 11:45:00 [WARN],SRV-002, DDoS ,91
INC-06020,2025-01-31 05:37:00 [WARN],SRV-002, Brute_Force,59
INC-06021,2025-03-10 10:27:00 [WARN],SRV-008,Insider_Threat,
INC-06022,2025-04-17 11:35:00 [WARN],SRV-008, DDoS ,79
INC-06023,2025-09-15 04:30:00 [WARN],SRV-002,Phishing,7
INC-06024,2025-01-20_17:01:00 [ERROR],SRV-004, DDoS ,60
INC-06025,2025-05-14 12:12:00 [WARN],SRV-003,Ransomware,147
INC-06026,2025-05-06 18:06:00 [WARN],SRV-001, brute_force,
INC-06027,2025-08-27 05:22:00 [WARN],SRV-005,insider_threat,33
INC-06028,2025-06-11 16:02:00 [WARN],SRV-006, DDoS ,49
INC-06029,2025-02-17 19:53:00 [WARN],SRV-006,Phishing,126
INC-06030,2025-06-25 01:07:00 [WARN],SRV-005,Zero_Day,53 hrs
INC-06031,2025-04-04 07:28:00 [WARN],SRV-003, SQL_Injection ,86
INC-06032,2025-10-15 20:31:00 [WARN],SRV-006, sql_injection ,20 hrs
INC-06033,2025-06-30 00:31:00 [WARN],SRV-006,Insider_Threat,14
INC-06034,2025-04-21 23:35:00 [WARN],SRV-006,Ransomware,14
INC-06035,2025-09-04 00:42:00 [WARN],SRV-007,Ransomware,5
INC-06036,2025-06-26 02:08:00 [WARN],SRV-004, DDoS ,101
INC-06037,2025-07-18 04:06:00 [WARN],SRV-007, SQL_Injection ,69
INC-06038,2025-09-28 09:28:00 [WARN],SRV-003,Ransomware,144
INC-06039,2025-05-09 15:56:00 [WARN],SRV-004,Zero_Day,84
INC-06040,2025-01-17 08:07:00 [WARN],SRV-005,Malware_Dropper,73
INC-06041,2025-02-12 08:17:00 [WARN],SRV-006, ddos ,108
INC-06042,2025-11-20 02:15:00 [WARN],SRV-008,cross_site_scripting,51
INC-06043,2025-09-09 07:20:00 [WARN],SRV-003,Ransomware,75
INC-06044,2025-02-06 00:02:00 [WARN],SRV-002,Ransomware,120
INC-06045,2025-07-15 20:47:00 [WARN],SRV-001,Ransomware,134
INC-06046,2025-11-18_20:47:00 [ERROR],SRV-003,Cross_Site_Scripting,45
INC-06047,2025-01-16 12:53:00 [WARN],SRV-002,zero_day,51
INC-06048,2025-01-04 18:06:00 [WARN],SRV-003, brute_force,19
INC-06049,2025-12-22 23:41:00 [WARN],SRV-005,cross_site_scripting,20
INC-06050,2025-07-26 17:55:00 [WARN],SRV-002,Cross_Site_Scripting,147
INC-06051,2025-08-11 02:39:00 [WARN],SRV-002,Insider_Threat,56
INC-06052,2025-09-26 11:56:00 [WARN],SRV-001, Brute_Force,105
INC-06053,2025-01-09_10:46:00 [ERROR],SRV-003,zero_day,100
INC-06054,2025-10-16 04:34:00 [WARN],SRV-003,Zero_Day,73
INC-06055,2025-06-07 10:05:00 [WARN],SRV-007,zero_day,44
INC-06056,2025-11-09 20:46:00 [WARN],SRV-008, DDoS ,20
INC-06057,2025-11-30 11:43:00 [WARN],SRV-005,Cross_Site_Scripting,110
INC-06058,2025-01-20 00:56:00 [WARN],SRV-002,Zero_Day,22
INC-06059,2025-10-03 20:17:00 [WARN],SRV-005,Insider_Threat,64
INC-06060,2025-01-20 19:33:00 [WARN],SRV-006,Cross_Site_Scripting,149
INC-06061,2025-10-26 02:03:00 [WARN],SRV-004,phishing,29
INC-06062,2025-09-08 06:10:00 [WARN],SRV-004, Brute_Force,132
INC-06063,2025-05-13_05:51:00 [ERROR],SRV-002,Phishing,99
INC-06064,2025-07-27 08:48:00 [WARN],SRV-008,Insider_Threat,36
INC-06065,2025-07-17 12:10:00 [WARN],SRV-006,Malware_Dropper,24
INC-06066,2025-11-12 07:54:00 [WARN],SRV-005,Cross_Site_Scripting,21
INC-06067,2025-03-12 16:08:00 [WARN],SRV-003,Malware_Dropper,142
INC-06068,2025-01-19 05:24:00 [WARN],SRV-005, DDoS ,117
INC-06069,2025-07-26 22:26:00 [WARN],SRV-007,phishing,76
INC-06070,2025-03-30 23:40:00 [WARN],SRV-006, Brute_Force,75
INC-06071,2025-02-13 05:53:00 [WARN],SRV-008,Zero_Day,18
INC-06072,2025-04-05 11:38:00 [WARN],SRV-007, brute_force,8
INC-06073,2025-08-08 20:44:00 [WARN],SRV-002,Malware_Dropper,132
INC-06074,2025-04-19 21:48:00 [WARN],SRV-005, ddos ,127
INC-06075,2025-12-11_13:13:00 [ERROR],SRV-007,cross_site_scripting,111
INC-06076,2025-08-04 07:53:00 [WARN],SRV-007,insider_threat,86
INC-06077,2025-03-11 13:25:00 [WARN],SRV-001, sql_injection ,79
INC-06078,2025-11-04 19:30:00 [WARN],SRV-008, DDoS ,121
INC-06079,2025-12-11 14:06:00 [WARN],SRV-005, ddos ,53
INC-06080,2025-05-31 19:26:00 [WARN],SRV-008,Malware_Dropper,144 hrs
INC-06081,2025-02-20 18:27:00 [WARN],SRV-007,Zero_Day,132
INC-06082,2025-05-26_05:42:00 [ERROR],SRV-001,Zero_Day,99
INC-06083,2025-07-30 16:45:00 [WARN],SRV-001,Insider_Threat,70 hrs
INC-06084,2025-04-24 00:02:00 [WARN],SRV-005,Zero_Day,52
INC-06085,2025-03-27 21:55:00 [WARN],SRV-006,Phishing,58
INC-06086,2025-01-05 22:53:00 [WARN],SRV-005, SQL_Injection ,90
INC-06087,2025-01-06 07:04:00 [WARN],SRV-003, Brute_Force,26
INC-06088,2025-06-28 17:06:00 [WARN],SRV-005,zero_day,100
INC-06089,2025-11-28 00:53:00 [WARN],SRV-004, DDoS ,27 hrs
INC-06090,2025-06-27 15:38:00 [WARN],SRV-002, Brute_Force,139
INC-06091,2025-03-26 11:06:00 [WARN],SRV-003,Phishing,65
INC-06092,2025-01-04 18:44:00 [WARN],SRV-006, sql_injection ,41
INC-06093,2025-09-15 06:10:00 [WARN],SRV-007,Zero_Day,26
INC-06094,2025-05-03_05:01:00 [ERROR],SRV-007, Brute_Force,51
INC-06095,2025-10-16_09:24:00 [ERROR],SRV-002,phishing,37
INC-06096,2025-09-01_02:49:00 [ERROR],SRV-007,Insider_Threat,92
INC-06097,2025-12-14 13:08:00 [WARN],SRV-001,Insider_Threat,77 hrs
INC-06098,2025-10-28 06:31:00 [WARN],SRV-001,cross_site_scripting,49
INC-06099,2025-03-24 18:21:00 [WARN],SRV-005, SQL_Injection ,53
INC-06100,2025-08-28 10:29:00 [WARN],SRV-005,Insider_Threat,84
INC-06101,2025-02-05 14:20:00 [WARN],SRV-008, DDoS ,121
INC-06102,2025-11-30 15:34:00 [WARN],SRV-008,ransomware,136
INC-06103,2025-03-05 08:13:00 [WARN],SRV-006,Ransomware,78
INC-06104,2025-06-20 18:02:00 [WARN],SRV-005, Brute_Force,24
INC-06105,2025-09-23 10:34:00 [WARN],SRV-005,cross_site_scripting,59
INC-06106,2025-06-22 00:02:00 [WARN],SRV-002, sql_injection ,55 hrs
INC-06107,2025-05-04 03:42:00 [WARN],SRV-006,insider_threat,28
INC-06108,2025-12-31 17:21:00 [WARN],SRV-004,Malware_Dropper,72
INC-06109,2025-10-25 12:00:00 [WARN],SRV-003,Phishing,143
INC-06110,2025-11-21 07:33:00 [WARN],SRV-001, SQL_Injection ,127
INC-06111,2025-04-14 04:34:00 [WARN],SRV-008, SQL_Injection ,72
INC-06112,2025-01-28 05:20:00 [WARN],SRV-006,insider_threat,138
INC-06113,2025-07-27 14:26:00 [WARN],SRV-008,zero_day,3
INC-06114,2025-11-11 15:03:00 [WARN],SRV-003, DDoS ,66
INC-06115,2025-11-29 15:27:00 [WARN],SRV-007, SQL_Injection ,127
INC-06116,2025-08-03 09:23:00 [WARN],SRV-004,Phishing,49
INC-06117,2025-10-09 19:38:00 [WARN],SRV-007,Zero_Day,124
INC-06118,2025-03-28 13:13:00 [WARN],SRV-002,Malware_Dropper,104
INC-06119,2025-11-11 18:23:00 [WARN],SRV-008, Brute_Force,100 hrs
INC-06120,2025-04-12 04:47:00 [WARN],SRV-001, DDoS ,112
INC-06121,2025-08-30 14:38:00 [WARN],SRV-006,insider_threat,128
INC-06122,2025-12-22 00:28:00 [WARN],SRV-003,Cross_Site_Scripting,58
INC-06123,2025-12-20 23:35:00 [WARN],SRV-004,Zero_Day,88
INC-06124,2025-05-07 04:23:00 [WARN],SRV-002,Insider_Threat,66
INC-06125,2025-02-01 10:28:00 [WARN],SRV-001,Malware_Dropper,28
INC-06126,2025-02-24 00:30:00 [WARN],SRV-006,Zero_Day,64
INC-06127,2025-11-13 10:46:00 [WARN],SRV-003,Malware_Dropper,77 hrs
INC-06128,2025-07-31 22:29:00 [WARN],SRV-008,malware_dropper,34
INC-06129,2025-12-28 12:46:00 [WARN],SRV-005, DDoS ,
INC-06130,2025-06-21 12:31:00 [WARN],SRV-008,Insider_Threat,108
INC-06131,2025-07-10 02:48:00 [WARN],SRV-004,Cross_Site_Scripting,112
INC-06132,2025-02-18 09:51:00 [WARN],SRV-002,cross_site_scripting,149
INC-06133,2025-08-31 03:07:00 [WARN],SRV-003, DDoS ,9
INC-06134,2025-06-04 12:12:00 [WARN],SRV-007,malware_dropper,72
INC-06135,2025-04-04 07:08:00 [WARN],SRV-001,Phishing,71
INC-06136,2025-06-08 03:10:00 [WARN],SRV-003, DDoS ,142
INC-06137,2025-09-01 17:18:00 [WARN],SRV-008,Insider_Threat,3
INC-06138,2025-12-03 02:03:00 [WARN],SRV-008,Ransomware,4
INC-06139,2025-05-05 09:32:00 [WARN],SRV-005, DDoS ,130 hrs
INC-06140,2025-11-05 23:51:00 [WARN],SRV-006,Malware_Dropper,93
INC-06141,2025-07-12 00:14:00 [WARN],SRV-002,Malware_Dropper,110
INC-06142,2025-03-28 16:19:00 [WARN],SRV-005,Zero_Day,140
INC-06143,2025-03-09 06:32:00 [WARN],SRV-005, sql_injection ,20
INC-06144,2025-12-12_05:12:00 [ERROR],SRV-006, Brute_Force,7
INC-06145,2025-01-13 01:37:00 [WARN],SRV-005,Phishing,39 hrs
INC-06146,2025-08-15 09:56:00 [WARN],SRV-001,Cross_Site_Scripting,77
INC-06147,2025-01-19 06:18:00 [WARN],SRV-003,cross_site_scripting,137
INC-06148,2025-02-15 14:15:00 [WARN],SRV-006,Malware_Dropper,147
INC-06149,2025-01-05 17:38:00 [WARN],SRV-004,zero_day,31
INC-06150,2025-12-02 23:33:00 [WARN],SRV-008,ransomware,36 hrs
INC-06151,2025-09-24_19:44:00 [ERROR],SRV-003,Cross_Site_Scripting,51
INC-06152,2025-12-07 03:40:00 [WARN],SRV-002, SQL_Injection ,5
INC-06153,2025-06-23 01:12:00 [WARN],SRV-001,Cross_Site_Scripting,45
INC-06154,2025-06-12 11:06:00 [WARN],SRV-004,Insider_Threat,73
INC-06155,2025-11-23 05:34:00 [WARN],SRV-001, brute_force,58
INC-06156,2025-08-29_01:51:00 [ERROR],SRV-001,Ransomware,62
INC-06157,2025-11-13 09:29:00 [WARN],SRV-005,Malware_Dropper,86
INC-06158,2025-04-17 05:24:00 [WARN],SRV-002,Cross_Site_Scripting,102
INC-06159,2025-03-18_09:28:00 [ERROR],SRV-007,malware_dropper,73
INC-06160,2025-04-05 16:22:00 [WARN],SRV-001,phishing,115
INC-06161,2025-06-10 12:36:00 [WARN],SRV-008,cross_site_scripting,1
INC-06162,2025-11-19_08:33:00 [ERROR],SRV-007,Ransomware,51
INC-06163,2025-11-24 02:46:00 [WARN],SRV-004,Insider_Threat,45
INC-06164,2025-05-31 22:00:00 [WARN],SRV-007,Insider_Threat,34
INC-06165,2025-10-09 00:04:00 [WARN],SRV-001, sql_injection ,137
INC-06166,2025-07-21 23:48:00 [WARN],SRV-001, brute_force,91
INC-06167,2025-01-15 05:42:00 [WARN],SRV-004, DDoS ,40
INC-06168,2025-12-28 00:25:00 [WARN],SRV-002,Cross_Site_Scripting,106
INC-06169,2025-09-30 01:08:00 [WARN],SRV-001, SQL_Injection ,8
INC-06170,2025-10-23 14:00:00 [WARN],SRV-003,phishing,47
INC-06171,2025-01-17 06:54:00 [WARN],SRV-004,Ransomware,94
INC-06172,2025-01-25 16:39:00 [WARN],SRV-004, Brute_Force,137
INC-06173,2025-07-12 19:08:00 [WARN],SRV-004,Cross_Site_Scripting,130
INC-06174,2025-07-11 06:17:00 [WARN],SRV-003, SQL_Injection ,88
INC-06175,2025-08-15 08:58:00 [WARN],SRV-004,Zero_Day,104
INC-06176,2025-09-14 13:11:00 [WARN],SRV-003,Cross_Site_Scripting,126
INC-06177,2025-05-31 09:03:00 [WARN],SRV-002, Brute_Force,142
INC-06178,2025-11-01_18:02:00 [ERROR],SRV-006,Malware_Dropper,126
INC-06179,2025-05-21 07:46:00 [WARN],SRV-006, DDoS ,70
INC-06180,2025-11-28 19:52:00 [WARN],SRV-003, brute_force,98
INC-06181,2025-02-15 19:58:00 [WARN],SRV-005, DDoS ,72
INC-06182,2025-09-02 12:30:00 [WARN],SRV-007, DDoS ,110
INC-06183,2025-12-02 19:01:00 [WARN],SRV-006, SQL_Injection ,103
INC-06184,2025-04-26 20:17:00 [WARN],SRV-005,Cross_Site_Scripting,79
INC-06185,2025-07-02 02:47:00 [WARN],SRV-003,Insider_Threat,18
INC-06186,2025-04-18_01:45:00 [ERROR],SRV-003,phishing,88
INC-06187,2025-04-13 05:14:00 [WARN],SRV-008, SQL_Injection ,
INC-06188,2025-03-06 10:23:00 [WARN],SRV-008,Phishing,129
INC-06189,2025-02-18 18:34:00 [WARN],SRV-004, SQL_Injection ,24
INC-06190,2025-07-28_03:50:00 [ERROR],SRV-003,malware_dropper,49
INC-06191,2025-09-28 05:15:00 [WARN],SRV-007,Insider_Threat,93
INC-06192,2026-01-01 00:10:00 [WARN],SRV-002, DDoS ,107
INC-06193,2025-03-20 01:20:00 [WARN],SRV-003,malware_dropper,19
INC-06194,2025-10-07 15:55:00 [WARN],SRV-005,zero_day,115
INC-06195,2025-11-26 13:52:00 [WARN],SRV-002,Cross_Site_Scripting,138
INC-06196,2025-04-06 15:00:00 [WARN],SRV-001, DDoS ,147
INC-06197,2025-04-15 07:14:00 [WARN],SRV-003,Insider_Threat,106
INC-06198,2025-05-19 16:07:00 [WARN],SRV-001,Ransomware,28
INC-06199,2025-06-09 04:54:00 [WARN],SRV-003,Insider_Threat,8
INC-06200,2025-02-17 20:13:00 [WARN],SRV-002, DDoS ,51
INC-06201,2025-10-28_13:19:00 [ERROR],SRV-006, SQL_Injection ,94
INC-06202,2025-02-22 18:41:00 [WARN],SRV-006,cross_site_scripting,111
INC-06203,2025-04-16 06:13:00 [WARN],SRV-005, DDoS ,98 hrs
INC-06204,2025-03-17 23:33:00 [WARN],SRV-008,Phishing,108 hrs
INC-06205,2025-06-20 19:01:00 [WARN],SRV-004,phishing,100
INC-06206,2025-01-27 20:21:00 [WARN],SRV-001,Ransomware,71
INC-06207,2025-09-04 09:55:00 [WARN],SRV-004, Brute_Force,20
INC-06208,2025-08-05_01:56:00 [ERROR],SRV-003,malware_dropper,99
INC-06209,2025-03-12 13:34:00 [WARN],SRV-003,Malware_Dropper,48
INC-06210,2025-10-16 11:52:00 [WARN],SRV-003,Zero_Day,41
INC-06211,2025-11-01_05:31:00 [ERROR],SRV-005,Cross_Site_Scripting,46
INC-06212,2025-04-06 19:22:00 [WARN],SRV-007,Malware_Dropper,117
INC-06213,2025-10-31 15:31:00 [WARN],SRV-006,Malware_Dropper,124
INC-06214,2025-10-14 14:33:00 [WARN],SRV-007, Brute_Force,36
INC-06215,2025-06-11 02:48:00 [WARN],SRV-007,Cross_Site_Scripting,19
INC-06216,2025-06-14 11:20:00 [WARN],SRV-001,malware_dropper,68
INC-06217,2025-12-17 23:29:00 [WARN],SRV-002,Insider_Threat,39
INC-06218,2025-02-26 00:29:00 [WARN],SRV-006,Zero_Day,87
INC-06219,2025-09-07 00:13:00 [WARN],SRV-004, Brute_Force,109
INC-06220,2025-12-02 06:49:00 [WARN],SRV-001,Zero_Day,148
INC-06221,2025-08-29 13:29:00 [WARN],SRV-002,Ransomware,94
INC-06222,2025-09-25 16:49:00 [WARN],SRV-005,Cross_Site_Scripting,74
INC-06223,2025-03-14 23:18:00 [WARN],SRV-008, sql_injection ,53
INC-06224,2025-05-17 02:48:00 [WARN],SRV-006, sql_injection ,59
INC-06225,2025-06-15 21:43:00 [WARN],SRV-004, SQL_Injection ,41 hrs
INC-06226,2025-05-18 04:58:00 [WARN],SRV-004, Brute_Force,76
INC-06227,2025-02-26 15:28:00 [WARN],SRV-005,cross_site_scripting,48
INC-06228,2025-06-29 03:52:00 [WARN],SRV-008, DDoS ,23
INC-06229,2025-03-16 07:12:00 [WARN],SRV-008,Zero_Day,22
INC-06230,2025-01-21 23:07:00 [WARN],SRV-007,Ransomware,68
INC-06231,2025-06-24 16:51:00 [WARN],SRV-005,Malware_Dropper,150
INC-06232,2025-02-06 17:51:00 [WARN],SRV-002, DDoS ,15
INC-06233,2025-04-17 07:04:00 [WARN],SRV-003, DDoS ,8
INC-06234,2025-05-18 08:56:00 [WARN],SRV-008, Brute_Force,128
INC-06235,2025-10-08 10:23:00 [WARN],SRV-006, Brute_Force,69
INC-06236,2025-10-23 14:45:00 [WARN],SRV-008,phishing,78
INC-06237,2025-03-19 20:01:00 [WARN],SRV-002,Phishing,90
INC-06238,2025-12-04 10:46:00 [WARN],SRV-005,malware_dropper,79
INC-06239,2025-08-01 14:27:00 [WARN],SRV-005,Phishing,109
INC-06240,2025-01-17 20:06:00 [WARN],SRV-006,Ransomware,33
INC-06241,2025-04-09 13:34:00 [WARN],SRV-002,Insider_Threat,71
INC-06242,2025-08-19 10:20:00 [WARN],SRV-007, DDoS ,112
INC-06243,2025-06-13 22:13:00 [WARN],SRV-001,Ransomware,81
INC-06244,2025-05-21 01:58:00 [WARN],SRV-008,Zero_Day,109
INC-06245,2025-12-17 04:20:00 [WARN],SRV-008,Cross_Site_Scripting,96 hrs
INC-06246,2025-09-28 23:17:00 [WARN],SRV-007, DDoS ,2
INC-06247,2025-03-08_08:51:00 [ERROR],SRV-003, Brute_Force,6
INC-06248,2025-09-26 22:05:00 [WARN],SRV-005,Malware_Dropper,53
INC-06249,2025-08-06 15:44:00 [WARN],SRV-002,Zero_Day,111
INC-06250,2025-10-14 02:21:00 [WARN],SRV-005,Malware_Dropper,90
INC-06251,2025-11-11 13:57:00 [WARN],SRV-007,phishing,124
INC-06252,2025-03-14 01:07:00 [WARN],SRV-005,Ransomware,123
INC-06253,2025-07-27 10:57:00 [WARN],SRV-007, Brute_Force,22
INC-06254,2025-12-06 17:56:00 [WARN],SRV-001,Phishing,29
INC-06255,2025-07-21 11:25:00 [WARN],SRV-006,zero_day,89
INC-06256,2025-02-12 05:26:00 [WARN],SRV-002, DDoS ,58
INC-06257,2025-03-16 17:19:00 [WARN],SRV-008,cross_site_scripting,86
INC-06258,2025-06-04 06:17:00 [WARN],SRV-002, sql_injection ,46
INC-06259,2025-08-23 19:37:00 [WARN],SRV-002,Insider_Threat,147
INC-06260,2025-02-10 00:50:00 [WARN],SRV-003,zero_day,146
INC-06261,2025-05-15 03:13:00 [WARN],SRV-007, Brute_Force,23
INC-06262,2025-01-05 23:36:00 [WARN],SRV-002,phishing,113
INC-06263,2025-07-27 00:49:00 [WARN],SRV-003,cross_site_scripting,
INC-06264,2025-02-18 08:48:00 [WARN],SRV-003, SQL_Injection ,44
INC-06265,2025-02-28 16:12:00 [WARN],SRV-003, SQL_Injection ,82
INC-06266,2025-07-20 06:52:00 [WARN],SRV-007,Cross_Site_Scripting,65
INC-06267,2025-01-20 10:23:00 [WARN],SRV-005,Ransomware,44
INC-06268,2025-01-08 03:12:00 [WARN],SRV-004,Cross_Site_Scripting,97
INC-06269,2025-06-10 10:48:00 [WARN],SRV-001,Ransomware,147
INC-06270,2025-01-15 08:54:00 [WARN],SRV-008, Brute_Force,97
INC-06271,2025-02-22 17:00:00 [WARN],SRV-001, ddos ,118
INC-06272,2025-03-12 05:41:00 [WARN],SRV-001, Brute_Force,143
INC-06273,2025-08-04 02:49:00 [WARN],SRV-004,phishing,61
INC-06274,2025-06-05 17:36:00 [WARN],SRV-007,Zero_Day,21
INC-06275,2025-11-30 04:23:00 [WARN],SRV-003,ransomware,31
INC-06276,2025-02-16 03:16:00 [WARN],SRV-001,Insider_Threat,100
INC-06277,2025-05-26_11:51:00 [ERROR],SRV-005,Malware_Dropper,109
INC-06278,2025-09-10 11:37:00 [WARN],SRV-003,malware_dropper,74
INC-06279,2025-11-21 04:06:00 [WARN],SRV-001, Brute_Force,63
INC-06280,2025-02-04 17:11:00 [WARN],SRV-006,Ransomware,145
INC-06281,2025-01-26 03:05:00 [WARN],SRV-008,Cross_Site_Scripting,75
INC-06282,2026-01-01 18:45:00 [WARN],SRV-008, DDoS ,48
INC-06283,2025-04-09 23:03:00 [WARN],SRV-003, ddos ,17
INC-06284,2025-07-01 14:38:00 [WARN],SRV-007,Zero_Day,48
INC-06285,2025-12-25 07:26:00 [WARN],SRV-008,Malware_Dropper,131
INC-06286,2025-09-06 12:30:00 [WARN],SRV-001,insider_threat,145
INC-06287,2025-03-11 16:32:00 [WARN],SRV-008,Cross_Site_Scripting,54 hrs
INC-06288,2025-09-26 14:11:00 [WARN],SRV-007, Brute_Force,75
INC-06289,2025-04-19 20:40:00 [WARN],SRV-007,Cross_Site_Scripting,150
INC-06290,2025-07-23 22:14:00 [WARN],SRV-006,Phishing,1
INC-06291,2025-06-07 11:19:00 [WARN],SRV-008,Insider_Threat,143
INC-06292,2025-12-18 21:03:00 [WARN],SRV-005,Insider_Threat,78
INC-06293,2025-02-06 10:29:00 [WARN],SRV-006, Brute_Force,123
INC-06294,2025-11-22 05:24:00 [WARN],SRV-007, Brute_Force,69
INC-06295,2025-11-07 20:21:00 [WARN],SRV-002, brute_force,130
INC-06296,2025-08-10 16:30:00 [WARN],SRV-005, DDoS ,119 hrs
INC-06297,2025-03-04 17:12:00 [WARN],SRV-006,malware_dropper,3
INC-06298,2025-03-30 09:53:00 [WARN],SRV-008,Zero_Day,115
INC-06299,2025-04-24 17:10:00 [WARN],SRV-001, Brute_Force,147
INC-06300,2025-07-16 15:30:00 [WARN],SRV-003, SQL_Injection ,143
INC-06301,2025-03-05 12:45:00 [WARN],SRV-001,ransomware,113
INC-06302,2025-08-05 04:23:00 [WARN],SRV-008,Phishing,80
INC-06303,2025-06-25 19:24:00 [WARN],SRV-008,Cross_Site_Scripting,47
INC-06304,2025-05-04 21:36:00 [WARN],SRV-008,Zero_Day,109
INC-06305,2025-07-17_16:08:00 [ERROR],SRV-007,Zero_Day,113
INC-06306,2025-04-05_06:47:00 [ERROR],SRV-002, DDoS ,139
INC-06307,2025-04-13 12:10:00 [WARN],SRV-006, Brute_Force,62
INC-06308,2025-08-29 07:47:00 [WARN],SRV-005,Insider_Threat,56
INC-06309,2025-11-13 14:00:00 [WARN],SRV-003, Brute_Force,8
INC-06310,2025-08-16 20:43:00 [WARN],SRV-002,Cross_Site_Scripting,95
INC-06311,2025-12-05 07:23:00 [WARN],SRV-007,Malware_Dropper,62
INC-06312,2025-04-06 11:21:00 [WARN],SRV-003,Ransomware,113
INC-06313,2025-04-20 10:55:00 [WARN],SRV-008,Phishing,34
INC-06314,2025-04-25 11:23:00 [WARN],SRV-005,Cross_Site_Scripting,57
INC-06315,2025-07-13 02:56:00 [WARN],SRV-006, DDoS ,97
INC-06316,2025-06-10 22:33:00 [WARN],SRV-005, ddos ,6
INC-06317,2025-07-06 08:02:00 [WARN],SRV-006, SQL_Injection ,35
INC-06318,2025-11-06 08:03:00 [WARN],SRV-005,Insider_Threat,68
INC-06319,2025-10-11 07:01:00 [WARN],SRV-007,Zero_Day,135
INC-06320,2025-12-05 10:37:00 [WARN],SRV-007,Insider_Threat,16
INC-06321,2025-11-05 06:00:00 [WARN],SRV-005,malware_dropper,115
INC-06322,2025-12-20_20:39:00 [ERROR],SRV-005,Zero_Day,148
INC-06323,2025-10-26 14:06:00 [WARN],SRV-001, DDoS ,133
INC-06324,2025-04-08 00:09:00 [WARN],SRV-007,Ransomware,61
INC-06325,2025-03-21 03:53:00 [WARN],SRV-005, ddos ,133
INC-06326,2025-03-25 03:16:00 [WARN],SRV-008,Insider_Threat,86
INC-06327,2025-04-23 10:32:00 [WARN],SRV-002,Cross_Site_Scripting,41
INC-06328,2025-12-15 05:55:00 [WARN],SRV-001,Phishing,98
INC-06329,2025-11-15 10:52:00 [WARN],SRV-004, Brute_Force,116
INC-06330,2025-07-31 13:57:00 [WARN],SRV-008, Brute_Force,111
INC-06331,2025-11-30 08:32:00 [WARN],SRV-007, DDoS ,137
INC-06332,2025-01-16 09:02:00 [WARN],SRV-006,Insider_Threat,74
INC-06333,2025-08-21 06:28:00 [WARN],SRV-002, DDoS ,34
INC-06334,2025-03-14 09:09:00 [WARN],SRV-003,Phishing,45
INC-06335,2025-08-19_19:46:00 [ERROR],SRV-004,Ransomware,14
INC-06336,2025-03-13 09:50:00 [WARN],SRV-002,Ransomware,86
INC-06337,2025-08-28 20:45:00 [WARN],SRV-008, Brute_Force,51
INC-06338,2025-05-13 02:54:00 [WARN],SRV-005,malware_dropper,24
INC-06339,2025-12-25 00:41:00 [WARN],SRV-003,cross_site_scripting,116
INC-06340,2025-07-07 16:52:00 [WARN],SRV-004,Zero_Day,145
INC-06341,2025-11-16 06:31:00 [WARN],SRV-008,insider_threat,129
INC-06342,2025-04-13 05:34:00 [WARN],SRV-007, DDoS ,73
INC-06343,2025-03-19 16:01:00 [WARN],SRV-007, DDoS ,92
INC-06344,2025-07-19 22:25:00 [WARN],SRV-007, brute_force,146
INC-06345,2025-11-04 16:11:00 [WARN],SRV-008,Malware_Dropper,98
INC-06346,2025-06-21 13:35:00 [WARN],SRV-006,Malware_Dropper,99
INC-06347,2025-10-20 20:27:00 [WARN],SRV-008, SQL_Injection ,82
INC-06348,2025-10-19 00:42:00 [WARN],SRV-002,Zero_Day,22
INC-06349,2025-01-28 13:27:00 [WARN],SRV-003,Cross_Site_Scripting,62
INC-06350,2025-03-02 07:42:00 [WARN],SRV-001,Cross_Site_Scripting,22
INC-06351,2025-02-11 20:17:00 [WARN],SRV-007,insider_threat,104
INC-06352,2025-10-05_06:08:00 [ERROR],SRV-003,Ransomware,92
INC-06353,2025-04-04 10:06:00 [WARN],SRV-007, Brute_Force,79
INC-06354,2025-12-20 12:41:00 [WARN],SRV-003, Brute_Force,43
INC-06355,2025-03-15 13:01:00 [WARN],SRV-005,Malware_Dropper,51
INC-06356,2025-07-02 03:41:00 [WARN],SRV-007,Phishing,68
INC-06357,2025-11-30 08:53:00 [WARN],SRV-004,zero_day,80
INC-06358,2025-02-21 13:53:00 [WARN],SRV-005, SQL_Injection ,117
INC-06359,2025-12-07_18:31:00 [ERROR],SRV-005,Insider_Threat,48
INC-06360,2025-07-09 18:14:00 [WARN],SRV-005,Ransomware,50
INC-06361,2025-08-09 06:37:00 [WARN],SRV-005,Malware_Dropper,75 hrs
INC-06362,2025-10-05 13:34:00 [WARN],SRV-002,Insider_Threat,146
INC-06363,2025-10-06 05:09:00 [WARN],SRV-005, Brute_Force,54
INC-06364,2025-12-05 13:40:00 [WARN],SRV-008, SQL_Injection ,105
INC-06365,2025-08-06 06:40:00 [WARN],SRV-006,Phishing,116
INC-06366,2025-07-23 19:42:00 [WARN],SRV-006,insider_threat,36
INC-06367,2025-02-09 20:04:00 [WARN],SRV-002,Malware_Dropper,112
INC-06368,2025-05-19 13:30:00 [WARN],SRV-007,Malware_Dropper,25
INC-06369,2025-01-08 03:55:00 [WARN],SRV-003,Malware_Dropper,130
INC-06370,2025-06-23 07:32:00 [WARN],SRV-004,Zero_Day,
INC-06371,2025-03-16 16:21:00 [WARN],SRV-007,Zero_Day,21
INC-06372,2025-05-23 10:20:00 [WARN],SRV-002,Malware_Dropper,41
INC-06373,2025-08-16 01:15:00 [WARN],SRV-006,Cross_Site_Scripting,58
INC-06374,2025-09-09 10:18:00 [WARN],SRV-002, DDoS ,44
INC-06375,2025-08-16 01:39:00 [WARN],SRV-007, Brute_Force,92
INC-06376,2025-10-14 02:47:00 [WARN],SRV-005,Malware_Dropper,14
INC-06377,2025-06-28 20:47:00 [WARN],SRV-004, Brute_Force,147
INC-06378,2025-05-18 14:38:00 [WARN],SRV-004,Malware_Dropper,60
INC-06379,2025-10-11 09:55:00 [WARN],SRV-002,Insider_Threat,147
INC-06380,2025-04-29 07:54:00 [WARN],SRV-007, sql_injection ,21
INC-06381,2025-03-09 15:17:00 [WARN],SRV-004,Insider_Threat,75
INC-06382,2025-07-12_05:44:00 [ERROR],SRV-006,Ransomware,34
INC-06383,2025-02-05 18:47:00 [WARN],SRV-005,Cross_Site_Scripting,86 hrs
INC-06384,2025-08-29 15:44:00 [WARN],SRV-008,Zero_Day,17
INC-06385,2025-12-06 18:54:00 [WARN],SRV-003,Zero_Day,100
INC-06386,2025-07-18 18:40:00 [WARN],SRV-007,Cross_Site_Scripting,30
INC-06387,2025-01-11 06:50:00 [WARN],SRV-001, DDoS ,150
INC-06388,2025-01-22 06:15:00 [WARN],SRV-002,Ransomware,44
INC-06389,2025-12-13 02:03:00 [WARN],SRV-001,Malware_Dropper,45
INC-06390,2025-10-06 16:14:00 [WARN],SRV-007,Zero_Day,145
INC-06391,2025-08-01 02:24:00 [WARN],SRV-003,Phishing,49
INC-06392,2025-02-09 16:20:00 [WARN],SRV-001,Zero_Day,35
INC-06393,2025-06-07 21:57:00 [WARN],SRV-007,phishing,116
INC-06394,2025-03-15 17:29:00 [WARN],SRV-005,Phishing,135
INC-06395,2025-03-14 01:08:00 [WARN],SRV-008, DDoS ,6
INC-06396,2025-02-11 23:16:00 [WARN],SRV-004,Malware_Dropper,87
INC-06397,2025-01-08 03:41:00 [WARN],SRV-002, SQL_Injection ,119
INC-06398,2025-12-26_11:50:00 [ERROR],SRV-008, SQL_Injection ,110
INC-06399,2025-12-30 06:37:00 [WARN],SRV-001,Zero_Day,20
INC-06400,2025-02-21 03:11:00 [WARN],SRV-005,cross_site_scripting,47
INC-06401,2025-07-12 13:09:00 [WARN],SRV-007, Brute_Force,130
INC-06402,2025-11-20 17:11:00 [WARN],SRV-006,Ransomware,143
INC-06403,2025-09-14 21:19:00 [WARN],SRV-002,Zero_Day,134
INC-06404,2025-12-18 11:17:00 [WARN],SRV-006,Ransomware,12
INC-06405,2025-11-12 15:57:00 [WARN],SRV-001,Zero_Day,134
INC-06406,2025-04-14 17:49:00 [WARN],SRV-003, Brute_Force,142 hrs
INC-06407,2025-12-12 04:34:00 [WARN],SRV-006,ransomware,63
INC-06408,2025-10-17 02:18:00 [WARN],SRV-007,insider_threat,10
INC-06409,2025-07-11 17:53:00 [WARN],SRV-008,Phishing,29
INC-06410,2025-06-26 04:35:00 [WARN],SRV-003, Brute_Force,91
INC-06411,2025-07-12 15:55:00 [WARN],SRV-006,Malware_Dropper,96
INC-06412,2025-03-27 17:20:00 [WARN],SRV-005, ddos ,129
INC-06413,2025-12-23 01:15:00 [WARN],SRV-003,Ransomware,24
INC-06414,2025-04-06 21:19:00 [WARN],SRV-008,Zero_Day,69
INC-06415,2025-03-24 19:42:00 [WARN],SRV-001,Zero_Day,53
INC-06416,2025-05-08 14:13:00 [WARN],SRV-001,Cross_Site_Scripting,50
INC-06417,2025-06-09 18:53:00 [WARN],SRV-006,Phishing,92
INC-06418,2025-10-07 02:43:00 [WARN],SRV-002,Malware_Dropper,94
INC-06419,2025-10-09 12:24:00 [WARN],SRV-003,Insider_Threat,95
INC-06420,2025-10-18 04:23:00 [WARN],SRV-005,Ransomware,2
INC-06421,2025-05-26 19:41:00 [WARN],SRV-007,Ransomware,87
INC-06422,2025-11-19 05:19:00 [WARN],SRV-007,insider_threat,97
INC-06423,2025-12-26 03:43:00 [WARN],SRV-002, DDoS ,101
INC-06424,2025-02-26 11:40:00 [WARN],SRV-003,Zero_Day,39
INC-06425,2025-01-07 13:55:00 [WARN],SRV-004,phishing,77 hrs
INC-06426,2025-12-13 23:21:00 [WARN],SRV-001,Cross_Site_Scripting,135
INC-06427,2025-11-16 15:02:00 [WARN],SRV-005, SQL_Injection ,63
INC-06428,2025-08-23 03:27:00 [WARN],SRV-003,Insider_Threat,3
INC-06429,2025-12-17 14:37:00 [WARN],SRV-002,Ransomware,95
INC-06430,2025-05-08 07:36:00 [WARN],SRV-004,Phishing,87
INC-06431,2025-12-26 21:29:00 [WARN],SRV-007,phishing,128
INC-06432,2025-03-15 21:59:00 [WARN],SRV-003,malware_dropper,75
INC-06433,2025-12-31 15:12:00 [WARN],SRV-008, DDoS ,92
INC-06434,2025-04-02_22:24:00 [ERROR],SRV-005,Zero_Day,137
INC-06435,2025-11-05 00:16:00 [WARN],SRV-003, SQL_Injection ,135
INC-06436,2025-04-19 18:35:00 [WARN],SRV-001, DDoS ,8
INC-06437,2025-08-10 04:51:00 [WARN],SRV-004,Phishing,55
INC-06438,2025-09-27 23:32:00 [WARN],SRV-008, SQL_Injection ,14
INC-06439,2025-05-10 15:27:00 [WARN],SRV-005, SQL_Injection ,23
INC-06440,2025-03-25 11:47:00 [WARN],SRV-002, SQL_Injection ,119
INC-06441,2025-03-07 06:24:00 [WARN],SRV-003,Zero_Day,119
INC-06442,2025-06-10 12:20:00 [WARN],SRV-004,Cross_Site_Scripting,30
INC-06443,2025-01-16 13:00:00 [WARN],SRV-007, SQL_Injection ,44
INC-06444,2025-12-30 14:06:00 [WARN],SRV-003,Phishing,37 hrs
INC-06445,2025-04-06_14:16:00 [ERROR],SRV-002,Insider_Threat,98
INC-06446,2025-09-10 16:47:00 [WARN],SRV-001,Ransomware,115
INC-06447,2025-02-05 04:17:00 [WARN],SRV-006,Malware_Dropper,76
INC-06448,2025-09-25 01:40:00 [WARN],SRV-002,Malware_Dropper,53
INC-06449,2025-08-07 17:42:00 [WARN],SRV-003,Ransomware,129
INC-06450,2025-05-04 05:18:00 [WARN],SRV-001, SQL_Injection ,97 hrs
INC-06451,2025-12-28_04:52:00 [ERROR],SRV-001, SQL_Injection ,58
INC-06452,2025-12-08 04:19:00 [WARN],SRV-004,malware_dropper,113
INC-06453,2025-10-27 09:12:00 [WARN],SRV-003, SQL_Injection ,122 hrs
INC-06454,2025-04-04 21:11:00 [WARN],SRV-007,Insider_Threat,14
INC-06455,2025-05-11 08:44:00 [WARN],SRV-001,Ransomware,
INC-06456,2025-03-06_22:17:00 [ERROR],SRV-003,Malware_Dropper,28
INC-06457,2025-10-28 17:39:00 [WARN],SRV-004,Insider_Threat,69
INC-06458,2025-09-22 22:21:00 [WARN],SRV-001, sql_injection ,67
INC-06459,2025-07-19 18:18:00 [WARN],SRV-006,Phishing,11
INC-06460,2025-03-17 23:44:00 [WARN],SRV-002, SQL_Injection ,117
INC-06461,2025-12-03 02:00:00 [WARN],SRV-008,Malware_Dropper,141
INC-06462,2025-09-09_22:44:00 [ERROR],SRV-005,Cross_Site_Scripting,84
INC-06463,2025-09-05 21:20:00 [WARN],SRV-005, Brute_Force,28
INC-06464,2025-08-05 04:24:00 [WARN],SRV-003,Phishing,11
INC-06465,2025-02-28 14:38:00 [WARN],SRV-005,Phishing,108
INC-06466,2025-08-22 22:29:00 [WARN],SRV-006,Zero_Day,116
INC-06467,2025-01-06_23:59:00 [ERROR],SRV-007, Brute_Force,77
INC-06468,2025-11-28 09:34:00 [WARN],SRV-007,Malware_Dropper,102
INC-06469,2025-02-09 18:36:00 [WARN],SRV-002,Insider_Threat,125
INC-06470,2025-01-15 15:23:00 [WARN],SRV-001, ddos ,111
INC-06471,2025-05-29 01:59:00 [WARN],SRV-003, DDoS ,98
INC-06472,2025-06-29 19:39:00 [WARN],SRV-007,Phishing,140
INC-06473,2025-10-29 09:59:00 [WARN],SRV-001, DDoS ,75
INC-06474,2025-08-31 12:44:00 [WARN],SRV-001,cross_site_scripting,42
INC-06475,2025-11-10 05:49:00 [WARN],SRV-003,Cross_Site_Scripting,82
INC-06476,2025-09-04_13:43:00 [ERROR],SRV-004, SQL_Injection ,31
INC-06477,2025-01-17 21:06:00 [WARN],SRV-002,phishing,71
INC-06478,2025-07-22 01:55:00 [WARN],SRV-007, SQL_Injection ,74
INC-06479,2025-01-07 03:29:00 [WARN],SRV-004, DDoS ,139
INC-06480,2025-04-14 14:30:00 [WARN],SRV-005, SQL_Injection ,26
INC-06481,2025-08-24 03:17:00 [WARN],SRV-008,phishing,105
INC-06482,2025-05-02 15:25:00 [WARN],SRV-005,Ransomware,19
INC-06483,2025-10-22 18:10:00 [WARN],SRV-002,zero_day,
INC-06484,2025-04-12 01:57:00 [WARN],SRV-005, DDoS ,17
INC-06485,2025-03-10 23:16:00 [WARN],SRV-007, Brute_Force,125
INC-06486,2025-08-19 17:47:00 [WARN],SRV-006,insider_threat,127
INC-06487,2025-05-16 17:49:00 [WARN],SRV-006, DDoS ,56
INC-06488,2025-02-17 00:01:00 [WARN],SRV-002,Cross_Site_Scripting,123
INC-06489,2025-07-18 21:58:00 [WARN],SRV-001,Insider_Threat,45
INC-06490,2025-03-12 17:41:00 [WARN],SRV-008, DDoS ,38
INC-06491,2025-06-09 18:16:00 [WARN],SRV-004, SQL_Injection ,10
INC-06492,2025-05-17 15:23:00 [WARN],SRV-006,phishing,
INC-06493,2025-05-25 22:02:00 [WARN],SRV-007,Zero_Day,30
INC-06494,2025-09-20 06:53:00 [WARN],SRV-005, Brute_Force,28
INC-06495,2025-02-18 12:17:00 [WARN],SRV-003,Malware_Dropper,111
INC-06496,2025-08-26 20:49:00 [WARN],SRV-003,Phishing,137
INC-06497,2025-11-18 22:01:00 [WARN],SRV-003,Insider_Threat,17
INC-06498,2025-06-24 13:21:00 [WARN],SRV-004,Malware_Dropper,121
INC-06499,2025-04-01 22:59:00 [WARN],SRV-005, DDoS ,
INC-06500,2025-12-11 12:18:00 [WARN],SRV-004,Malware_Dropper,86
INC-06501,2025-01-01 09:49:00 [WARN],SRV-002, Brute_Force,136
INC-06502,2025-06-27 11:22:00 [WARN],SRV-004,Ransomware,44
INC-06503,2025-07-16 03:59:00 [WARN],SRV-002, SQL_Injection ,66
INC-06504,2025-08-19 12:32:00 [WARN],SRV-003,zero_day,18
INC-06505,2025-12-23 18:40:00 [WARN],SRV-001, DDoS ,92
INC-06506,2025-03-09 00:33:00 [WARN],SRV-006, SQL_Injection ,111 hrs
INC-06507,2025-11-06 11:01:00 [WARN],SRV-004,Cross_Site_Scripting,46 hrs
INC-06508,2025-09-01 03:42:00 [WARN],SRV-006,cross_site_scripting,130
INC-06509,2025-07-30 00:57:00 [WARN],SRV-005,Ransomware,90
INC-06510,2025-11-02 09:22:00 [WARN],SRV-003,cross_site_scripting,75
INC-06511,2025-08-28_12:21:00 [ERROR],SRV-007, SQL_Injection ,23
INC-06512,2025-07-29 04:10:00 [WARN],SRV-006,Malware_Dropper,48
INC-06513,2025-12-27 15:36:00 [WARN],SRV-002, DDoS ,115
INC-06514,2025-08-02 08:16:00 [WARN],SRV-002,Cross_Site_Scripting,97
INC-06515,2025-12-01_03:24:00 [ERROR],SRV-008, DDoS ,113
INC-06516,2025-01-05_18:14:00 [ERROR],SRV-001,Malware_Dropper,97
INC-06517,2025-01-10 23:19:00 [WARN],SRV-006,Cross_Site_Scripting,133
INC-06518,2025-08-17 02:28:00 [WARN],SRV-004, Brute_Force,120
INC-06519,2025-05-10 13:24:00 [WARN],SRV-004, sql_injection ,11
INC-06520,2025-09-13 07:44:00 [WARN],SRV-006,Ransomware,92
INC-06521,2025-03-13 13:23:00 [WARN],SRV-007, DDoS ,149
INC-06522,2025-03-29 16:38:00 [WARN],SRV-002,Malware_Dropper,140
INC-06523,2025-06-18_01:02:00 [ERROR],SRV-004, brute_force,79
INC-06524,2025-07-29 14:46:00 [WARN],SRV-008,Insider_Threat,21
INC-06525,2025-03-16 10:40:00 [WARN],SRV-001,Ransomware,115
INC-06526,2025-03-18 21:57:00 [WARN],SRV-004, SQL_Injection ,144
INC-06527,2025-06-01 08:01:00 [WARN],SRV-002, Brute_Force,31
INC-06528,2025-11-04 05:02:00 [WARN],SRV-003, ddos ,36
INC-06529,2025-11-05 15:51:00 [WARN],SRV-008,ransomware,23
INC-06530,2025-08-21 18:48:00 [WARN],SRV-008,Phishing,21
INC-06531,2025-03-21_14:30:00 [ERROR],SRV-001, Brute_Force,84
INC-06532,2025-06-30 06:41:00 [WARN],SRV-006, SQL_Injection ,59
INC-06533,2025-08-17 07:11:00 [WARN],SRV-006, brute_force,139
INC-06534,2025-04-14 00:35:00 [WARN],SRV-003,Cross_Site_Scripting,136
INC-06535,2025-09-25 19:38:00 [WARN],SRV-004,Malware_Dropper,110
INC-06536,2025-01-16 10:55:00 [WARN],SRV-007,Phishing,92
INC-06537,2025-03-11 03:16:00 [WARN],SRV-005, SQL_Injection ,45
INC-06538,2025-05-05 01:42:00 [WARN],SRV-005,Cross_Site_Scripting,13
INC-06539,2025-04-12 06:45:00 [WARN],SRV-008,Malware_Dropper,22
INC-06540,2025-02-03 15:08:00 [WARN],SRV-004,Insider_Threat,75
INC-06541,2025-01-02 12:52:00 [WARN],SRV-003,Cross_Site_Scripting,68
INC-06542,2025-09-06 05:00:00 [WARN],SRV-005,Ransomware,26
INC-06543,2025-02-12 17:52:00 [WARN],SRV-006, DDoS ,123
INC-06544,2025-08-10 15:28:00 [WARN],SRV-008,Zero_Day,100
INC-06545,2025-02-19 08:01:00 [WARN],SRV-007,Phishing,113
INC-06546,2025-11-04 22:40:00 [WARN],SRV-002,Zero_Day,34
INC-06547,2025-06-05 12:17:00 [WARN],SRV-001,phishing,108
INC-06548,2025-11-07 01:12:00 [WARN],SRV-008,ransomware,18
INC-06549,2025-08-08 06:26:00 [WARN],SRV-008, SQL_Injection ,119
INC-06550,2025-10-19 10:46:00 [WARN],SRV-003,Malware_Dropper,
INC-06551,2025-09-25 02:11:00 [WARN],SRV-004, Brute_Force,125
INC-06552,2025-04-17 13:23:00 [WARN],SRV-005,Malware_Dropper,60 hrs
INC-06553,2025-01-14 02:57:00 [WARN],SRV-005, DDoS ,85
INC-06554,2025-01-17 06:46:00 [WARN],SRV-008,Malware_Dropper,73
INC-06555,2025-09-29 13:31:00 [WARN],SRV-001,Cross_Site_Scripting,46
INC-06556,2025-12-18 23:29:00 [WARN],SRV-003, SQL_Injection ,114
INC-06557,2025-11-20_11:49:00 [ERROR],SRV-001,Ransomware,124
INC-06558,2025-08-25 17:16:00 [WARN],SRV-008, SQL_Injection ,83
INC-06559,2025-04-02 13:15:00 [WARN],SRV-004, Brute_Force,105
INC-06560,2025-03-17 02:05:00 [WARN],SRV-001,insider_threat,98
INC-06561,2025-12-02 11:15:00 [WARN],SRV-003,Ransomware,138
INC-06562,2025-07-16 19:43:00 [WARN],SRV-004,malware_dropper,23
INC-06563,2025-08-29 05:46:00 [WARN],SRV-007,Malware_Dropper,146
INC-06564,2025-10-02 23:24:00 [WARN],SRV-007,cross_site_scripting,105
INC-06565,2025-08-05 10:14:00 [WARN],SRV-004, Brute_Force,46
INC-06566,2025-11-17 00:23:00 [WARN],SRV-005,Insider_Threat,41
INC-06567,2025-11-30 12:10:00 [WARN],SRV-002,Ransomware,9
INC-06568,2025-10-13 07:55:00 [WARN],SRV-008,Phishing,59
INC-06569,2025-11-30 11:38:00 [WARN],SRV-001,Phishing,78
INC-06570,2025-04-17 18:38:00 [WARN],SRV-008,Ransomware,107
INC-06571,2025-07-23 19:58:00 [WARN],SRV-004,Cross_Site_Scripting,32
INC-06572,2025-11-27 10:25:00 [WARN],SRV-008, Brute_Force,42
INC-06573,2025-04-16 14:53:00 [WARN],SRV-004, Brute_Force,116
INC-06574,2025-07-28 23:36:00 [WARN],SRV-007, DDoS ,21
INC-06575,2025-02-17_20:09:00 [ERROR],SRV-001, Brute_Force,8 hrs
INC-06576,2025-04-24 09:00:00 [WARN],SRV-006, SQL_Injection ,10
INC-06577,2025-03-18 05:57:00 [WARN],SRV-001, Brute_Force,78
INC-06578,2025-07-28 10:31:00 [WARN],SRV-005,insider_threat,146
INC-06579,2025-02-16_23:48:00 [ERROR],SRV-002,Phishing,144
INC-06580,2025-05-12 09:06:00 [WARN],SRV-004,Zero_Day,96
INC-06581,2025-10-07 12:13:00 [WARN],SRV-005, Brute_Force,147
INC-06582,2025-03-13 02:18:00 [WARN],SRV-008,cross_site_scripting,114
INC-06583,2025-07-04 17:13:00 [WARN],SRV-001, sql_injection ,109
INC-06584,2025-04-10 11:49:00 [WARN],SRV-002, DDoS ,31
INC-06585,2025-01-29 10:23:00 [WARN],SRV-006,Phishing,148
INC-06586,2025-06-20_21:17:00 [ERROR],SRV-004, Brute_Force,126
INC-06587,2025-12-04 00:57:00 [WARN],SRV-004,Zero_Day,51
INC-06588,2025-08-21 19:14:00 [WARN],SRV-003, Brute_Force,65
INC-06589,2025-02-27 09:19:00 [WARN],SRV-002,Cross_Site_Scripting,97
INC-06590,2025-07-30 01:03:00 [WARN],SRV-006,zero_day,56
INC-06591,2025-06-20 17:55:00 [WARN],SRV-004, sql_injection ,79
INC-06592,2025-12-31 05:59:00 [WARN],SRV-008,Phishing,35
INC-06593,2025-10-31 18:51:00 [WARN],SRV-003,Insider_Threat,32
INC-06594,2025-01-07 02:37:00 [WARN],SRV-006, Brute_Force,87
INC-06595,2025-12-09 09:51:00 [WARN],SRV-005, DDoS ,68
INC-06596,2025-10-20 00:14:00 [WARN],SRV-008,insider_threat,73
INC-06597,2025-07-10_22:27:00 [ERROR],SRV-002,phishing,139
INC-06598,2025-12-17 15:34:00 [WARN],SRV-002,Insider_Threat,25
INC-06599,2025-01-25 13:01:00 [WARN],SRV-002,Cross_Site_Scripting,59
INC-06600,2025-08-04 12:18:00 [WARN],SRV-001,Phishing,14
INC-06601,2025-12-04 22:29:00 [WARN],SRV-007,Malware_Dropper,42
INC-06602,2025-06-26 00:40:00 [WARN],SRV-002, DDoS ,68
INC-06603,2025-09-29 21:15:00 [WARN],SRV-004,Malware_Dropper,78
INC-06604,2025-05-27 14:05:00 [WARN],SRV-006,cross_site_scripting,71
INC-06605,2025-07-09 14:40:00 [WARN],SRV-001,Ransomware,107
INC-06606,2025-11-22 21:24:00 [WARN],SRV-002,Zero_Day,133
INC-06607,2025-10-18 02:42:00 [WARN],SRV-001,Ransomware,100
INC-06608,2025-07-06 07:01:00 [WARN],SRV-008,phishing,107
INC-06609,2025-11-19 11:46:00 [WARN],SRV-004, SQL_Injection ,47
INC-06610,2025-11-10 12:27:00 [WARN],SRV-005,Zero_Day,8
INC-06611,2025-10-23 18:57:00 [WARN],SRV-007,Insider_Threat,90
INC-06612,2025-04-27 15:18:00 [WARN],SRV-003,Phishing,24 hrs
INC-06613,2025-05-11 21:08:00 [WARN],SRV-007, sql_injection ,107
INC-06614,2025-04-11 05:23:00 [WARN],SRV-007,cross_site_scripting,99
INC-06615,2025-02-24 23:02:00 [WARN],SRV-001,Cross_Site_Scripting,44
INC-06616,2025-12-28 11:59:00 [WARN],SRV-002,Insider_Threat,137
INC-06617,2025-05-08 07:07:00 [WARN],SRV-003, DDoS ,46
INC-06618,2025-07-26 07:39:00 [WARN],SRV-007,Zero_Day,17
INC-06619,2025-04-18 15:45:00 [WARN],SRV-008,Ransomware,66
INC-06620,2025-12-09 02:58:00 [WARN],SRV-005, Brute_Force,146
INC-06621,2025-07-07 07:02:00 [WARN],SRV-008, SQL_Injection ,135
INC-06622,2025-05-29 15:52:00 [WARN],SRV-007, SQL_Injection ,102
INC-06623,2025-07-09_11:49:00 [ERROR],SRV-007,phishing,88
INC-06624,2025-02-08_23:10:00 [ERROR],SRV-003,Malware_Dropper,17
INC-06625,2025-07-24 17:36:00 [WARN],SRV-004,Insider_Threat,23
INC-06626,2025-06-17 08:51:00 [WARN],SRV-001,ransomware,14
INC-06627,2025-01-04 20:32:00 [WARN],SRV-002, SQL_Injection ,127
INC-06628,2025-10-03 16:36:00 [WARN],SRV-006,Malware_Dropper,100 hrs
INC-06629,2025-11-20 06:06:00 [WARN],SRV-003,Phishing,8 hrs
INC-06630,2025-11-30 05:50:00 [WARN],SRV-005,Cross_Site_Scripting,67
INC-06631,2025-09-09 02:33:00 [WARN],SRV-008, Brute_Force,77
INC-06632,2025-10-10 13:52:00 [WARN],SRV-003,Malware_Dropper,
INC-06633,2025-11-07_01:52:00 [ERROR],SRV-005, SQL_Injection ,31
INC-06634,2025-12-24 02:09:00 [WARN],SRV-001,Zero_Day,150
INC-06635,2025-11-15_10:08:00 [ERROR],SRV-006, SQL_Injection ,150
INC-06636,2025-11-27 14:08:00 [WARN],SRV-005,Cross_Site_Scripting,101
INC-06637,2025-07-19 08:53:00 [WARN],SRV-002,Phishing,79
INC-06638,2025-09-29 16:51:00 [WARN],SRV-008,Malware_Dropper,77
INC-06639,2025-03-16 13:14:00 [WARN],SRV-001,zero_day,55
INC-06640,2025-02-16 23:30:00 [WARN],SRV-001,Ransomware,31
INC-06641,2025-04-30 08:52:00 [WARN],SRV-002,Cross_Site_Scripting,70
INC-06642,2025-09-29 12:17:00 [WARN],SRV-003, brute_force,104
INC-06643,2025-05-11 02:12:00 [WARN],SRV-002, SQL_Injection ,148
INC-06644,2025-02-16 11:28:00 [WARN],SRV-004,Phishing,23
INC-06645,2025-08-27 08:12:00 [WARN],SRV-007,phishing,98
INC-06646,2025-12-03 22:47:00 [WARN],SRV-005,malware_dropper,75
INC-06647,2025-07-06 13:05:00 [WARN],SRV-002,Zero_Day,10
INC-06648,2025-11-27 01:44:00 [WARN],SRV-002, Brute_Force,45
INC-06649,2025-02-25 21:59:00 [WARN],SRV-004, ddos ,101
INC-06650,2025-05-04 20:31:00 [WARN],SRV-002,zero_day,149
INC-06651,2025-08-19 16:47:00 [WARN],SRV-008,Phishing,44
INC-06652,2025-01-05 05:56:00 [WARN],SRV-001, Brute_Force,85
INC-06653,2025-04-05 17:46:00 [WARN],SRV-001,malware_dropper,57
INC-06654,2025-07-27 02:14:00 [WARN],SRV-006, DDoS ,57
INC-06655,2025-11-30 10:21:00 [WARN],SRV-003, ddos ,82
INC-06656,2025-11-06 21:03:00 [WARN],SRV-003, Brute_Force,42
INC-06657,2025-05-03 14:19:00 [WARN],SRV-004,Phishing,79 hrs
INC-06658,2025-03-24 07:06:00 [WARN],SRV-006,Phishing,139
INC-06659,2025-03-22 19:01:00 [WARN],SRV-001,Zero_Day,72
INC-06660,2025-04-11 23:20:00 [WARN],SRV-008, ddos ,93
INC-06661,2025-04-08 19:01:00 [WARN],SRV-007,Malware_Dropper,88 hrs
INC-06662,2025-11-03 09:00:00 [WARN],SRV-001,zero_day,12
INC-06663,2025-08-01 17:13:00 [WARN],SRV-003,Zero_Day,80
INC-06664,2025-04-30 12:38:00 [WARN],SRV-001,malware_dropper,142
INC-06665,2025-11-15 07:02:00 [WARN],SRV-006, sql_injection ,67
INC-06666,2025-07-28 11:14:00 [WARN],SRV-008, SQL_Injection ,109
INC-06667,2025-05-17 22:51:00 [WARN],SRV-005, Brute_Force,25
INC-06668,2025-04-25_07:49:00 [ERROR],SRV-002,Cross_Site_Scripting,82
INC-06669,2025-04-23 17:02:00 [WARN],SRV-001,Ransomware,89
INC-06670,2025-06-12 12:15:00 [WARN],SRV-005,Cross_Site_Scripting,39
INC-06671,2025-04-21 21:55:00 [WARN],SRV-005,Phishing,10
INC-06672,2025-03-21 13:25:00 [WARN],SRV-008, sql_injection ,45
INC-06673,2025-04-21 12:41:00 [WARN],SRV-003, Brute_Force,114
INC-06674,2025-04-25 01:50:00 [WARN],SRV-001,Insider_Threat,16
INC-06675,2025-09-09 17:30:00 [WARN],SRV-006, SQL_Injection ,36
INC-06676,2025-02-06 12:18:00 [WARN],SRV-008, Brute_Force,101
INC-06677,2025-02-08 04:20:00 [WARN],SRV-003,cross_site_scripting,42
INC-06678,2025-03-30 19:01:00 [WARN],SRV-004, DDoS ,16
INC-06679,2025-05-22_05:32:00 [ERROR],SRV-001, brute_force,15
INC-06680,2025-02-17 17:58:00 [WARN],SRV-002,Ransomware,29
INC-06681,2025-10-29 18:31:00 [WARN],SRV-002,Phishing,23
INC-06682,2025-02-06 20:09:00 [WARN],SRV-005,Insider_Threat,118
INC-06683,2025-07-23 14:17:00 [WARN],SRV-006,Ransomware,23
INC-06684,2025-09-07 15:45:00 [WARN],SRV-006, ddos ,63 hrs
INC-06685,2025-06-21 12:03:00 [WARN],SRV-008, DDoS ,73
INC-06686,2025-04-20_23:23:00 [ERROR],SRV-007, SQL_Injection ,143
INC-06687,2025-05-18 22:26:00 [WARN],SRV-008, SQL_Injection ,48
INC-06688,2025-12-13 19:07:00 [WARN],SRV-004, SQL_Injection ,137 hrs
INC-06689,2025-04-15 07:18:00 [WARN],SRV-006, SQL_Injection ,60
INC-06690,2025-03-07 21:38:00 [WARN],SRV-001, SQL_Injection ,119
INC-06691,2025-10-13 21:18:00 [WARN],SRV-004,Ransomware,48
INC-06692,2025-06-21 13:40:00 [WARN],SRV-006,Malware_Dropper,28
INC-06693,2025-03-22 04:06:00 [WARN],SRV-001,Ransomware,110
INC-06694,2025-02-28 00:15:00 [WARN],SRV-004, SQL_Injection ,56
INC-06695,2025-09-18 06:19:00 [WARN],SRV-001, SQL_Injection ,34
INC-06696,2025-12-10 12:23:00 [WARN],SRV-001, ddos ,107
INC-06697,2025-11-21 22:48:00 [WARN],SRV-001,Insider_Threat,32
INC-06698,2025-03-09 08:05:00 [WARN],SRV-001,Ransomware,74
INC-06699,2025-06-12 10:04:00 [WARN],SRV-001, DDoS ,125
INC-06700,2025-09-19 04:50:00 [WARN],SRV-003, Brute_Force,90
INC-06701,2025-08-29 14:34:00 [WARN],SRV-001, SQL_Injection ,5
INC-06702,2025-06-10 06:37:00 [WARN],SRV-007, SQL_Injection ,125
INC-06703,2025-01-18 00:57:00 [WARN],SRV-008,Cross_Site_Scripting,56
INC-06704,2025-06-26 18:05:00 [WARN],SRV-001, sql_injection ,75
INC-06705,2025-12-14 12:33:00 [WARN],SRV-007,cross_site_scripting,102
INC-06706,2025-10-17 08:24:00 [WARN],SRV-006,Zero_Day,111
INC-06707,2025-10-28 23:33:00 [WARN],SRV-002, DDoS ,14
INC-06708,2025-06-05_08:49:00 [ERROR],SRV-006,Insider_Threat,43
INC-06709,2025-12-25 04:06:00 [WARN],SRV-005,Phishing,116
INC-06710,2025-06-23 01:10:00 [WARN],SRV-001,Zero_Day,64
INC-06711,2025-08-30 23:20:00 [WARN],SRV-001,Zero_Day,1
INC-06712,2025-06-28 22:10:00 [WARN],SRV-006,zero_day,99
INC-06713,2025-11-05_04:55:00 [ERROR],SRV-007, ddos ,9
INC-06714,2025-07-14 21:18:00 [WARN],SRV-004, DDoS ,94
INC-06715,2025-02-02 14:07:00 [WARN],SRV-006,Insider_Threat,
INC-06716,2025-04-06 09:01:00 [WARN],SRV-001,ransomware,40
INC-06717,2025-06-11 08:38:00 [WARN],SRV-006,Malware_Dropper,81
INC-06718,2025-03-23 23:05:00 [WARN],SRV-003,Ransomware,147
INC-06719,2025-10-10 23:20:00 [WARN],SRV-006,Phishing,44
INC-06720,2025-08-01 05:51:00 [WARN],SRV-001, ddos ,47
INC-06721,2025-09-09 15:47:00 [WARN],SRV-004, SQL_Injection ,112
INC-06722,2025-06-05 23:40:00 [WARN],SRV-008,Insider_Threat,103
INC-06723,2025-08-02 22:58:00 [WARN],SRV-002,phishing,21
INC-06724,2025-12-25 22:35:00 [WARN],SRV-007, SQL_Injection ,143
INC-06725,2025-05-10 14:56:00 [WARN],SRV-006, ddos ,80
INC-06726,2025-12-29 15:29:00 [WARN],SRV-006,malware_dropper,150
INC-06727,2025-09-20 10:59:00 [WARN],SRV-005, SQL_Injection ,117
INC-06728,2025-03-19 15:46:00 [WARN],SRV-006,Ransomware,150
INC-06729,2025-06-07 13:06:00 [WARN],SRV-008, brute_force,134
INC-06730,2025-12-28 06:28:00 [WARN],SRV-002,Cross_Site_Scripting,112
INC-06731,2025-07-13 21:59:00 [WARN],SRV-003,Ransomware,112
INC-06732,2025-09-26 22:20:00 [WARN],SRV-007,Phishing,70
INC-06733,2025-08-14 17:06:00 [WARN],SRV-005,malware_dropper,146
INC-06734,2025-10-21 06:07:00 [WARN],SRV-008, Brute_Force,113
INC-06735,2025-09-06 04:48:00 [WARN],SRV-005, SQL_Injection ,18
INC-06736,2025-01-23 15:02:00 [WARN],SRV-007,Insider_Threat,27
INC-06737,2025-11-10 09:04:00 [WARN],SRV-001,Phishing,101
INC-06738,2025-06-24 23:48:00 [WARN],SRV-004, sql_injection ,150
INC-06739,2025-01-27 00:21:00 [WARN],SRV-001, SQL_Injection ,78
INC-06740,2025-11-14 15:08:00 [WARN],SRV-005, DDoS ,58
INC-06741,2025-11-10 20:19:00 [WARN],SRV-008,cross_site_scripting,13
INC-06742,2025-12-11 18:16:00 [WARN],SRV-006,Phishing,104
INC-06743,2025-11-10 13:46:00 [WARN],SRV-006,Ransomware,47
INC-06744,2025-08-21 23:48:00 [WARN],SRV-002,Phishing,144
INC-06745,2025-09-22 15:43:00 [WARN],SRV-004,Phishing,105
INC-06746,2025-01-18 01:54:00 [WARN],SRV-008,Ransomware,40
INC-06747,2025-11-07 15:09:00 [WARN],SRV-005,ransomware,115
INC-06748,2025-06-05 00:32:00 [WARN],SRV-007,Cross_Site_Scripting,117
INC-06749,2025-12-25 22:15:00 [WARN],SRV-003, DDoS ,62
INC-06750,2025-04-04 05:29:00 [WARN],SRV-005, SQL_Injection ,113
INC-06751,2025-08-18 11:01:00 [WARN],SRV-002,Zero_Day,30
INC-06752,2025-06-26 18:55:00 [WARN],SRV-006, DDoS ,138
INC-06753,2025-01-07 11:24:00 [WARN],SRV-005,Phishing,83
INC-06754,2025-05-07 04:25:00 [WARN],SRV-002, Brute_Force,92
INC-06755,2025-08-16_23:40:00 [ERROR],SRV-004,Cross_Site_Scripting,95 hrs
INC-06756,2025-11-19 01:06:00 [WARN],SRV-008,Zero_Day,37
INC-06757,2025-10-27 03:13:00 [WARN],SRV-005,Phishing,97
INC-06758,2025-07-24 22:46:00 [WARN],SRV-004,Zero_Day,79
INC-06759,2025-07-14 11:55:00 [WARN],SRV-003,Insider_Threat,124
INC-06760,2025-04-28_08:26:00 [ERROR],SRV-006,Insider_Threat,55
INC-06761,2025-07-26 16:46:00 [WARN],SRV-003,ransomware,103
INC-06762,2025-08-17 15:57:00 [WARN],SRV-002,Ransomware,106
INC-06763,2025-05-01 15:36:00 [WARN],SRV-004,malware_dropper,138
INC-06764,2025-11-19 01:39:00 [WARN],SRV-007,Ransomware,128
INC-06765,2025-12-20 17:00:00 [WARN],SRV-004,insider_threat,119
INC-06766,2025-08-26 00:45:00 [WARN],SRV-002,Malware_Dropper,15 hrs
INC-06767,2025-02-03_05:46:00 [ERROR],SRV-001,ransomware,126
INC-06768,2025-08-10 23:35:00 [WARN],SRV-006,insider_threat,72
INC-06769,2025-03-04 11:08:00 [WARN],SRV-006, Brute_Force,73
INC-06770,2025-01-17 22:22:00 [WARN],SRV-006,Cross_Site_Scripting,115
INC-06771,2025-09-03 03:01:00 [WARN],SRV-005,Ransomware,83
INC-06772,2025-04-11_16:04:00 [ERROR],SRV-002, DDoS ,113
INC-06773,2025-05-28 05:33:00 [WARN],SRV-003,Malware_Dropper,97
INC-06774,2025-02-25 18:05:00 [WARN],SRV-002,Ransomware,39
INC-06775,2025-10-15 12:11:00 [WARN],SRV-002,cross_site_scripting,120
INC-06776,2025-05-09 09:01:00 [WARN],SRV-008,Ransomware,23
INC-06777,2025-12-11 08:05:00 [WARN],SRV-001,zero_day,101
INC-06778,2025-05-24 07:09:00 [WARN],SRV-003,ransomware,7
INC-06779,2025-06-13 09:12:00 [WARN],SRV-006, SQL_Injection ,57
INC-06780,2025-01-15_06:49:00 [ERROR],SRV-002,Phishing,65
INC-06781,2025-02-23 20:02:00 [WARN],SRV-008,Ransomware,86
INC-06782,2025-05-25 07:29:00 [WARN],SRV-001,ransomware,85
INC-06783,2025-08-09 17:19:00 [WARN],SRV-008, DDoS ,13
INC-06784,2025-01-01 23:43:00 [WARN],SRV-008,Ransomware,136
INC-06785,2025-01-06 21:27:00 [WARN],SRV-003,Cross_Site_Scripting,103
INC-06786,2025-03-23 19:13:00 [WARN],SRV-001,cross_site_scripting,114
INC-06787,2025-04-30 03:45:00 [WARN],SRV-008,Malware_Dropper,6
INC-06788,2025-08-21 10:44:00 [WARN],SRV-007, Brute_Force,72
INC-06789,2025-10-12 04:22:00 [WARN],SRV-001,Ransomware,88 hrs
INC-06790,2025-11-11_23:46:00 [ERROR],SRV-004, sql_injection ,143
INC-06791,2025-07-23 11:02:00 [WARN],SRV-005,Malware_Dropper,75
INC-06792,2025-09-11 01:54:00 [WARN],SRV-004,Zero_Day,133
INC-06793,2025-11-27 11:41:00 [WARN],SRV-003,Zero_Day,68
INC-06794,2025-02-27 08:17:00 [WARN],SRV-005,Cross_Site_Scripting,61
INC-06795,2025-05-31 00:08:00 [WARN],SRV-004,Insider_Threat,144
INC-06796,2025-08-31 00:14:00 [WARN],SRV-003,Zero_Day,118
INC-06797,2025-10-24_14:02:00 [ERROR],SRV-004,Insider_Threat,4
INC-06798,2025-05-11 09:15:00 [WARN],SRV-004, brute_force,92
INC-06799,2025-05-29 10:52:00 [WARN],SRV-003,Malware_Dropper,137
INC-06800,2025-08-19 16:34:00 [WARN],SRV-001,Ransomware,60
INC-06801,2025-05-18 18:11:00 [WARN],SRV-001,Malware_Dropper,82
INC-06802,2025-01-03 19:37:00 [WARN],SRV-005,Insider_Threat,63
INC-06803,2025-04-19 14:39:00 [WARN],SRV-006,Phishing,106
INC-06804,2025-05-22_04:56:00 [ERROR],SRV-004, SQL_Injection ,48
INC-06805,2025-04-04 00:30:00 [WARN],SRV-004,Ransomware,41
INC-06806,2025-06-15 13:06:00 [WARN],SRV-005, SQL_Injection ,81
INC-06807,2025-10-28_03:51:00 [ERROR],SRV-001,cross_site_scripting,33
INC-06808,2025-09-17 22:34:00 [WARN],SRV-002,Zero_Day,101
INC-06809,2025-03-26 08:58:00 [WARN],SRV-007, brute_force,50
INC-06810,2025-07-31 19:05:00 [WARN],SRV-001, Brute_Force,137
INC-06811,2025-05-02 11:59:00 [WARN],SRV-006, brute_force,66
INC-06812,2025-05-12 10:19:00 [WARN],SRV-005, SQL_Injection ,67
INC-06813,2025-02-13 04:05:00 [WARN],SRV-002, SQL_Injection ,47
INC-06814,2025-10-23 19:02:00 [WARN],SRV-006,cross_site_scripting,126
INC-06815,2025-04-18 12:58:00 [WARN],SRV-007,ransomware,101
INC-06816,2025-04-14 21:26:00 [WARN],SRV-003, Brute_Force,109
INC-06817,2025-03-02 15:29:00 [WARN],SRV-008,Ransomware,142
INC-06818,2025-02-09 17:12:00 [WARN],SRV-008, brute_force,134
INC-06819,2025-02-20 03:28:00 [WARN],SRV-002,Zero_Day,36
INC-06820,2025-01-16 04:31:00 [WARN],SRV-003,ransomware,78
INC-06821,2025-09-09 22:33:00 [WARN],SRV-003,Malware_Dropper,58
INC-06822,2025-06-17 01:54:00 [WARN],SRV-005, SQL_Injection ,69
INC-06823,2025-02-04 08:24:00 [WARN],SRV-006, SQL_Injection ,104
INC-06824,2025-10-17 07:18:00 [WARN],SRV-005,Cross_Site_Scripting,17
INC-06825,2025-08-06 05:14:00 [WARN],SRV-007,Cross_Site_Scripting,
INC-06826,2025-05-29 13:20:00 [WARN],SRV-006,Cross_Site_Scripting,88
INC-06827,2025-04-30 08:00:00 [WARN],SRV-005,Cross_Site_Scripting,47
INC-06828,2025-09-02 14:00:00 [WARN],SRV-001,Phishing,74
INC-06829,2025-01-12 21:35:00 [WARN],SRV-004, Brute_Force,98
INC-06830,2025-07-22 15:39:00 [WARN],SRV-003,Cross_Site_Scripting,59 hrs
INC-06831,2025-09-30 18:49:00 [WARN],SRV-005,Zero_Day,36
INC-06832,2025-05-01 14:01:00 [WARN],SRV-003,Zero_Day,102
INC-06833,2025-03-31 15:59:00 [WARN],SRV-004,Zero_Day,126
INC-06834,2025-02-19 02:29:00 [WARN],SRV-005,Ransomware,124
INC-06835,2025-10-01 23:32:00 [WARN],SRV-007,Malware_Dropper,117
INC-06836,2025-11-07 01:18:00 [WARN],SRV-001, ddos ,5
INC-06837,2025-05-11 14:36:00 [WARN],SRV-006,phishing,143
INC-06838,2025-06-07 02:41:00 [WARN],SRV-004, DDoS ,25
INC-06839,2025-05-26 23:48:00 [WARN],SRV-002,Insider_Threat,8
INC-06840,2025-04-02 14:46:00 [WARN],SRV-004, SQL_Injection ,73
INC-06841,2025-09-28 03:29:00 [WARN],SRV-004, brute_force,145
INC-06842,2025-09-24 08:10:00 [WARN],SRV-001,Malware_Dropper,86
INC-06843,2025-11-22_21:45:00 [ERROR],SRV-002,Cross_Site_Scripting,139
INC-06844,2025-04-19 10:19:00 [WARN],SRV-006, Brute_Force,23
INC-06845,2025-10-31_20:37:00 [ERROR],SRV-001,malware_dropper,97
INC-06846,2025-04-01 11:36:00 [WARN],SRV-006,Zero_Day,135
INC-06847,2025-07-10 08:47:00 [WARN],SRV-008,malware_dropper,75
INC-06848,2025-12-28 18:45:00 [WARN],SRV-001,insider_threat,32
INC-06849,2025-01-04 12:09:00 [WARN],SRV-005,Phishing,85
INC-06850,2025-12-21 20:12:00 [WARN],SRV-008,Zero_Day,30
INC-06851,2025-02-18 09:43:00 [WARN],SRV-003, Brute_Force,119
INC-06852,2025-08-02 16:43:00 [WARN],SRV-003,phishing,107
INC-06853,2025-08-20 10:18:00 [WARN],SRV-003,Insider_Threat,131
INC-06854,2025-12-13 09:16:00 [WARN],SRV-008,Ransomware,120
INC-06855,2025-05-26_16:29:00 [ERROR],SRV-002,cross_site_scripting,2
INC-06856,2025-06-17 21:28:00 [WARN],SRV-003,Ransomware,113
INC-06857,2025-11-19 09:09:00 [WARN],SRV-005,Malware_Dropper,107
INC-06858,2025-10-29 09:18:00 [WARN],SRV-003, SQL_Injection ,119
INC-06859,2025-07-23 03:31:00 [WARN],SRV-006,Insider_Threat,94
INC-06860,2025-10-03 19:42:00 [WARN],SRV-008, DDoS ,79
INC-06861,2025-04-11_15:25:00 [ERROR],SRV-007,insider_threat,103
INC-06862,2025-06-20 10:08:00 [WARN],SRV-004,Cross_Site_Scripting,17
INC-06863,2025-12-20 08:08:00 [WARN],SRV-007, Brute_Force,86
INC-06864,2025-12-13 12:54:00 [WARN],SRV-007, Brute_Force,9
INC-06865,2025-07-27 08:04:00 [WARN],SRV-005, SQL_Injection ,12
INC-06866,2025-12-20_04:32:00 [ERROR],SRV-008, DDoS ,110
INC-06867,2025-09-14 18:39:00 [WARN],SRV-003,Ransomware,126
INC-06868,2025-07-29 08:20:00 [WARN],SRV-004,Ransomware,
INC-06869,2025-07-25 18:56:00 [WARN],SRV-007,Malware_Dropper,8
INC-06870,2025-10-22 22:15:00 [WARN],SRV-002, DDoS ,50
INC-06871,2025-02-08 12:11:00 [WARN],SRV-003,Insider_Threat,109
INC-06872,2025-03-02 06:35:00 [WARN],SRV-005,Ransomware,11
INC-06873,2025-08-16 07:34:00 [WARN],SRV-002, Brute_Force,11
INC-06874,2025-02-02 05:38:00 [WARN],SRV-003,Malware_Dropper,50
INC-06875,2025-05-13 09:12:00 [WARN],SRV-001,insider_threat,83 hrs
INC-06876,2025-09-20 16:58:00 [WARN],SRV-004,Malware_Dropper,84
INC-06877,2025-11-02 14:53:00 [WARN],SRV-005,Ransomware,70
INC-06878,2025-03-03 09:11:00 [WARN],SRV-005, SQL_Injection ,95 hrs
INC-06879,2025-03-03 00:01:00 [WARN],SRV-008,Malware_Dropper,119
INC-06880,2025-12-11 14:37:00 [WARN],SRV-005,Ransomware,11
INC-06881,2025-04-24 17:58:00 [WARN],SRV-001,Ransomware,11
INC-06882,2025-08-14 10:22:00 [WARN],SRV-004,Insider_Threat,127
INC-06883,2025-05-06 12:25:00 [WARN],SRV-008, DDoS ,124
INC-06884,2025-12-11 15:55:00 [WARN],SRV-008,zero_day,63
INC-06885,2025-12-18 16:18:00 [WARN],SRV-001,ransomware,116
INC-06886,2025-10-30 22:52:00 [WARN],SRV-001, SQL_Injection ,25
INC-06887,2025-03-19 16:03:00 [WARN],SRV-002, sql_injection ,72
INC-06888,2025-10-29 16:50:00 [WARN],SRV-008,Phishing,65
INC-06889,2025-08-14 17:22:00 [WARN],SRV-006, SQL_Injection ,148
INC-06890,2025-08-27 20:05:00 [WARN],SRV-007,Phishing,3
INC-06891,2025-03-20 09:28:00 [WARN],SRV-002, ddos ,131
INC-06892,2025-09-27 13:11:00 [WARN],SRV-001,zero_day,41
INC-06893,2025-06-03 16:26:00 [WARN],SRV-005,Zero_Day,77 hrs
INC-06894,2025-08-14 05:34:00 [WARN],SRV-005, DDoS ,131
INC-06895,2025-07-02_15:07:00 [ERROR],SRV-006, brute_force,78
INC-06896,2025-06-26 18:31:00 [WARN],SRV-008,phishing,122
INC-06897,2025-04-14 08:58:00 [WARN],SRV-008,Phishing,96
INC-06898,2025-01-05 21:21:00 [WARN],SRV-008,Zero_Day,47
INC-06899,2025-05-06 03:31:00 [WARN],SRV-007,Ransomware,73
INC-06900,2025-06-03 05:36:00 [WARN],SRV-002, DDoS ,70
INC-06901,2025-06-23 02:44:00 [WARN],SRV-004,Zero_Day,16
INC-06902,2025-06-23 14:04:00 [WARN],SRV-005,Malware_Dropper,72
INC-06903,2025-02-08 19:38:00 [WARN],SRV-005,insider_threat,115
INC-06904,2025-07-03_08:37:00 [ERROR],SRV-002, Brute_Force,44
INC-06905,2025-05-12 07:50:00 [WARN],SRV-003,insider_threat,44
INC-06906,2025-07-28 15:43:00 [WARN],SRV-001,Cross_Site_Scripting,137
INC-06907,2025-09-23 22:27:00 [WARN],SRV-004,Ransomware,7
INC-06908,2025-07-17 07:02:00 [WARN],SRV-001,Ransomware,25
INC-06909,2025-05-09 11:26:00 [WARN],SRV-004,Malware_Dropper,11
INC-06910,2025-10-08_16:20:00 [ERROR],SRV-006,Insider_Threat,121
INC-06911,2025-01-03 05:56:00 [WARN],SRV-008,Cross_Site_Scripting,84 hrs
INC-06912,2025-09-11 21:54:00 [WARN],SRV-008, Brute_Force,8 hrs
INC-06913,2025-04-09_09:57:00 [ERROR],SRV-003,Phishing,116
INC-06914,2025-09-14_00:00:00 [ERROR],SRV-006,Insider_Threat,110
INC-06915,2025-11-29 12:22:00 [WARN],SRV-003,Ransomware,44
INC-06916,2025-10-21 12:21:00 [WARN],SRV-002,Phishing,13 hrs
INC-06917,2025-05-07 01:46:00 [WARN],SRV-002, SQL_Injection ,138 hrs
INC-06918,2025-11-08 17:40:00 [WARN],SRV-004,Zero_Day,47
INC-06919,2025-09-04 19:30:00 [WARN],SRV-006, SQL_Injection ,96
INC-06920,2025-10-29 02:13:00 [WARN],SRV-005,Phishing,49
INC-06921,2025-05-21 18:10:00 [WARN],SRV-008,Zero_Day,50 hrs
INC-06922,2025-08-04 01:18:00 [WARN],SRV-007, DDoS ,104
INC-06923,2025-10-16 23:36:00 [WARN],SRV-005, DDoS ,143
INC-06924,2026-01-01_10:03:00 [ERROR],SRV-003,Zero_Day,19
INC-06925,2025-06-06 03:31:00 [WARN],SRV-006,cross_site_scripting,29
INC-06926,2025-10-22_05:48:00 [ERROR],SRV-002,Insider_Threat,
INC-06927,2025-12-10 12:15:00 [WARN],SRV-007, sql_injection ,38
INC-06928,2025-02-07 04:56:00 [WARN],SRV-003,malware_dropper,7
INC-06929,2025-03-01 00:56:00 [WARN],SRV-007, ddos ,16
INC-06930,2025-09-15 20:07:00 [WARN],SRV-007,Phishing,113
INC-06931,2025-06-17 21:58:00 [WARN],SRV-007,Malware_Dropper,77
INC-06932,2025-02-17_15:38:00 [ERROR],SRV-006,Insider_Threat,17
INC-06933,2025-06-07 15:06:00 [WARN],SRV-003,Malware_Dropper,44
INC-06934,2025-08-19 22:26:00 [WARN],SRV-002, Brute_Force,
INC-06935,2025-08-25 04:47:00 [WARN],SRV-008, ddos ,53
INC-06936,2025-06-11 19:12:00 [WARN],SRV-001,Zero_Day,81
INC-06937,2025-03-18 03:27:00 [WARN],SRV-002,phishing,28
INC-06938,2025-04-25 13:37:00 [WARN],SRV-004, DDoS ,73
INC-06939,2025-08-13 23:51:00 [WARN],SRV-007, SQL_Injection ,116
INC-06940,2025-08-04 01:52:00 [WARN],SRV-006,Zero_Day,30
INC-06941,2025-11-26 23:57:00 [WARN],SRV-005, DDoS ,50
INC-06942,2025-09-15 17:31:00 [WARN],SRV-004,ransomware,117 hrs
INC-06943,2025-04-17 18:03:00 [WARN],SRV-002,Zero_Day,144
INC-06944,2025-03-30 19:59:00 [WARN],SRV-007,Insider_Threat,93
INC-06945,2025-12-19 21:08:00 [WARN],SRV-006,ransomware,125
INC-06946,2025-12-17 17:22:00 [WARN],SRV-007,Phishing,150
INC-06947,2025-10-29 19:06:00 [WARN],SRV-005, Brute_Force,65
INC-06948,2026-01-01 19:23:00 [WARN],SRV-005, Brute_Force,119
INC-06949,2025-06-03 19:15:00 [WARN],SRV-004,Ransomware,79
INC-06950,2025-10-03 05:29:00 [WARN],SRV-003, SQL_Injection ,16
INC-06951,2025-08-09 12:42:00 [WARN],SRV-001,insider_threat,123
INC-06952,2025-11-11 08:30:00 [WARN],SRV-001,Cross_Site_Scripting,33
INC-06953,2025-06-16 01:16:00 [WARN],SRV-006,phishing,87
INC-06954,2025-10-15 13:20:00 [WARN],SRV-007,Malware_Dropper,72
INC-06955,2025-08-21 14:58:00 [WARN],SRV-006,Insider_Threat,85
INC-06956,2025-02-13_22:04:00 [ERROR],SRV-003, DDoS ,101
INC-06957,2025-01-17 11:44:00 [WARN],SRV-003,Malware_Dropper,70
INC-06958,2025-08-29_00:41:00 [ERROR],SRV-002, Brute_Force,149
INC-06959,2025-04-25 13:50:00 [WARN],SRV-004,Insider_Threat,83
INC-06960,2025-07-17 00:03:00 [WARN],SRV-005,Cross_Site_Scripting,125
INC-06961,2025-01-08 11:33:00 [WARN],SRV-007,Ransomware,56
INC-06962,2025-05-06 18:26:00 [WARN],SRV-005,phishing,106
INC-06963,2025-01-25 11:22:00 [WARN],SRV-008, Brute_Force,143
INC-06964,2025-01-09 03:13:00 [WARN],SRV-004, SQL_Injection ,46
INC-06965,2025-07-14 21:00:00 [WARN],SRV-003, Brute_Force,147
INC-06966,2025-06-14 11:10:00 [WARN],SRV-005,Malware_Dropper,150
INC-06967,2025-03-14 19:20:00 [WARN],SRV-006, SQL_Injection ,114
INC-06968,2025-06-20 05:05:00 [WARN],SRV-007, DDoS ,114 hrs
INC-06969,2025-11-01_10:45:00 [ERROR],SRV-007,Ransomware,114
INC-06970,2025-08-10 02:01:00 [WARN],SRV-008, DDoS ,33
INC-06971,2025-02-20 22:25:00 [WARN],SRV-001,Zero_Day,145
INC-06972,2025-08-27 14:41:00 [WARN],SRV-004,phishing,91
INC-06973,2025-04-03 10:55:00 [WARN],SRV-005,Ransomware,139
INC-06974,2025-07-25 18:13:00 [WARN],SRV-004, Brute_Force,38
INC-06975,2025-04-11_11:49:00 [ERROR],SRV-006, sql_injection ,23
INC-06976,2025-05-21 23:03:00 [WARN],SRV-008,Insider_Threat,87
INC-06977,2025-07-06 19:34:00 [WARN],SRV-005,Ransomware,70
INC-06978,2025-06-02_11:56:00 [ERROR],SRV-008,Malware_Dropper,67
INC-06979,2025-02-20 17:21:00 [WARN],SRV-008, Brute_Force,99
INC-06980,2025-04-22 23:17:00 [WARN],SRV-006,phishing,22
INC-06981,2025-08-01 04:12:00 [WARN],SRV-003, DDoS ,136
INC-06982,2025-11-26 18:18:00 [WARN],SRV-001, brute_force,129
INC-06983,2025-12-13 15:24:00 [WARN],SRV-005,Insider_Threat,49
INC-06984,2025-11-23 14:45:00 [WARN],SRV-004, brute_force,121
INC-06985,2025-02-11 01:21:00 [WARN],SRV-005,cross_site_scripting,5
INC-06986,2025-10-02 14:10:00 [WARN],SRV-005, Brute_Force,23
INC-06987,2025-08-02 19:46:00 [WARN],SRV-007,insider_threat,19
INC-06988,2025-01-27 02:07:00 [WARN],SRV-002,zero_day,72
INC-06989,2025-02-16 23:21:00 [WARN],SRV-003, Brute_Force,18
INC-06990,2025-05-03 19:39:00 [WARN],SRV-008,Insider_Threat,81
INC-06991,2025-05-01 06:23:00 [WARN],SRV-006,Insider_Threat,35
INC-06992,2025-10-09 12:13:00 [WARN],SRV-002,Phishing,7 hrs
INC-06993,2025-08-24 16:48:00 [WARN],SRV-005,insider_threat,28
INC-06994,2025-09-19 08:10:00 [WARN],SRV-003, ddos ,2
INC-06995,2025-07-05 16:12:00 [WARN],SRV-005,Malware_Dropper,84
INC-06996,2025-05-22 19:54:00 [WARN],SRV-007, brute_force,96
INC-06997,2025-08-12 01:58:00 [WARN],SRV-008,Insider_Threat,20
INC-06998,2025-07-01 12:42:00 [WARN],SRV-002,Zero_Day,30
INC-06999,2025-07-26_07:37:00 [ERROR],SRV-003, Brute_Force,28
INC-07000,2025-01-11 23:04:00 [WARN],SRV-003,Malware_Dropper,19
INC-07001,2025-05-30 12:12:00 [WARN],SRV-001,Zero_Day,78
INC-07002,2025-07-15 08:49:00 [WARN],SRV-001,Cross_Site_Scripting,31
INC-07003,2025-03-03 23:07:00 [WARN],SRV-008,Zero_Day,117
INC-07004,2025-10-21 21:46:00 [WARN],SRV-002,Zero_Day,32
INC-07005,2025-07-08 02:02:00 [WARN],SRV-001,Cross_Site_Scripting,139
INC-07006,2025-02-06 10:01:00 [WARN],SRV-004,Zero_Day,101
INC-07007,2025-01-25 13:21:00 [WARN],SRV-004, SQL_Injection ,22
INC-07008,2025-10-06 17:26:00 [WARN],SRV-006, DDoS ,137
INC-07009,2025-11-18 07:59:00 [WARN],SRV-004, Brute_Force,61
INC-07010,2025-02-19_06:27:00 [ERROR],SRV-003,Phishing,108
INC-07011,2025-01-18 12:53:00 [WARN],SRV-008,Cross_Site_Scripting,50
INC-07012,2025-02-17 13:50:00 [WARN],SRV-007,Zero_Day,117
INC-07013,2025-02-02 21:40:00 [WARN],SRV-006, Brute_Force,70
INC-07014,2025-10-13 22:55:00 [WARN],SRV-004,phishing,112
INC-07015,2025-12-19 06:31:00 [WARN],SRV-007, DDoS ,110
INC-07016,2025-05-25 05:34:00 [WARN],SRV-004,insider_threat,11
INC-07017,2025-01-21 02:34:00 [WARN],SRV-004,Malware_Dropper,10
INC-07018,2025-05-30 17:57:00 [WARN],SRV-006, brute_force,22
INC-07019,2025-04-01_02:17:00 [ERROR],SRV-004,Phishing,91
INC-07020,2025-07-07 04:24:00 [WARN],SRV-005,Ransomware,45
INC-07021,2025-05-19 18:08:00 [WARN],SRV-004,Cross_Site_Scripting,127
INC-07022,2025-10-13 21:09:00 [WARN],SRV-008, brute_force,65
INC-07023,2025-04-02_21:50:00 [ERROR],SRV-003, ddos ,106
INC-07024,2025-12-26 16:21:00 [WARN],SRV-004,phishing,90
INC-07025,2025-01-24 22:34:00 [WARN],SRV-002,Zero_Day,5
INC-07026,2025-10-15 02:50:00 [WARN],SRV-006, sql_injection ,102
INC-07027,2025-09-11 03:56:00 [WARN],SRV-005,Phishing,135
INC-07028,2025-02-03_10:54:00 [ERROR],SRV-005,phishing,82
INC-07029,2025-02-23 16:05:00 [WARN],SRV-006,Phishing,9
INC-07030,2025-05-11 20:11:00 [WARN],SRV-007,Malware_Dropper,93
INC-07031,2025-11-15 13:24:00 [WARN],SRV-007, DDoS ,
INC-07032,2025-12-22 15:09:00 [WARN],SRV-006,Ransomware,80
INC-07033,2025-08-23 11:58:00 [WARN],SRV-005,Insider_Threat,64
INC-07034,2025-04-13 04:05:00 [WARN],SRV-005,Zero_Day,112
INC-07035,2025-02-13 20:34:00 [WARN],SRV-002,Cross_Site_Scripting,72
INC-07036,2025-03-10 00:00:00 [WARN],SRV-007,Insider_Threat,3
INC-07037,2025-08-06 08:20:00 [WARN],SRV-002, DDoS ,102
INC-07038,2025-10-31 07:05:00 [WARN],SRV-006,Zero_Day,132
INC-07039,2025-06-27 13:27:00 [WARN],SRV-004,Insider_Threat,30
INC-07040,2025-01-03_02:43:00 [ERROR],SRV-005,cross_site_scripting,42 hrs
INC-07041,2025-10-07 19:27:00 [WARN],SRV-003,phishing,29
INC-07042,2025-06-06_14:49:00 [ERROR],SRV-001, Brute_Force,130 hrs
INC-07043,2025-03-25 15:37:00 [WARN],SRV-005,Cross_Site_Scripting,126
INC-07044,2025-11-14 08:30:00 [WARN],SRV-005,Malware_Dropper,137
INC-07045,2025-01-26 05:58:00 [WARN],SRV-008,Ransomware,22
INC-07046,2025-07-29 20:31:00 [WARN],SRV-006,Zero_Day,32
INC-07047,2025-04-24 10:19:00 [WARN],SRV-004, Brute_Force,64
INC-07048,2025-02-12 23:41:00 [WARN],SRV-003, DDoS ,130
INC-07049,2025-12-18 08:18:00 [WARN],SRV-004,Ransomware,104
INC-07050,2025-01-19 16:20:00 [WARN],SRV-008,Insider_Threat,24
INC-07051,2025-08-29 10:28:00 [WARN],SRV-006,phishing,72
INC-07052,2025-10-28 09:54:00 [WARN],SRV-005,Cross_Site_Scripting,133
INC-07053,2025-05-14 08:38:00 [WARN],SRV-003,malware_dropper,66
INC-07054,2025-12-28 00:26:00 [WARN],SRV-003,Malware_Dropper,78
INC-07055,2025-06-08 08:48:00 [WARN],SRV-001, Brute_Force,131
INC-07056,2025-10-20 00:58:00 [WARN],SRV-003, Brute_Force,46
INC-07057,2025-11-23 21:55:00 [WARN],SRV-006,Phishing,119
INC-07058,2025-03-26 11:03:00 [WARN],SRV-002,Ransomware,149
INC-07059,2025-07-22 04:29:00 [WARN],SRV-007,Ransomware,2
INC-07060,2025-05-24 10:20:00 [WARN],SRV-001,Ransomware,70
INC-07061,2025-05-18 04:28:00 [WARN],SRV-008,Zero_Day,102
INC-07062,2025-11-10_23:30:00 [ERROR],SRV-004,Phishing,107
INC-07063,2025-03-07 05:06:00 [WARN],SRV-002,Phishing,142
INC-07064,2025-04-04 22:08:00 [WARN],SRV-006,Zero_Day,7
INC-07065,2025-04-05 03:29:00 [WARN],SRV-004,Insider_Threat,18
INC-07066,2025-06-12 23:04:00 [WARN],SRV-006,malware_dropper,50
INC-07067,2025-06-22 10:06:00 [WARN],SRV-003,Cross_Site_Scripting,37
INC-07068,2025-05-04 17:33:00 [WARN],SRV-004,Malware_Dropper,109
INC-07069,2025-12-10 07:38:00 [WARN],SRV-008, Brute_Force,118
INC-07070,2025-01-15 05:10:00 [WARN],SRV-003, brute_force,4
INC-07071,2025-11-11 05:42:00 [WARN],SRV-005,Insider_Threat,1 hrs
INC-07072,2025-03-19 21:32:00 [WARN],SRV-008,Cross_Site_Scripting,117
INC-07073,2025-10-21 01:11:00 [WARN],SRV-005,Insider_Threat,145 hrs
INC-07074,2025-07-10 12:21:00 [WARN],SRV-002,Cross_Site_Scripting,145
INC-07075,2025-01-15 20:22:00 [WARN],SRV-003, SQL_Injection ,69
INC-07076,2025-06-05 16:50:00 [WARN],SRV-001, SQL_Injection ,47
INC-07077,2025-03-27 13:35:00 [WARN],SRV-006, Brute_Force,15
INC-07078,2025-06-04 10:36:00 [WARN],SRV-005, brute_force,62
INC-07079,2025-03-19 20:54:00 [WARN],SRV-001,malware_dropper,2
INC-07080,2025-01-08 18:30:00 [WARN],SRV-006,Phishing,31
INC-07081,2025-04-21 11:50:00 [WARN],SRV-002,Zero_Day,75
INC-07082,2025-02-12 07:06:00 [WARN],SRV-006,Cross_Site_Scripting,75
INC-07083,2025-06-20 21:08:00 [WARN],SRV-001,Zero_Day,41
INC-07084,2025-04-14 21:52:00 [WARN],SRV-004,Ransomware,75
INC-07085,2025-11-04 06:40:00 [WARN],SRV-001, Brute_Force,99
INC-07086,2025-01-07 23:19:00 [WARN],SRV-002,Malware_Dropper,84
INC-07087,2025-06-11 04:02:00 [WARN],SRV-005, SQL_Injection ,93
INC-07088,2025-12-20 07:25:00 [WARN],SRV-006, Brute_Force,142
INC-07089,2025-05-17 20:04:00 [WARN],SRV-004,Ransomware,26
INC-07090,2025-01-02 22:15:00 [WARN],SRV-003,Phishing,9
INC-07091,2025-05-17 10:57:00 [WARN],SRV-004,Zero_Day,109
INC-07092,2025-03-22 07:26:00 [WARN],SRV-001, brute_force,115
INC-07093,2025-08-23 20:31:00 [WARN],SRV-003, Brute_Force,95
INC-07094,2025-01-04 12:59:00 [WARN],SRV-008, Brute_Force,3
INC-07095,2025-04-15 20:26:00 [WARN],SRV-002,Malware_Dropper,51
INC-07096,2025-03-18 23:47:00 [WARN],SRV-007,Phishing,28
INC-07097,2025-05-22 23:16:00 [WARN],SRV-002,Cross_Site_Scripting,25
INC-07098,2025-11-19 23:55:00 [WARN],SRV-006,Cross_Site_Scripting,89
INC-07099,2025-04-07 04:05:00 [WARN],SRV-006, SQL_Injection ,18
INC-07100,2025-05-15 13:43:00 [WARN],SRV-005,Malware_Dropper,100
INC-07101,2025-11-05 00:43:00 [WARN],SRV-004, sql_injection ,132
INC-07102,2025-11-11_18:36:00 [ERROR],SRV-005,Phishing,25
INC-07103,2025-01-12 00:45:00 [WARN],SRV-004, DDoS ,82
INC-07104,2025-03-21 14:23:00 [WARN],SRV-008,Zero_Day,38
INC-07105,2025-02-25 20:32:00 [WARN],SRV-004, Brute_Force,139
INC-07106,2025-11-01 15:09:00 [WARN],SRV-002,Insider_Threat,106 hrs
INC-07107,2025-07-24 00:59:00 [WARN],SRV-006,Malware_Dropper,146
INC-07108,2025-07-20 21:47:00 [WARN],SRV-008,Malware_Dropper,98 hrs
INC-07109,2025-06-27 02:38:00 [WARN],SRV-004,insider_threat,137
INC-07110,2025-03-18 05:06:00 [WARN],SRV-002,Zero_Day,121
INC-07111,2025-12-13 21:44:00 [WARN],SRV-003,malware_dropper,80
INC-07112,2025-06-10 20:44:00 [WARN],SRV-003,zero_day,94
INC-07113,2025-05-02 12:35:00 [WARN],SRV-008,Cross_Site_Scripting,139
INC-07114,2025-02-27 15:44:00 [WARN],SRV-007, SQL_Injection ,11
INC-07115,2025-03-13_20:09:00 [ERROR],SRV-008,malware_dropper,35
INC-07116,2025-05-26 03:18:00 [WARN],SRV-004, SQL_Injection ,137
INC-07117,2025-04-19 08:18:00 [WARN],SRV-002,Insider_Threat,56
INC-07118,2025-05-04 09:04:00 [WARN],SRV-007,Zero_Day,11
INC-07119,2025-06-03 10:12:00 [WARN],SRV-003,Zero_Day,143
INC-07120,2025-12-23_17:02:00 [ERROR],SRV-006,Zero_Day,80
INC-07121,2025-12-19 14:37:00 [WARN],SRV-006, SQL_Injection ,95
INC-07122,2025-11-06 10:55:00 [WARN],SRV-002,Phishing,115
INC-07123,2025-01-16 08:06:00 [WARN],SRV-005,Zero_Day,121
INC-07124,2025-05-25 12:31:00 [WARN],SRV-001,Insider_Threat,32
INC-07125,2025-08-24 12:11:00 [WARN],SRV-004, brute_force,126
INC-07126,2025-07-25 22:42:00 [WARN],SRV-002,Cross_Site_Scripting,144
INC-07127,2025-11-07 07:41:00 [WARN],SRV-006,Insider_Threat,101
INC-07128,2025-05-01 12:20:00 [WARN],SRV-006,Phishing,127
INC-07129,2025-10-13_05:55:00 [ERROR],SRV-007, Brute_Force,6
INC-07130,2025-09-10_16:30:00 [ERROR],SRV-002,Phishing,71
INC-07131,2025-10-04 18:49:00 [WARN],SRV-002, Brute_Force,88
INC-07132,2025-01-22 04:48:00 [WARN],SRV-002,Ransomware,26
INC-07133,2025-09-06 04:13:00 [WARN],SRV-007, SQL_Injection ,95
INC-07134,2025-07-12 17:48:00 [WARN],SRV-005, brute_force,99
INC-07135,2025-06-22 01:11:00 [WARN],SRV-004,Insider_Threat,92
INC-07136,2025-03-16 19:56:00 [WARN],SRV-004,Phishing,25
INC-07137,2025-04-07 02:54:00 [WARN],SRV-004, Brute_Force,32
INC-07138,2025-02-20 06:22:00 [WARN],SRV-006,Insider_Threat,29
INC-07139,2025-01-02 17:13:00 [WARN],SRV-002,Cross_Site_Scripting,62
INC-07140,2025-06-04 12:31:00 [WARN],SRV-007,Ransomware,88
INC-07141,2025-06-14 05:35:00 [WARN],SRV-008,Phishing,132
INC-07142,2025-09-21 10:00:00 [WARN],SRV-005,Phishing,124
INC-07143,2025-05-24 23:27:00 [WARN],SRV-008,Cross_Site_Scripting,84
INC-07144,2025-11-03 08:37:00 [WARN],SRV-007,malware_dropper,60
INC-07145,2025-09-01 03:26:00 [WARN],SRV-006, DDoS ,7
INC-07146,2025-06-19 19:44:00 [WARN],SRV-006,Malware_Dropper,51
INC-07147,2025-02-02 10:54:00 [WARN],SRV-001, Brute_Force,145
INC-07148,2025-11-02 16:33:00 [WARN],SRV-005,cross_site_scripting,56
INC-07149,2025-10-01 01:50:00 [WARN],SRV-008, DDoS ,112
INC-07150,2025-05-06 09:24:00 [WARN],SRV-001,Cross_Site_Scripting,101
INC-07151,2025-12-28 00:58:00 [WARN],SRV-008,Insider_Threat,64
INC-07152,2025-12-10 22:08:00 [WARN],SRV-001,Malware_Dropper,22
INC-07153,2025-11-17 20:10:00 [WARN],SRV-006,insider_threat,150 hrs
INC-07154,2025-03-15 16:41:00 [WARN],SRV-008, SQL_Injection ,148
INC-07155,2025-07-08 01:15:00 [WARN],SRV-005, SQL_Injection ,118
INC-07156,2025-05-21 12:04:00 [WARN],SRV-005, Brute_Force,97
INC-07157,2025-07-07 22:43:00 [WARN],SRV-005,Zero_Day,77
INC-07158,2025-02-08_22:33:00 [ERROR],SRV-003,Phishing,28
INC-07159,2025-03-16 01:33:00 [WARN],SRV-002,Zero_Day,27
INC-07160,2025-01-17 23:38:00 [WARN],SRV-007, DDoS ,144
INC-07161,2025-11-27 18:56:00 [WARN],SRV-002,Ransomware,110
INC-07162,2025-09-11 23:45:00 [WARN],SRV-005, SQL_Injection ,98 hrs
INC-07163,2025-03-09 01:03:00 [WARN],SRV-001,Malware_Dropper,25
INC-07164,2025-08-02_06:46:00 [ERROR],SRV-007,Zero_Day,44
INC-07165,2025-08-23 12:24:00 [WARN],SRV-007,Cross_Site_Scripting,36
INC-07166,2025-06-02 15:01:00 [WARN],SRV-002,Ransomware,52
INC-07167,2025-06-27 10:40:00 [WARN],SRV-008,Cross_Site_Scripting,126
INC-07168,2025-01-19 12:17:00 [WARN],SRV-003, DDoS ,88
INC-07169,2025-11-28 07:09:00 [WARN],SRV-005,Zero_Day,53 hrs
INC-07170,2025-06-02 17:16:00 [WARN],SRV-003,Insider_Threat,121
INC-07171,2025-10-24 18:08:00 [WARN],SRV-004,Ransomware,83
INC-07172,2025-08-02 10:28:00 [WARN],SRV-006,zero_day,106
INC-07173,2025-05-31 19:18:00 [WARN],SRV-006,Insider_Threat,117
INC-07174,2025-06-05 17:34:00 [WARN],SRV-004, SQL_Injection ,146
INC-07175,2025-07-09 19:21:00 [WARN],SRV-002,Insider_Threat,26
INC-07176,2025-03-24 15:36:00 [WARN],SRV-007,Insider_Threat,67
INC-07177,2025-02-21 06:05:00 [WARN],SRV-007,Zero_Day,68
INC-07178,2025-06-13 04:00:00 [WARN],SRV-001,Ransomware,57 hrs
INC-07179,2025-07-05 14:27:00 [WARN],SRV-008,Phishing,65
INC-07180,2025-03-21 19:40:00 [WARN],SRV-008,Zero_Day,118
INC-07181,2025-01-02 13:54:00 [WARN],SRV-006, DDoS ,82
INC-07182,2025-06-29 01:44:00 [WARN],SRV-005,Phishing,79
INC-07183,2025-12-26 21:02:00 [WARN],SRV-004, Brute_Force,31
INC-07184,2025-08-10_03:05:00 [ERROR],SRV-004,cross_site_scripting,88
INC-07185,2025-02-28 15:23:00 [WARN],SRV-008,Phishing,44
INC-07186,2025-02-20 18:13:00 [WARN],SRV-003,Malware_Dropper,85
INC-07187,2025-05-20 16:16:00 [WARN],SRV-002, sql_injection ,144
INC-07188,2025-07-27 16:43:00 [WARN],SRV-001, DDoS ,1
INC-07189,2025-06-07 07:14:00 [WARN],SRV-006,Ransomware,95
INC-07190,2025-07-12 18:18:00 [WARN],SRV-002,Zero_Day,3
INC-07191,2025-12-04 04:42:00 [WARN],SRV-005, Brute_Force,82
INC-07192,2025-01-06 21:25:00 [WARN],SRV-007,Insider_Threat,
INC-07193,2025-10-22 06:04:00 [WARN],SRV-007,Malware_Dropper,9
INC-07194,2025-05-21 05:42:00 [WARN],SRV-006, DDoS ,145
INC-07195,2025-05-09 03:39:00 [WARN],SRV-002,Phishing,93
INC-07196,2025-11-20 15:54:00 [WARN],SRV-001,Malware_Dropper,56
INC-07197,2025-12-29 17:50:00 [WARN],SRV-006,Ransomware,77
INC-07198,2025-10-08 03:38:00 [WARN],SRV-003,Zero_Day,139
INC-07199,2025-02-21_17:10:00 [ERROR],SRV-007, SQL_Injection ,60
INC-07200,2025-12-20 03:11:00 [WARN],SRV-004, Brute_Force,147
INC-07201,2025-10-08 21:36:00 [WARN],SRV-001,cross_site_scripting,90
INC-07202,2025-12-27 01:41:00 [WARN],SRV-007, SQL_Injection ,73
INC-07203,2025-06-04 20:26:00 [WARN],SRV-001,Cross_Site_Scripting,24
INC-07204,2025-05-17 02:33:00 [WARN],SRV-006,insider_threat,24
INC-07205,2025-04-03 22:02:00 [WARN],SRV-008,malware_dropper,127
INC-07206,2025-05-05 00:39:00 [WARN],SRV-001,malware_dropper,91
INC-07207,2025-12-06 16:07:00 [WARN],SRV-002,Zero_Day,82
INC-07208,2025-11-12 19:16:00 [WARN],SRV-006,Zero_Day,81
INC-07209,2025-07-14 22:24:00 [WARN],SRV-003,Cross_Site_Scripting,91
INC-07210,2025-10-26 05:38:00 [WARN],SRV-006,Ransomware,97
INC-07211,2025-12-27 11:36:00 [WARN],SRV-007,Zero_Day,64
INC-07212,2025-04-24 18:43:00 [WARN],SRV-007, SQL_Injection ,84
INC-07213,2025-09-14 08:18:00 [WARN],SRV-001,Ransomware,140
INC-07214,2025-03-24 08:26:00 [WARN],SRV-001,ransomware,148
INC-07215,2025-07-18 12:15:00 [WARN],SRV-005,Zero_Day,110
INC-07216,2025-12-26 06:32:00 [WARN],SRV-008, Brute_Force,65
INC-07217,2025-10-22 12:33:00 [WARN],SRV-005,insider_threat,83
INC-07218,2025-01-25 12:03:00 [WARN],SRV-006,Insider_Threat,94
INC-07219,2025-04-17 15:30:00 [WARN],SRV-003,Malware_Dropper,1
INC-07220,2025-02-16 08:06:00 [WARN],SRV-003,Phishing,57
INC-07221,2025-07-05 06:06:00 [WARN],SRV-007,Cross_Site_Scripting,101
INC-07222,2025-06-07 19:38:00 [WARN],SRV-006, Brute_Force,48
INC-07223,2025-05-22 19:52:00 [WARN],SRV-004,Phishing,143
INC-07224,2025-04-09 15:09:00 [WARN],SRV-005,malware_dropper,144 hrs
INC-07225,2025-10-05 14:07:00 [WARN],SRV-005, sql_injection ,39
INC-07226,2025-03-22 08:25:00 [WARN],SRV-006, brute_force,2
INC-07227,2025-07-02 15:39:00 [WARN],SRV-001,Zero_Day,62
INC-07228,2025-05-21 12:47:00 [WARN],SRV-004, sql_injection ,98
INC-07229,2025-11-27_03:07:00 [ERROR],SRV-007, ddos ,103
INC-07230,2025-07-02 11:44:00 [WARN],SRV-008, DDoS ,
INC-07231,2025-12-12_04:09:00 [ERROR],SRV-008,Phishing,45
INC-07232,2025-09-29 09:17:00 [WARN],SRV-006, SQL_Injection ,85
INC-07233,2025-07-17 13:45:00 [WARN],SRV-005,Zero_Day,78
INC-07234,2025-09-17_04:09:00 [ERROR],SRV-004,Ransomware,13
INC-07235,2025-03-24 21:22:00 [WARN],SRV-006, SQL_Injection ,132
INC-07236,2025-02-04 02:14:00 [WARN],SRV-003,Phishing,134
INC-07237,2025-03-04 03:03:00 [WARN],SRV-006,Ransomware,150
INC-07238,2025-07-24_08:52:00 [ERROR],SRV-008,Malware_Dropper,57 hrs
INC-07239,2025-09-19 07:26:00 [WARN],SRV-007,Phishing,10
INC-07240,2025-07-10 20:13:00 [WARN],SRV-001, DDoS ,147
INC-07241,2025-08-09 20:14:00 [WARN],SRV-003,Cross_Site_Scripting,140
INC-07242,2025-11-30 10:31:00 [WARN],SRV-003,Malware_Dropper,149
INC-07243,2025-05-28 12:21:00 [WARN],SRV-003,Ransomware,7
INC-07244,2025-11-16 11:09:00 [WARN],SRV-003,insider_threat,121
INC-07245,2025-01-06 00:22:00 [WARN],SRV-006,Insider_Threat,119
INC-07246,2025-12-04 23:58:00 [WARN],SRV-002,Cross_Site_Scripting,75
INC-07247,2025-10-23 15:30:00 [WARN],SRV-005,Malware_Dropper,30
INC-07248,2025-10-14 07:29:00 [WARN],SRV-006,Zero_Day,86
INC-07249,2025-11-11 21:56:00 [WARN],SRV-004,Phishing,77
INC-07250,2025-02-08 19:11:00 [WARN],SRV-004,Ransomware,51
INC-07251,2025-10-18 20:27:00 [WARN],SRV-002,Malware_Dropper,99
INC-07252,2025-04-12 00:36:00 [WARN],SRV-004,Ransomware,133
INC-07253,2025-09-05 06:50:00 [WARN],SRV-002,Phishing,66 hrs
INC-07254,2025-10-30 19:41:00 [WARN],SRV-006, ddos ,55
INC-07255,2025-10-21 01:02:00 [WARN],SRV-005,Insider_Threat,67
INC-07256,2025-07-20 07:32:00 [WARN],SRV-008,Ransomware,37
INC-07257,2025-10-12_06:09:00 [ERROR],SRV-002, Brute_Force,23
INC-07258,2025-12-28 18:08:00 [WARN],SRV-008, Brute_Force,101
INC-07259,2025-04-03 12:09:00 [WARN],SRV-008, Brute_Force,19
INC-07260,2025-03-10 10:06:00 [WARN],SRV-007, ddos ,136
INC-07261,2025-02-19 07:42:00 [WARN],SRV-007, SQL_Injection ,30
INC-07262,2025-12-07 23:47:00 [WARN],SRV-002,Cross_Site_Scripting,54
INC-07263,2025-05-28 01:13:00 [WARN],SRV-005, DDoS ,53
INC-07264,2025-08-02 15:54:00 [WARN],SRV-006,Malware_Dropper,22
INC-07265,2025-04-27_17:17:00 [ERROR],SRV-008,Insider_Threat,137
INC-07266,2025-12-13 21:39:00 [WARN],SRV-002,Phishing,16
INC-07267,2025-10-09 17:23:00 [WARN],SRV-006, ddos ,120
INC-07268,2025-12-25 00:29:00 [WARN],SRV-004,ransomware,7
INC-07269,2025-05-08 05:59:00 [WARN],SRV-004,Malware_Dropper,
INC-07270,2025-03-02_11:21:00 [ERROR],SRV-001,Malware_Dropper,63
INC-07271,2025-06-02 02:20:00 [WARN],SRV-008,Zero_Day,112
INC-07272,2025-12-11 22:04:00 [WARN],SRV-004,Phishing,35
INC-07273,2025-05-26 15:01:00 [WARN],SRV-004, DDoS ,16
INC-07274,2025-08-05 10:01:00 [WARN],SRV-001,Insider_Threat,34
INC-07275,2025-04-19 02:37:00 [WARN],SRV-001,Phishing,3
INC-07276,2025-12-29 15:12:00 [WARN],SRV-001, DDoS ,32
INC-07277,2025-05-12 06:38:00 [WARN],SRV-006,Phishing,19
INC-07278,2025-07-01 09:59:00 [WARN],SRV-004, DDoS ,65
INC-07279,2025-03-29 06:23:00 [WARN],SRV-007,zero_day,132
INC-07280,2025-04-27 12:09:00 [WARN],SRV-004,Insider_Threat,75
INC-07281,2025-01-08 15:40:00 [WARN],SRV-005,Cross_Site_Scripting,125
INC-07282,2025-09-08 15:17:00 [WARN],SRV-005,Cross_Site_Scripting,51
INC-07283,2025-04-09_00:23:00 [ERROR],SRV-001,Insider_Threat,63
INC-07284,2025-07-18 02:13:00 [WARN],SRV-001,Ransomware,55
INC-07285,2025-08-09_15:19:00 [ERROR],SRV-003,Ransomware,79
INC-07286,2025-01-01 20:56:00 [WARN],SRV-001, sql_injection ,139 hrs
INC-07287,2025-04-17 17:58:00 [WARN],SRV-003, Brute_Force,109
INC-07288,2025-04-24 05:27:00 [WARN],SRV-008, DDoS ,59
INC-07289,2025-09-11 18:42:00 [WARN],SRV-008,zero_day,
INC-07290,2025-12-22 12:07:00 [WARN],SRV-002,Insider_Threat,62
INC-07291,2025-03-15 20:27:00 [WARN],SRV-001,Ransomware,93
INC-07292,2025-05-01 11:01:00 [WARN],SRV-007,ransomware,61
INC-07293,2025-12-29 09:15:00 [WARN],SRV-003,Phishing,7
INC-07294,2025-12-22 05:14:00 [WARN],SRV-007, DDoS ,39
INC-07295,2025-04-27 05:16:00 [WARN],SRV-002,Cross_Site_Scripting,97
INC-07296,2025-05-18 13:57:00 [WARN],SRV-006,Malware_Dropper,64 hrs
INC-07297,2025-12-27_05:48:00 [ERROR],SRV-001, Brute_Force,
INC-07298,2025-05-27 13:10:00 [WARN],SRV-008, Brute_Force,109
INC-07299,2025-01-08 02:36:00 [WARN],SRV-006, DDoS ,72
INC-07300,2025-04-10 17:51:00 [WARN],SRV-008, DDoS ,41
INC-07301,2025-05-05 21:09:00 [WARN],SRV-005,cross_site_scripting,76
INC-07302,2025-10-16 09:46:00 [WARN],SRV-004, DDoS ,90
INC-07303,2025-11-30 07:54:00 [WARN],SRV-005, SQL_Injection ,56
INC-07304,2025-10-19 12:34:00 [WARN],SRV-007,Cross_Site_Scripting,137 hrs
INC-07305,2025-06-03 18:26:00 [WARN],SRV-001,zero_day,139
INC-07306,2025-10-31 22:18:00 [WARN],SRV-008,phishing,26
INC-07307,2025-11-09 12:43:00 [WARN],SRV-004, brute_force,27
INC-07308,2025-12-27 03:03:00 [WARN],SRV-004,malware_dropper,
INC-07309,2025-09-15 06:10:00 [WARN],SRV-008,Zero_Day,58
INC-07310,2025-01-04_17:28:00 [ERROR],SRV-008, DDoS ,38
INC-07311,2025-04-09_05:42:00 [ERROR],SRV-008, Brute_Force,122
INC-07312,2025-06-17 22:44:00 [WARN],SRV-005,Ransomware,36
INC-07313,2025-12-28_09:54:00 [ERROR],SRV-006,Malware_Dropper,56
INC-07314,2025-04-05 23:04:00 [WARN],SRV-007,Insider_Threat,141
INC-07315,2025-06-29 13:37:00 [WARN],SRV-008,Zero_Day,47
INC-07316,2025-03-19_21:52:00 [ERROR],SRV-001,Phishing,105
INC-07317,2025-07-13 19:06:00 [WARN],SRV-002,Ransomware,116 hrs
INC-07318,2025-01-12 08:48:00 [WARN],SRV-002,Ransomware,141 hrs
INC-07319,2025-09-16 12:28:00 [WARN],SRV-001, DDoS ,
INC-07320,2025-02-25 01:49:00 [WARN],SRV-007,Cross_Site_Scripting,117
INC-07321,2025-04-22 08:37:00 [WARN],SRV-005,Insider_Threat,136
INC-07322,2025-08-10 16:42:00 [WARN],SRV-006, DDoS ,82
INC-07323,2025-06-21 13:42:00 [WARN],SRV-007,Zero_Day,116
INC-07324,2025-07-28 07:44:00 [WARN],SRV-003,Zero_Day,67
INC-07325,2025-01-07 17:50:00 [WARN],SRV-008, SQL_Injection ,137
INC-07326,2025-01-03 15:05:00 [WARN],SRV-008,Ransomware,143
INC-07327,2025-12-17 02:21:00 [WARN],SRV-004, SQL_Injection ,89
INC-07328,2025-09-02 04:21:00 [WARN],SRV-007,Phishing,16
INC-07329,2025-08-29 10:33:00 [WARN],SRV-004,Insider_Threat,40
INC-07330,2025-08-07 21:10:00 [WARN],SRV-006,Cross_Site_Scripting,15
INC-07331,2025-04-20 14:05:00 [WARN],SRV-004,Ransomware,100
INC-07332,2025-06-03 23:19:00 [WARN],SRV-008,Insider_Threat,139
INC-07333,2025-11-02 12:05:00 [WARN],SRV-004,Malware_Dropper,85
INC-07334,2025-04-09 20:16:00 [WARN],SRV-005,Phishing,144
INC-07335,2025-11-13 04:42:00 [WARN],SRV-005,Ransomware,84
INC-07336,2025-11-12 01:19:00 [WARN],SRV-001, ddos ,106
INC-07337,2025-12-23 14:49:00 [WARN],SRV-007,Ransomware,102
INC-07338,2025-07-28 08:07:00 [WARN],SRV-008,phishing,10
INC-07339,2025-06-19 05:45:00 [WARN],SRV-007,phishing,120
INC-07340,2025-01-20 18:14:00 [WARN],SRV-002, SQL_Injection ,79
INC-07341,2025-03-02 10:48:00 [WARN],SRV-006,Cross_Site_Scripting,103
INC-07342,2025-03-06 06:55:00 [WARN],SRV-001,Insider_Threat,70
INC-07343,2025-08-19 02:06:00 [WARN],SRV-004,Ransomware,47
INC-07344,2025-12-11_14:28:00 [ERROR],SRV-006,Ransomware,100
INC-07345,2025-10-16 16:05:00 [WARN],SRV-005,Ransomware,128
INC-07346,2025-04-20 00:05:00 [WARN],SRV-008, Brute_Force,61
INC-07347,2025-11-26 01:12:00 [WARN],SRV-007, Brute_Force,58
INC-07348,2025-06-22 07:56:00 [WARN],SRV-006,Malware_Dropper,6
INC-07349,2025-12-17 13:10:00 [WARN],SRV-003,Insider_Threat,17
INC-07350,2025-07-10 14:58:00 [WARN],SRV-005,Zero_Day,104
INC-07351,2025-12-08 01:56:00 [WARN],SRV-002,Phishing,89
INC-07352,2025-05-31 01:21:00 [WARN],SRV-008, SQL_Injection ,42
INC-07353,2025-08-17 16:23:00 [WARN],SRV-003,malware_dropper,88
INC-07354,2025-11-28_03:35:00 [ERROR],SRV-001, Brute_Force,74
INC-07355,2025-07-13 12:46:00 [WARN],SRV-003, DDoS ,117
INC-07356,2025-09-14_18:15:00 [ERROR],SRV-008, Brute_Force,82
INC-07357,2025-07-22 17:09:00 [WARN],SRV-006,Insider_Threat,141
INC-07358,2025-03-18 06:13:00 [WARN],SRV-007,Ransomware,86
INC-07359,2025-05-27 04:36:00 [WARN],SRV-008, SQL_Injection ,15
INC-07360,2025-10-25 07:08:00 [WARN],SRV-008,Insider_Threat,80
INC-07361,2025-08-14 07:36:00 [WARN],SRV-001,Cross_Site_Scripting,101
INC-07362,2025-06-07 16:12:00 [WARN],SRV-002, Brute_Force,131
INC-07363,2025-05-03 20:36:00 [WARN],SRV-005,Ransomware,44
INC-07364,2025-05-08 15:19:00 [WARN],SRV-006, SQL_Injection ,101
INC-07365,2025-02-23 00:48:00 [WARN],SRV-007,Insider_Threat,143
INC-07366,2025-09-04 20:35:00 [WARN],SRV-008,Cross_Site_Scripting,92 hrs
INC-07367,2025-02-22 07:09:00 [WARN],SRV-008, Brute_Force,126
INC-07368,2025-09-28 09:36:00 [WARN],SRV-003,Phishing,67
INC-07369,2025-08-16 15:26:00 [WARN],SRV-003,Insider_Threat,75
INC-07370,2025-05-18 01:12:00 [WARN],SRV-003,Insider_Threat,15
INC-07371,2025-04-29 00:42:00 [WARN],SRV-008,insider_threat,55
INC-07372,2025-05-17 03:47:00 [WARN],SRV-002,Malware_Dropper,110
INC-07373,2025-10-18 10:22:00 [WARN],SRV-007,Zero_Day,129
INC-07374,2025-11-18 02:34:00 [WARN],SRV-007, SQL_Injection ,45
INC-07375,2025-03-15 07:30:00 [WARN],SRV-006,Cross_Site_Scripting,108
INC-07376,2025-12-06 01:25:00 [WARN],SRV-001,Phishing,125
INC-07377,2025-03-31 00:27:00 [WARN],SRV-002, Brute_Force,149
INC-07378,2025-10-24 01:24:00 [WARN],SRV-003,Phishing,65
INC-07379,2025-11-05 06:25:00 [WARN],SRV-007,Malware_Dropper,26
INC-07380,2025-01-08 10:40:00 [WARN],SRV-005,Malware_Dropper,102
INC-07381,2025-07-13 14:48:00 [WARN],SRV-005,malware_dropper,41
INC-07382,2025-10-30_21:47:00 [ERROR],SRV-007,malware_dropper,139
INC-07383,2025-09-30 18:47:00 [WARN],SRV-001,Insider_Threat,62
INC-07384,2025-12-02 20:46:00 [WARN],SRV-004,Ransomware,59
INC-07385,2025-08-15_03:47:00 [ERROR],SRV-005,Ransomware,92 hrs
INC-07386,2025-11-16 04:09:00 [WARN],SRV-001,Insider_Threat,140
INC-07387,2025-12-31 06:54:00 [WARN],SRV-007, DDoS ,44
INC-07388,2025-02-20 10:33:00 [WARN],SRV-002,cross_site_scripting,4
INC-07389,2025-04-23 14:38:00 [WARN],SRV-008,Zero_Day,49
INC-07390,2025-11-25 21:35:00 [WARN],SRV-002,cross_site_scripting,138
INC-07391,2025-06-29 11:44:00 [WARN],SRV-006,zero_day,3
INC-07392,2025-07-14 00:02:00 [WARN],SRV-006, Brute_Force,111
INC-07393,2025-04-27 03:27:00 [WARN],SRV-005,Ransomware,77
INC-07394,2025-04-30 16:51:00 [WARN],SRV-006,Zero_Day,23
INC-07395,2025-01-13 10:13:00 [WARN],SRV-005,Phishing,43
INC-07396,2025-11-23 23:53:00 [WARN],SRV-002, Brute_Force,138
INC-07397,2025-08-18 05:12:00 [WARN],SRV-002,Insider_Threat,28
INC-07398,2025-12-12 04:01:00 [WARN],SRV-004,Cross_Site_Scripting,47
INC-07399,2025-08-13 06:08:00 [WARN],SRV-007,Ransomware,98
INC-07400,2025-08-12 05:31:00 [WARN],SRV-004, DDoS ,128
INC-07401,2025-01-11 07:55:00 [WARN],SRV-003,Malware_Dropper,55 hrs
INC-07402,2025-07-07_02:26:00 [ERROR],SRV-004,Zero_Day,75
INC-07403,2025-04-28 17:18:00 [WARN],SRV-002,Zero_Day,141
INC-07404,2025-08-30 05:32:00 [WARN],SRV-004,Malware_Dropper,5 hrs
INC-07405,2025-10-24 02:50:00 [WARN],SRV-007,Phishing,120
INC-07406,2025-12-20 04:52:00 [WARN],SRV-001, sql_injection ,22
INC-07407,2025-12-19 05:39:00 [WARN],SRV-004,Phishing,149
INC-07408,2025-10-17_12:34:00 [ERROR],SRV-005,ransomware,44
INC-07409,2025-03-29 03:28:00 [WARN],SRV-006,Cross_Site_Scripting,138
INC-07410,2025-01-05 23:43:00 [WARN],SRV-007,Ransomware,97
INC-07411,2025-07-29 16:15:00 [WARN],SRV-002, DDoS ,
INC-07412,2025-04-10 10:52:00 [WARN],SRV-007,Insider_Threat,38
INC-07413,2025-08-26_16:29:00 [ERROR],SRV-003, DDoS ,139
INC-07414,2025-11-18 17:33:00 [WARN],SRV-004,Cross_Site_Scripting,22
INC-07415,2025-04-14 12:24:00 [WARN],SRV-008, DDoS ,94 hrs
INC-07416,2025-05-11 03:05:00 [WARN],SRV-007, Brute_Force,28
INC-07417,2025-08-02 09:04:00 [WARN],SRV-008,Malware_Dropper,131
INC-07418,2025-12-03 19:58:00 [WARN],SRV-005,ransomware,26
INC-07419,2025-06-25 04:12:00 [WARN],SRV-002,zero_day,67
INC-07420,2025-02-02 08:34:00 [WARN],SRV-008,Insider_Threat,35
INC-07421,2025-09-22 12:18:00 [WARN],SRV-005,Insider_Threat,115
INC-07422,2025-07-22 23:00:00 [WARN],SRV-003,Malware_Dropper,82
INC-07423,2025-03-23 21:13:00 [WARN],SRV-006, SQL_Injection ,80
INC-07424,2025-05-15 19:07:00 [WARN],SRV-006,Phishing,126
INC-07425,2025-01-15 13:22:00 [WARN],SRV-007,Zero_Day,38
INC-07426,2025-01-18 03:11:00 [WARN],SRV-003,cross_site_scripting,70
INC-07427,2025-02-09 19:05:00 [WARN],SRV-004,Insider_Threat,59
INC-07428,2025-05-23 23:11:00 [WARN],SRV-004,Cross_Site_Scripting,5
INC-07429,2025-02-01 02:48:00 [WARN],SRV-007, SQL_Injection ,44
INC-07430,2025-09-01 07:08:00 [WARN],SRV-006, DDoS ,7
INC-07431,2025-08-26 00:01:00 [WARN],SRV-002, ddos ,44
INC-07432,2025-06-19 09:25:00 [WARN],SRV-006, DDoS ,80
INC-07433,2025-05-26 17:20:00 [WARN],SRV-004,Insider_Threat,66
INC-07434,2025-12-22 17:00:00 [WARN],SRV-002, SQL_Injection ,15
INC-07435,2025-07-17 01:40:00 [WARN],SRV-005,Insider_Threat,58
INC-07436,2025-01-27_15:52:00 [ERROR],SRV-008,Insider_Threat,30
INC-07437,2025-01-11 07:11:00 [WARN],SRV-003,Zero_Day,52
INC-07438,2025-11-13 14:18:00 [WARN],SRV-007,Malware_Dropper,47
INC-07439,2025-08-08 17:20:00 [WARN],SRV-002,Phishing,3
INC-07440,2025-02-25_20:44:00 [ERROR],SRV-008,Insider_Threat,34
INC-07441,2025-01-12 14:41:00 [WARN],SRV-005,Insider_Threat,39
INC-07442,2025-01-19 00:42:00 [WARN],SRV-001,Cross_Site_Scripting,137
INC-07443,2025-10-25 06:12:00 [WARN],SRV-001,Cross_Site_Scripting,107
INC-07444,2025-04-12 14:43:00 [WARN],SRV-005,Malware_Dropper,90
INC-07445,2025-08-19 06:06:00 [WARN],SRV-008, Brute_Force,79
INC-07446,2025-02-21_08:58:00 [ERROR],SRV-005,Malware_Dropper,127
INC-07447,2025-09-03_23:15:00 [ERROR],SRV-008,Malware_Dropper,7
INC-07448,2025-08-27 12:40:00 [WARN],SRV-006,Ransomware,123
INC-07449,2025-09-25 17:05:00 [WARN],SRV-001,Malware_Dropper,41
INC-07450,2025-09-29 22:14:00 [WARN],SRV-004, sql_injection ,45
INC-07451,2025-06-17 20:23:00 [WARN],SRV-003,phishing,24
INC-07452,2025-06-13 08:21:00 [WARN],SRV-003, Brute_Force,12
INC-07453,2025-01-06 01:04:00 [WARN],SRV-004,zero_day,12
INC-07454,2025-12-24 00:12:00 [WARN],SRV-003, SQL_Injection ,137
INC-07455,2025-04-16 23:47:00 [WARN],SRV-003, SQL_Injection ,103
INC-07456,2025-09-27 16:35:00 [WARN],SRV-007,Zero_Day,43
INC-07457,2025-04-30 14:49:00 [WARN],SRV-008,Phishing,37
INC-07458,2025-08-25 01:24:00 [WARN],SRV-005,Malware_Dropper,
INC-07459,2025-02-04 06:20:00 [WARN],SRV-004, SQL_Injection ,29
INC-07460,2025-07-23 03:33:00 [WARN],SRV-001, SQL_Injection ,123
INC-07461,2025-07-14 01:50:00 [WARN],SRV-003,zero_day,74
INC-07462,2025-11-20 19:20:00 [WARN],SRV-005,Insider_Threat,44
INC-07463,2025-07-26 07:06:00 [WARN],SRV-006,Cross_Site_Scripting,122
INC-07464,2026-01-01 22:54:00 [WARN],SRV-007, SQL_Injection ,54
INC-07465,2025-06-23 19:46:00 [WARN],SRV-005, SQL_Injection ,32
INC-07466,2025-11-29 13:03:00 [WARN],SRV-001,Phishing,24
INC-07467,2025-01-26 05:44:00 [WARN],SRV-002, Brute_Force,66
INC-07468,2025-10-30 16:48:00 [WARN],SRV-003,Malware_Dropper,114
INC-07469,2025-08-17 13:25:00 [WARN],SRV-008,Ransomware,107
INC-07470,2026-01-01 02:10:00 [WARN],SRV-007, Brute_Force,10
INC-07471,2025-09-01 21:49:00 [WARN],SRV-004,insider_threat,45
INC-07472,2025-09-17 04:42:00 [WARN],SRV-006,Cross_Site_Scripting,92
INC-07473,2025-01-05 03:09:00 [WARN],SRV-003,Malware_Dropper,64
INC-07474,2025-07-10 01:24:00 [WARN],SRV-008,Cross_Site_Scripting,91
INC-07475,2025-10-18 08:13:00 [WARN],SRV-007,Cross_Site_Scripting,142
INC-07476,2025-03-10 09:27:00 [WARN],SRV-002, Brute_Force,12
INC-07477,2025-07-06 20:51:00 [WARN],SRV-007,Ransomware,104
INC-07478,2025-09-19 23:34:00 [WARN],SRV-005, SQL_Injection ,139
INC-07479,2025-02-27 18:55:00 [WARN],SRV-007,Zero_Day,32
INC-07480,2025-10-03 21:14:00 [WARN],SRV-007,Ransomware,123
INC-07481,2025-08-18 05:49:00 [WARN],SRV-002, Brute_Force,81
INC-07482,2025-11-14_07:37:00 [ERROR],SRV-008,Insider_Threat,79
INC-07483,2025-03-20 17:41:00 [WARN],SRV-004,Cross_Site_Scripting,102
INC-07484,2025-02-22 18:48:00 [WARN],SRV-002,Malware_Dropper,
INC-07485,2025-04-05 23:28:00 [WARN],SRV-001, ddos ,102
INC-07486,2025-02-16 10:49:00 [WARN],SRV-001, DDoS ,26
INC-07487,2025-12-08_20:39:00 [ERROR],SRV-001,Malware_Dropper,137
INC-07488,2025-11-10 20:42:00 [WARN],SRV-006,Malware_Dropper,92
INC-07489,2025-12-25_15:51:00 [ERROR],SRV-001,Cross_Site_Scripting,22
INC-07490,2025-08-12 11:46:00 [WARN],SRV-008,Ransomware,36 hrs
INC-07491,2025-02-24 07:14:00 [WARN],SRV-001,Insider_Threat,84
INC-07492,2025-06-03 14:11:00 [WARN],SRV-006, sql_injection ,33
INC-07493,2025-11-01 07:07:00 [WARN],SRV-004,Cross_Site_Scripting,60
INC-07494,2025-06-06 08:47:00 [WARN],SRV-001, SQL_Injection ,74
INC-07495,2025-10-31 23:26:00 [WARN],SRV-006,Ransomware,149
INC-07496,2025-05-02 06:07:00 [WARN],SRV-002, brute_force,121
INC-07497,2025-01-02 04:53:00 [WARN],SRV-005,Ransomware,106
INC-07498,2025-09-10_16:32:00 [ERROR],SRV-001, DDoS ,131
INC-07499,2025-10-13 06:50:00 [WARN],SRV-002,Phishing,6
INC-07500,2025-05-25 08:47:00 [WARN],SRV-004, SQL_Injection ,51
INC-07501,2025-02-17 08:15:00 [WARN],SRV-006,Ransomware,9
INC-07502,2025-11-29 10:46:00 [WARN],SRV-007,Ransomware,45
INC-07503,2025-05-20 02:58:00 [WARN],SRV-003,Malware_Dropper,56
INC-07504,2025-02-23 01:18:00 [WARN],SRV-001,Ransomware,103
INC-07505,2025-06-06 03:50:00 [WARN],SRV-008, SQL_Injection ,149
INC-07506,2025-06-28 04:26:00 [WARN],SRV-002, DDoS ,28
INC-07507,2025-01-13 09:25:00 [WARN],SRV-002, Brute_Force,38
INC-07508,2025-02-13 09:55:00 [WARN],SRV-003, DDoS ,23
INC-07509,2025-05-27 13:17:00 [WARN],SRV-006, SQL_Injection ,32
INC-07510,2025-07-25 21:52:00 [WARN],SRV-005,Insider_Threat,67
INC-07511,2025-04-21 17:38:00 [WARN],SRV-001,cross_site_scripting,77
INC-07512,2025-10-26 18:25:00 [WARN],SRV-002, SQL_Injection ,142
INC-07513,2025-08-29 08:10:00 [WARN],SRV-007, SQL_Injection ,80 hrs
INC-07514,2025-11-26 03:15:00 [WARN],SRV-001,Phishing,84
INC-07515,2025-03-22_02:49:00 [ERROR],SRV-006,Phishing,111
INC-07516,2025-09-27 17:17:00 [WARN],SRV-007, DDoS ,135
INC-07517,2025-09-13 16:11:00 [WARN],SRV-001, SQL_Injection ,71
INC-07518,2025-10-10 20:34:00 [WARN],SRV-007,Cross_Site_Scripting,29
INC-07519,2025-05-17 20:32:00 [WARN],SRV-003,Malware_Dropper,10
INC-07520,2025-12-12 07:06:00 [WARN],SRV-003, brute_force,46
INC-07521,2025-02-22 08:17:00 [WARN],SRV-005,Malware_Dropper,19
INC-07522,2025-12-01 10:06:00 [WARN],SRV-001,malware_dropper,63
INC-07523,2026-01-01 20:51:00 [WARN],SRV-005,Insider_Threat,141
INC-07524,2025-09-28 14:27:00 [WARN],SRV-007,insider_threat,14
INC-07525,2025-05-12 17:48:00 [WARN],SRV-008, DDoS ,70
INC-07526,2025-08-20 18:20:00 [WARN],SRV-006,Ransomware,23
INC-07527,2025-10-06 09:28:00 [WARN],SRV-002,malware_dropper,63
INC-07528,2025-08-03 09:40:00 [WARN],SRV-007, brute_force,89
INC-07529,2025-02-12_11:28:00 [ERROR],SRV-006,Cross_Site_Scripting,137
INC-07530,2025-09-30 10:23:00 [WARN],SRV-005,Ransomware,26
INC-07531,2025-03-23 22:24:00 [WARN],SRV-008,Insider_Threat,62
INC-07532,2025-05-24 04:06:00 [WARN],SRV-006,Cross_Site_Scripting,137
INC-07533,2025-01-13 03:39:00 [WARN],SRV-008, DDoS ,
INC-07534,2025-12-05 12:08:00 [WARN],SRV-008, brute_force,131
INC-07535,2025-06-21 11:55:00 [WARN],SRV-005, brute_force,90
INC-07536,2025-11-25_20:26:00 [ERROR],SRV-003, DDoS ,14
INC-07537,2025-05-16 04:46:00 [WARN],SRV-008,zero_day,139
INC-07538,2025-07-25 08:24:00 [WARN],SRV-006,Malware_Dropper,2
INC-07539,2025-02-16 18:21:00 [WARN],SRV-008, DDoS ,101
INC-07540,2025-02-20 00:52:00 [WARN],SRV-008,Cross_Site_Scripting,140
INC-07541,2025-05-03 12:32:00 [WARN],SRV-008,ransomware,3 hrs
INC-07542,2025-02-13 23:41:00 [WARN],SRV-002,Cross_Site_Scripting,113
INC-07543,2025-03-10 12:44:00 [WARN],SRV-007, Brute_Force,55
INC-07544,2025-10-20_13:30:00 [ERROR],SRV-007,insider_threat,49
INC-07545,2025-07-22 08:11:00 [WARN],SRV-005,Zero_Day,111
INC-07546,2025-10-14 15:39:00 [WARN],SRV-006,Phishing,49
INC-07547,2025-12-14 02:35:00 [WARN],SRV-006,insider_threat,147 hrs
INC-07548,2025-11-06 09:08:00 [WARN],SRV-001, SQL_Injection ,101
INC-07549,2025-08-08 23:49:00 [WARN],SRV-003,Malware_Dropper,116
INC-07550,2025-10-12 17:36:00 [WARN],SRV-006, DDoS ,42
INC-07551,2025-07-30 06:45:00 [WARN],SRV-002, SQL_Injection ,47
INC-07552,2025-01-06 14:53:00 [WARN],SRV-004, Brute_Force,21
INC-07553,2025-09-11 17:51:00 [WARN],SRV-001, brute_force,76
INC-07554,2025-12-18 22:42:00 [WARN],SRV-006, sql_injection ,20
INC-07555,2025-08-14 03:41:00 [WARN],SRV-001,Insider_Threat,150
INC-07556,2025-10-26 05:38:00 [WARN],SRV-001,Phishing,99
INC-07557,2025-11-13 18:16:00 [WARN],SRV-004, ddos ,92
INC-07558,2025-04-24 15:35:00 [WARN],SRV-001,Insider_Threat,22
INC-07559,2025-06-25 04:34:00 [WARN],SRV-002,Phishing,11
INC-07560,2025-07-02 02:55:00 [WARN],SRV-008, DDoS ,
INC-07561,2025-05-25 21:44:00 [WARN],SRV-006,Cross_Site_Scripting,60
INC-07562,2025-06-10 12:32:00 [WARN],SRV-003,Malware_Dropper,105
INC-07563,2025-06-26_08:10:00 [ERROR],SRV-007, Brute_Force,50
INC-07564,2025-05-21 15:16:00 [WARN],SRV-003,Ransomware,58
INC-07565,2025-05-27 20:21:00 [WARN],SRV-004, SQL_Injection ,13
INC-07566,2025-02-03 02:21:00 [WARN],SRV-004, Brute_Force,106
INC-07567,2025-01-07 02:15:00 [WARN],SRV-004,Zero_Day,
INC-07568,2025-05-21 09:04:00 [WARN],SRV-002, brute_force,109
INC-07569,2025-04-05 06:16:00 [WARN],SRV-007,Ransomware,48
INC-07570,2025-01-29 07:01:00 [WARN],SRV-004,Insider_Threat,2
INC-07571,2025-01-04_21:34:00 [ERROR],SRV-004, DDoS ,45
INC-07572,2025-03-13 02:14:00 [WARN],SRV-008, SQL_Injection ,92
INC-07573,2026-01-01 23:55:00 [WARN],SRV-004,zero_day,3
INC-07574,2025-02-04 09:19:00 [WARN],SRV-003,Ransomware,16
INC-07575,2025-07-02 04:49:00 [WARN],SRV-005,Cross_Site_Scripting,5
INC-07576,2025-07-05 14:39:00 [WARN],SRV-002,Ransomware,149
INC-07577,2025-04-08 00:04:00 [WARN],SRV-004,Cross_Site_Scripting,106
INC-07578,2025-03-27_22:53:00 [ERROR],SRV-001,Ransomware,82 hrs
INC-07579,2025-05-04_10:44:00 [ERROR],SRV-001,Phishing,144
INC-07580,2025-10-07_19:21:00 [ERROR],SRV-007,Cross_Site_Scripting,6
INC-07581,2025-02-19 23:43:00 [WARN],SRV-001, Brute_Force,42
INC-07582,2025-12-28 05:51:00 [WARN],SRV-001,Malware_Dropper,124
INC-07583,2025-05-14 05:23:00 [WARN],SRV-003,Insider_Threat,80
INC-07584,2025-01-27 23:59:00 [WARN],SRV-007, SQL_Injection ,67
INC-07585,2025-02-02 17:47:00 [WARN],SRV-004, DDoS ,122
INC-07586,2025-03-31_12:29:00 [ERROR],SRV-001, sql_injection ,27
INC-07587,2025-12-04 09:34:00 [WARN],SRV-003,Malware_Dropper,135
INC-07588,2025-09-14 10:41:00 [WARN],SRV-008, Brute_Force,122
INC-07589,2025-12-12 19:06:00 [WARN],SRV-001,Insider_Threat,73
INC-07590,2025-08-23 05:18:00 [WARN],SRV-003,Phishing,106
INC-07591,2025-12-28 22:53:00 [WARN],SRV-003,Phishing,47
INC-07592,2025-07-31 20:52:00 [WARN],SRV-002, SQL_Injection ,11
INC-07593,2025-11-29 23:08:00 [WARN],SRV-006,Cross_Site_Scripting,43
INC-07594,2025-09-08 06:56:00 [WARN],SRV-004,phishing,2
INC-07595,2025-01-22 14:25:00 [WARN],SRV-001,Insider_Threat,60
INC-07596,2025-10-28 08:21:00 [WARN],SRV-008,Cross_Site_Scripting,22
INC-07597,2025-06-20 05:16:00 [WARN],SRV-008,Zero_Day,107
INC-07598,2025-07-20 19:36:00 [WARN],SRV-008,insider_threat,141
INC-07599,2025-12-27 11:18:00 [WARN],SRV-002,ransomware,7
INC-07600,2025-09-25 08:09:00 [WARN],SRV-003,Insider_Threat,130
INC-07601,2025-06-07 18:23:00 [WARN],SRV-004,Cross_Site_Scripting,59
INC-07602,2025-09-26 02:00:00 [WARN],SRV-001,Ransomware,119
INC-07603,2025-08-18_00:34:00 [ERROR],SRV-005,Cross_Site_Scripting,6
INC-07604,2025-05-18 14:20:00 [WARN],SRV-007,Zero_Day,56
INC-07605,2025-04-11 15:11:00 [WARN],SRV-001,Insider_Threat,145
INC-07606,2025-02-01 12:16:00 [WARN],SRV-001,Zero_Day,43
INC-07607,2025-12-06 01:42:00 [WARN],SRV-008,Insider_Threat,13
INC-07608,2025-04-23 22:58:00 [WARN],SRV-007,Cross_Site_Scripting,41
INC-07609,2025-03-01 11:36:00 [WARN],SRV-003,Cross_Site_Scripting,96
INC-07610,2025-11-25 10:50:00 [WARN],SRV-007, sql_injection ,128
INC-07611,2025-03-05 17:51:00 [WARN],SRV-001, Brute_Force,81
INC-07612,2025-10-15 14:39:00 [WARN],SRV-008, DDoS ,137
INC-07613,2025-12-06 22:11:00 [WARN],SRV-005,Malware_Dropper,92
INC-07614,2025-07-12 08:17:00 [WARN],SRV-004,ransomware,63
INC-07615,2025-02-12 03:01:00 [WARN],SRV-007,Phishing,76
INC-07616,2025-04-16 04:07:00 [WARN],SRV-004, DDoS ,121
INC-07617,2025-03-07 23:56:00 [WARN],SRV-008,cross_site_scripting,34
INC-07618,2025-03-29 05:29:00 [WARN],SRV-002, Brute_Force,110
INC-07619,2025-01-05 21:28:00 [WARN],SRV-007,zero_day,106
INC-07620,2025-11-09 01:58:00 [WARN],SRV-003,Cross_Site_Scripting,131
INC-07621,2025-07-19 01:36:00 [WARN],SRV-005,Cross_Site_Scripting,100
INC-07622,2025-05-23 13:01:00 [WARN],SRV-003, DDoS ,139
INC-07623,2025-02-20 16:22:00 [WARN],SRV-002, DDoS ,139
INC-07624,2025-03-22 23:30:00 [WARN],SRV-002,Phishing,92
INC-07625,2025-08-27 21:07:00 [WARN],SRV-002,phishing,104
INC-07626,2025-04-06 15:34:00 [WARN],SRV-001,phishing,42
INC-07627,2025-01-12 14:27:00 [WARN],SRV-001, Brute_Force,117
INC-07628,2025-06-10 06:29:00 [WARN],SRV-008,phishing,37
INC-07629,2025-01-28_20:20:00 [ERROR],SRV-005,Zero_Day,57
INC-07630,2025-02-07 21:19:00 [WARN],SRV-001,Phishing,101
INC-07631,2025-11-22 17:46:00 [WARN],SRV-005,Insider_Threat,65
INC-07632,2025-02-16 08:49:00 [WARN],SRV-007,ransomware,71
INC-07633,2025-11-13 01:01:00 [WARN],SRV-004, DDoS ,47
INC-07634,2025-01-01 19:45:00 [WARN],SRV-002, Brute_Force,37 hrs
INC-07635,2025-06-20 13:37:00 [WARN],SRV-004,Ransomware,138
INC-07636,2025-02-27_14:09:00 [ERROR],SRV-002, DDoS ,68
INC-07637,2025-04-10 04:33:00 [WARN],SRV-002, ddos ,97
INC-07638,2025-07-25 22:08:00 [WARN],SRV-001,Phishing,40
INC-07639,2025-01-22 07:08:00 [WARN],SRV-003, SQL_Injection ,150
INC-07640,2025-01-17 08:28:00 [WARN],SRV-006,Malware_Dropper,113
INC-07641,2025-12-18 11:31:00 [WARN],SRV-005,Zero_Day,76
INC-07642,2025-05-25 18:38:00 [WARN],SRV-003,Ransomware,30
INC-07643,2025-01-03 06:04:00 [WARN],SRV-006,Insider_Threat,80
INC-07644,2025-10-01 00:30:00 [WARN],SRV-002,ransomware,120
INC-07645,2025-07-31 12:34:00 [WARN],SRV-007,Phishing,77
INC-07646,2025-08-14 15:28:00 [WARN],SRV-006, Brute_Force,106
INC-07647,2025-10-09 18:19:00 [WARN],SRV-006,insider_threat,105
INC-07648,2025-09-02 15:51:00 [WARN],SRV-007,Zero_Day,89
INC-07649,2025-08-17 15:11:00 [WARN],SRV-008, DDoS ,38
INC-07650,2025-08-26 01:10:00 [WARN],SRV-008, SQL_Injection ,83
INC-07651,2025-07-09 17:47:00 [WARN],SRV-003,Insider_Threat,114
INC-07652,2025-02-14 13:48:00 [WARN],SRV-006,Ransomware,5
INC-07653,2025-06-08 05:40:00 [WARN],SRV-008, SQL_Injection ,141
INC-07654,2025-06-03 22:18:00 [WARN],SRV-002,Ransomware,54
INC-07655,2025-05-06 19:37:00 [WARN],SRV-003, SQL_Injection ,128
INC-07656,2025-10-07 15:54:00 [WARN],SRV-004, SQL_Injection ,8
INC-07657,2025-12-26 18:02:00 [WARN],SRV-006,Ransomware,42
INC-07658,2025-10-17 06:18:00 [WARN],SRV-001, SQL_Injection ,121
INC-07659,2025-09-02 17:49:00 [WARN],SRV-007,Insider_Threat,120
INC-07660,2025-05-20 22:13:00 [WARN],SRV-006,Phishing,57
INC-07661,2025-06-08 00:09:00 [WARN],SRV-007,malware_dropper,102
INC-07662,2025-10-14 01:15:00 [WARN],SRV-004,ransomware,145
INC-07663,2025-10-30 20:09:00 [WARN],SRV-008,phishing,62 hrs
INC-07664,2025-06-18 21:35:00 [WARN],SRV-002,Malware_Dropper,70
INC-07665,2025-03-10 12:45:00 [WARN],SRV-004, SQL_Injection ,58
INC-07666,2025-04-05 00:45:00 [WARN],SRV-005,phishing,31
INC-07667,2025-05-14 11:03:00 [WARN],SRV-002,Malware_Dropper,24
INC-07668,2025-03-09 13:42:00 [WARN],SRV-004,Insider_Threat,37
INC-07669,2025-11-10 12:40:00 [WARN],SRV-003,Cross_Site_Scripting,40
INC-07670,2025-06-14 18:34:00 [WARN],SRV-003, SQL_Injection ,77
INC-07671,2025-03-25_00:56:00 [ERROR],SRV-005, SQL_Injection ,79
INC-07672,2025-04-07 22:40:00 [WARN],SRV-004, ddos ,9
INC-07673,2025-12-30 18:18:00 [WARN],SRV-006,cross_site_scripting,26
INC-07674,2025-12-23 22:50:00 [WARN],SRV-005,Zero_Day,146
INC-07675,2025-10-12 10:50:00 [WARN],SRV-001, brute_force,16
INC-07676,2025-12-22 00:19:00 [WARN],SRV-006, Brute_Force,32
INC-07677,2025-09-24 09:47:00 [WARN],SRV-003,ransomware,86
INC-07678,2025-10-11 21:05:00 [WARN],SRV-006,Zero_Day,59
INC-07679,2025-12-04 21:50:00 [WARN],SRV-003, DDoS ,42
INC-07680,2025-05-05 04:14:00 [WARN],SRV-004,Malware_Dropper,88
INC-07681,2025-09-21 08:10:00 [WARN],SRV-005, Brute_Force,52
INC-07682,2025-05-19 15:51:00 [WARN],SRV-008,Zero_Day,144
INC-07683,2025-11-28 17:49:00 [WARN],SRV-003,Insider_Threat,18
INC-07684,2025-01-15_19:16:00 [ERROR],SRV-004,Cross_Site_Scripting,94
INC-07685,2025-10-09 20:31:00 [WARN],SRV-008,Phishing,53
INC-07686,2025-04-04 19:26:00 [WARN],SRV-006,Insider_Threat,71
INC-07687,2025-04-04 13:27:00 [WARN],SRV-004,Zero_Day,149
INC-07688,2025-07-16 04:37:00 [WARN],SRV-003,Malware_Dropper,82
INC-07689,2025-09-07 16:34:00 [WARN],SRV-001,Cross_Site_Scripting,6
INC-07690,2025-06-04_22:23:00 [ERROR],SRV-005,zero_day,131
INC-07691,2025-01-22 23:52:00 [WARN],SRV-007,Zero_Day,50
INC-07692,2025-03-02 14:33:00 [WARN],SRV-005,Ransomware,3
INC-07693,2025-10-03 09:20:00 [WARN],SRV-005,Phishing,7
INC-07694,2025-08-26 10:15:00 [WARN],SRV-007,cross_site_scripting,49
INC-07695,2025-02-14 01:14:00 [WARN],SRV-006,Phishing,36
INC-07696,2025-08-12 04:38:00 [WARN],SRV-002,Phishing,143
INC-07697,2025-03-08_21:45:00 [ERROR],SRV-001,Zero_Day,106
INC-07698,2025-12-13 21:56:00 [WARN],SRV-004,Malware_Dropper,101
INC-07699,2025-11-29 13:17:00 [WARN],SRV-001,Phishing,82
INC-07700,2025-07-24 18:37:00 [WARN],SRV-007, SQL_Injection ,44
INC-07701,2025-05-27 06:04:00 [WARN],SRV-001,Ransomware,123
INC-07702,2025-09-10 17:40:00 [WARN],SRV-006, DDoS ,118
INC-07703,2025-09-05 22:11:00 [WARN],SRV-002,Insider_Threat,6
INC-07704,2025-10-11_05:52:00 [ERROR],SRV-007,Malware_Dropper,39
INC-07705,2025-07-05 06:35:00 [WARN],SRV-002,Malware_Dropper,18
INC-07706,2025-08-27 00:09:00 [WARN],SRV-004, sql_injection ,126
INC-07707,2025-07-05 17:57:00 [WARN],SRV-008, SQL_Injection ,
INC-07708,2025-04-04 12:58:00 [WARN],SRV-001,ransomware,45
INC-07709,2025-11-28 10:36:00 [WARN],SRV-004,insider_threat,31
INC-07710,2025-02-08 13:23:00 [WARN],SRV-007,Malware_Dropper,72
INC-07711,2025-03-03 12:09:00 [WARN],SRV-006,Cross_Site_Scripting,135
INC-07712,2025-09-27 12:27:00 [WARN],SRV-002,Cross_Site_Scripting,36
INC-07713,2025-05-23 06:15:00 [WARN],SRV-005,Zero_Day,48
INC-07714,2025-02-09 11:53:00 [WARN],SRV-003,Ransomware,9
INC-07715,2025-12-30 10:50:00 [WARN],SRV-005, SQL_Injection ,131 hrs
INC-07716,2025-02-01 14:55:00 [WARN],SRV-001, DDoS ,124
INC-07717,2025-11-14 07:56:00 [WARN],SRV-002, SQL_Injection ,25
INC-07718,2025-04-07 12:54:00 [WARN],SRV-006,Phishing,115 hrs
INC-07719,2025-04-30 04:08:00 [WARN],SRV-007, ddos ,81
INC-07720,2025-11-30_08:27:00 [ERROR],SRV-001,Ransomware,4
INC-07721,2025-04-12 23:09:00 [WARN],SRV-003,Phishing,38
INC-07722,2025-12-27_12:21:00 [ERROR],SRV-001,Insider_Threat,68
INC-07723,2025-01-31 00:25:00 [WARN],SRV-008,Zero_Day,140
INC-07724,2025-11-07 09:07:00 [WARN],SRV-006,Ransomware,76
INC-07725,2025-11-11 02:25:00 [WARN],SRV-003,Ransomware,60
INC-07726,2025-05-27 10:52:00 [WARN],SRV-007,Cross_Site_Scripting,31
INC-07727,2025-01-04_02:06:00 [ERROR],SRV-002,Ransomware,1
INC-07728,2025-01-31_07:04:00 [ERROR],SRV-003,Insider_Threat,32
INC-07729,2025-11-18 08:19:00 [WARN],SRV-003, SQL_Injection ,122 hrs
INC-07730,2025-11-20 04:19:00 [WARN],SRV-002,Phishing,32
INC-07731,2025-11-30 14:14:00 [WARN],SRV-005,Zero_Day,141
INC-07732,2025-02-08 20:00:00 [WARN],SRV-004,Insider_Threat,75
INC-07733,2025-06-28 17:49:00 [WARN],SRV-005,Cross_Site_Scripting,45
INC-07734,2025-06-18_10:34:00 [ERROR],SRV-004,phishing,11 hrs
INC-07735,2025-10-28 05:18:00 [WARN],SRV-001, SQL_Injection ,32
INC-07736,2025-03-07 09:43:00 [WARN],SRV-005,Cross_Site_Scripting,115 hrs
INC-07737,2025-06-09 17:35:00 [WARN],SRV-006, DDoS ,99
INC-07738,2025-03-23 09:38:00 [WARN],SRV-005,Insider_Threat,10
INC-07739,2025-11-20 21:26:00 [WARN],SRV-005,phishing,30
INC-07740,2025-11-20 20:39:00 [WARN],SRV-004,Cross_Site_Scripting,1
INC-07741,2025-03-09 17:54:00 [WARN],SRV-008, SQL_Injection ,70
INC-07742,2025-06-07 01:43:00 [WARN],SRV-008,Zero_Day,60
INC-07743,2025-04-17 09:01:00 [WARN],SRV-007, DDoS ,67
INC-07744,2025-10-01 07:22:00 [WARN],SRV-006,Phishing,114
INC-07745,2025-07-27 22:14:00 [WARN],SRV-005, SQL_Injection ,51
INC-07746,2025-01-19 20:15:00 [WARN],SRV-001, Brute_Force,94
INC-07747,2025-04-09 07:32:00 [WARN],SRV-004,Phishing,77
INC-07748,2025-09-04 09:45:00 [WARN],SRV-001, Brute_Force,52
INC-07749,2025-09-25 00:20:00 [WARN],SRV-008,Zero_Day,15 hrs
INC-07750,2025-04-05 08:03:00 [WARN],SRV-003, DDoS ,
INC-07751,2025-07-22 01:45:00 [WARN],SRV-004, SQL_Injection ,44
INC-07752,2025-09-26 19:56:00 [WARN],SRV-007,ransomware,86
INC-07753,2025-09-10 08:02:00 [WARN],SRV-003,Cross_Site_Scripting,20
INC-07754,2025-03-31 20:12:00 [WARN],SRV-005, Brute_Force,53
INC-07755,2025-02-08 07:07:00 [WARN],SRV-005,Cross_Site_Scripting,71
INC-07756,2025-11-12 17:54:00 [WARN],SRV-005,Ransomware,32
INC-07757,2025-08-18_23:44:00 [ERROR],SRV-008, Brute_Force,81
INC-07758,2025-02-18 00:24:00 [WARN],SRV-001,Malware_Dropper,84
INC-07759,2025-08-30 15:09:00 [WARN],SRV-005,Zero_Day,55 hrs
INC-07760,2025-10-18 11:50:00 [WARN],SRV-008,Malware_Dropper,42
INC-07761,2025-04-12 13:30:00 [WARN],SRV-006,Zero_Day,
INC-07762,2025-07-20 01:22:00 [WARN],SRV-003,Cross_Site_Scripting,86
INC-07763,2025-07-30 08:15:00 [WARN],SRV-001,Malware_Dropper,118
INC-07764,2025-08-13_01:39:00 [ERROR],SRV-005,phishing,98
INC-07765,2025-03-26 03:27:00 [WARN],SRV-002, DDoS ,78
INC-07766,2025-01-09 01:31:00 [WARN],SRV-001,Ransomware,5 hrs
INC-07767,2025-12-11 03:43:00 [WARN],SRV-008, DDoS ,93
INC-07768,2025-12-09 09:47:00 [WARN],SRV-005,Zero_Day,22
INC-07769,2025-01-26 22:50:00 [WARN],SRV-008,Zero_Day,76
INC-07770,2025-01-20 03:05:00 [WARN],SRV-007,Cross_Site_Scripting,96 hrs
INC-07771,2025-01-07_16:54:00 [ERROR],SRV-005,Phishing,56
INC-07772,2025-01-19 23:46:00 [WARN],SRV-006,phishing,46
INC-07773,2025-10-01 18:53:00 [WARN],SRV-006,Cross_Site_Scripting,9
INC-07774,2025-09-21 02:10:00 [WARN],SRV-003, DDoS ,116
INC-07775,2025-09-23 12:04:00 [WARN],SRV-004,Cross_Site_Scripting,137
INC-07776,2025-04-06 18:11:00 [WARN],SRV-004,Zero_Day,30
INC-07777,2025-01-20 15:05:00 [WARN],SRV-007, SQL_Injection ,64
INC-07778,2025-10-24_16:47:00 [ERROR],SRV-007, Brute_Force,47 hrs
INC-07779,2025-03-02 19:41:00 [WARN],SRV-005, Brute_Force,136
INC-07780,2025-10-29 11:34:00 [WARN],SRV-003, Brute_Force,17
INC-07781,2025-01-18 02:38:00 [WARN],SRV-004, DDoS ,94
INC-07782,2025-12-16 16:37:00 [WARN],SRV-006,zero_day,51
INC-07783,2025-07-06 00:01:00 [WARN],SRV-006, Brute_Force,78
INC-07784,2025-06-06 01:03:00 [WARN],SRV-001,Insider_Threat,135
INC-07785,2025-01-08 10:39:00 [WARN],SRV-004,Phishing,139
INC-07786,2025-12-16 18:53:00 [WARN],SRV-008,Cross_Site_Scripting,
INC-07787,2025-03-21 10:52:00 [WARN],SRV-005, DDoS ,80
INC-07788,2025-01-26 03:59:00 [WARN],SRV-001,Phishing,138
INC-07789,2025-03-20 00:05:00 [WARN],SRV-003,Zero_Day,94
INC-07790,2025-11-30 21:51:00 [WARN],SRV-002, sql_injection ,97
INC-07791,2025-02-01 13:03:00 [WARN],SRV-006, ddos ,62
INC-07792,2025-09-09 00:48:00 [WARN],SRV-001,Insider_Threat,149
INC-07793,2025-05-20 01:49:00 [WARN],SRV-001,Zero_Day,104
INC-07794,2025-06-20 12:31:00 [WARN],SRV-008,Ransomware,98
INC-07795,2025-07-24 00:34:00 [WARN],SRV-006,Malware_Dropper,148
INC-07796,2025-02-23 13:13:00 [WARN],SRV-006,Malware_Dropper,78
INC-07797,2025-06-28 05:20:00 [WARN],SRV-003,Cross_Site_Scripting,92
INC-07798,2025-03-12 12:19:00 [WARN],SRV-007,Cross_Site_Scripting,33
INC-07799,2025-01-24 07:52:00 [WARN],SRV-006,Insider_Threat,136
INC-07800,2025-02-07 17:26:00 [WARN],SRV-007, SQL_Injection ,71
INC-07801,2025-10-28 15:30:00 [WARN],SRV-002, SQL_Injection ,95
INC-07802,2025-08-23 12:56:00 [WARN],SRV-007,Zero_Day,32
INC-07803,2025-03-05 22:08:00 [WARN],SRV-005, Brute_Force,133
INC-07804,2025-09-24 00:27:00 [WARN],SRV-008,Ransomware,31
INC-07805,2025-07-12 10:41:00 [WARN],SRV-002,insider_threat,17
INC-07806,2025-09-23_08:39:00 [ERROR],SRV-005,phishing,10
INC-07807,2025-04-24 21:12:00 [WARN],SRV-004,Malware_Dropper,49
INC-07808,2025-04-18 07:42:00 [WARN],SRV-007,Ransomware,43
INC-07809,2025-12-15_23:39:00 [ERROR],SRV-005,Phishing,12
INC-07810,2025-04-21_05:47:00 [ERROR],SRV-008,Malware_Dropper,112
INC-07811,2025-11-16 05:19:00 [WARN],SRV-001,Insider_Threat,51
INC-07812,2025-06-13 07:54:00 [WARN],SRV-005,Cross_Site_Scripting,7
INC-07813,2025-02-13 00:23:00 [WARN],SRV-006,Malware_Dropper,94
INC-07814,2025-02-25 19:01:00 [WARN],SRV-002,Phishing,27
INC-07815,2025-01-03 20:34:00 [WARN],SRV-004,Zero_Day,
INC-07816,2025-11-06 01:11:00 [WARN],SRV-003,Ransomware,24
INC-07817,2025-09-24 20:33:00 [WARN],SRV-002,Ransomware,
INC-07818,2025-07-27 01:47:00 [WARN],SRV-003, DDoS ,92
INC-07819,2025-12-27 00:22:00 [WARN],SRV-001,cross_site_scripting,144
INC-07820,2025-08-03 04:08:00 [WARN],SRV-004,Insider_Threat,50
INC-07821,2025-07-09 22:48:00 [WARN],SRV-003, DDoS ,95
INC-07822,2025-11-23 08:37:00 [WARN],SRV-002, SQL_Injection ,47
INC-07823,2025-09-19 03:52:00 [WARN],SRV-008,Malware_Dropper,134
INC-07824,2026-01-01 11:35:00 [WARN],SRV-006, DDoS ,13
INC-07825,2025-06-23 00:39:00 [WARN],SRV-008,malware_dropper,134
INC-07826,2025-08-29 14:25:00 [WARN],SRV-007,malware_dropper,55
INC-07827,2025-05-01 11:37:00 [WARN],SRV-005, Brute_Force,97
INC-07828,2025-12-14 20:20:00 [WARN],SRV-007,Phishing,42
INC-07829,2025-09-24 18:45:00 [WARN],SRV-007,Ransomware,91
INC-07830,2025-04-24 16:55:00 [WARN],SRV-007,zero_day,36
INC-07831,2025-09-14 09:52:00 [WARN],SRV-005,Phishing,112
INC-07832,2025-11-14 08:58:00 [WARN],SRV-003,Zero_Day,30
INC-07833,2025-01-08 05:10:00 [WARN],SRV-005, SQL_Injection ,44
INC-07834,2025-08-31 09:42:00 [WARN],SRV-002, Brute_Force,51
INC-07835,2025-04-07 00:47:00 [WARN],SRV-001,Insider_Threat,67
INC-07836,2025-06-25 13:24:00 [WARN],SRV-008, ddos ,76
INC-07837,2025-10-09 16:51:00 [WARN],SRV-007,Zero_Day,16
INC-07838,2025-01-13 07:34:00 [WARN],SRV-008,Insider_Threat,113
INC-07839,2025-01-17 18:57:00 [WARN],SRV-005,Insider_Threat,44
INC-07840,2025-10-31 10:16:00 [WARN],SRV-004,Ransomware,32
INC-07841,2025-06-02 09:11:00 [WARN],SRV-005,Zero_Day,29
INC-07842,2025-03-21_17:09:00 [ERROR],SRV-003,insider_threat,78 hrs
INC-07843,2025-09-16_06:02:00 [ERROR],SRV-003,Ransomware,107
INC-07844,2025-01-01 19:24:00 [WARN],SRV-001,zero_day,94
INC-07845,2025-02-09 18:27:00 [WARN],SRV-008, Brute_Force,58
INC-07846,2025-07-31 06:54:00 [WARN],SRV-002,Cross_Site_Scripting,99
INC-07847,2025-01-11 23:43:00 [WARN],SRV-002, SQL_Injection ,110
INC-07848,2025-03-04 19:36:00 [WARN],SRV-008,Ransomware,53
INC-07849,2025-03-03 00:24:00 [WARN],SRV-003, DDoS ,19
INC-07850,2025-02-25 17:40:00 [WARN],SRV-005, SQL_Injection ,84
INC-07851,2025-04-19_08:13:00 [ERROR],SRV-008, DDoS ,64
INC-07852,2025-01-13 15:47:00 [WARN],SRV-002,Phishing,140
INC-07853,2025-04-30 21:18:00 [WARN],SRV-007,Malware_Dropper,11
INC-07854,2025-05-30 15:20:00 [WARN],SRV-001,Ransomware,135
INC-07855,2025-06-28 03:03:00 [WARN],SRV-005, SQL_Injection ,13 hrs
INC-07856,2025-04-28_20:57:00 [ERROR],SRV-001, Brute_Force,55
INC-07857,2025-02-07 21:18:00 [WARN],SRV-005,Phishing,10
INC-07858,2025-02-02_01:06:00 [ERROR],SRV-002,Malware_Dropper,82
INC-07859,2025-02-04 14:21:00 [WARN],SRV-002, DDoS ,111
INC-07860,2025-10-23 01:41:00 [WARN],SRV-001, SQL_Injection ,80
INC-07861,2025-04-09 08:03:00 [WARN],SRV-008,Malware_Dropper,127
INC-07862,2025-04-09 18:55:00 [WARN],SRV-004,Ransomware,127
INC-07863,2025-06-18 22:20:00 [WARN],SRV-008, sql_injection ,21
INC-07864,2025-05-23 23:34:00 [WARN],SRV-008,malware_dropper,55
INC-07865,2025-05-31 15:11:00 [WARN],SRV-001, SQL_Injection ,47 hrs
INC-07866,2025-01-28 17:29:00 [WARN],SRV-008,Malware_Dropper,55 hrs
INC-07867,2025-03-22 00:11:00 [WARN],SRV-005, brute_force,55
INC-07868,2025-11-13 00:17:00 [WARN],SRV-007,phishing,112
INC-07869,2025-03-28 08:40:00 [WARN],SRV-002,Malware_Dropper,44
INC-07870,2025-03-07_23:02:00 [ERROR],SRV-001,Ransomware,57
INC-07871,2025-11-19 06:02:00 [WARN],SRV-007,Insider_Threat,64
INC-07872,2025-12-08 15:34:00 [WARN],SRV-004,Cross_Site_Scripting,79
INC-07873,2025-08-29_20:57:00 [ERROR],SRV-006, brute_force,31
INC-07874,2025-05-22 14:27:00 [WARN],SRV-004,insider_threat,95
INC-07875,2025-10-06 17:14:00 [WARN],SRV-005,Zero_Day,35
INC-07876,2025-10-15 23:30:00 [WARN],SRV-001,Zero_Day,22
INC-07877,2025-02-26 10:04:00 [WARN],SRV-002,insider_threat,10
INC-07878,2025-02-22 20:12:00 [WARN],SRV-004,Cross_Site_Scripting,41
INC-07879,2025-11-27 09:15:00 [WARN],SRV-007,zero_day,26
INC-07880,2025-12-14 11:35:00 [WARN],SRV-008, SQL_Injection ,117
INC-07881,2025-04-08 04:23:00 [WARN],SRV-006, SQL_Injection ,24
INC-07882,2025-12-01 18:00:00 [WARN],SRV-006,Zero_Day,129
INC-07883,2025-03-01 22:17:00 [WARN],SRV-004,Cross_Site_Scripting,123
INC-07884,2025-11-13 22:13:00 [WARN],SRV-004,Zero_Day,135
INC-07885,2025-12-05 05:51:00 [WARN],SRV-001,Insider_Threat,81
INC-07886,2025-10-14 06:25:00 [WARN],SRV-008, Brute_Force,136
INC-07887,2025-11-28 11:44:00 [WARN],SRV-004,Malware_Dropper,26
INC-07888,2025-08-20 08:15:00 [WARN],SRV-003,zero_day,
INC-07889,2025-05-03_22:13:00 [ERROR],SRV-008,Insider_Threat,29
INC-07890,2025-11-27 13:18:00 [WARN],SRV-002, DDoS ,56
INC-07891,2025-10-08 17:29:00 [WARN],SRV-004,Cross_Site_Scripting,34
INC-07892,2025-04-25 10:20:00 [WARN],SRV-001,Malware_Dropper,134
INC-07893,2025-08-06 02:03:00 [WARN],SRV-004,zero_day,3
INC-07894,2025-10-01 06:53:00 [WARN],SRV-003,Zero_Day,134
INC-07895,2025-03-06_22:57:00 [ERROR],SRV-008,Ransomware,58
INC-07896,2025-05-24 07:36:00 [WARN],SRV-002,Malware_Dropper,48
INC-07897,2025-09-12 08:22:00 [WARN],SRV-008,Cross_Site_Scripting,13
INC-07898,2025-07-06 09:36:00 [WARN],SRV-008,Zero_Day,45 hrs
INC-07899,2025-02-20 01:04:00 [WARN],SRV-005, SQL_Injection ,116
INC-07900,2025-03-12 11:47:00 [WARN],SRV-008,Cross_Site_Scripting,27
INC-07901,2025-09-17 12:37:00 [WARN],SRV-006, SQL_Injection ,135
INC-07902,2025-12-17_22:00:00 [ERROR],SRV-007,Insider_Threat,141
INC-07903,2025-10-03 02:42:00 [WARN],SRV-002, brute_force,103
INC-07904,2025-07-03_11:53:00 [ERROR],SRV-001,Phishing,20
INC-07905,2025-09-11 04:00:00 [WARN],SRV-004, SQL_Injection ,12
INC-07906,2025-02-19 18:01:00 [WARN],SRV-004, SQL_Injection ,132
INC-07907,2025-08-12 04:16:00 [WARN],SRV-005,Malware_Dropper,14
INC-07908,2025-08-27 00:52:00 [WARN],SRV-004,cross_site_scripting,31
INC-07909,2025-04-19 08:56:00 [WARN],SRV-008, SQL_Injection ,79
INC-07910,2025-12-01 23:36:00 [WARN],SRV-006,insider_threat,33
INC-07911,2025-02-18 14:50:00 [WARN],SRV-002,Malware_Dropper,125
INC-07912,2025-10-25 03:15:00 [WARN],SRV-002, SQL_Injection ,23
INC-07913,2025-11-30 20:44:00 [WARN],SRV-007,Malware_Dropper,95
INC-07914,2025-11-07 23:08:00 [WARN],SRV-005,phishing,60 hrs
INC-07915,2025-11-27 06:35:00 [WARN],SRV-006,Zero_Day,55
INC-07916,2025-07-26 11:22:00 [WARN],SRV-008, SQL_Injection ,84
INC-07917,2025-11-26_18:03:00 [ERROR],SRV-007,Insider_Threat,21
INC-07918,2025-10-07 20:53:00 [WARN],SRV-007,phishing,23
INC-07919,2025-05-22 10:46:00 [WARN],SRV-006, SQL_Injection ,57
INC-07920,2025-01-27 21:39:00 [WARN],SRV-002,Ransomware,59
INC-07921,2025-01-20 13:54:00 [WARN],SRV-002,Phishing,82
INC-07922,2025-06-24 11:20:00 [WARN],SRV-003,Phishing,18
INC-07923,2025-12-02_04:14:00 [ERROR],SRV-003, Brute_Force,34 hrs
INC-07924,2025-12-04 10:08:00 [WARN],SRV-004,Cross_Site_Scripting,13
INC-07925,2025-11-12 01:17:00 [WARN],SRV-001,Insider_Threat,90
INC-07926,2025-07-25 18:45:00 [WARN],SRV-007,Zero_Day,125
INC-07927,2025-10-26 22:22:00 [WARN],SRV-004, DDoS ,145
INC-07928,2025-10-06 15:09:00 [WARN],SRV-005,Zero_Day,137
INC-07929,2025-11-02_04:44:00 [ERROR],SRV-001,Cross_Site_Scripting,111
INC-07930,2025-11-06 15:11:00 [WARN],SRV-008,Phishing,37
INC-07931,2025-09-23 22:07:00 [WARN],SRV-003,cross_site_scripting,42
INC-07932,2025-01-26 08:02:00 [WARN],SRV-006, SQL_Injection ,129
INC-07933,2025-05-07 19:03:00 [WARN],SRV-004,Zero_Day,93
INC-07934,2025-01-12 14:28:00 [WARN],SRV-001, Brute_Force,70
INC-07935,2025-05-07 17:12:00 [WARN],SRV-007, Brute_Force,71
INC-07936,2025-11-21 07:03:00 [WARN],SRV-004,ransomware,93
INC-07937,2025-08-01 13:44:00 [WARN],SRV-003,Phishing,46
INC-07938,2025-09-11 23:40:00 [WARN],SRV-001,Zero_Day,22
INC-07939,2025-07-28 09:32:00 [WARN],SRV-001,Cross_Site_Scripting,48
INC-07940,2025-06-15 05:51:00 [WARN],SRV-006, brute_force,90
INC-07941,2025-03-10 21:47:00 [WARN],SRV-008,Malware_Dropper,1
INC-07942,2025-07-20 11:08:00 [WARN],SRV-006,Cross_Site_Scripting,71 hrs
INC-07943,2025-05-20 10:00:00 [WARN],SRV-006, SQL_Injection ,86
INC-07944,2025-07-25 04:23:00 [WARN],SRV-005,Insider_Threat,21
INC-07945,2025-09-28_12:07:00 [ERROR],SRV-004,Phishing,19
INC-07946,2025-03-27 11:19:00 [WARN],SRV-006, ddos ,7
INC-07947,2025-03-02 06:10:00 [WARN],SRV-001, brute_force,133
INC-07948,2025-02-09 04:58:00 [WARN],SRV-003,Cross_Site_Scripting,127
INC-07949,2025-01-23 14:11:00 [WARN],SRV-004,Ransomware,115
INC-07950,2025-09-19 23:13:00 [WARN],SRV-006, Brute_Force,97
INC-07951,2025-08-07 12:19:00 [WARN],SRV-006, Brute_Force,83
INC-07952,2025-12-09 14:06:00 [WARN],SRV-003,Insider_Threat,34
INC-07953,2025-10-08 18:13:00 [WARN],SRV-001, Brute_Force,84
INC-07954,2025-11-24 11:25:00 [WARN],SRV-001,Zero_Day,123
INC-07955,2025-12-01 05:20:00 [WARN],SRV-001,Phishing,6
INC-07956,2025-09-29 11:03:00 [WARN],SRV-005, sql_injection ,111
INC-07957,2025-04-19 03:07:00 [WARN],SRV-005,Ransomware,17 hrs
INC-07958,2025-06-03 20:45:00 [WARN],SRV-002,Insider_Threat,139
INC-07959,2025-09-03 16:05:00 [WARN],SRV-002,Malware_Dropper,93
INC-07960,2025-12-04 01:17:00 [WARN],SRV-001, Brute_Force,12
INC-07961,2025-07-09 06:31:00 [WARN],SRV-001,Zero_Day,44
INC-07962,2025-10-28 10:37:00 [WARN],SRV-007,Malware_Dropper,67
INC-07963,2025-04-04 22:20:00 [WARN],SRV-008,Ransomware,86
INC-07964,2025-10-16 18:15:00 [WARN],SRV-005, Brute_Force,101
INC-07965,2025-07-17 18:43:00 [WARN],SRV-003,Phishing,53
INC-07966,2025-02-20_04:58:00 [ERROR],SRV-006,zero_day,19
INC-07967,2025-10-27 21:54:00 [WARN],SRV-005,Ransomware,124
INC-07968,2025-05-27 13:52:00 [WARN],SRV-008,Cross_Site_Scripting,102
INC-07969,2025-12-01 07:10:00 [WARN],SRV-002, SQL_Injection ,126
INC-07970,2025-02-11 13:47:00 [WARN],SRV-002,Malware_Dropper,141
INC-07971,2025-07-23 00:42:00 [WARN],SRV-001,Zero_Day,128
INC-07972,2025-03-09 11:26:00 [WARN],SRV-008, SQL_Injection ,46
INC-07973,2025-07-10_23:33:00 [ERROR],SRV-004,Zero_Day,55
INC-07974,2025-04-27 15:48:00 [WARN],SRV-005,Cross_Site_Scripting,21
INC-07975,2025-03-01 08:34:00 [WARN],SRV-008, SQL_Injection ,51
INC-07976,2025-05-22_16:33:00 [ERROR],SRV-002,Malware_Dropper,38
INC-07977,2025-07-01 20:02:00 [WARN],SRV-007, brute_force,47
INC-07978,2025-06-03 08:20:00 [WARN],SRV-004,Malware_Dropper,36
INC-07979,2025-09-13 17:31:00 [WARN],SRV-007,Phishing,31
INC-07980,2025-10-09 01:32:00 [WARN],SRV-001,Malware_Dropper,78
INC-07981,2025-05-31 06:44:00 [WARN],SRV-002,Ransomware,136
INC-07982,2025-07-17 21:16:00 [WARN],SRV-008,Phishing,116
INC-07983,2025-06-24 07:13:00 [WARN],SRV-003, DDoS ,12
INC-07984,2025-09-27 14:12:00 [WARN],SRV-006, DDoS ,15
INC-07985,2025-05-18 10:38:00 [WARN],SRV-005, SQL_Injection ,38
INC-07986,2025-01-13_16:08:00 [ERROR],SRV-002,Zero_Day,73
INC-07987,2025-01-22 15:40:00 [WARN],SRV-003,Zero_Day,146
INC-07988,2025-07-01 11:33:00 [WARN],SRV-008,Phishing,52
INC-07989,2025-11-19 10:18:00 [WARN],SRV-008,Insider_Threat,34
INC-07990,2025-11-04 18:45:00 [WARN],SRV-007,Zero_Day,69
INC-07991,2025-01-24 14:21:00 [WARN],SRV-001,Ransomware,102
INC-07992,2025-08-06 05:46:00 [WARN],SRV-006,Ransomware,34
INC-07993,2025-07-28 20:34:00 [WARN],SRV-002,Insider_Threat,147
INC-07994,2025-11-23 01:57:00 [WARN],SRV-006,Phishing,45
INC-07995,2025-08-08_02:28:00 [ERROR],SRV-005, Brute_Force,41 hrs
INC-07996,2025-03-27 03:51:00 [WARN],SRV-004, Brute_Force,39
INC-07997,2025-10-22 18:25:00 [WARN],SRV-002,Phishing,52
INC-07998,2025-02-26 17:29:00 [WARN],SRV-003, Brute_Force,135
INC-07999,2025-11-08 13:37:00 [WARN],SRV-001,zero_day,50
INC-08000,2025-12-25 01:24:00 [WARN],SRV-003,Ransomware,
INC-08001,2025-04-16 22:19:00 [WARN],SRV-001,Insider_Threat,56
INC-08002,2025-02-10 22:41:00 [WARN],SRV-003,insider_threat,95
INC-08003,2025-09-08 18:50:00 [WARN],SRV-003, Brute_Force,109
INC-08004,2025-11-20 20:22:00 [WARN],SRV-005, Brute_Force,21
INC-08005,2025-02-18 02:35:00 [WARN],SRV-003, sql_injection ,86
INC-08006,2025-07-25_20:22:00 [ERROR],SRV-007, SQL_Injection ,22
INC-08007,2025-11-29 04:39:00 [WARN],SRV-005, Brute_Force,91
INC-08008,2025-03-20 05:50:00 [WARN],SRV-007,Ransomware,22
INC-08009,2025-06-30 11:05:00 [WARN],SRV-008,Malware_Dropper,144
INC-08010,2025-10-27 21:15:00 [WARN],SRV-005, SQL_Injection ,1
INC-08011,2025-09-17 11:11:00 [WARN],SRV-001, DDoS ,33
INC-08012,2025-06-24 08:54:00 [WARN],SRV-005,Malware_Dropper,14
INC-08013,2025-05-22 02:03:00 [WARN],SRV-008,malware_dropper,54
INC-08014,2025-02-11 10:46:00 [WARN],SRV-008,malware_dropper,
INC-08015,2025-10-18 10:19:00 [WARN],SRV-003,Cross_Site_Scripting,42
INC-08016,2025-09-13 13:41:00 [WARN],SRV-003,Phishing,19
INC-08017,2025-03-11 10:46:00 [WARN],SRV-008,cross_site_scripting,83
INC-08018,2025-06-03 23:47:00 [WARN],SRV-005,Phishing,59
INC-08019,2025-07-12 03:20:00 [WARN],SRV-005,Zero_Day,137
INC-08020,2025-01-09 18:44:00 [WARN],SRV-008,Cross_Site_Scripting,55
INC-08021,2025-01-08 02:15:00 [WARN],SRV-004,Ransomware,127
INC-08022,2025-01-12 01:47:00 [WARN],SRV-006,Ransomware,47
INC-08023,2025-04-03 14:28:00 [WARN],SRV-006,Phishing,105
INC-08024,2025-04-18 18:17:00 [WARN],SRV-001,Insider_Threat,78
INC-08025,2025-06-30 16:41:00 [WARN],SRV-008,malware_dropper,73
INC-08026,2025-11-26 02:17:00 [WARN],SRV-005,malware_dropper,50
INC-08027,2025-03-24 23:30:00 [WARN],SRV-001,Zero_Day,18
INC-08028,2025-12-02 12:45:00 [WARN],SRV-001,Insider_Threat,80
INC-08029,2025-04-04_01:45:00 [ERROR],SRV-001,Cross_Site_Scripting,65
INC-08030,2025-10-07 04:06:00 [WARN],SRV-005, DDoS ,134
INC-08031,2025-02-07 06:11:00 [WARN],SRV-006,Malware_Dropper,35
INC-08032,2025-01-12 10:13:00 [WARN],SRV-008,Insider_Threat,103
INC-08033,2025-04-27 10:05:00 [WARN],SRV-001,Phishing,109
INC-08034,2025-11-26 19:21:00 [WARN],SRV-003, Brute_Force,65
INC-08035,2025-09-12 12:21:00 [WARN],SRV-005,Malware_Dropper,58
INC-08036,2025-01-21 10:29:00 [WARN],SRV-005, brute_force,100
INC-08037,2025-09-29 08:04:00 [WARN],SRV-008,insider_threat,29
INC-08038,2025-01-27 23:32:00 [WARN],SRV-002, DDoS ,33
INC-08039,2025-05-24 12:43:00 [WARN],SRV-001,Zero_Day,139
INC-08040,2025-10-25 22:52:00 [WARN],SRV-002,Ransomware,
INC-08041,2025-10-24 00:03:00 [WARN],SRV-002,insider_threat,40
INC-08042,2025-06-08 08:47:00 [WARN],SRV-004,phishing,16
INC-08043,2025-09-10 16:19:00 [WARN],SRV-008, DDoS ,48
INC-08044,2025-10-17 18:55:00 [WARN],SRV-003,ransomware,1
INC-08045,2025-07-20 17:38:00 [WARN],SRV-007,Malware_Dropper,53
INC-08046,2025-05-29 09:04:00 [WARN],SRV-005, DDoS ,120
INC-08047,2025-06-13 16:57:00 [WARN],SRV-005,Phishing,42
INC-08048,2025-10-06 09:11:00 [WARN],SRV-006,Cross_Site_Scripting,60
INC-08049,2025-10-18 01:07:00 [WARN],SRV-004,Phishing,150
INC-08050,2025-10-03 15:08:00 [WARN],SRV-007, sql_injection ,60
INC-08051,2025-01-22 18:27:00 [WARN],SRV-007, DDoS ,88
INC-08052,2025-07-21 03:03:00 [WARN],SRV-008, ddos ,14
INC-08053,2025-02-05 08:28:00 [WARN],SRV-002,insider_threat,121 hrs
INC-08054,2025-02-05 21:05:00 [WARN],SRV-007,Insider_Threat,4
INC-08055,2025-08-10 05:35:00 [WARN],SRV-003, DDoS ,1
INC-08056,2025-09-22 07:29:00 [WARN],SRV-001, SQL_Injection ,51
INC-08057,2025-02-27_23:43:00 [ERROR],SRV-004,Malware_Dropper,52
INC-08058,2025-12-12 13:37:00 [WARN],SRV-005,Zero_Day,4
INC-08059,2025-04-06 12:37:00 [WARN],SRV-004, SQL_Injection ,4
INC-08060,2025-04-18 22:56:00 [WARN],SRV-005,Zero_Day,41 hrs
INC-08061,2025-07-02 16:13:00 [WARN],SRV-007,phishing,5
INC-08062,2025-07-03 19:25:00 [WARN],SRV-008,Insider_Threat,16
INC-08063,2025-05-30 05:48:00 [WARN],SRV-008,Malware_Dropper,11
INC-08064,2025-11-13 11:17:00 [WARN],SRV-005,Cross_Site_Scripting,26
INC-08065,2025-01-24 23:39:00 [WARN],SRV-002, Brute_Force,19
INC-08066,2025-01-16 21:01:00 [WARN],SRV-007,Malware_Dropper,35
INC-08067,2025-02-15_20:38:00 [ERROR],SRV-003,ransomware,114
INC-08068,2025-12-15 02:26:00 [WARN],SRV-007,Insider_Threat,72
INC-08069,2025-02-09 17:16:00 [WARN],SRV-004,Insider_Threat,26
INC-08070,2025-02-10 13:02:00 [WARN],SRV-001, SQL_Injection ,52
INC-08071,2025-08-18 15:43:00 [WARN],SRV-006, SQL_Injection ,30
INC-08072,2025-09-22 21:42:00 [WARN],SRV-005,Ransomware,6
INC-08073,2025-11-16 04:39:00 [WARN],SRV-003,Malware_Dropper,149
INC-08074,2025-06-03 06:19:00 [WARN],SRV-006,Cross_Site_Scripting,8
INC-08075,2025-08-02 23:48:00 [WARN],SRV-005, SQL_Injection ,124
INC-08076,2025-07-25 02:37:00 [WARN],SRV-001, sql_injection ,51
INC-08077,2025-01-24 10:48:00 [WARN],SRV-005, SQL_Injection ,11
INC-08078,2025-04-25 01:10:00 [WARN],SRV-006,Ransomware,35
INC-08079,2025-07-21 11:43:00 [WARN],SRV-004, DDoS ,144
INC-08080,2025-04-19 19:54:00 [WARN],SRV-005,Cross_Site_Scripting,9
INC-08081,2025-10-01 10:00:00 [WARN],SRV-008,Insider_Threat,129
INC-08082,2025-11-05 00:53:00 [WARN],SRV-008,Zero_Day,140
INC-08083,2025-07-10 17:42:00 [WARN],SRV-008, Brute_Force,33
INC-08084,2025-03-22_16:23:00 [ERROR],SRV-008, DDoS ,
INC-08085,2025-06-29 12:20:00 [WARN],SRV-001, DDoS ,51
INC-08086,2025-12-20 00:01:00 [WARN],SRV-008,Zero_Day,53
INC-08087,2025-07-08 15:56:00 [WARN],SRV-006,phishing,92
INC-08088,2025-08-21 21:53:00 [WARN],SRV-001, SQL_Injection ,88
INC-08089,2025-09-16 12:06:00 [WARN],SRV-006,Ransomware,3
INC-08090,2025-09-15_14:54:00 [ERROR],SRV-001,Zero_Day,28
INC-08091,2025-11-12 13:08:00 [WARN],SRV-003, DDoS ,38 hrs
INC-08092,2025-09-17_16:22:00 [ERROR],SRV-003,Insider_Threat,104
INC-08093,2025-06-12 14:27:00 [WARN],SRV-001, SQL_Injection ,108
INC-08094,2025-08-07 16:31:00 [WARN],SRV-005,Zero_Day,73
INC-08095,2025-01-31 15:07:00 [WARN],SRV-008, DDoS ,82
INC-08096,2025-07-04 19:42:00 [WARN],SRV-004, SQL_Injection ,66 hrs
INC-08097,2025-08-10 22:49:00 [WARN],SRV-006,Insider_Threat,37
INC-08098,2025-12-09 22:59:00 [WARN],SRV-008,Phishing,72
INC-08099,2025-12-08 19:40:00 [WARN],SRV-003,Phishing,18
INC-08100,2025-03-17 11:36:00 [WARN],SRV-004,Phishing,137 hrs
INC-08101,2025-12-16 08:25:00 [WARN],SRV-008,Ransomware,9
INC-08102,2025-05-26 07:15:00 [WARN],SRV-007,Insider_Threat,88
INC-08103,2025-08-25_18:01:00 [ERROR],SRV-005, SQL_Injection ,23
INC-08104,2025-08-15 19:01:00 [WARN],SRV-005, Brute_Force,34
INC-08105,2025-02-05 14:26:00 [WARN],SRV-008, Brute_Force,93
INC-08106,2025-11-10 18:58:00 [WARN],SRV-008,Zero_Day,119
INC-08107,2025-10-22 04:25:00 [WARN],SRV-001,Cross_Site_Scripting,85
INC-08108,2025-11-10 17:23:00 [WARN],SRV-005,Zero_Day,101
INC-08109,2025-10-21 09:39:00 [WARN],SRV-006, DDoS ,
INC-08110,2025-12-30_04:17:00 [ERROR],SRV-004,Zero_Day,109
INC-08111,2025-09-19 02:35:00 [WARN],SRV-002, DDoS ,31
INC-08112,2025-04-02 08:16:00 [WARN],SRV-006,Phishing,88 hrs
INC-08113,2025-12-13 04:26:00 [WARN],SRV-004,Phishing,52
INC-08114,2025-09-07 13:32:00 [WARN],SRV-004,Ransomware,129
INC-08115,2025-11-21 17:29:00 [WARN],SRV-003, SQL_Injection ,21
INC-08116,2025-11-17 21:00:00 [WARN],SRV-006, DDoS ,57
INC-08117,2025-12-18 02:29:00 [WARN],SRV-008,Ransomware,12
INC-08118,2025-02-19_07:22:00 [ERROR],SRV-001, brute_force,24
INC-08119,2025-10-30 13:39:00 [WARN],SRV-005, Brute_Force,109
INC-08120,2025-01-30 23:32:00 [WARN],SRV-002,Malware_Dropper,79
INC-08121,2025-06-08 01:49:00 [WARN],SRV-001,Insider_Threat,26
INC-08122,2025-03-17 17:04:00 [WARN],SRV-008,Ransomware,63
INC-08123,2025-07-06 00:54:00 [WARN],SRV-008,Cross_Site_Scripting,117
INC-08124,2025-05-28 04:18:00 [WARN],SRV-003,malware_dropper,39
INC-08125,2025-08-04 04:05:00 [WARN],SRV-001,Ransomware,5
INC-08126,2025-02-24 00:04:00 [WARN],SRV-003,Zero_Day,131
INC-08127,2025-10-27 09:17:00 [WARN],SRV-003, Brute_Force,3
INC-08128,2025-10-19 22:22:00 [WARN],SRV-002,Cross_Site_Scripting,25
INC-08129,2025-06-16 03:52:00 [WARN],SRV-006,Zero_Day,1
INC-08130,2025-12-10 17:45:00 [WARN],SRV-006, DDoS ,53
INC-08131,2025-07-12 03:07:00 [WARN],SRV-004, Brute_Force,12
INC-08132,2025-03-08 14:55:00 [WARN],SRV-004, Brute_Force,141
INC-08133,2025-11-16 02:39:00 [WARN],SRV-007,Malware_Dropper,144
INC-08134,2025-07-20_04:36:00 [ERROR],SRV-003, SQL_Injection ,103
INC-08135,2025-12-02_22:32:00 [ERROR],SRV-007, SQL_Injection ,126
INC-08136,2025-03-30 15:59:00 [WARN],SRV-005, SQL_Injection ,44
INC-08137,2025-07-30_03:15:00 [ERROR],SRV-004, SQL_Injection ,26 hrs
INC-08138,2025-11-03 04:27:00 [WARN],SRV-003,Zero_Day,34 hrs
INC-08139,2025-11-07_12:43:00 [ERROR],SRV-001,Phishing,123
INC-08140,2025-03-18 00:23:00 [WARN],SRV-003, sql_injection ,19
INC-08141,2025-01-19_02:52:00 [ERROR],SRV-005,zero_day,148
INC-08142,2025-07-16 06:06:00 [WARN],SRV-004, SQL_Injection ,32
INC-08143,2025-12-27 10:49:00 [WARN],SRV-007, sql_injection ,147
INC-08144,2025-02-06 19:36:00 [WARN],SRV-005, sql_injection ,
INC-08145,2025-05-14 10:45:00 [WARN],SRV-003,Insider_Threat,135
INC-08146,2025-06-23 13:40:00 [WARN],SRV-008, Brute_Force,43
INC-08147,2025-02-11 12:01:00 [WARN],SRV-004,Cross_Site_Scripting,20
INC-08148,2025-11-14 06:40:00 [WARN],SRV-001, DDoS ,103
INC-08149,2025-07-20 20:49:00 [WARN],SRV-003,Zero_Day,142
INC-08150,2025-11-01_19:49:00 [ERROR],SRV-003,Ransomware,60
INC-08151,2025-09-22 06:56:00 [WARN],SRV-008,Zero_Day,47
INC-08152,2025-12-29 22:15:00 [WARN],SRV-006,Malware_Dropper,104
INC-08153,2025-03-30_03:43:00 [ERROR],SRV-003, DDoS ,143 hrs
INC-08154,2025-10-11 18:13:00 [WARN],SRV-002,malware_dropper,127
INC-08155,2025-02-07_09:45:00 [ERROR],SRV-003, Brute_Force,124
INC-08156,2025-12-28 08:19:00 [WARN],SRV-006,phishing,74
INC-08157,2025-11-14 00:20:00 [WARN],SRV-004,ransomware,51
INC-08158,2025-09-30 13:28:00 [WARN],SRV-006,Ransomware,48
INC-08159,2025-03-30 12:11:00 [WARN],SRV-007,Zero_Day,16
INC-08160,2025-03-14_04:43:00 [ERROR],SRV-008, DDoS ,74
INC-08161,2025-11-01 18:12:00 [WARN],SRV-005,ransomware,58
INC-08162,2025-08-07 14:14:00 [WARN],SRV-001,insider_threat,16
INC-08163,2025-09-16 02:11:00 [WARN],SRV-001,Phishing,36
INC-08164,2025-05-07 23:03:00 [WARN],SRV-002,cross_site_scripting,24
INC-08165,2025-06-10 14:57:00 [WARN],SRV-008,Ransomware,15
INC-08166,2025-11-16 10:40:00 [WARN],SRV-003,Insider_Threat,75
INC-08167,2025-03-22 20:17:00 [WARN],SRV-003,Insider_Threat,51
INC-08168,2025-12-21 08:18:00 [WARN],SRV-002, DDoS ,78
INC-08169,2025-07-13 15:39:00 [WARN],SRV-006,insider_threat,56
INC-08170,2025-11-11 00:08:00 [WARN],SRV-005,Ransomware,23
INC-08171,2025-01-13 07:50:00 [WARN],SRV-006,Insider_Threat,47
INC-08172,2025-03-06 08:39:00 [WARN],SRV-008, DDoS ,108
INC-08173,2025-02-09_11:20:00 [ERROR],SRV-002,insider_threat,101
INC-08174,2025-06-07 03:29:00 [WARN],SRV-002, Brute_Force,119 hrs
INC-08175,2025-11-26 19:45:00 [WARN],SRV-003, Brute_Force,36 hrs
INC-08176,2025-09-23 11:14:00 [WARN],SRV-004, Brute_Force,64
INC-08177,2025-01-21 11:10:00 [WARN],SRV-006, DDoS ,144
INC-08178,2025-01-11 09:04:00 [WARN],SRV-003, DDoS ,145 hrs
INC-08179,2025-03-08 18:58:00 [WARN],SRV-001,Phishing,21
INC-08180,2025-01-23 10:19:00 [WARN],SRV-006, SQL_Injection ,32
INC-08181,2025-11-24 17:38:00 [WARN],SRV-003,zero_day,58
INC-08182,2025-02-15 14:36:00 [WARN],SRV-003,Insider_Threat,42
INC-08183,2025-10-03 22:10:00 [WARN],SRV-001,Phishing,100
INC-08184,2025-04-03 14:49:00 [WARN],SRV-003,Zero_Day,70
INC-08185,2025-09-08_04:23:00 [ERROR],SRV-008,Ransomware,103
INC-08186,2025-02-23 03:03:00 [WARN],SRV-004, DDoS ,30
INC-08187,2025-04-30_10:04:00 [ERROR],SRV-005, Brute_Force,100
INC-08188,2025-08-19 18:10:00 [WARN],SRV-006,Phishing,94
INC-08189,2025-08-18 20:14:00 [WARN],SRV-008, Brute_Force,84
INC-08190,2025-05-12 08:00:00 [WARN],SRV-005,Ransomware,89
INC-08191,2025-01-19 00:29:00 [WARN],SRV-008,Ransomware,142
INC-08192,2025-04-05_04:17:00 [ERROR],SRV-007, DDoS ,
INC-08193,2025-06-13 16:50:00 [WARN],SRV-007,Insider_Threat,74
INC-08194,2025-10-20 19:25:00 [WARN],SRV-004, sql_injection ,19 hrs
INC-08195,2025-10-11 14:28:00 [WARN],SRV-005, DDoS ,76
INC-08196,2025-11-15 11:23:00 [WARN],SRV-003,Ransomware,75
INC-08197,2025-05-09 00:19:00 [WARN],SRV-008, Brute_Force,6
INC-08198,2025-01-13 08:17:00 [WARN],SRV-004,Ransomware,56
INC-08199,2025-10-07 20:25:00 [WARN],SRV-008,Ransomware,20
INC-08200,2025-05-19 03:44:00 [WARN],SRV-003,Cross_Site_Scripting,118
INC-08201,2025-06-13 08:12:00 [WARN],SRV-001,Insider_Threat,29
INC-08202,2025-07-25 01:07:00 [WARN],SRV-007, brute_force,84
INC-08203,2025-11-08 15:45:00 [WARN],SRV-008,Cross_Site_Scripting,69
INC-08204,2025-05-05 23:21:00 [WARN],SRV-008, DDoS ,106
INC-08205,2025-01-04 02:53:00 [WARN],SRV-005,Cross_Site_Scripting,91
INC-08206,2025-09-16 15:12:00 [WARN],SRV-005,Ransomware,59
INC-08207,2025-09-25 12:10:00 [WARN],SRV-002,Malware_Dropper,91
INC-08208,2025-09-19 12:42:00 [WARN],SRV-007,Zero_Day,20
INC-08209,2025-05-23_02:32:00 [ERROR],SRV-004, DDoS ,61
INC-08210,2025-07-08 03:03:00 [WARN],SRV-005, DDoS ,39
INC-08211,2025-12-23 03:00:00 [WARN],SRV-002,Cross_Site_Scripting,31 hrs
INC-08212,2025-03-08 08:24:00 [WARN],SRV-001, Brute_Force,42
INC-08213,2025-09-07 14:57:00 [WARN],SRV-007,Phishing,7
INC-08214,2025-04-25 01:55:00 [WARN],SRV-007,Cross_Site_Scripting,62
INC-08215,2025-01-14 11:26:00 [WARN],SRV-001,Malware_Dropper,1
INC-08216,2025-02-03_09:05:00 [ERROR],SRV-003,Malware_Dropper,122
INC-08217,2025-03-20 04:07:00 [WARN],SRV-007, sql_injection ,11
INC-08218,2025-04-13 19:07:00 [WARN],SRV-005,Insider_Threat,45
INC-08219,2025-05-17 01:51:00 [WARN],SRV-005,Malware_Dropper,8
INC-08220,2025-05-02 06:52:00 [WARN],SRV-001,Malware_Dropper,126
INC-08221,2025-02-26 11:41:00 [WARN],SRV-007,Phishing,143
INC-08222,2025-01-29 10:04:00 [WARN],SRV-008,Cross_Site_Scripting,10
INC-08223,2025-01-22 03:16:00 [WARN],SRV-003,Malware_Dropper,96
INC-08224,2025-08-16 05:06:00 [WARN],SRV-008, SQL_Injection ,102
INC-08225,2025-03-30 20:28:00 [WARN],SRV-007,Phishing,147
INC-08226,2025-09-22 16:14:00 [WARN],SRV-003,Phishing,74
INC-08227,2025-09-06_20:30:00 [ERROR],SRV-006,Ransomware,135
INC-08228,2025-12-07 19:09:00 [WARN],SRV-003,Ransomware,91
INC-08229,2025-11-01 00:45:00 [WARN],SRV-008, Brute_Force,
INC-08230,2025-04-06 20:48:00 [WARN],SRV-007,Ransomware,107
INC-08231,2025-06-15 15:48:00 [WARN],SRV-005,Zero_Day,106
INC-08232,2025-02-10_11:53:00 [ERROR],SRV-004,Phishing,61
INC-08233,2025-10-08 03:26:00 [WARN],SRV-006,Insider_Threat,
INC-08234,2025-03-04 08:51:00 [WARN],SRV-008,Insider_Threat,95
INC-08235,2025-08-03 20:40:00 [WARN],SRV-008,insider_threat,129
INC-08236,2025-07-15 02:36:00 [WARN],SRV-005, Brute_Force,145
INC-08237,2025-02-25 02:05:00 [WARN],SRV-003,Ransomware,33
INC-08238,2025-08-22 03:47:00 [WARN],SRV-006,zero_day,5
INC-08239,2025-03-11 23:10:00 [WARN],SRV-004, DDoS ,56
INC-08240,2025-10-13 15:02:00 [WARN],SRV-002,Insider_Threat,18
INC-08241,2025-06-14 03:09:00 [WARN],SRV-003,Zero_Day,123
INC-08242,2025-08-31 17:46:00 [WARN],SRV-004, ddos ,47
INC-08243,2025-03-02 22:05:00 [WARN],SRV-003,malware_dropper,85 hrs
INC-08244,2025-11-09_19:16:00 [ERROR],SRV-005,Insider_Threat,125
INC-08245,2025-05-03 21:12:00 [WARN],SRV-002, SQL_Injection ,12
INC-08246,2025-03-23 14:20:00 [WARN],SRV-005,Cross_Site_Scripting,4 hrs
INC-08247,2025-03-14 05:30:00 [WARN],SRV-002,Ransomware,43
INC-08248,2025-12-11 00:29:00 [WARN],SRV-001,Zero_Day,50
INC-08249,2025-03-16 14:10:00 [WARN],SRV-002,Malware_Dropper,94
INC-08250,2025-02-02_21:42:00 [ERROR],SRV-006,Zero_Day,90
INC-08251,2025-09-08 18:53:00 [WARN],SRV-001,Insider_Threat,129
INC-08252,2025-12-22 08:28:00 [WARN],SRV-006,Malware_Dropper,38
INC-08253,2025-02-05 10:49:00 [WARN],SRV-006,Cross_Site_Scripting,45
INC-08254,2025-02-11 10:14:00 [WARN],SRV-001, ddos ,27
INC-08255,2025-07-22 21:45:00 [WARN],SRV-002,Malware_Dropper,140
INC-08256,2025-01-27 20:36:00 [WARN],SRV-005,Insider_Threat,71
INC-08257,2025-01-04 17:13:00 [WARN],SRV-001,Phishing,108
INC-08258,2025-07-19 01:39:00 [WARN],SRV-008, DDoS ,26
INC-08259,2025-03-17 22:22:00 [WARN],SRV-002, Brute_Force,115
INC-08260,2025-03-11 23:41:00 [WARN],SRV-002,Cross_Site_Scripting,77
INC-08261,2025-02-22 21:00:00 [WARN],SRV-002, DDoS ,30 hrs
INC-08262,2025-09-23 08:24:00 [WARN],SRV-006,Phishing,89
INC-08263,2025-09-27 11:57:00 [WARN],SRV-008, Brute_Force,70
INC-08264,2025-10-23 22:00:00 [WARN],SRV-007,malware_dropper,76
INC-08265,2025-03-30 06:40:00 [WARN],SRV-007,cross_site_scripting,68
INC-08266,2025-06-02 06:02:00 [WARN],SRV-007,Zero_Day,121
INC-08267,2025-01-19 13:17:00 [WARN],SRV-002, DDoS ,98
INC-08268,2025-02-24 22:18:00 [WARN],SRV-001,Malware_Dropper,50
INC-08269,2025-09-05 12:30:00 [WARN],SRV-007, SQL_Injection ,78
INC-08270,2025-06-27 09:24:00 [WARN],SRV-006,Insider_Threat,72
INC-08271,2025-07-13 14:54:00 [WARN],SRV-006,Malware_Dropper,41
INC-08272,2025-09-13 10:46:00 [WARN],SRV-007,ransomware,141
INC-08273,2025-03-24 16:59:00 [WARN],SRV-004,Phishing,108
INC-08274,2025-08-04 20:48:00 [WARN],SRV-001,Zero_Day,111
INC-08275,2025-08-16 19:27:00 [WARN],SRV-005,Zero_Day,111
INC-08276,2025-08-16 05:37:00 [WARN],SRV-001,Cross_Site_Scripting,109
INC-08277,2025-01-19 06:46:00 [WARN],SRV-002,Zero_Day,5
INC-08278,2025-08-16 14:03:00 [WARN],SRV-003,Ransomware,138
INC-08279,2025-04-18 07:03:00 [WARN],SRV-001, Brute_Force,89
INC-08280,2025-05-02 06:01:00 [WARN],SRV-008, SQL_Injection ,41
INC-08281,2025-10-25 09:31:00 [WARN],SRV-001,Malware_Dropper,2
INC-08282,2025-04-15 05:36:00 [WARN],SRV-004,Malware_Dropper,94
INC-08283,2025-02-27 04:33:00 [WARN],SRV-002,Zero_Day,9
INC-08284,2025-01-01 01:28:00 [WARN],SRV-003,Cross_Site_Scripting,17
INC-08285,2025-07-13 23:08:00 [WARN],SRV-005,insider_threat,147
INC-08286,2025-10-19 04:21:00 [WARN],SRV-003,Cross_Site_Scripting,119
INC-08287,2025-04-06 11:26:00 [WARN],SRV-003,ransomware,103
INC-08288,2025-10-09 20:38:00 [WARN],SRV-008,Cross_Site_Scripting,45
INC-08289,2025-01-21 08:03:00 [WARN],SRV-002, Brute_Force,50
INC-08290,2025-01-03_13:00:00 [ERROR],SRV-007,Ransomware,125
INC-08291,2025-09-28 08:56:00 [WARN],SRV-007, SQL_Injection ,122
INC-08292,2025-11-24 18:47:00 [WARN],SRV-006, SQL_Injection ,19
INC-08293,2025-08-05 19:20:00 [WARN],SRV-002,Phishing,37
INC-08294,2025-01-16 16:39:00 [WARN],SRV-008, Brute_Force,91
INC-08295,2025-08-30 12:42:00 [WARN],SRV-007, DDoS ,25
INC-08296,2025-03-12 19:07:00 [WARN],SRV-005,Insider_Threat,110
INC-08297,2025-01-24 19:16:00 [WARN],SRV-008,phishing,31
INC-08298,2025-11-03 17:18:00 [WARN],SRV-005,cross_site_scripting,38 hrs
INC-08299,2025-05-14 11:25:00 [WARN],SRV-005,Ransomware,99
INC-08300,2025-05-24_22:24:00 [ERROR],SRV-001,phishing,119
INC-08301,2025-04-03_21:40:00 [ERROR],SRV-001,Ransomware,50
INC-08302,2025-08-23 01:43:00 [WARN],SRV-005, Brute_Force,58
INC-08303,2025-06-14 22:51:00 [WARN],SRV-002,Malware_Dropper,24
INC-08304,2025-12-30 01:01:00 [WARN],SRV-001, Brute_Force,136
INC-08305,2025-09-08 20:53:00 [WARN],SRV-006,Cross_Site_Scripting,99
INC-08306,2025-11-05 03:18:00 [WARN],SRV-006,zero_day,143
INC-08307,2025-09-03 22:46:00 [WARN],SRV-001,zero_day,45
INC-08308,2025-03-30 00:26:00 [WARN],SRV-007,Ransomware,98
INC-08309,2025-11-19 21:42:00 [WARN],SRV-008,Malware_Dropper,130
INC-08310,2025-05-15 16:22:00 [WARN],SRV-002,Cross_Site_Scripting,102 hrs
INC-08311,2025-01-17 02:45:00 [WARN],SRV-002,Cross_Site_Scripting,16
INC-08312,2025-01-21 15:43:00 [WARN],SRV-001,Ransomware,61
INC-08313,2025-12-31 09:07:00 [WARN],SRV-002,Zero_Day,77
INC-08314,2025-09-01 00:21:00 [WARN],SRV-005,Zero_Day,20
INC-08315,2025-01-17 01:12:00 [WARN],SRV-003,Cross_Site_Scripting,101
INC-08316,2025-03-27 11:52:00 [WARN],SRV-007,Insider_Threat,55
INC-08317,2025-10-28 11:04:00 [WARN],SRV-006,ransomware,5
INC-08318,2025-03-30 17:47:00 [WARN],SRV-004,Phishing,92
INC-08319,2025-01-21 21:15:00 [WARN],SRV-005,Ransomware,32
INC-08320,2025-08-10 07:19:00 [WARN],SRV-005, Brute_Force,128
INC-08321,2025-03-31 04:46:00 [WARN],SRV-007,Phishing,49
INC-08322,2025-03-18 20:59:00 [WARN],SRV-003, Brute_Force,58
INC-08323,2025-05-27 09:00:00 [WARN],SRV-003,Insider_Threat,112
INC-08324,2025-08-15 21:28:00 [WARN],SRV-002,zero_day,143
INC-08325,2025-03-18_12:43:00 [ERROR],SRV-002,Zero_Day,140
INC-08326,2025-06-23 23:02:00 [WARN],SRV-007,phishing,118
INC-08327,2025-12-26 23:58:00 [WARN],SRV-007,Cross_Site_Scripting,56
INC-08328,2025-06-02 04:51:00 [WARN],SRV-003,Zero_Day,110
INC-08329,2025-05-26 17:23:00 [WARN],SRV-006, SQL_Injection ,31
INC-08330,2025-07-04 14:01:00 [WARN],SRV-004, Brute_Force,48
INC-08331,2025-04-22_11:55:00 [ERROR],SRV-007,Malware_Dropper,47
INC-08332,2025-11-03 05:57:00 [WARN],SRV-005, Brute_Force,35
INC-08333,2025-11-21 10:03:00 [WARN],SRV-003,cross_site_scripting,53
INC-08334,2025-10-26 04:07:00 [WARN],SRV-008,Phishing,117
INC-08335,2025-09-24 14:32:00 [WARN],SRV-001,Cross_Site_Scripting,137
INC-08336,2025-10-03 05:45:00 [WARN],SRV-004, DDoS ,17
INC-08337,2025-05-12 03:37:00 [WARN],SRV-001,Cross_Site_Scripting,103
INC-08338,2025-06-22 20:38:00 [WARN],SRV-002,Ransomware,54
INC-08339,2025-06-04 05:52:00 [WARN],SRV-008,Cross_Site_Scripting,104
INC-08340,2025-12-08_12:21:00 [ERROR],SRV-006,Insider_Threat,2
INC-08341,2025-07-18 13:11:00 [WARN],SRV-006, Brute_Force,49
INC-08342,2025-08-14_16:56:00 [ERROR],SRV-006, brute_force,135
INC-08343,2025-07-26 04:01:00 [WARN],SRV-006,Insider_Threat,80
INC-08344,2025-04-14 10:49:00 [WARN],SRV-001,Ransomware,73
INC-08345,2025-11-26 06:07:00 [WARN],SRV-003,Zero_Day,95
INC-08346,2025-05-29 07:00:00 [WARN],SRV-007,Malware_Dropper,7
INC-08347,2025-06-03 18:32:00 [WARN],SRV-002, sql_injection ,147
INC-08348,2025-01-07 01:31:00 [WARN],SRV-003,ransomware,70
INC-08349,2025-03-07 10:37:00 [WARN],SRV-001,Insider_Threat,96
INC-08350,2025-03-20 05:38:00 [WARN],SRV-002,Ransomware,138
INC-08351,2025-04-10 05:26:00 [WARN],SRV-002, SQL_Injection ,89
INC-08352,2025-01-22 22:32:00 [WARN],SRV-007, Brute_Force,96
INC-08353,2025-11-28_13:38:00 [ERROR],SRV-008,Ransomware,61
INC-08354,2025-02-22 09:50:00 [WARN],SRV-002, SQL_Injection ,134
INC-08355,2025-07-24 06:18:00 [WARN],SRV-004,cross_site_scripting,125
INC-08356,2025-10-11 18:36:00 [WARN],SRV-002,Ransomware,148
INC-08357,2025-11-04 04:00:00 [WARN],SRV-001,Phishing,41
INC-08358,2025-01-09 23:39:00 [WARN],SRV-004,Cross_Site_Scripting,43
INC-08359,2025-01-24_09:56:00 [ERROR],SRV-003,Malware_Dropper,2
INC-08360,2025-06-14 01:11:00 [WARN],SRV-002,Phishing,85
INC-08361,2025-04-15 00:03:00 [WARN],SRV-007,phishing,89
INC-08362,2025-03-14 01:26:00 [WARN],SRV-004, Brute_Force,113
INC-08363,2025-10-11 18:24:00 [WARN],SRV-002, DDoS ,49
INC-08364,2025-02-13 14:36:00 [WARN],SRV-003,Phishing,107
INC-08365,2025-01-02 20:39:00 [WARN],SRV-005, SQL_Injection ,112
INC-08366,2025-07-12 14:50:00 [WARN],SRV-003, DDoS ,27
INC-08367,2025-03-23 09:24:00 [WARN],SRV-005,zero_day,13
INC-08368,2025-06-14 04:56:00 [WARN],SRV-006, Brute_Force,1
INC-08369,2025-04-05 14:36:00 [WARN],SRV-008, DDoS ,96
INC-08370,2025-03-17 17:56:00 [WARN],SRV-008,Zero_Day,9
INC-08371,2025-05-07 02:42:00 [WARN],SRV-003,Insider_Threat,136
INC-08372,2025-05-27_13:18:00 [ERROR],SRV-007,Ransomware,86
INC-08373,2025-07-18 13:09:00 [WARN],SRV-008,Cross_Site_Scripting,22
INC-08374,2025-10-31 11:16:00 [WARN],SRV-002,ransomware,112
INC-08375,2025-10-18 18:39:00 [WARN],SRV-005, Brute_Force,77
INC-08376,2025-10-12_22:25:00 [ERROR],SRV-003, ddos ,18
INC-08377,2026-01-01 07:27:00 [WARN],SRV-001,Cross_Site_Scripting,93
INC-08378,2025-03-02 19:46:00 [WARN],SRV-004,malware_dropper,18
INC-08379,2025-04-23 17:59:00 [WARN],SRV-007,Malware_Dropper,36
INC-08380,2025-08-12 10:53:00 [WARN],SRV-008,Zero_Day,46
INC-08381,2025-01-21 07:08:00 [WARN],SRV-006,Cross_Site_Scripting,52
INC-08382,2025-04-03 12:51:00 [WARN],SRV-004,Insider_Threat,79
INC-08383,2025-07-11 04:47:00 [WARN],SRV-003,phishing,60
INC-08384,2025-01-27 22:48:00 [WARN],SRV-004,Phishing,14 hrs
INC-08385,2025-11-17 07:23:00 [WARN],SRV-001, DDoS ,32
INC-08386,2025-05-21 06:59:00 [WARN],SRV-001, brute_force,27
INC-08387,2025-10-16 14:41:00 [WARN],SRV-005,phishing,96
INC-08388,2025-07-27 23:59:00 [WARN],SRV-003, Brute_Force,110
INC-08389,2025-10-07 14:35:00 [WARN],SRV-005, Brute_Force,100
INC-08390,2025-12-22 02:05:00 [WARN],SRV-008,Phishing,126
INC-08391,2025-07-19_02:24:00 [ERROR],SRV-003, SQL_Injection ,120
INC-08392,2025-07-25 16:36:00 [WARN],SRV-002, DDoS ,37
INC-08393,2025-09-23 23:06:00 [WARN],SRV-006,Phishing,45
INC-08394,2025-03-10_10:11:00 [ERROR],SRV-005, Brute_Force,74
INC-08395,2025-05-11 20:38:00 [WARN],SRV-005,Malware_Dropper,64
INC-08396,2025-04-10_21:11:00 [ERROR],SRV-005, SQL_Injection ,121
INC-08397,2025-08-13 21:16:00 [WARN],SRV-007,ransomware,3
INC-08398,2025-04-07 09:03:00 [WARN],SRV-008,Insider_Threat,81
INC-08399,2025-06-12_20:42:00 [ERROR],SRV-003,Ransomware,41
INC-08400,2025-01-23 22:33:00 [WARN],SRV-004,malware_dropper,
INC-08401,2025-06-07 20:02:00 [WARN],SRV-003, SQL_Injection ,91
INC-08402,2025-11-19 17:14:00 [WARN],SRV-002,ransomware,100
INC-08403,2025-10-08 03:05:00 [WARN],SRV-008,Insider_Threat,111
INC-08404,2025-10-16 21:55:00 [WARN],SRV-004, Brute_Force,91
INC-08405,2025-04-24 10:07:00 [WARN],SRV-006,Zero_Day,133
INC-08406,2025-09-07 18:33:00 [WARN],SRV-004,cross_site_scripting,103
INC-08407,2025-12-02 00:06:00 [WARN],SRV-005,Zero_Day,104
INC-08408,2025-01-09_12:20:00 [ERROR],SRV-004,Phishing,107
INC-08409,2025-10-11 23:26:00 [WARN],SRV-004,malware_dropper,57
INC-08410,2025-09-18 00:32:00 [WARN],SRV-006, Brute_Force,139
INC-08411,2025-11-21 12:35:00 [WARN],SRV-006,Insider_Threat,136 hrs
INC-08412,2025-02-24 02:57:00 [WARN],SRV-003, SQL_Injection ,25
INC-08413,2025-09-27 19:14:00 [WARN],SRV-007,zero_day,34
INC-08414,2025-09-08 00:08:00 [WARN],SRV-002,Ransomware,98
INC-08415,2025-06-09 10:38:00 [WARN],SRV-002,Phishing,63
INC-08416,2025-08-18 18:54:00 [WARN],SRV-003, Brute_Force,80
INC-08417,2025-06-06 19:06:00 [WARN],SRV-003,Ransomware,7
INC-08418,2025-08-06 14:23:00 [WARN],SRV-004, SQL_Injection ,57
INC-08419,2025-02-23 21:40:00 [WARN],SRV-003,Malware_Dropper,116
INC-08420,2025-05-12 21:19:00 [WARN],SRV-005,Insider_Threat,24 hrs
INC-08421,2025-12-05 18:02:00 [WARN],SRV-004, SQL_Injection ,125
INC-08422,2025-12-12_08:05:00 [ERROR],SRV-002,Malware_Dropper,87
INC-08423,2025-08-10 04:43:00 [WARN],SRV-001,zero_day,8
INC-08424,2025-08-29 17:53:00 [WARN],SRV-007, DDoS ,104
INC-08425,2025-12-13 06:56:00 [WARN],SRV-006, sql_injection ,95
INC-08426,2025-10-29_18:09:00 [ERROR],SRV-004, Brute_Force,131
INC-08427,2025-05-26 05:27:00 [WARN],SRV-003,malware_dropper,133
INC-08428,2025-07-13 14:56:00 [WARN],SRV-001, DDoS ,65
INC-08429,2025-09-29 07:09:00 [WARN],SRV-007, DDoS ,88
INC-08430,2025-11-02 11:16:00 [WARN],SRV-008,Zero_Day,69
INC-08431,2025-02-20 18:46:00 [WARN],SRV-003,insider_threat,55
INC-08432,2025-03-16 00:38:00 [WARN],SRV-004,Zero_Day,131
INC-08433,2025-09-20 19:36:00 [WARN],SRV-007,Malware_Dropper,104
INC-08434,2025-12-31 03:08:00 [WARN],SRV-004,phishing,112
INC-08435,2025-07-26 21:15:00 [WARN],SRV-005, brute_force,96
INC-08436,2025-11-04 03:44:00 [WARN],SRV-002,Zero_Day,144
INC-08437,2025-09-05 08:39:00 [WARN],SRV-008, SQL_Injection ,46
INC-08438,2025-04-21 15:48:00 [WARN],SRV-001, brute_force,109
INC-08439,2025-01-06 20:53:00 [WARN],SRV-001,cross_site_scripting,119
INC-08440,2025-09-11_09:16:00 [ERROR],SRV-005,insider_threat,134
INC-08441,2025-03-12 20:57:00 [WARN],SRV-007, Brute_Force,94
INC-08442,2025-03-21 19:35:00 [WARN],SRV-005,Insider_Threat,30
INC-08443,2025-02-25 01:33:00 [WARN],SRV-008,Malware_Dropper,112
INC-08444,2025-09-05 11:51:00 [WARN],SRV-008, SQL_Injection ,131
INC-08445,2025-12-24_05:34:00 [ERROR],SRV-001, Brute_Force,109
INC-08446,2025-11-17 13:00:00 [WARN],SRV-001,insider_threat,89
INC-08447,2025-04-15_14:07:00 [ERROR],SRV-005, SQL_Injection ,
INC-08448,2025-05-05 17:15:00 [WARN],SRV-008,Insider_Threat,25
INC-08449,2025-06-15 10:52:00 [WARN],SRV-006,Insider_Threat,59
INC-08450,2025-10-11_09:35:00 [ERROR],SRV-002, SQL_Injection ,6
INC-08451,2025-06-24 04:56:00 [WARN],SRV-007, Brute_Force,70
INC-08452,2025-02-27 13:06:00 [WARN],SRV-005, SQL_Injection ,92
INC-08453,2025-08-12 05:30:00 [WARN],SRV-008, DDoS ,32
INC-08454,2025-07-11 16:35:00 [WARN],SRV-008,Zero_Day,118 hrs
INC-08455,2025-02-23 12:28:00 [WARN],SRV-006,ransomware,93
INC-08456,2025-03-01 18:25:00 [WARN],SRV-003, SQL_Injection ,103
INC-08457,2025-09-01 11:57:00 [WARN],SRV-001, Brute_Force,37
INC-08458,2025-01-19 20:14:00 [WARN],SRV-003, DDoS ,78
INC-08459,2025-11-19 09:39:00 [WARN],SRV-008,Cross_Site_Scripting,76
INC-08460,2025-12-07 23:09:00 [WARN],SRV-007,Phishing,125
INC-08461,2025-11-07 04:23:00 [WARN],SRV-008, sql_injection ,80
INC-08462,2025-03-14 17:44:00 [WARN],SRV-003, SQL_Injection ,6
INC-08463,2025-12-16 10:43:00 [WARN],SRV-004, Brute_Force,144
INC-08464,2025-07-31_12:17:00 [ERROR],SRV-006,Ransomware,54
INC-08465,2025-10-22 03:31:00 [WARN],SRV-008,Cross_Site_Scripting,11
INC-08466,2025-10-08_04:05:00 [ERROR],SRV-003,Cross_Site_Scripting,47
INC-08467,2025-06-01 12:54:00 [WARN],SRV-001,ransomware,8
INC-08468,2025-02-10 00:25:00 [WARN],SRV-002, SQL_Injection ,109
INC-08469,2025-09-03 03:50:00 [WARN],SRV-002,Insider_Threat,101
INC-08470,2025-11-25_05:05:00 [ERROR],SRV-001, Brute_Force,64
INC-08471,2025-10-08 18:41:00 [WARN],SRV-003, Brute_Force,30
INC-08472,2025-08-12_07:15:00 [ERROR],SRV-004, DDoS ,48
INC-08473,2025-12-10 22:37:00 [WARN],SRV-002, Brute_Force,110
INC-08474,2025-02-12 19:56:00 [WARN],SRV-007,Cross_Site_Scripting,7
INC-08475,2025-09-24 10:35:00 [WARN],SRV-001, sql_injection ,27
INC-08476,2025-06-30 13:49:00 [WARN],SRV-001,Malware_Dropper,126
INC-08477,2025-07-14 07:55:00 [WARN],SRV-007,Cross_Site_Scripting,103
INC-08478,2025-05-27 18:28:00 [WARN],SRV-002,Phishing,43
INC-08479,2025-08-18 05:01:00 [WARN],SRV-003,Cross_Site_Scripting,45
INC-08480,2025-11-10 23:32:00 [WARN],SRV-006,Ransomware,56
INC-08481,2025-01-26 05:42:00 [WARN],SRV-003, ddos ,44
INC-08482,2025-02-20 03:56:00 [WARN],SRV-005,Insider_Threat,13
INC-08483,2025-09-20 20:54:00 [WARN],SRV-006, DDoS ,59
INC-08484,2025-07-02 20:08:00 [WARN],SRV-003,ransomware,74
INC-08485,2025-01-16 20:39:00 [WARN],SRV-006,Cross_Site_Scripting,6
INC-08486,2025-03-25 23:37:00 [WARN],SRV-001,Insider_Threat,113
INC-08487,2025-09-27 06:51:00 [WARN],SRV-004, brute_force,7
INC-08488,2025-09-22 00:52:00 [WARN],SRV-002,Phishing,106
INC-08489,2025-07-28 19:32:00 [WARN],SRV-007,Ransomware,77
INC-08490,2025-10-14 15:25:00 [WARN],SRV-001,Cross_Site_Scripting,56
INC-08491,2025-10-04 09:15:00 [WARN],SRV-007,Phishing,60
INC-08492,2025-12-14 17:34:00 [WARN],SRV-002,Cross_Site_Scripting,88
INC-08493,2025-03-15 01:43:00 [WARN],SRV-006,Phishing,65
INC-08494,2025-02-23 06:54:00 [WARN],SRV-001, brute_force,100
INC-08495,2025-02-27 09:39:00 [WARN],SRV-003,Zero_Day,66
INC-08496,2025-11-26 02:12:00 [WARN],SRV-005,Cross_Site_Scripting,56
INC-08497,2025-07-03 16:28:00 [WARN],SRV-005,Ransomware,17
INC-08498,2025-07-13 11:34:00 [WARN],SRV-002,Cross_Site_Scripting,100
INC-08499,2025-02-03_04:55:00 [ERROR],SRV-007, DDoS ,65 hrs
INC-08500,2025-04-01 02:32:00 [WARN],SRV-003,Insider_Threat,139
INC-08501,2025-10-01 14:01:00 [WARN],SRV-001, SQL_Injection ,
INC-08502,2025-01-17 17:21:00 [WARN],SRV-008,Cross_Site_Scripting,70
INC-08503,2025-12-25 18:46:00 [WARN],SRV-005, SQL_Injection ,114
INC-08504,2025-10-31 11:54:00 [WARN],SRV-004,Cross_Site_Scripting,94
INC-08505,2025-06-17 08:23:00 [WARN],SRV-003,Zero_Day,21
INC-08506,2025-05-08 06:45:00 [WARN],SRV-002,zero_day,139
INC-08507,2025-08-07 05:36:00 [WARN],SRV-002,Zero_Day,105
INC-08508,2025-05-09 00:39:00 [WARN],SRV-003, brute_force,28
INC-08509,2025-04-09 11:53:00 [WARN],SRV-001,insider_threat,137
INC-08510,2025-03-11 10:08:00 [WARN],SRV-006, DDoS ,101
INC-08511,2025-01-19 05:28:00 [WARN],SRV-007,malware_dropper,58
INC-08512,2025-10-07_02:14:00 [ERROR],SRV-008,Ransomware,73
INC-08513,2025-03-11 09:36:00 [WARN],SRV-001,Malware_Dropper,86
INC-08514,2025-04-22 08:14:00 [WARN],SRV-004,Zero_Day,62
INC-08515,2025-04-29 00:14:00 [WARN],SRV-004,Zero_Day,1
INC-08516,2025-06-05 01:57:00 [WARN],SRV-001,Malware_Dropper,100
INC-08517,2025-04-07 11:40:00 [WARN],SRV-005,Ransomware,86
INC-08518,2025-02-04 02:41:00 [WARN],SRV-004,cross_site_scripting,98
INC-08519,2025-03-01 06:18:00 [WARN],SRV-005, DDoS ,104
INC-08520,2025-04-28 16:19:00 [WARN],SRV-008,insider_threat,70
INC-08521,2025-12-31 07:16:00 [WARN],SRV-003, Brute_Force,129
INC-08522,2025-09-27 01:30:00 [WARN],SRV-003,Zero_Day,27
INC-08523,2025-06-25 21:05:00 [WARN],SRV-003, SQL_Injection ,73
INC-08524,2025-01-12_06:45:00 [ERROR],SRV-004, sql_injection ,150
INC-08525,2025-09-25_20:09:00 [ERROR],SRV-006,Insider_Threat,141
INC-08526,2025-09-06_10:23:00 [ERROR],SRV-005, sql_injection ,45
INC-08527,2025-05-31 16:39:00 [WARN],SRV-004,phishing,73
INC-08528,2025-09-13 22:47:00 [WARN],SRV-005,Malware_Dropper,92
INC-08529,2025-09-21 01:10:00 [WARN],SRV-008,Cross_Site_Scripting,4
INC-08530,2025-01-13_22:45:00 [ERROR],SRV-008, Brute_Force,111
INC-08531,2025-11-07 02:22:00 [WARN],SRV-008, SQL_Injection ,42
INC-08532,2025-03-18 00:13:00 [WARN],SRV-004,Cross_Site_Scripting,73
INC-08533,2025-03-26 14:33:00 [WARN],SRV-001,Malware_Dropper,56
INC-08534,2025-10-04 03:42:00 [WARN],SRV-002,Malware_Dropper,59
INC-08535,2025-08-08 15:10:00 [WARN],SRV-007,Ransomware,150 hrs
INC-08536,2025-11-24 04:10:00 [WARN],SRV-006,ransomware,147
INC-08537,2025-03-06 06:18:00 [WARN],SRV-001,Zero_Day,5
INC-08538,2025-07-14 00:45:00 [WARN],SRV-001,malware_dropper,8
INC-08539,2025-08-20 19:54:00 [WARN],SRV-001,Phishing,113
INC-08540,2025-06-29 17:52:00 [WARN],SRV-008,phishing,61
INC-08541,2025-10-08_08:07:00 [ERROR],SRV-005, ddos ,138
INC-08542,2025-11-18 02:18:00 [WARN],SRV-003,Ransomware,28
INC-08543,2025-04-07_07:42:00 [ERROR],SRV-001,cross_site_scripting,103
INC-08544,2025-01-31 21:42:00 [WARN],SRV-007,Insider_Threat,23
INC-08545,2025-05-30 23:57:00 [WARN],SRV-008,Cross_Site_Scripting,114
INC-08546,2025-02-05 01:50:00 [WARN],SRV-001,Phishing,145
INC-08547,2025-11-06_17:20:00 [ERROR],SRV-007,Malware_Dropper,132
INC-08548,2025-05-14_10:22:00 [ERROR],SRV-004,zero_day,82
INC-08549,2025-01-02 08:13:00 [WARN],SRV-003, ddos ,131
INC-08550,2025-01-20 10:36:00 [WARN],SRV-001,Phishing,89
INC-08551,2025-09-06 03:54:00 [WARN],SRV-007,Phishing,97
INC-08552,2025-03-01 15:22:00 [WARN],SRV-002,Phishing,98
INC-08553,2025-01-05 21:52:00 [WARN],SRV-003,cross_site_scripting,20
INC-08554,2025-03-30_09:28:00 [ERROR],SRV-003,Ransomware,125
INC-08555,2025-11-19 22:09:00 [WARN],SRV-004,Insider_Threat,52
INC-08556,2025-12-31 21:30:00 [WARN],SRV-007, Brute_Force,66
INC-08557,2025-11-29 03:01:00 [WARN],SRV-001,Malware_Dropper,29
INC-08558,2025-08-19 23:56:00 [WARN],SRV-008,Phishing,36 hrs
INC-08559,2025-09-16 06:31:00 [WARN],SRV-002,Insider_Threat,116 hrs
INC-08560,2025-04-28 07:08:00 [WARN],SRV-007,Cross_Site_Scripting,73
INC-08561,2026-01-01 01:33:00 [WARN],SRV-005,Malware_Dropper,117
INC-08562,2025-01-16 12:18:00 [WARN],SRV-006,Malware_Dropper,82
INC-08563,2025-03-09 06:12:00 [WARN],SRV-003,Phishing,72
INC-08564,2025-08-12 05:51:00 [WARN],SRV-006,Ransomware,132
INC-08565,2025-11-28 03:24:00 [WARN],SRV-004,Insider_Threat,101
INC-08566,2025-03-14 10:50:00 [WARN],SRV-003,Phishing,18 hrs
INC-08567,2025-05-16 21:10:00 [WARN],SRV-004, DDoS ,22
INC-08568,2025-07-06 00:32:00 [WARN],SRV-006,Phishing,53
INC-08569,2025-02-07 21:35:00 [WARN],SRV-006,Malware_Dropper,114
INC-08570,2025-04-18 01:40:00 [WARN],SRV-002,zero_day,10
INC-08571,2025-06-26 04:10:00 [WARN],SRV-005,Insider_Threat,45
INC-08572,2025-09-10 20:33:00 [WARN],SRV-001,Ransomware,35
INC-08573,2025-09-26 15:59:00 [WARN],SRV-006, Brute_Force,135
INC-08574,2025-10-01 15:14:00 [WARN],SRV-004,Zero_Day,122
INC-08575,2025-07-03 23:36:00 [WARN],SRV-004, Brute_Force,125
INC-08576,2025-05-08_23:24:00 [ERROR],SRV-005, ddos ,31
INC-08577,2025-07-02 20:21:00 [WARN],SRV-007,Insider_Threat,115
INC-08578,2025-06-10 16:22:00 [WARN],SRV-007,Cross_Site_Scripting,46
INC-08579,2025-06-16 01:46:00 [WARN],SRV-008,insider_threat,96
INC-08580,2025-09-30 15:27:00 [WARN],SRV-006,insider_threat,69
INC-08581,2025-01-25 20:03:00 [WARN],SRV-008,Zero_Day,55
INC-08582,2025-09-02 19:44:00 [WARN],SRV-005, DDoS ,80
INC-08583,2025-08-11 06:40:00 [WARN],SRV-008, SQL_Injection ,95
INC-08584,2025-03-31 22:32:00 [WARN],SRV-005, DDoS ,150
INC-08585,2025-04-13 02:08:00 [WARN],SRV-008, DDoS ,143
INC-08586,2025-01-25 22:16:00 [WARN],SRV-004,insider_threat,85
INC-08587,2025-02-08 10:12:00 [WARN],SRV-004,Malware_Dropper,148
INC-08588,2025-04-27 02:20:00 [WARN],SRV-003,Insider_Threat,120
INC-08589,2025-10-03 09:51:00 [WARN],SRV-003,Insider_Threat,52
INC-08590,2025-08-18 06:29:00 [WARN],SRV-006, DDoS ,74
INC-08591,2025-11-09 17:08:00 [WARN],SRV-005,Zero_Day,115
INC-08592,2025-03-29 21:15:00 [WARN],SRV-005, Brute_Force,119
INC-08593,2025-09-12 05:17:00 [WARN],SRV-007, SQL_Injection ,113
INC-08594,2025-05-05 08:11:00 [WARN],SRV-007,Zero_Day,50
INC-08595,2025-11-26 04:40:00 [WARN],SRV-002, SQL_Injection ,58
INC-08596,2026-01-01_17:16:00 [ERROR],SRV-008, SQL_Injection ,61
INC-08597,2025-11-16 09:11:00 [WARN],SRV-008,Ransomware,30
INC-08598,2025-04-24 19:51:00 [WARN],SRV-007,cross_site_scripting,117
INC-08599,2025-09-16 02:40:00 [WARN],SRV-001,Insider_Threat,70
INC-08600,2025-10-24 21:23:00 [WARN],SRV-007, ddos ,131
INC-08601,2025-05-05 10:57:00 [WARN],SRV-006, DDoS ,64
INC-08602,2026-01-01 19:43:00 [WARN],SRV-001,Zero_Day,23
INC-08603,2025-10-29 09:56:00 [WARN],SRV-008, SQL_Injection ,83 hrs
INC-08604,2025-05-14 15:09:00 [WARN],SRV-007, ddos ,98
INC-08605,2025-11-05 21:48:00 [WARN],SRV-004, Brute_Force,65
INC-08606,2025-01-07 12:54:00 [WARN],SRV-006,zero_day,110
INC-08607,2025-06-14 23:30:00 [WARN],SRV-002,Ransomware,83
INC-08608,2025-07-15 07:05:00 [WARN],SRV-008,Insider_Threat,131
INC-08609,2025-06-17 06:03:00 [WARN],SRV-003,Zero_Day,145
INC-08610,2025-03-08 07:05:00 [WARN],SRV-002, SQL_Injection ,100
INC-08611,2025-05-03 17:02:00 [WARN],SRV-003,Insider_Threat,107
INC-08612,2025-09-17 05:53:00 [WARN],SRV-005,insider_threat,4
INC-08613,2025-08-31 02:17:00 [WARN],SRV-008, brute_force,44
INC-08614,2025-06-11 23:00:00 [WARN],SRV-001,Cross_Site_Scripting,1
INC-08615,2025-03-08 22:45:00 [WARN],SRV-005,Ransomware,
INC-08616,2025-11-29_07:33:00 [ERROR],SRV-005,Phishing,104
INC-08617,2025-06-08 22:57:00 [WARN],SRV-008,Zero_Day,59
INC-08618,2025-03-16 05:41:00 [WARN],SRV-001, DDoS ,34
INC-08619,2025-05-29 17:41:00 [WARN],SRV-006,Ransomware,136 hrs
INC-08620,2025-12-22 20:14:00 [WARN],SRV-007,cross_site_scripting,110
INC-08621,2025-12-22 18:56:00 [WARN],SRV-005,Insider_Threat,145
INC-08622,2025-06-08 18:49:00 [WARN],SRV-005,malware_dropper,81
INC-08623,2025-07-08 04:37:00 [WARN],SRV-005,Phishing,88
INC-08624,2025-01-17 19:56:00 [WARN],SRV-008, SQL_Injection ,62
INC-08625,2025-04-24 01:29:00 [WARN],SRV-006,Phishing,94 hrs
INC-08626,2025-11-04 09:20:00 [WARN],SRV-003,malware_dropper,105
INC-08627,2025-01-10_14:11:00 [ERROR],SRV-007,cross_site_scripting,17
INC-08628,2025-07-13_15:46:00 [ERROR],SRV-002, SQL_Injection ,77
INC-08629,2025-08-19 16:53:00 [WARN],SRV-008,phishing,127
INC-08630,2025-03-26 01:05:00 [WARN],SRV-008, ddos ,107
INC-08631,2025-12-23_17:09:00 [ERROR],SRV-001,Insider_Threat,97
INC-08632,2025-03-10 23:42:00 [WARN],SRV-002,Malware_Dropper,113
INC-08633,2025-01-04 07:26:00 [WARN],SRV-004,Phishing,42 hrs
INC-08634,2025-09-13_19:19:00 [ERROR],SRV-006, brute_force,20
INC-08635,2025-11-30 02:37:00 [WARN],SRV-006,insider_threat,69
INC-08636,2025-05-19 12:56:00 [WARN],SRV-007,Ransomware,103
INC-08637,2025-04-01 14:12:00 [WARN],SRV-005,Cross_Site_Scripting,54
INC-08638,2025-11-12 06:52:00 [WARN],SRV-008,Ransomware,70
INC-08639,2025-04-11 18:04:00 [WARN],SRV-008,Malware_Dropper,123
INC-08640,2025-12-13 21:25:00 [WARN],SRV-007,Cross_Site_Scripting,144
INC-08641,2025-01-25 04:14:00 [WARN],SRV-006, SQL_Injection ,26
INC-08642,2025-01-24 17:17:00 [WARN],SRV-002,Ransomware,14
INC-08643,2025-11-20 07:33:00 [WARN],SRV-006,ransomware,140
INC-08644,2025-07-29 02:10:00 [WARN],SRV-001, Brute_Force,116
INC-08645,2025-01-07 05:37:00 [WARN],SRV-005,phishing,21 hrs
INC-08646,2025-01-16 04:07:00 [WARN],SRV-005, DDoS ,109
INC-08647,2025-03-24 21:56:00 [WARN],SRV-008,Cross_Site_Scripting,25
INC-08648,2025-04-29 00:19:00 [WARN],SRV-005, SQL_Injection ,101
INC-08649,2025-10-10 06:48:00 [WARN],SRV-001,Zero_Day,10
INC-08650,2025-02-23 22:34:00 [WARN],SRV-001,Insider_Threat,149
INC-08651,2025-12-04 16:03:00 [WARN],SRV-001, SQL_Injection ,129
INC-08652,2025-01-16 14:33:00 [WARN],SRV-008,Ransomware,85
INC-08653,2025-11-24 09:52:00 [WARN],SRV-001,Insider_Threat,141
INC-08654,2025-10-27 02:21:00 [WARN],SRV-008,Cross_Site_Scripting,37
INC-08655,2025-01-25 12:48:00 [WARN],SRV-003,insider_threat,119
INC-08656,2025-01-07 20:07:00 [WARN],SRV-003,Malware_Dropper,122
INC-08657,2025-04-02 09:54:00 [WARN],SRV-001, Brute_Force,139
INC-08658,2025-08-25 06:09:00 [WARN],SRV-006, brute_force,8
INC-08659,2025-09-17 11:38:00 [WARN],SRV-002, sql_injection ,108
INC-08660,2025-02-16 08:59:00 [WARN],SRV-004,malware_dropper,58
INC-08661,2025-11-18 15:11:00 [WARN],SRV-002, SQL_Injection ,147
INC-08662,2025-03-02 07:49:00 [WARN],SRV-004,Cross_Site_Scripting,86
INC-08663,2025-10-31 08:05:00 [WARN],SRV-003,malware_dropper,12
INC-08664,2025-12-16 10:43:00 [WARN],SRV-001,Phishing,142
INC-08665,2025-11-15 11:33:00 [WARN],SRV-003, SQL_Injection ,57
INC-08666,2025-04-10 02:22:00 [WARN],SRV-008,Ransomware,122
INC-08667,2025-06-20 05:59:00 [WARN],SRV-005, SQL_Injection ,104
INC-08668,2025-02-28 03:23:00 [WARN],SRV-005,Phishing,51
INC-08669,2025-09-27 06:26:00 [WARN],SRV-002,Cross_Site_Scripting,146
INC-08670,2025-06-05 19:39:00 [WARN],SRV-007,Zero_Day,72
INC-08671,2025-07-03 08:20:00 [WARN],SRV-006, SQL_Injection ,18
INC-08672,2025-12-05 17:32:00 [WARN],SRV-001,Zero_Day,22
INC-08673,2025-09-14 16:02:00 [WARN],SRV-003,Ransomware,75
INC-08674,2025-04-28 02:00:00 [WARN],SRV-002, SQL_Injection ,80
INC-08675,2025-04-28 07:06:00 [WARN],SRV-007,Malware_Dropper,
INC-08676,2025-10-28 23:05:00 [WARN],SRV-007,Phishing,15
INC-08677,2025-08-14 03:54:00 [WARN],SRV-004, DDoS ,50
INC-08678,2025-08-20 11:25:00 [WARN],SRV-003,zero_day,41
INC-08679,2025-08-15 12:03:00 [WARN],SRV-002, SQL_Injection ,120
INC-08680,2025-08-14 18:51:00 [WARN],SRV-006,Cross_Site_Scripting,75
INC-08681,2025-04-10 20:37:00 [WARN],SRV-005,Zero_Day,24
INC-08682,2025-10-27 02:32:00 [WARN],SRV-002, SQL_Injection ,111
INC-08683,2025-07-15 03:32:00 [WARN],SRV-008,Malware_Dropper,130
INC-08684,2025-05-05 10:23:00 [WARN],SRV-007,ransomware,58
INC-08685,2025-08-31 22:19:00 [WARN],SRV-001,Malware_Dropper,38
INC-08686,2025-01-28 23:30:00 [WARN],SRV-006,Ransomware,66
INC-08687,2025-12-08 11:34:00 [WARN],SRV-002,malware_dropper,39
INC-08688,2025-09-06 02:30:00 [WARN],SRV-008, Brute_Force,95
INC-08689,2025-02-12 15:30:00 [WARN],SRV-001, SQL_Injection ,24
INC-08690,2025-06-29 15:18:00 [WARN],SRV-001,Zero_Day,83
INC-08691,2025-12-07 03:52:00 [WARN],SRV-008, SQL_Injection ,140
INC-08692,2025-08-08 01:21:00 [WARN],SRV-006, Brute_Force,150
INC-08693,2025-03-04 07:47:00 [WARN],SRV-004,Ransomware,128
INC-08694,2025-01-16 00:33:00 [WARN],SRV-006,Phishing,110 hrs
INC-08695,2025-06-20 07:26:00 [WARN],SRV-001,Cross_Site_Scripting,63
INC-08696,2025-10-09 21:41:00 [WARN],SRV-003, DDoS ,124
INC-08697,2025-10-16 06:32:00 [WARN],SRV-001, SQL_Injection ,47
INC-08698,2025-10-20 03:53:00 [WARN],SRV-002,Zero_Day,100
INC-08699,2025-04-24 23:10:00 [WARN],SRV-006,Ransomware,98 hrs
INC-08700,2025-12-21 01:59:00 [WARN],SRV-001,ransomware,53
INC-08701,2025-06-06 04:02:00 [WARN],SRV-005,Phishing,147
INC-08702,2025-12-30 03:14:00 [WARN],SRV-005, SQL_Injection ,92
INC-08703,2025-01-15 23:53:00 [WARN],SRV-005,Malware_Dropper,133
INC-08704,2025-09-14 03:27:00 [WARN],SRV-001,insider_threat,10
INC-08705,2025-01-10 02:43:00 [WARN],SRV-003,Insider_Threat,128
INC-08706,2025-09-24 02:17:00 [WARN],SRV-008, SQL_Injection ,91
INC-08707,2025-10-19_09:03:00 [ERROR],SRV-003,Insider_Threat,11
INC-08708,2025-04-16 19:42:00 [WARN],SRV-004,Zero_Day,148
INC-08709,2025-10-09 09:19:00 [WARN],SRV-008, Brute_Force,49
INC-08710,2025-05-29 14:23:00 [WARN],SRV-007, DDoS ,31
INC-08711,2025-06-22 21:11:00 [WARN],SRV-007, DDoS ,137
INC-08712,2025-01-31 08:29:00 [WARN],SRV-003,Phishing,25
INC-08713,2025-06-15 12:35:00 [WARN],SRV-006, SQL_Injection ,33
INC-08714,2025-02-24 02:51:00 [WARN],SRV-005,Phishing,33
INC-08715,2025-08-07 17:21:00 [WARN],SRV-006,Phishing,113
INC-08716,2025-11-22 11:01:00 [WARN],SRV-003,zero_day,29
INC-08717,2025-11-07 17:38:00 [WARN],SRV-003,Cross_Site_Scripting,12
INC-08718,2025-08-20 17:49:00 [WARN],SRV-008,Insider_Threat,84
INC-08719,2025-01-01_03:09:00 [ERROR],SRV-003,ransomware,85
INC-08720,2025-06-04 19:18:00 [WARN],SRV-008,Zero_Day,4
INC-08721,2025-11-27 07:01:00 [WARN],SRV-002,Cross_Site_Scripting,6
INC-08722,2025-04-03_07:36:00 [ERROR],SRV-006,Cross_Site_Scripting,149
INC-08723,2025-01-23 06:16:00 [WARN],SRV-005,Phishing,117
INC-08724,2025-04-02 19:52:00 [WARN],SRV-001, SQL_Injection ,37
INC-08725,2025-03-07 20:25:00 [WARN],SRV-001,Ransomware,51
INC-08726,2025-12-06 13:09:00 [WARN],SRV-004,Ransomware,144
INC-08727,2025-01-19 03:56:00 [WARN],SRV-003, SQL_Injection ,7
INC-08728,2025-11-30 21:39:00 [WARN],SRV-006, DDoS ,60
INC-08729,2025-06-23 23:13:00 [WARN],SRV-005,Phishing,55 hrs
INC-08730,2025-12-31 19:20:00 [WARN],SRV-008,Ransomware,148
INC-08731,2025-04-03 20:29:00 [WARN],SRV-002,Zero_Day,79
INC-08732,2025-01-25_21:37:00 [ERROR],SRV-007,Ransomware,125
INC-08733,2025-11-26 05:19:00 [WARN],SRV-007, SQL_Injection ,139
INC-08734,2025-03-22 07:58:00 [WARN],SRV-003, Brute_Force,132
INC-08735,2025-05-02 13:52:00 [WARN],SRV-008, SQL_Injection ,1
INC-08736,2025-10-18 22:00:00 [WARN],SRV-006, Brute_Force,108
INC-08737,2025-10-25 16:29:00 [WARN],SRV-001,Zero_Day,26
INC-08738,2025-09-19 23:37:00 [WARN],SRV-003, Brute_Force,135
INC-08739,2025-06-08_08:40:00 [ERROR],SRV-002,Ransomware,110
INC-08740,2025-12-01 07:51:00 [WARN],SRV-006, DDoS ,25
INC-08741,2025-10-04_20:33:00 [ERROR],SRV-008,Cross_Site_Scripting,102
INC-08742,2025-04-27 07:38:00 [WARN],SRV-008, Brute_Force,101
INC-08743,2025-07-23 00:40:00 [WARN],SRV-008,phishing,140
INC-08744,2025-12-26 07:38:00 [WARN],SRV-003,Malware_Dropper,112
INC-08745,2025-06-30 14:52:00 [WARN],SRV-004,Insider_Threat,82
INC-08746,2025-06-09 01:12:00 [WARN],SRV-001, Brute_Force,35
INC-08747,2025-04-12 03:46:00 [WARN],SRV-002,phishing,61
INC-08748,2025-02-21 07:20:00 [WARN],SRV-006,insider_threat,71
INC-08749,2025-09-28 22:14:00 [WARN],SRV-007,Zero_Day,150
INC-08750,2025-04-23 12:08:00 [WARN],SRV-007,zero_day,34
INC-08751,2025-01-28 05:53:00 [WARN],SRV-005,phishing,68
INC-08752,2025-08-08 18:29:00 [WARN],SRV-005,Cross_Site_Scripting,25
INC-08753,2025-11-07 07:12:00 [WARN],SRV-001,Insider_Threat,5
INC-08754,2025-06-25 00:33:00 [WARN],SRV-003, sql_injection ,107
INC-08755,2025-12-11_22:56:00 [ERROR],SRV-006, DDoS ,147
INC-08756,2025-11-17 23:07:00 [WARN],SRV-006,Zero_Day,91
INC-08757,2025-12-05_10:13:00 [ERROR],SRV-001,Cross_Site_Scripting,10
INC-08758,2025-06-30_23:18:00 [ERROR],SRV-001,Zero_Day,117
INC-08759,2025-02-08_17:02:00 [ERROR],SRV-008,Insider_Threat,101
INC-08760,2025-12-05 02:37:00 [WARN],SRV-003, Brute_Force,114
INC-08761,2025-05-23 08:48:00 [WARN],SRV-005, DDoS ,101 hrs
INC-08762,2025-07-11 00:59:00 [WARN],SRV-007,zero_day,66
INC-08763,2025-08-03 16:19:00 [WARN],SRV-007,Ransomware,118
INC-08764,2025-07-05 11:27:00 [WARN],SRV-003,Ransomware,46
INC-08765,2025-11-11 23:45:00 [WARN],SRV-003, DDoS ,79
INC-08766,2025-07-09 16:31:00 [WARN],SRV-006,insider_threat,122
INC-08767,2025-05-03_12:44:00 [ERROR],SRV-001,Zero_Day,31
INC-08768,2025-04-03 18:36:00 [WARN],SRV-005, SQL_Injection ,55
INC-08769,2025-08-10 14:28:00 [WARN],SRV-005, brute_force,36
INC-08770,2025-08-14 20:34:00 [WARN],SRV-001,Malware_Dropper,143
INC-08771,2025-11-24 16:21:00 [WARN],SRV-002,Insider_Threat,132 hrs
INC-08772,2025-01-01 14:22:00 [WARN],SRV-005,Cross_Site_Scripting,121
INC-08773,2025-12-14 07:51:00 [WARN],SRV-003,Ransomware,21
INC-08774,2025-05-24 17:37:00 [WARN],SRV-001,Cross_Site_Scripting,1
INC-08775,2025-01-18 23:37:00 [WARN],SRV-008, DDoS ,146
INC-08776,2025-02-20 23:48:00 [WARN],SRV-006,zero_day,112
INC-08777,2025-09-22 17:20:00 [WARN],SRV-008, DDoS ,110
INC-08778,2025-07-13 00:34:00 [WARN],SRV-007,Insider_Threat,59
INC-08779,2025-12-19 12:58:00 [WARN],SRV-007, DDoS ,103
INC-08780,2025-04-10 17:51:00 [WARN],SRV-007,Ransomware,41
INC-08781,2025-12-21 06:21:00 [WARN],SRV-005, Brute_Force,111
INC-08782,2025-11-17 21:04:00 [WARN],SRV-003, Brute_Force,150
INC-08783,2025-04-18 01:10:00 [WARN],SRV-004,Malware_Dropper,112
INC-08784,2025-06-12 07:00:00 [WARN],SRV-001, DDoS ,81
INC-08785,2025-09-04 03:35:00 [WARN],SRV-001,Cross_Site_Scripting,142
INC-08786,2025-02-12 23:40:00 [WARN],SRV-006,Phishing,83 hrs
INC-08787,2025-03-07 16:27:00 [WARN],SRV-003,Malware_Dropper,63
INC-08788,2025-01-10 07:38:00 [WARN],SRV-001,Ransomware,70
INC-08789,2025-04-25 12:25:00 [WARN],SRV-001, SQL_Injection ,26
INC-08790,2025-08-06 02:09:00 [WARN],SRV-002,Malware_Dropper,47
INC-08791,2025-01-18 13:40:00 [WARN],SRV-007,Insider_Threat,47
INC-08792,2025-04-05 11:13:00 [WARN],SRV-001,Phishing,59
INC-08793,2025-02-16 20:53:00 [WARN],SRV-004,Cross_Site_Scripting,146
INC-08794,2025-08-17_10:06:00 [ERROR],SRV-005,Ransomware,20
INC-08795,2025-08-10 07:45:00 [WARN],SRV-002, Brute_Force,150
INC-08796,2025-06-13 01:28:00 [WARN],SRV-005, Brute_Force,117
INC-08797,2025-12-05_18:38:00 [ERROR],SRV-007, Brute_Force,35
INC-08798,2025-03-28_02:46:00 [ERROR],SRV-006,insider_threat,112
INC-08799,2025-01-17 15:30:00 [WARN],SRV-002, Brute_Force,67
INC-08800,2025-03-14 01:28:00 [WARN],SRV-006,Zero_Day,108
INC-08801,2025-03-20 16:50:00 [WARN],SRV-003,Phishing,94
INC-08802,2025-09-09 11:33:00 [WARN],SRV-004, DDoS ,93 hrs
INC-08803,2025-11-30 17:37:00 [WARN],SRV-001,Ransomware,46
INC-08804,2025-10-06 10:34:00 [WARN],SRV-006,cross_site_scripting,47
INC-08805,2025-04-16 17:22:00 [WARN],SRV-006,Cross_Site_Scripting,6
INC-08806,2025-12-25 18:50:00 [WARN],SRV-005,Insider_Threat,24
INC-08807,2025-11-28 18:55:00 [WARN],SRV-003, SQL_Injection ,147
INC-08808,2025-02-02 15:44:00 [WARN],SRV-007, SQL_Injection ,51
INC-08809,2025-07-26 04:23:00 [WARN],SRV-007,Insider_Threat,133
INC-08810,2025-07-15 08:22:00 [WARN],SRV-006,Zero_Day,68
INC-08811,2025-12-25 01:08:00 [WARN],SRV-002, DDoS ,142
INC-08812,2025-12-15 21:23:00 [WARN],SRV-004,phishing,148
INC-08813,2025-04-25 18:35:00 [WARN],SRV-006,Zero_Day,95
INC-08814,2025-08-12 14:18:00 [WARN],SRV-005,Phishing,21
INC-08815,2025-12-28 19:24:00 [WARN],SRV-008,ransomware,42
INC-08816,2025-01-04 06:28:00 [WARN],SRV-008,Malware_Dropper,104
INC-08817,2025-05-28 19:36:00 [WARN],SRV-002,Insider_Threat,44
INC-08818,2025-05-08_17:03:00 [ERROR],SRV-002, SQL_Injection ,127
INC-08819,2025-05-12 01:40:00 [WARN],SRV-003,Malware_Dropper,26
INC-08820,2025-11-18 03:16:00 [WARN],SRV-005,Zero_Day,99
INC-08821,2025-12-19_00:59:00 [ERROR],SRV-004, SQL_Injection ,111
INC-08822,2025-12-09 16:03:00 [WARN],SRV-007,zero_day,69
INC-08823,2025-03-03 05:22:00 [WARN],SRV-002, DDoS ,146
INC-08824,2025-10-19 03:38:00 [WARN],SRV-001,Zero_Day,47
INC-08825,2025-07-13 20:36:00 [WARN],SRV-001,ransomware,73
INC-08826,2025-10-27_15:51:00 [ERROR],SRV-003,Cross_Site_Scripting,125
INC-08827,2025-09-20 00:45:00 [WARN],SRV-002,Phishing,5
INC-08828,2025-10-27 09:10:00 [WARN],SRV-002, Brute_Force,34
INC-08829,2025-09-28 18:28:00 [WARN],SRV-006, DDoS ,118
INC-08830,2025-03-07 15:28:00 [WARN],SRV-003, Brute_Force,75 hrs
INC-08831,2025-10-05 12:40:00 [WARN],SRV-008, sql_injection ,83
INC-08832,2025-07-16 00:35:00 [WARN],SRV-002, SQL_Injection ,106
INC-08833,2025-10-25 01:48:00 [WARN],SRV-007,Insider_Threat,67
INC-08834,2025-02-17 18:10:00 [WARN],SRV-006,Phishing,86
INC-08835,2025-08-23 18:46:00 [WARN],SRV-007, brute_force,68
INC-08836,2025-03-14 19:54:00 [WARN],SRV-005,Cross_Site_Scripting,122
INC-08837,2025-10-30_03:30:00 [ERROR],SRV-006, DDoS ,126
INC-08838,2025-10-22 14:44:00 [WARN],SRV-004,Insider_Threat,60
INC-08839,2025-10-07 05:30:00 [WARN],SRV-002,Ransomware,115
INC-08840,2025-10-12 00:09:00 [WARN],SRV-007, SQL_Injection ,63
INC-08841,2025-12-15 00:47:00 [WARN],SRV-005,Malware_Dropper,4
INC-08842,2025-11-25 11:18:00 [WARN],SRV-003,Malware_Dropper,38
INC-08843,2025-08-04 02:56:00 [WARN],SRV-008, DDoS ,20
INC-08844,2025-07-01 10:01:00 [WARN],SRV-003,Ransomware,84
INC-08845,2025-11-03 16:45:00 [WARN],SRV-005, SQL_Injection ,47
INC-08846,2025-02-24_16:20:00 [ERROR],SRV-005, Brute_Force,129
INC-08847,2025-04-24 08:48:00 [WARN],SRV-005, ddos ,65
INC-08848,2025-07-23 18:26:00 [WARN],SRV-002,insider_threat,1
INC-08849,2025-02-16 11:03:00 [WARN],SRV-005,Insider_Threat,80
INC-08850,2025-11-09 01:33:00 [WARN],SRV-001,ransomware,96
INC-08851,2025-04-30_21:59:00 [ERROR],SRV-006,Insider_Threat,127
INC-08852,2025-04-26 22:19:00 [WARN],SRV-005, Brute_Force,44
INC-08853,2025-02-09 23:21:00 [WARN],SRV-002,Insider_Threat,124
INC-08854,2026-01-01 00:32:00 [WARN],SRV-004,Malware_Dropper,63
INC-08855,2025-12-10 20:44:00 [WARN],SRV-001,Malware_Dropper,57
INC-08856,2025-12-16 16:01:00 [WARN],SRV-005, SQL_Injection ,65
INC-08857,2025-05-18_21:01:00 [ERROR],SRV-006,Insider_Threat,
INC-08858,2025-01-17 03:29:00 [WARN],SRV-008,Phishing,113
INC-08859,2025-09-17 18:55:00 [WARN],SRV-007, Brute_Force,39
INC-08860,2025-12-22 01:02:00 [WARN],SRV-001,Zero_Day,122
INC-08861,2025-12-19 08:22:00 [WARN],SRV-007, DDoS ,30
INC-08862,2025-03-24 06:20:00 [WARN],SRV-004,Zero_Day,139 hrs
INC-08863,2025-11-01_01:12:00 [ERROR],SRV-001,Ransomware,29
INC-08864,2025-11-23 23:50:00 [WARN],SRV-008,Ransomware,34
INC-08865,2025-03-07 11:46:00 [WARN],SRV-005, DDoS ,60
INC-08866,2025-06-29 12:17:00 [WARN],SRV-007,Cross_Site_Scripting,3
INC-08867,2025-08-02 21:08:00 [WARN],SRV-006, DDoS ,114
INC-08868,2025-08-10 01:48:00 [WARN],SRV-003,Zero_Day,90
INC-08869,2025-04-13 10:43:00 [WARN],SRV-004, Brute_Force,148
INC-08870,2026-01-01 13:14:00 [WARN],SRV-005,Malware_Dropper,15
INC-08871,2025-04-09 12:04:00 [WARN],SRV-004,ransomware,81
INC-08872,2025-07-06 02:51:00 [WARN],SRV-006, DDoS ,
INC-08873,2025-07-11 11:31:00 [WARN],SRV-007, DDoS ,6
INC-08874,2025-02-18 22:25:00 [WARN],SRV-006,Ransomware,107
INC-08875,2025-10-03 10:18:00 [WARN],SRV-008, SQL_Injection ,4
INC-08876,2025-11-18 02:53:00 [WARN],SRV-003,malware_dropper,81
INC-08877,2025-01-21 15:38:00 [WARN],SRV-002,insider_threat,25
INC-08878,2025-11-30 17:03:00 [WARN],SRV-004,malware_dropper,59
INC-08879,2025-01-09 20:32:00 [WARN],SRV-004,Phishing,147
INC-08880,2025-01-13 14:53:00 [WARN],SRV-006, Brute_Force,72
INC-08881,2025-05-27 10:05:00 [WARN],SRV-008, DDoS ,51
INC-08882,2025-03-26 12:08:00 [WARN],SRV-001,Ransomware,121
INC-08883,2025-04-02 09:12:00 [WARN],SRV-008, SQL_Injection ,139
INC-08884,2025-11-15 05:26:00 [WARN],SRV-003, sql_injection ,68 hrs
INC-08885,2025-12-26_16:49:00 [ERROR],SRV-008, SQL_Injection ,144
INC-08886,2025-06-11_10:56:00 [ERROR],SRV-008,Insider_Threat,26
INC-08887,2025-12-01 10:52:00 [WARN],SRV-006, Brute_Force,103
INC-08888,2025-04-13 11:49:00 [WARN],SRV-001,Ransomware,90 hrs
INC-08889,2025-08-21 14:46:00 [WARN],SRV-005, DDoS ,137
INC-08890,2025-08-12_11:59:00 [ERROR],SRV-002,Cross_Site_Scripting,62
INC-08891,2025-09-13 03:59:00 [WARN],SRV-007,Cross_Site_Scripting,16
INC-08892,2025-08-16 17:23:00 [WARN],SRV-001, DDoS ,51
INC-08893,2025-02-16 17:56:00 [WARN],SRV-006,Zero_Day,107
INC-08894,2025-06-05 03:56:00 [WARN],SRV-001,cross_site_scripting,49
INC-08895,2025-03-08 04:18:00 [WARN],SRV-003,Malware_Dropper,8
INC-08896,2025-09-22 04:10:00 [WARN],SRV-008,Zero_Day,40
INC-08897,2025-07-02 01:10:00 [WARN],SRV-008, SQL_Injection ,41
INC-08898,2025-07-06 04:20:00 [WARN],SRV-001,Cross_Site_Scripting,14
INC-08899,2025-03-02 16:24:00 [WARN],SRV-004, sql_injection ,2
INC-08900,2025-07-13 21:36:00 [WARN],SRV-005, DDoS ,123
INC-08901,2025-04-12_13:23:00 [ERROR],SRV-003,Zero_Day,30
INC-08902,2025-07-23 00:36:00 [WARN],SRV-002, SQL_Injection ,22
INC-08903,2025-07-07 23:09:00 [WARN],SRV-002,Malware_Dropper,137
INC-08904,2025-02-04 07:08:00 [WARN],SRV-004,malware_dropper,6
INC-08905,2025-09-06 19:05:00 [WARN],SRV-001,phishing,8
INC-08906,2025-11-20_04:54:00 [ERROR],SRV-006,Ransomware,
INC-08907,2025-07-08 04:32:00 [WARN],SRV-004, brute_force,144
INC-08908,2025-03-22 01:03:00 [WARN],SRV-005, Brute_Force,63
INC-08909,2025-11-16 00:11:00 [WARN],SRV-002,Insider_Threat,150 hrs
INC-08910,2025-12-14 06:03:00 [WARN],SRV-001,Ransomware,70
INC-08911,2025-06-21 23:30:00 [WARN],SRV-002,Insider_Threat,123
INC-08912,2025-05-13 13:18:00 [WARN],SRV-005,Zero_Day,25 hrs
INC-08913,2025-11-30 19:18:00 [WARN],SRV-008, Brute_Force,138
INC-08914,2025-01-11 06:01:00 [WARN],SRV-008, SQL_Injection ,93
INC-08915,2025-08-29 23:47:00 [WARN],SRV-006,Cross_Site_Scripting,28
INC-08916,2025-08-25 17:35:00 [WARN],SRV-008,Insider_Threat,70
INC-08917,2025-01-01 23:18:00 [WARN],SRV-006,cross_site_scripting,75
INC-08918,2025-08-26 12:57:00 [WARN],SRV-004,cross_site_scripting,102
INC-08919,2025-08-21 20:33:00 [WARN],SRV-002,Zero_Day,30
INC-08920,2025-08-18 07:17:00 [WARN],SRV-001,Zero_Day,95
INC-08921,2025-09-12 15:11:00 [WARN],SRV-006,Cross_Site_Scripting,92
INC-08922,2025-04-28 10:53:00 [WARN],SRV-004, Brute_Force,132
INC-08923,2025-07-10 21:08:00 [WARN],SRV-006, SQL_Injection ,74
INC-08924,2025-12-26 18:50:00 [WARN],SRV-003,Malware_Dropper,148 hrs
INC-08925,2025-10-22 16:44:00 [WARN],SRV-008,Zero_Day,132
INC-08926,2025-09-26 12:47:00 [WARN],SRV-001,phishing,47 hrs
INC-08927,2025-12-28 15:08:00 [WARN],SRV-008, SQL_Injection ,114
INC-08928,2025-02-15 15:51:00 [WARN],SRV-002, SQL_Injection ,124
INC-08929,2025-07-09_20:31:00 [ERROR],SRV-002, DDoS ,105
INC-08930,2025-12-17 12:43:00 [WARN],SRV-006,Ransomware,35
INC-08931,2025-02-11 13:23:00 [WARN],SRV-005, sql_injection ,67 hrs
INC-08932,2025-02-17 06:48:00 [WARN],SRV-008,Ransomware,77
INC-08933,2025-09-28 07:02:00 [WARN],SRV-006,Cross_Site_Scripting,7
INC-08934,2025-11-26 10:41:00 [WARN],SRV-001,Cross_Site_Scripting,112
INC-08935,2025-06-02 18:52:00 [WARN],SRV-003,ransomware,58
INC-08936,2025-09-02 19:08:00 [WARN],SRV-003, sql_injection ,100
INC-08937,2025-05-24 11:26:00 [WARN],SRV-003, DDoS ,72
INC-08938,2025-09-19 15:29:00 [WARN],SRV-002, SQL_Injection ,50
INC-08939,2025-02-20 07:49:00 [WARN],SRV-003, Brute_Force,134
INC-08940,2025-08-09 01:44:00 [WARN],SRV-002, DDoS ,36
INC-08941,2025-08-01 00:04:00 [WARN],SRV-002,Insider_Threat,91
INC-08942,2025-03-30 07:24:00 [WARN],SRV-007,Phishing,63
INC-08943,2025-11-23 17:02:00 [WARN],SRV-002,Insider_Threat,143
INC-08944,2025-03-17 01:24:00 [WARN],SRV-007, SQL_Injection ,121
INC-08945,2025-02-09 00:18:00 [WARN],SRV-006, Brute_Force,21
INC-08946,2025-11-12_01:26:00 [ERROR],SRV-006,Ransomware,40
INC-08947,2025-09-09 05:54:00 [WARN],SRV-004, Brute_Force,105
INC-08948,2025-06-11 14:11:00 [WARN],SRV-008, sql_injection ,7
INC-08949,2025-05-07 05:24:00 [WARN],SRV-007,cross_site_scripting,115
INC-08950,2025-03-20 23:14:00 [WARN],SRV-004,Insider_Threat,85
INC-08951,2025-02-18 13:37:00 [WARN],SRV-005,Cross_Site_Scripting,2
INC-08952,2025-12-08 05:38:00 [WARN],SRV-001, ddos ,23
INC-08953,2025-12-10 23:41:00 [WARN],SRV-001,Insider_Threat,112
INC-08954,2025-12-07 22:02:00 [WARN],SRV-005,Zero_Day,134
INC-08955,2025-01-28 10:52:00 [WARN],SRV-004,Malware_Dropper,25
INC-08956,2025-01-24_03:55:00 [ERROR],SRV-008,ransomware,80
INC-08957,2025-09-18 03:05:00 [WARN],SRV-004,insider_threat,95
INC-08958,2025-05-18_12:04:00 [ERROR],SRV-001,Cross_Site_Scripting,3
INC-08959,2025-01-29 14:34:00 [WARN],SRV-008,Insider_Threat,52 hrs
INC-08960,2025-03-05 12:47:00 [WARN],SRV-005,Phishing,70
INC-08961,2025-01-10 04:05:00 [WARN],SRV-002, SQL_Injection ,9
INC-08962,2025-12-21 21:06:00 [WARN],SRV-003,Insider_Threat,122
INC-08963,2025-02-17 04:16:00 [WARN],SRV-003, DDoS ,7
INC-08964,2025-01-27 20:50:00 [WARN],SRV-001, DDoS ,21
INC-08965,2025-11-13 12:14:00 [WARN],SRV-001,Malware_Dropper,66
INC-08966,2025-10-17 09:18:00 [WARN],SRV-008,Ransomware,13
INC-08967,2025-06-20 06:02:00 [WARN],SRV-004, Brute_Force,86
INC-08968,2025-12-27_12:40:00 [ERROR],SRV-004,Ransomware,42
INC-08969,2025-03-03_19:31:00 [ERROR],SRV-003,Malware_Dropper,9
INC-08970,2025-10-19 15:11:00 [WARN],SRV-003,Cross_Site_Scripting,130
INC-08971,2025-10-02 07:30:00 [WARN],SRV-007,cross_site_scripting,19
INC-08972,2025-05-25 08:26:00 [WARN],SRV-007,cross_site_scripting,
INC-08973,2025-07-12 20:56:00 [WARN],SRV-001, Brute_Force,29
INC-08974,2025-12-03 03:01:00 [WARN],SRV-007, Brute_Force,10
INC-08975,2025-06-23_21:20:00 [ERROR],SRV-002,Cross_Site_Scripting,149
INC-08976,2025-10-09 06:03:00 [WARN],SRV-004, sql_injection ,61
INC-08977,2025-03-20_04:48:00 [ERROR],SRV-004,Ransomware,119
INC-08978,2025-07-29 10:35:00 [WARN],SRV-008,Ransomware,59 hrs
INC-08979,2025-11-14 10:03:00 [WARN],SRV-007, Brute_Force,45
INC-08980,2025-09-15 22:30:00 [WARN],SRV-004,phishing,107
INC-08981,2025-10-30 19:21:00 [WARN],SRV-001,cross_site_scripting,69
INC-08982,2025-03-02_02:02:00 [ERROR],SRV-005,phishing,75
INC-08983,2025-06-09 20:12:00 [WARN],SRV-003, DDoS ,61
INC-08984,2025-01-11 19:54:00 [WARN],SRV-007,Insider_Threat,79
INC-08985,2025-12-24 16:09:00 [WARN],SRV-004, Brute_Force,89
INC-08986,2025-03-23 22:11:00 [WARN],SRV-005,Cross_Site_Scripting,48
INC-08987,2025-06-14 00:05:00 [WARN],SRV-002, DDoS ,69
INC-08988,2025-08-26 17:56:00 [WARN],SRV-007,Ransomware,18
INC-08989,2025-04-06 13:56:00 [WARN],SRV-006,Insider_Threat,35
INC-08990,2025-03-05 12:44:00 [WARN],SRV-001, Brute_Force,58
INC-08991,2025-06-27 13:58:00 [WARN],SRV-007, ddos ,34
INC-08992,2025-11-22 01:03:00 [WARN],SRV-001,Ransomware,150
INC-08993,2025-11-12 00:37:00 [WARN],SRV-003,Cross_Site_Scripting,39
INC-08994,2025-01-04 04:16:00 [WARN],SRV-005, Brute_Force,15
INC-08995,2025-01-10 14:40:00 [WARN],SRV-006, SQL_Injection ,104
INC-08996,2025-05-25 06:15:00 [WARN],SRV-002,insider_threat,101 hrs
INC-08997,2025-07-22 10:56:00 [WARN],SRV-001,phishing,105 hrs
INC-08998,2025-01-29 05:49:00 [WARN],SRV-002,cross_site_scripting,34
INC-08999,2025-02-25 17:44:00 [WARN],SRV-006,Malware_Dropper,124
INC-09000,2025-06-22 01:58:00 [WARN],SRV-005, Brute_Force,46
INC-09001,2025-02-28 03:32:00 [WARN],SRV-002, sql_injection ,27
INC-09002,2025-01-09 01:19:00 [WARN],SRV-004,Cross_Site_Scripting,136
INC-09003,2025-02-19 20:43:00 [WARN],SRV-007, SQL_Injection ,59
INC-09004,2025-07-02 07:54:00 [WARN],SRV-003,Ransomware,142
INC-09005,2025-08-22 01:40:00 [WARN],SRV-006,zero_day,45
INC-09006,2025-12-30_22:51:00 [ERROR],SRV-004,Malware_Dropper,90 hrs
INC-09007,2025-03-21_03:28:00 [ERROR],SRV-004,Zero_Day,137
INC-09008,2025-05-08 10:18:00 [WARN],SRV-007,Cross_Site_Scripting,115
INC-09009,2025-08-14 12:49:00 [WARN],SRV-008, ddos ,110
INC-09010,2025-06-29 11:29:00 [WARN],SRV-004,Malware_Dropper,122
INC-09011,2025-09-10 20:13:00 [WARN],SRV-001,Phishing,78
INC-09012,2025-02-11 05:45:00 [WARN],SRV-005,Malware_Dropper,44
INC-09013,2025-11-16 23:25:00 [WARN],SRV-008, Brute_Force,81
INC-09014,2025-03-04 15:24:00 [WARN],SRV-005,Phishing,18
INC-09015,2025-08-27 10:24:00 [WARN],SRV-006, Brute_Force,66
INC-09016,2025-12-18 12:28:00 [WARN],SRV-006,Malware_Dropper,65 hrs
INC-09017,2025-12-14 01:45:00 [WARN],SRV-005, sql_injection ,18
INC-09018,2025-03-24 19:22:00 [WARN],SRV-003,Insider_Threat,65
INC-09019,2025-04-24 23:33:00 [WARN],SRV-006,Insider_Threat,99
INC-09020,2025-12-26 15:06:00 [WARN],SRV-006, Brute_Force,87
INC-09021,2025-05-16 19:54:00 [WARN],SRV-001,Ransomware,128
INC-09022,2025-04-22 22:01:00 [WARN],SRV-007,zero_day,133
INC-09023,2025-04-27 19:42:00 [WARN],SRV-003,Cross_Site_Scripting,130
INC-09024,2025-04-19_19:22:00 [ERROR],SRV-008, SQL_Injection ,70
INC-09025,2025-05-14_08:42:00 [ERROR],SRV-004, Brute_Force,5
INC-09026,2025-01-02 15:09:00 [WARN],SRV-008,Malware_Dropper,43
INC-09027,2025-06-30 14:40:00 [WARN],SRV-003,zero_day,83
INC-09028,2025-02-22 15:10:00 [WARN],SRV-002,Insider_Threat,89
INC-09029,2025-02-01_18:46:00 [ERROR],SRV-008, Brute_Force,106
INC-09030,2025-06-26 01:40:00 [WARN],SRV-003, DDoS ,18
INC-09031,2025-11-26 14:31:00 [WARN],SRV-006, sql_injection ,129
INC-09032,2025-03-05 00:01:00 [WARN],SRV-004, SQL_Injection ,6
INC-09033,2025-05-23 22:21:00 [WARN],SRV-008, SQL_Injection ,142
INC-09034,2025-07-16_15:26:00 [ERROR],SRV-006,Malware_Dropper,47
INC-09035,2025-06-18 20:19:00 [WARN],SRV-003,Malware_Dropper,38
INC-09036,2025-07-01 20:50:00 [WARN],SRV-002,Phishing,1
INC-09037,2025-02-11_21:28:00 [ERROR],SRV-001, Brute_Force,72
INC-09038,2025-02-28 19:47:00 [WARN],SRV-003, SQL_Injection ,10
INC-09039,2025-05-19 21:56:00 [WARN],SRV-003, SQL_Injection ,80
INC-09040,2025-08-05_10:13:00 [ERROR],SRV-007,insider_threat,66
INC-09041,2025-11-16 01:12:00 [WARN],SRV-005,Zero_Day,114
INC-09042,2025-03-19_22:35:00 [ERROR],SRV-002,Malware_Dropper,49
INC-09043,2025-09-17 07:17:00 [WARN],SRV-004, Brute_Force,138 hrs
INC-09044,2025-09-25 07:48:00 [WARN],SRV-003, brute_force,49
INC-09045,2025-08-25 04:03:00 [WARN],SRV-005,Insider_Threat,118
INC-09046,2025-08-03 06:03:00 [WARN],SRV-007,Ransomware,20
INC-09047,2025-08-25 11:17:00 [WARN],SRV-001, ddos ,58 hrs
INC-09048,2025-12-03_02:13:00 [ERROR],SRV-003,Phishing,53
INC-09049,2025-03-22_12:12:00 [ERROR],SRV-006,Zero_Day,98
INC-09050,2025-04-11 12:35:00 [WARN],SRV-001,Phishing,94
INC-09051,2025-04-03 06:12:00 [WARN],SRV-005,zero_day,12
INC-09052,2025-12-15 07:09:00 [WARN],SRV-008, DDoS ,135
INC-09053,2025-07-30 00:44:00 [WARN],SRV-007,Malware_Dropper,134
INC-09054,2025-10-10 05:47:00 [WARN],SRV-003, DDoS ,132
INC-09055,2025-09-28 20:29:00 [WARN],SRV-007,Phishing,143
INC-09056,2025-06-25 21:58:00 [WARN],SRV-005,Cross_Site_Scripting,43
INC-09057,2025-04-28_02:09:00 [ERROR],SRV-004, DDoS ,36
INC-09058,2025-06-03 06:05:00 [WARN],SRV-007, SQL_Injection ,60
INC-09059,2025-07-22 22:11:00 [WARN],SRV-006, SQL_Injection ,124
INC-09060,2025-07-30 07:59:00 [WARN],SRV-006,Insider_Threat,64
INC-09061,2025-07-18 18:06:00 [WARN],SRV-008,phishing,150
INC-09062,2025-03-26 10:12:00 [WARN],SRV-004,Ransomware,129
INC-09063,2025-09-28 03:05:00 [WARN],SRV-007,Phishing,104
INC-09064,2025-05-17_08:18:00 [ERROR],SRV-007, DDoS ,100
INC-09065,2025-06-05 09:27:00 [WARN],SRV-007, Brute_Force,43
INC-09066,2025-12-28 11:45:00 [WARN],SRV-007,Ransomware,7
INC-09067,2025-07-11 04:29:00 [WARN],SRV-004,Insider_Threat,129
INC-09068,2025-05-21 21:27:00 [WARN],SRV-007, SQL_Injection ,17
INC-09069,2025-05-15 08:53:00 [WARN],SRV-006, Brute_Force,131
INC-09070,2025-11-13 23:27:00 [WARN],SRV-003,malware_dropper,70
INC-09071,2025-02-05 05:41:00 [WARN],SRV-004,Cross_Site_Scripting,
INC-09072,2025-11-11 14:11:00 [WARN],SRV-001, brute_force,108
INC-09073,2025-08-29 04:16:00 [WARN],SRV-007,Malware_Dropper,106
INC-09074,2025-09-17_05:10:00 [ERROR],SRV-008, SQL_Injection ,143
INC-09075,2025-02-06 01:06:00 [WARN],SRV-006,Insider_Threat,92
INC-09076,2025-01-04 22:31:00 [WARN],SRV-001,phishing,53
INC-09077,2025-01-14 07:50:00 [WARN],SRV-001,Malware_Dropper,25
INC-09078,2025-01-30 11:53:00 [WARN],SRV-003,Zero_Day,122
INC-09079,2025-07-04 01:18:00 [WARN],SRV-004,Insider_Threat,10
INC-09080,2025-07-23 09:23:00 [WARN],SRV-004,phishing,61
INC-09081,2025-08-23 23:34:00 [WARN],SRV-007,Phishing,99
INC-09082,2025-09-07 10:45:00 [WARN],SRV-005, SQL_Injection ,127
INC-09083,2025-02-12 09:49:00 [WARN],SRV-002, Brute_Force,5
INC-09084,2025-07-22 00:26:00 [WARN],SRV-003, brute_force,10
INC-09085,2025-03-09 12:10:00 [WARN],SRV-002,Ransomware,45
INC-09086,2025-03-25 07:50:00 [WARN],SRV-002,cross_site_scripting,76
INC-09087,2025-07-21 18:27:00 [WARN],SRV-005, Brute_Force,54
INC-09088,2025-08-18 22:15:00 [WARN],SRV-005,Phishing,111
INC-09089,2025-07-07 04:18:00 [WARN],SRV-005, DDoS ,38
INC-09090,2025-06-05 08:16:00 [WARN],SRV-004,zero_day,101
INC-09091,2025-08-02 12:42:00 [WARN],SRV-002,zero_day,87
INC-09092,2025-11-26 17:12:00 [WARN],SRV-007, SQL_Injection ,10
INC-09093,2025-06-19 21:12:00 [WARN],SRV-008,Zero_Day,18
INC-09094,2026-01-01 17:47:00 [WARN],SRV-007,Insider_Threat,113
INC-09095,2025-02-24 22:52:00 [WARN],SRV-004, ddos ,140
INC-09096,2025-02-12 20:31:00 [WARN],SRV-004,Insider_Threat,31
INC-09097,2025-07-25 17:16:00 [WARN],SRV-007,phishing,36
INC-09098,2025-10-16 23:14:00 [WARN],SRV-002,Phishing,89
INC-09099,2025-05-31 18:33:00 [WARN],SRV-008,insider_threat,64
INC-09100,2025-09-17 04:22:00 [WARN],SRV-001, DDoS ,63
INC-09101,2025-05-24 03:47:00 [WARN],SRV-004,malware_dropper,126
INC-09102,2025-01-05 23:16:00 [WARN],SRV-005, DDoS ,10
INC-09103,2025-12-02 09:04:00 [WARN],SRV-008,Insider_Threat,78 hrs
INC-09104,2025-03-19 08:46:00 [WARN],SRV-008,insider_threat,123
INC-09105,2025-04-08 11:02:00 [WARN],SRV-007,Zero_Day,
INC-09106,2025-11-14 02:10:00 [WARN],SRV-003,Insider_Threat,107
INC-09107,2025-07-19 00:09:00 [WARN],SRV-007,Malware_Dropper,75
INC-09108,2025-02-21 16:09:00 [WARN],SRV-007, DDoS ,
INC-09109,2025-11-23 14:37:00 [WARN],SRV-003, SQL_Injection ,133
INC-09110,2025-05-23 07:52:00 [WARN],SRV-002,Ransomware,117
INC-09111,2025-09-22 22:04:00 [WARN],SRV-004,Insider_Threat,107
INC-09112,2025-12-28 16:05:00 [WARN],SRV-001, SQL_Injection ,8
INC-09113,2025-01-21_08:46:00 [ERROR],SRV-001,Zero_Day,61
INC-09114,2025-12-30 22:47:00 [WARN],SRV-001, brute_force,135
INC-09115,2025-09-30_00:23:00 [ERROR],SRV-001,Cross_Site_Scripting,144
INC-09116,2025-04-29 15:43:00 [WARN],SRV-005, brute_force,107
INC-09117,2025-12-29 21:11:00 [WARN],SRV-007,Zero_Day,142
INC-09118,2025-06-02 23:03:00 [WARN],SRV-002,Phishing,61
INC-09119,2025-11-11 14:15:00 [WARN],SRV-002,Malware_Dropper,6
INC-09120,2025-04-19 18:18:00 [WARN],SRV-003,Zero_Day,60
INC-09121,2025-07-08 07:12:00 [WARN],SRV-005, Brute_Force,72 hrs
INC-09122,2025-08-06_17:13:00 [ERROR],SRV-007,Ransomware,92 hrs
INC-09123,2025-03-14 11:26:00 [WARN],SRV-001,malware_dropper,111
INC-09124,2025-03-03 08:45:00 [WARN],SRV-005, DDoS ,149
INC-09125,2025-04-29 16:33:00 [WARN],SRV-008, DDoS ,110
INC-09126,2025-06-04 00:22:00 [WARN],SRV-003,Phishing,62
INC-09127,2025-06-25_10:05:00 [ERROR],SRV-001,Cross_Site_Scripting,102
INC-09128,2025-07-12 14:50:00 [WARN],SRV-006, DDoS ,74
INC-09129,2025-07-19_07:40:00 [ERROR],SRV-001, SQL_Injection ,50
INC-09130,2025-09-05 01:53:00 [WARN],SRV-003,Zero_Day,103
INC-09131,2025-10-10 13:45:00 [WARN],SRV-008,zero_day,144
INC-09132,2025-08-17 07:58:00 [WARN],SRV-006,Malware_Dropper,40
INC-09133,2025-02-25 18:20:00 [WARN],SRV-002,Insider_Threat,55
INC-09134,2025-03-26 19:30:00 [WARN],SRV-006,Malware_Dropper,110
INC-09135,2025-06-10 23:13:00 [WARN],SRV-002, sql_injection ,120
INC-09136,2025-12-22 22:11:00 [WARN],SRV-006, ddos ,91
INC-09137,2025-07-01 16:57:00 [WARN],SRV-005, sql_injection ,15
INC-09138,2025-03-02 11:38:00 [WARN],SRV-003, Brute_Force,43
INC-09139,2025-04-14 07:11:00 [WARN],SRV-008, Brute_Force,135
INC-09140,2025-10-21_18:58:00 [ERROR],SRV-004,Insider_Threat,16
INC-09141,2025-02-20 16:33:00 [WARN],SRV-002,phishing,60
INC-09142,2025-06-07 13:20:00 [WARN],SRV-007,Ransomware,124
INC-09143,2025-03-31 07:48:00 [WARN],SRV-006,Insider_Threat,90
INC-09144,2025-02-06 09:07:00 [WARN],SRV-008,Phishing,130
INC-09145,2025-05-18 02:22:00 [WARN],SRV-001, DDoS ,49
INC-09146,2025-05-25 23:39:00 [WARN],SRV-002,Insider_Threat,26
INC-09147,2025-11-16 02:25:00 [WARN],SRV-001,Zero_Day,98 hrs
INC-09148,2025-12-14 09:55:00 [WARN],SRV-003,cross_site_scripting,107
INC-09149,2025-01-01 16:37:00 [WARN],SRV-002,Insider_Threat,76
INC-09150,2025-09-13 14:40:00 [WARN],SRV-008, sql_injection ,145
INC-09151,2025-01-21 03:02:00 [WARN],SRV-004,Ransomware,49
INC-09152,2025-08-16_18:34:00 [ERROR],SRV-004,Phishing,136
INC-09153,2025-07-28 05:26:00 [WARN],SRV-008,Malware_Dropper,136
INC-09154,2025-05-14 14:39:00 [WARN],SRV-001, SQL_Injection ,61
INC-09155,2025-01-26 14:28:00 [WARN],SRV-002, SQL_Injection ,42
INC-09156,2025-06-20_22:13:00 [ERROR],SRV-007, SQL_Injection ,135
INC-09157,2025-10-14 04:44:00 [WARN],SRV-007,ransomware,45
INC-09158,2025-04-11 14:00:00 [WARN],SRV-003,Ransomware,51
INC-09159,2025-09-21 16:27:00 [WARN],SRV-003,Insider_Threat,33
INC-09160,2025-10-30 07:17:00 [WARN],SRV-002,Zero_Day,
INC-09161,2025-10-15_17:21:00 [ERROR],SRV-008, DDoS ,149
INC-09162,2025-03-18 03:36:00 [WARN],SRV-002,Phishing,45
INC-09163,2025-07-08 13:49:00 [WARN],SRV-004,Ransomware,12
INC-09164,2025-08-21 22:45:00 [WARN],SRV-006,Insider_Threat,28
INC-09165,2025-05-04 12:23:00 [WARN],SRV-005,cross_site_scripting,37 hrs
INC-09166,2025-10-27 02:55:00 [WARN],SRV-008,Ransomware,112
INC-09167,2025-04-14 15:27:00 [WARN],SRV-007,cross_site_scripting,53
INC-09168,2025-09-02 12:29:00 [WARN],SRV-004,Cross_Site_Scripting,62
INC-09169,2025-08-19 03:18:00 [WARN],SRV-004, Brute_Force,120
INC-09170,2025-07-24 21:07:00 [WARN],SRV-005,Ransomware,133
INC-09171,2025-09-21 06:26:00 [WARN],SRV-004,Cross_Site_Scripting,39
INC-09172,2025-05-15 07:24:00 [WARN],SRV-004, SQL_Injection ,69
INC-09173,2025-03-13 01:47:00 [WARN],SRV-003,Insider_Threat,103
INC-09174,2025-06-25 23:17:00 [WARN],SRV-003,malware_dropper,50
INC-09175,2025-08-24 03:34:00 [WARN],SRV-003,Malware_Dropper,15
INC-09176,2025-08-30 01:30:00 [WARN],SRV-001, sql_injection ,39
INC-09177,2025-08-15 06:23:00 [WARN],SRV-005,cross_site_scripting,22
INC-09178,2025-06-11 15:27:00 [WARN],SRV-007,Ransomware,130
INC-09179,2025-04-01 01:13:00 [WARN],SRV-003,Cross_Site_Scripting,6
INC-09180,2025-04-27 03:13:00 [WARN],SRV-008,Malware_Dropper,104
INC-09181,2025-10-28 19:30:00 [WARN],SRV-003,Zero_Day,35
INC-09182,2025-01-23 02:02:00 [WARN],SRV-006, sql_injection ,10
INC-09183,2025-02-12 19:12:00 [WARN],SRV-002, Brute_Force,144
INC-09184,2025-05-07 18:02:00 [WARN],SRV-002, DDoS ,38
INC-09185,2025-06-13 23:21:00 [WARN],SRV-006,Insider_Threat,116
INC-09186,2025-05-08 14:30:00 [WARN],SRV-003,Zero_Day,77
INC-09187,2025-12-16 19:26:00 [WARN],SRV-008, Brute_Force,90
INC-09188,2025-08-01 10:46:00 [WARN],SRV-007,Zero_Day,84
INC-09189,2025-12-25 22:23:00 [WARN],SRV-003,Phishing,91
INC-09190,2025-02-15 14:58:00 [WARN],SRV-004, DDoS ,74
INC-09191,2025-06-19 21:31:00 [WARN],SRV-005, sql_injection ,13
INC-09192,2025-06-19 08:32:00 [WARN],SRV-001, sql_injection ,141
INC-09193,2025-08-03 23:09:00 [WARN],SRV-003,Zero_Day,7
INC-09194,2025-10-24 22:44:00 [WARN],SRV-004,ransomware,134
INC-09195,2025-12-30 09:33:00 [WARN],SRV-006,Malware_Dropper,57
INC-09196,2025-09-20 06:28:00 [WARN],SRV-003,Insider_Threat,38
INC-09197,2025-12-17_08:11:00 [ERROR],SRV-003, DDoS ,5
INC-09198,2025-03-21_11:20:00 [ERROR],SRV-007,Phishing,111
INC-09199,2025-01-03 23:05:00 [WARN],SRV-007,Phishing,100
INC-09200,2025-04-01 14:04:00 [WARN],SRV-003,Cross_Site_Scripting,147
INC-09201,2025-06-23 15:55:00 [WARN],SRV-006,Phishing,97
INC-09202,2025-05-25 22:17:00 [WARN],SRV-006,malware_dropper,76
INC-09203,2025-12-25 13:13:00 [WARN],SRV-006,Ransomware,109
INC-09204,2025-06-29 17:04:00 [WARN],SRV-003, Brute_Force,49
INC-09205,2025-03-26 04:42:00 [WARN],SRV-006, Brute_Force,146
INC-09206,2025-08-09 19:43:00 [WARN],SRV-002,Zero_Day,17
INC-09207,2025-04-23 19:41:00 [WARN],SRV-005,Ransomware,78
INC-09208,2025-07-07 06:25:00 [WARN],SRV-005,Ransomware,40
INC-09209,2025-01-05 14:48:00 [WARN],SRV-008,insider_threat,
INC-09210,2025-04-11 15:55:00 [WARN],SRV-004, Brute_Force,74
INC-09211,2025-02-08_20:53:00 [ERROR],SRV-005,Insider_Threat,45
INC-09212,2025-02-28 23:41:00 [WARN],SRV-002,Insider_Threat,40
INC-09213,2025-03-01 20:45:00 [WARN],SRV-008,cross_site_scripting,
INC-09214,2025-10-10 06:24:00 [WARN],SRV-007,Phishing,34
INC-09215,2025-10-23 18:24:00 [WARN],SRV-007, DDoS ,13
INC-09216,2025-02-25_05:33:00 [ERROR],SRV-006,Ransomware,148
INC-09217,2025-07-06 12:35:00 [WARN],SRV-002, Brute_Force,83
INC-09218,2025-06-18 13:57:00 [WARN],SRV-003,Insider_Threat,48
INC-09219,2025-10-10 08:09:00 [WARN],SRV-001,Phishing,8
INC-09220,2025-08-26_08:38:00 [ERROR],SRV-007,Cross_Site_Scripting,
INC-09221,2025-12-25 02:35:00 [WARN],SRV-006,Insider_Threat,135
INC-09222,2025-08-05 19:51:00 [WARN],SRV-005, sql_injection ,80
INC-09223,2025-02-16 02:00:00 [WARN],SRV-006, SQL_Injection ,52 hrs
INC-09224,2025-08-21_23:24:00 [ERROR],SRV-008,Cross_Site_Scripting,123
INC-09225,2025-05-30 09:25:00 [WARN],SRV-007,Cross_Site_Scripting,140
INC-09226,2025-07-05 04:32:00 [WARN],SRV-003,Cross_Site_Scripting,120
INC-09227,2025-02-22_04:58:00 [ERROR],SRV-001, Brute_Force,134
INC-09228,2025-06-28 02:09:00 [WARN],SRV-003,Insider_Threat,115
INC-09229,2025-02-05 11:05:00 [WARN],SRV-002, DDoS ,
INC-09230,2025-09-25 16:36:00 [WARN],SRV-007, SQL_Injection ,70
INC-09231,2025-10-07 09:09:00 [WARN],SRV-005, SQL_Injection ,3
INC-09232,2025-10-26 10:50:00 [WARN],SRV-001,Ransomware,102
INC-09233,2025-08-03 10:45:00 [WARN],SRV-003,Malware_Dropper,88
INC-09234,2025-05-30 10:13:00 [WARN],SRV-008,Cross_Site_Scripting,11
INC-09235,2025-11-30 08:42:00 [WARN],SRV-006, SQL_Injection ,128
INC-09236,2025-05-24 08:28:00 [WARN],SRV-004, SQL_Injection ,131
INC-09237,2025-11-13 06:01:00 [WARN],SRV-001, sql_injection ,116 hrs
INC-09238,2025-08-29 19:58:00 [WARN],SRV-001,Phishing,66
INC-09239,2025-03-23 04:27:00 [WARN],SRV-004,Cross_Site_Scripting,140
INC-09240,2025-01-20 03:46:00 [WARN],SRV-005,Phishing,61
INC-09241,2025-09-22 17:14:00 [WARN],SRV-007, brute_force,48
INC-09242,2025-07-28 08:23:00 [WARN],SRV-004, Brute_Force,135
INC-09243,2025-07-05 04:33:00 [WARN],SRV-006, sql_injection ,104
INC-09244,2025-07-29 11:02:00 [WARN],SRV-007,Insider_Threat,86
INC-09245,2025-12-27 04:24:00 [WARN],SRV-005,Cross_Site_Scripting,34
INC-09246,2025-09-10 20:59:00 [WARN],SRV-008, Brute_Force,140
INC-09247,2025-01-28 10:37:00 [WARN],SRV-004, DDoS ,31
INC-09248,2025-05-06 05:39:00 [WARN],SRV-007, SQL_Injection ,99
INC-09249,2025-04-13 17:43:00 [WARN],SRV-002, SQL_Injection ,118
INC-09250,2025-01-08 16:22:00 [WARN],SRV-005, SQL_Injection ,26
INC-09251,2025-03-11 10:00:00 [WARN],SRV-008,Insider_Threat,114
INC-09252,2025-11-15 04:55:00 [WARN],SRV-004,Ransomware,116
INC-09253,2025-11-27 05:26:00 [WARN],SRV-006,phishing,46
INC-09254,2025-03-01 12:20:00 [WARN],SRV-006,Phishing,56
INC-09255,2025-07-25 09:29:00 [WARN],SRV-003, DDoS ,26
INC-09256,2025-04-14_08:51:00 [ERROR],SRV-007, DDoS ,17
INC-09257,2025-09-29 21:30:00 [WARN],SRV-005,cross_site_scripting,4 hrs
INC-09258,2025-07-14 17:08:00 [WARN],SRV-007, Brute_Force,135
INC-09259,2025-10-14 05:25:00 [WARN],SRV-002, Brute_Force,20
INC-09260,2025-03-30 15:48:00 [WARN],SRV-007,Insider_Threat,79
INC-09261,2025-12-01 10:56:00 [WARN],SRV-007,Malware_Dropper,16
INC-09262,2025-08-04 02:03:00 [WARN],SRV-003,phishing,122
INC-09263,2025-12-13 14:39:00 [WARN],SRV-003,Phishing,12
INC-09264,2025-01-31 03:30:00 [WARN],SRV-006, sql_injection ,5
INC-09265,2025-08-11 19:09:00 [WARN],SRV-004, DDoS ,112
INC-09266,2025-10-10_02:08:00 [ERROR],SRV-004,Ransomware,
INC-09267,2025-10-07 06:36:00 [WARN],SRV-004,Malware_Dropper,74
INC-09268,2025-03-22 14:08:00 [WARN],SRV-007,Phishing,50
INC-09269,2025-05-14 12:02:00 [WARN],SRV-005, Brute_Force,126
INC-09270,2025-04-21 15:11:00 [WARN],SRV-001, ddos ,65
INC-09271,2025-01-24 08:19:00 [WARN],SRV-004,Malware_Dropper,121
INC-09272,2025-09-17 08:41:00 [WARN],SRV-001, SQL_Injection ,135
INC-09273,2025-10-01 14:24:00 [WARN],SRV-007,Insider_Threat,24
INC-09274,2025-03-25 21:56:00 [WARN],SRV-006,Malware_Dropper,32 hrs
INC-09275,2025-12-04 10:21:00 [WARN],SRV-002,Phishing,82
INC-09276,2025-04-08 18:08:00 [WARN],SRV-007, SQL_Injection ,75
INC-09277,2025-09-12_01:32:00 [ERROR],SRV-005,Zero_Day,11
INC-09278,2025-04-12 07:08:00 [WARN],SRV-005,Insider_Threat,37
INC-09279,2025-07-29 16:45:00 [WARN],SRV-006,Malware_Dropper,81
INC-09280,2025-11-27 06:28:00 [WARN],SRV-007, brute_force,91
INC-09281,2025-05-03_16:29:00 [ERROR],SRV-008,Insider_Threat,17
INC-09282,2025-12-29 16:02:00 [WARN],SRV-005,Phishing,112
INC-09283,2025-12-04 13:14:00 [WARN],SRV-003,Phishing,111
INC-09284,2025-12-09 08:01:00 [WARN],SRV-005,Zero_Day,110
INC-09285,2025-03-31 07:48:00 [WARN],SRV-005,Cross_Site_Scripting,19
INC-09286,2025-03-15 13:23:00 [WARN],SRV-001,Zero_Day,110
INC-09287,2025-09-19 06:10:00 [WARN],SRV-005,Ransomware,39
INC-09288,2025-05-08 17:39:00 [WARN],SRV-004,cross_site_scripting,136 hrs
INC-09289,2025-06-21 02:01:00 [WARN],SRV-006,phishing,97
INC-09290,2025-07-11 18:00:00 [WARN],SRV-005, SQL_Injection ,134
INC-09291,2025-01-23 06:10:00 [WARN],SRV-006,Phishing,147
INC-09292,2025-08-16_22:10:00 [ERROR],SRV-002,Insider_Threat,65
INC-09293,2025-12-28 00:55:00 [WARN],SRV-007,Insider_Threat,84
INC-09294,2025-03-22 14:08:00 [WARN],SRV-005,Malware_Dropper,146
INC-09295,2025-11-12 23:45:00 [WARN],SRV-006,cross_site_scripting,36
INC-09296,2025-09-09 13:59:00 [WARN],SRV-003,Phishing,39
INC-09297,2025-10-23 03:01:00 [WARN],SRV-005,insider_threat,112
INC-09298,2025-10-15 13:46:00 [WARN],SRV-007,Insider_Threat,62
INC-09299,2025-01-28 09:41:00 [WARN],SRV-005,Insider_Threat,34
INC-09300,2025-05-11 10:55:00 [WARN],SRV-001, DDoS ,110
INC-09301,2025-11-19 00:07:00 [WARN],SRV-007,Phishing,94
INC-09302,2025-09-07 11:08:00 [WARN],SRV-001,Phishing,120 hrs
INC-09303,2025-01-30_12:58:00 [ERROR],SRV-007,Malware_Dropper,102
INC-09304,2025-10-03 11:19:00 [WARN],SRV-008, SQL_Injection ,58
INC-09305,2025-02-27 08:05:00 [WARN],SRV-007, brute_force,84
INC-09306,2025-11-22 16:08:00 [WARN],SRV-004, DDoS ,16
INC-09307,2025-03-23 17:50:00 [WARN],SRV-002,phishing,78
INC-09308,2025-01-23 15:42:00 [WARN],SRV-001,Zero_Day,111
INC-09309,2025-07-18 19:36:00 [WARN],SRV-006,ransomware,130
INC-09310,2025-09-30 02:08:00 [WARN],SRV-003,Insider_Threat,8
INC-09311,2025-07-13 07:26:00 [WARN],SRV-005,Ransomware,9
INC-09312,2025-01-08 07:47:00 [WARN],SRV-001, SQL_Injection ,85
INC-09313,2025-06-15 10:50:00 [WARN],SRV-008,insider_threat,122
INC-09314,2025-10-17 15:44:00 [WARN],SRV-003,ransomware,71 hrs
INC-09315,2025-05-01_17:41:00 [ERROR],SRV-003,Zero_Day,85
INC-09316,2025-04-08 17:37:00 [WARN],SRV-007,Phishing,29
INC-09317,2025-11-23 23:17:00 [WARN],SRV-006,Cross_Site_Scripting,88
INC-09318,2025-04-07 16:24:00 [WARN],SRV-004, DDoS ,94
INC-09319,2025-07-09 17:39:00 [WARN],SRV-006,Phishing,122
INC-09320,2025-11-19 03:33:00 [WARN],SRV-006, DDoS ,103
INC-09321,2025-09-25 09:58:00 [WARN],SRV-002,Zero_Day,50
INC-09322,2025-01-09 21:35:00 [WARN],SRV-002,Malware_Dropper,127
INC-09323,2025-11-29_01:56:00 [ERROR],SRV-006, SQL_Injection ,79
INC-09324,2025-12-04 02:02:00 [WARN],SRV-008,Cross_Site_Scripting,
INC-09325,2025-02-02 04:45:00 [WARN],SRV-004, DDoS ,113
INC-09326,2025-09-02 10:28:00 [WARN],SRV-006,Phishing,32
INC-09327,2025-02-06 23:11:00 [WARN],SRV-001,Malware_Dropper,68
INC-09328,2025-05-02 01:01:00 [WARN],SRV-006, DDoS ,148
INC-09329,2025-06-30 10:57:00 [WARN],SRV-002,Ransomware,52
INC-09330,2025-09-24 04:15:00 [WARN],SRV-004,zero_day,101
INC-09331,2025-03-06 16:29:00 [WARN],SRV-007, DDoS ,85
INC-09332,2025-09-12 03:57:00 [WARN],SRV-003, ddos ,
INC-09333,2025-08-28 20:19:00 [WARN],SRV-003,Malware_Dropper,110
INC-09334,2025-09-15 21:42:00 [WARN],SRV-008,Phishing,8
INC-09335,2025-08-12_13:47:00 [ERROR],SRV-008,Insider_Threat,77 hrs
INC-09336,2025-09-16 16:33:00 [WARN],SRV-002, DDoS ,7
INC-09337,2025-05-25 20:41:00 [WARN],SRV-003, SQL_Injection ,50
INC-09338,2025-06-15 20:04:00 [WARN],SRV-008,Cross_Site_Scripting,79 hrs
INC-09339,2025-12-13 14:51:00 [WARN],SRV-002,Insider_Threat,41
INC-09340,2025-12-12 15:35:00 [WARN],SRV-001,Phishing,150
INC-09341,2025-08-18 03:25:00 [WARN],SRV-004,Ransomware,141
INC-09342,2025-06-03 17:41:00 [WARN],SRV-007,ransomware,139 hrs
INC-09343,2025-02-24 05:59:00 [WARN],SRV-007,Insider_Threat,102 hrs
INC-09344,2025-01-04 12:46:00 [WARN],SRV-008,Cross_Site_Scripting,106 hrs
INC-09345,2025-11-24_18:50:00 [ERROR],SRV-003,phishing,79
INC-09346,2025-07-09 00:33:00 [WARN],SRV-003,phishing,
INC-09347,2025-05-23 21:10:00 [WARN],SRV-004,Ransomware,84
INC-09348,2025-08-25 08:53:00 [WARN],SRV-007,Malware_Dropper,94
INC-09349,2025-09-01 04:01:00 [WARN],SRV-008,zero_day,130
INC-09350,2025-06-15 20:24:00 [WARN],SRV-006, DDoS ,89
INC-09351,2025-04-12 03:15:00 [WARN],SRV-005,insider_threat,89
INC-09352,2025-08-20 17:54:00 [WARN],SRV-004, SQL_Injection ,26
INC-09353,2025-04-02 15:28:00 [WARN],SRV-006,Zero_Day,107
INC-09354,2025-09-10 09:27:00 [WARN],SRV-006, Brute_Force,4
INC-09355,2025-09-21 01:46:00 [WARN],SRV-002, Brute_Force,135
INC-09356,2025-02-10 12:56:00 [WARN],SRV-005, DDoS ,4
INC-09357,2025-10-05 18:49:00 [WARN],SRV-004, SQL_Injection ,48
INC-09358,2025-09-03 15:43:00 [WARN],SRV-007, brute_force,62
INC-09359,2025-07-21 21:41:00 [WARN],SRV-007,Malware_Dropper,34
INC-09360,2025-11-19 08:28:00 [WARN],SRV-005,Phishing,111
INC-09361,2025-12-16 16:47:00 [WARN],SRV-004,zero_day,71
INC-09362,2025-09-19 10:05:00 [WARN],SRV-006,Insider_Threat,94
INC-09363,2025-06-25 15:02:00 [WARN],SRV-008,Cross_Site_Scripting,30 hrs
INC-09364,2025-08-19 23:01:00 [WARN],SRV-001, Brute_Force,51
INC-09365,2025-11-04 22:13:00 [WARN],SRV-007, SQL_Injection ,3
INC-09366,2025-08-02 20:54:00 [WARN],SRV-005,Phishing,42
INC-09367,2025-01-09 02:53:00 [WARN],SRV-002, Brute_Force,133
INC-09368,2025-06-15 01:59:00 [WARN],SRV-004,Malware_Dropper,81
INC-09369,2025-12-18 00:03:00 [WARN],SRV-004,Ransomware,128
INC-09370,2025-01-29_17:42:00 [ERROR],SRV-006, Brute_Force,48 hrs
INC-09371,2025-09-29_19:16:00 [ERROR],SRV-008,Malware_Dropper,9
INC-09372,2025-08-14 01:41:00 [WARN],SRV-001,Cross_Site_Scripting,143
INC-09373,2025-08-24 14:58:00 [WARN],SRV-005,Zero_Day,131
INC-09374,2025-05-03_06:41:00 [ERROR],SRV-002,Cross_Site_Scripting,129
INC-09375,2025-08-06 10:39:00 [WARN],SRV-001, DDoS ,126
INC-09376,2025-03-13 15:50:00 [WARN],SRV-001,Insider_Threat,11
INC-09377,2025-08-17_02:07:00 [ERROR],SRV-005,Zero_Day,6
INC-09378,2025-03-15 19:53:00 [WARN],SRV-007,Malware_Dropper,91
INC-09379,2025-08-16 05:54:00 [WARN],SRV-002, ddos ,73
INC-09380,2025-04-14_08:33:00 [ERROR],SRV-005, Brute_Force,150
INC-09381,2025-07-19 07:16:00 [WARN],SRV-006,Ransomware,136
INC-09382,2025-03-06 06:27:00 [WARN],SRV-008, SQL_Injection ,114
INC-09383,2025-10-31 15:31:00 [WARN],SRV-001,Phishing,27
INC-09384,2025-02-04_21:38:00 [ERROR],SRV-002, DDoS ,133
INC-09385,2025-08-28 22:44:00 [WARN],SRV-004,malware_dropper,63
INC-09386,2025-10-27_22:26:00 [ERROR],SRV-006,Phishing,122
INC-09387,2025-01-10 19:56:00 [WARN],SRV-005,Insider_Threat,68
INC-09388,2025-11-19 21:20:00 [WARN],SRV-008, DDoS ,136
INC-09389,2025-04-15 20:11:00 [WARN],SRV-005,Zero_Day,62
INC-09390,2025-08-19_21:40:00 [ERROR],SRV-004, DDoS ,44
INC-09391,2025-12-13 12:02:00 [WARN],SRV-006,Insider_Threat,19
INC-09392,2025-12-30 00:26:00 [WARN],SRV-007,Ransomware,73
INC-09393,2025-05-03 19:55:00 [WARN],SRV-006,malware_dropper,45
INC-09394,2025-08-11 19:34:00 [WARN],SRV-003, brute_force,28
INC-09395,2025-06-19_15:40:00 [ERROR],SRV-005,Cross_Site_Scripting,80
INC-09396,2025-04-19 00:28:00 [WARN],SRV-003,Cross_Site_Scripting,110
INC-09397,2025-11-10 18:46:00 [WARN],SRV-008, SQL_Injection ,4
INC-09398,2025-09-08 14:16:00 [WARN],SRV-007,Zero_Day,30
INC-09399,2025-12-23 03:05:00 [WARN],SRV-006,Phishing,54
INC-09400,2025-03-02 07:44:00 [WARN],SRV-005,Cross_Site_Scripting,30
INC-09401,2025-01-18 09:35:00 [WARN],SRV-005,Zero_Day,98
INC-09402,2025-11-01 00:58:00 [WARN],SRV-007, SQL_Injection ,149
INC-09403,2025-05-08 02:39:00 [WARN],SRV-002, SQL_Injection ,63
INC-09404,2025-03-06 14:24:00 [WARN],SRV-003,Malware_Dropper,137
INC-09405,2025-07-17 22:03:00 [WARN],SRV-002, DDoS ,129
INC-09406,2025-12-05 01:54:00 [WARN],SRV-001,phishing,61
INC-09407,2025-05-14 02:02:00 [WARN],SRV-003, Brute_Force,112
INC-09408,2025-11-24 02:26:00 [WARN],SRV-003, sql_injection ,78
INC-09409,2025-06-18 14:57:00 [WARN],SRV-007, sql_injection ,79
INC-09410,2025-08-14 08:11:00 [WARN],SRV-008, DDoS ,128
INC-09411,2025-08-17 21:46:00 [WARN],SRV-005,Zero_Day,140
INC-09412,2025-10-13 20:38:00 [WARN],SRV-006, Brute_Force,147
INC-09413,2025-11-09 01:36:00 [WARN],SRV-003,Ransomware,44
INC-09414,2025-02-06 07:54:00 [WARN],SRV-004,Ransomware,139
INC-09415,2025-01-25 16:13:00 [WARN],SRV-008, Brute_Force,77
INC-09416,2025-04-18 19:50:00 [WARN],SRV-008, SQL_Injection ,118
INC-09417,2025-04-25 09:57:00 [WARN],SRV-003,cross_site_scripting,12
INC-09418,2025-05-29 23:44:00 [WARN],SRV-007, SQL_Injection ,106
INC-09419,2025-07-02 21:43:00 [WARN],SRV-005, SQL_Injection ,112
INC-09420,2025-06-18 11:28:00 [WARN],SRV-007,Malware_Dropper,95
INC-09421,2025-05-25 06:36:00 [WARN],SRV-008,Malware_Dropper,37
INC-09422,2025-07-24 02:52:00 [WARN],SRV-005,Ransomware,35
INC-09423,2025-05-06 09:10:00 [WARN],SRV-004,Phishing,45 hrs
INC-09424,2025-10-06 05:24:00 [WARN],SRV-007,Malware_Dropper,148
INC-09425,2025-10-05 23:53:00 [WARN],SRV-007,Insider_Threat,24
INC-09426,2025-09-04 03:14:00 [WARN],SRV-008,Insider_Threat,109
INC-09427,2025-05-16 18:03:00 [WARN],SRV-006,Ransomware,82
INC-09428,2025-11-12 14:10:00 [WARN],SRV-008,Cross_Site_Scripting,33
INC-09429,2025-08-12 11:00:00 [WARN],SRV-001,Ransomware,64
INC-09430,2025-07-27 15:00:00 [WARN],SRV-007,Malware_Dropper,13
INC-09431,2025-12-13 22:44:00 [WARN],SRV-008,Cross_Site_Scripting,100
INC-09432,2025-07-22 18:37:00 [WARN],SRV-008,Insider_Threat,52 hrs
INC-09433,2025-08-07 23:32:00 [WARN],SRV-003, SQL_Injection ,68
INC-09434,2025-08-05 03:01:00 [WARN],SRV-003, DDoS ,7
INC-09435,2025-09-06 04:23:00 [WARN],SRV-003, Brute_Force,83
INC-09436,2025-03-17_16:11:00 [ERROR],SRV-006, Brute_Force,81
INC-09437,2025-04-20 07:46:00 [WARN],SRV-005,zero_day,89
INC-09438,2025-01-14 09:17:00 [WARN],SRV-005,Cross_Site_Scripting,2
INC-09439,2025-11-13 01:25:00 [WARN],SRV-004,Cross_Site_Scripting,75
INC-09440,2025-04-06 01:54:00 [WARN],SRV-008,Insider_Threat,87
INC-09441,2025-08-03 21:30:00 [WARN],SRV-007,Phishing,53
INC-09442,2025-04-12_11:08:00 [ERROR],SRV-004,Cross_Site_Scripting,63
INC-09443,2025-12-09 07:16:00 [WARN],SRV-002, SQL_Injection ,103
INC-09444,2025-10-02 15:41:00 [WARN],SRV-004, Brute_Force,75
INC-09445,2025-03-01 15:59:00 [WARN],SRV-001, SQL_Injection ,45
INC-09446,2025-06-29 13:48:00 [WARN],SRV-005, DDoS ,148
INC-09447,2025-11-30 12:43:00 [WARN],SRV-007, DDoS ,60
INC-09448,2025-02-24 17:17:00 [WARN],SRV-005, sql_injection ,109
INC-09449,2025-09-04 03:31:00 [WARN],SRV-002,Zero_Day,71
INC-09450,2025-12-20 06:58:00 [WARN],SRV-003, Brute_Force,86
INC-09451,2025-02-24 15:48:00 [WARN],SRV-003,malware_dropper,24 hrs
INC-09452,2025-10-02 09:57:00 [WARN],SRV-005, SQL_Injection ,116
INC-09453,2025-12-06 22:37:00 [WARN],SRV-007,Phishing,63
INC-09454,2025-11-12 23:23:00 [WARN],SRV-003,insider_threat,94
INC-09455,2025-02-12 07:25:00 [WARN],SRV-004,Malware_Dropper,121
INC-09456,2025-12-25 22:50:00 [WARN],SRV-004, DDoS ,149
INC-09457,2025-03-06 17:10:00 [WARN],SRV-001, SQL_Injection ,87
INC-09458,2025-05-21 22:02:00 [WARN],SRV-005,Insider_Threat,122
INC-09459,2025-01-27 09:55:00 [WARN],SRV-001,Malware_Dropper,89
INC-09460,2025-08-20 02:07:00 [WARN],SRV-008,Cross_Site_Scripting,86
INC-09461,2025-04-24 20:56:00 [WARN],SRV-004,Cross_Site_Scripting,102
INC-09462,2025-12-14 14:18:00 [WARN],SRV-001, ddos ,127
INC-09463,2025-06-12 14:17:00 [WARN],SRV-002,Zero_Day,124
INC-09464,2025-03-29 04:49:00 [WARN],SRV-008,zero_day,148
INC-09465,2025-02-08 06:33:00 [WARN],SRV-006, SQL_Injection ,62
INC-09466,2025-03-03 07:36:00 [WARN],SRV-001,ransomware,22
INC-09467,2025-06-02 08:10:00 [WARN],SRV-008, sql_injection ,26
INC-09468,2025-07-18 14:36:00 [WARN],SRV-005, Brute_Force,6
INC-09469,2025-09-29 01:42:00 [WARN],SRV-002, DDoS ,45
INC-09470,2025-06-29 00:57:00 [WARN],SRV-007, Brute_Force,116
INC-09471,2025-01-25 10:53:00 [WARN],SRV-007,Cross_Site_Scripting,81
INC-09472,2025-09-04 15:03:00 [WARN],SRV-002, SQL_Injection ,62 hrs
INC-09473,2025-03-03 08:11:00 [WARN],SRV-002,insider_threat,116
INC-09474,2025-11-25 09:27:00 [WARN],SRV-004,Zero_Day,133
INC-09475,2025-07-17 12:42:00 [WARN],SRV-007,Ransomware,129
INC-09476,2025-05-01 08:12:00 [WARN],SRV-003, Brute_Force,61
INC-09477,2025-09-01 05:35:00 [WARN],SRV-004,insider_threat,104
INC-09478,2025-02-16 12:58:00 [WARN],SRV-007,Zero_Day,139
INC-09479,2025-04-04 23:56:00 [WARN],SRV-003, DDoS ,31
INC-09480,2025-09-09 05:53:00 [WARN],SRV-004, DDoS ,37
INC-09481,2025-01-06 04:02:00 [WARN],SRV-005,Malware_Dropper,21
INC-09482,2025-11-12 22:25:00 [WARN],SRV-002, DDoS ,76
INC-09483,2025-11-15 15:39:00 [WARN],SRV-005,ransomware,89
INC-09484,2025-10-16 02:51:00 [WARN],SRV-007,ransomware,5
INC-09485,2025-04-12 20:16:00 [WARN],SRV-002, Brute_Force,76
INC-09486,2025-10-16 06:03:00 [WARN],SRV-007, brute_force,12
INC-09487,2025-07-04_19:09:00 [ERROR],SRV-005,Insider_Threat,22 hrs
INC-09488,2025-05-13 16:56:00 [WARN],SRV-008,Malware_Dropper,13
INC-09489,2025-07-23 22:12:00 [WARN],SRV-003,Zero_Day,114
INC-09490,2025-06-14 18:45:00 [WARN],SRV-004, brute_force,33
INC-09491,2025-05-29 12:50:00 [WARN],SRV-006,Zero_Day,70
INC-09492,2025-12-27 08:48:00 [WARN],SRV-002, DDoS ,110
INC-09493,2025-05-11 13:50:00 [WARN],SRV-006,Phishing,50
INC-09494,2025-11-20_06:22:00 [ERROR],SRV-006,Cross_Site_Scripting,83
INC-09495,2025-04-16 07:20:00 [WARN],SRV-002,Insider_Threat,48
INC-09496,2025-05-21_01:55:00 [ERROR],SRV-004,Insider_Threat,133
INC-09497,2025-10-21 11:43:00 [WARN],SRV-005, Brute_Force,105 hrs
INC-09498,2025-03-24 02:26:00 [WARN],SRV-003, Brute_Force,72
INC-09499,2025-08-08 07:17:00 [WARN],SRV-007,Insider_Threat,107
INC-09500,2025-04-02 22:12:00 [WARN],SRV-005,Phishing,139
INC-09501,2025-07-07 17:17:00 [WARN],SRV-001,Cross_Site_Scripting,59
INC-09502,2025-07-05 01:11:00 [WARN],SRV-007, SQL_Injection ,9
INC-09503,2025-01-22 07:43:00 [WARN],SRV-006,Malware_Dropper,37
INC-09504,2025-10-11 13:45:00 [WARN],SRV-007,Zero_Day,2
INC-09505,2025-08-21 06:28:00 [WARN],SRV-002,Malware_Dropper,99
INC-09506,2025-10-03 06:30:00 [WARN],SRV-007,phishing,14
INC-09507,2025-08-26 08:21:00 [WARN],SRV-006,insider_threat,50
INC-09508,2025-08-16 09:23:00 [WARN],SRV-002,phishing,1 hrs
INC-09509,2025-12-16_16:20:00 [ERROR],SRV-002,Insider_Threat,31
INC-09510,2025-02-22 04:25:00 [WARN],SRV-005, SQL_Injection ,37
INC-09511,2025-09-09 22:31:00 [WARN],SRV-002, Brute_Force,57
INC-09512,2025-07-29 02:10:00 [WARN],SRV-001, SQL_Injection ,75
INC-09513,2025-05-11 05:48:00 [WARN],SRV-002, DDoS ,117
INC-09514,2025-11-20 13:41:00 [WARN],SRV-002,Cross_Site_Scripting,56
INC-09515,2025-04-24 19:50:00 [WARN],SRV-002,Malware_Dropper,43
INC-09516,2025-10-08 14:57:00 [WARN],SRV-004,Zero_Day,131
INC-09517,2025-10-27 11:34:00 [WARN],SRV-008,Cross_Site_Scripting,18
INC-09518,2025-03-12 22:26:00 [WARN],SRV-007,Zero_Day,105
INC-09519,2025-10-08 19:35:00 [WARN],SRV-004,Cross_Site_Scripting,79
INC-09520,2025-03-20 03:47:00 [WARN],SRV-002, SQL_Injection ,146
INC-09521,2025-05-13_00:51:00 [ERROR],SRV-002,Insider_Threat,85
INC-09522,2025-01-10 10:22:00 [WARN],SRV-003, Brute_Force,144
INC-09523,2025-05-03 01:00:00 [WARN],SRV-006, brute_force,60
INC-09524,2025-11-26 12:48:00 [WARN],SRV-001,Zero_Day,66
INC-09525,2025-09-05 17:24:00 [WARN],SRV-008, SQL_Injection ,41
INC-09526,2025-04-16 01:54:00 [WARN],SRV-003, Brute_Force,111
INC-09527,2025-07-26 21:58:00 [WARN],SRV-005,Zero_Day,61
INC-09528,2025-05-19 15:56:00 [WARN],SRV-004,Malware_Dropper,146
INC-09529,2025-05-06 14:51:00 [WARN],SRV-002,Cross_Site_Scripting,133
INC-09530,2025-09-28_14:19:00 [ERROR],SRV-006, ddos ,44
INC-09531,2025-06-08 21:20:00 [WARN],SRV-008, sql_injection ,47
INC-09532,2025-07-25 15:18:00 [WARN],SRV-004,Malware_Dropper,125
INC-09533,2025-06-19 13:17:00 [WARN],SRV-005, SQL_Injection ,29
INC-09534,2025-06-25 02:45:00 [WARN],SRV-001, DDoS ,121
INC-09535,2025-10-19 14:04:00 [WARN],SRV-004,Ransomware,136
INC-09536,2025-10-25 03:12:00 [WARN],SRV-002, DDoS ,22
INC-09537,2025-02-28 07:53:00 [WARN],SRV-002,Zero_Day,26
INC-09538,2025-08-27 11:55:00 [WARN],SRV-002,ransomware,139
INC-09539,2025-02-22 09:37:00 [WARN],SRV-003, brute_force,150
INC-09540,2025-03-25 17:57:00 [WARN],SRV-003, ddos ,110
INC-09541,2025-01-08 01:58:00 [WARN],SRV-003, SQL_Injection ,129
INC-09542,2025-05-02 09:44:00 [WARN],SRV-003,Insider_Threat,145
INC-09543,2025-11-16 09:42:00 [WARN],SRV-006,Insider_Threat,79
INC-09544,2025-01-13 09:04:00 [WARN],SRV-004,Phishing,121
INC-09545,2025-01-28 06:28:00 [WARN],SRV-002, SQL_Injection ,10
INC-09546,2025-05-25 18:12:00 [WARN],SRV-001,Ransomware,114
INC-09547,2025-07-07 02:25:00 [WARN],SRV-008,Cross_Site_Scripting,98
INC-09548,2025-03-27 21:43:00 [WARN],SRV-008, Brute_Force,16
INC-09549,2025-10-14 19:35:00 [WARN],SRV-008, Brute_Force,11
INC-09550,2025-05-16 11:52:00 [WARN],SRV-004,Phishing,43
INC-09551,2025-04-13 18:44:00 [WARN],SRV-003,Malware_Dropper,13
INC-09552,2025-12-02 15:27:00 [WARN],SRV-005,Insider_Threat,132
INC-09553,2025-07-18 05:11:00 [WARN],SRV-002,phishing,24
INC-09554,2025-06-16 11:31:00 [WARN],SRV-007,Insider_Threat,120
INC-09555,2025-03-05_12:44:00 [ERROR],SRV-006,Ransomware,54
INC-09556,2025-06-01 12:36:00 [WARN],SRV-006, Brute_Force,106
INC-09557,2025-01-12_00:30:00 [ERROR],SRV-005,Zero_Day,116
INC-09558,2025-12-05_17:54:00 [ERROR],SRV-003,Insider_Threat,139
INC-09559,2025-10-30 11:27:00 [WARN],SRV-007, DDoS ,89
INC-09560,2025-02-03 16:51:00 [WARN],SRV-004, Brute_Force,128
INC-09561,2025-01-28 02:20:00 [WARN],SRV-001,Zero_Day,120
INC-09562,2025-10-24_23:12:00 [ERROR],SRV-008,malware_dropper,83 hrs
INC-09563,2025-11-18 07:47:00 [WARN],SRV-005, SQL_Injection ,120
INC-09564,2025-06-21 20:43:00 [WARN],SRV-008,Insider_Threat,39
INC-09565,2025-06-11 19:35:00 [WARN],SRV-008, brute_force,100
INC-09566,2025-04-10 12:52:00 [WARN],SRV-005,Phishing,117
INC-09567,2025-11-10 05:59:00 [WARN],SRV-007, Brute_Force,16
INC-09568,2025-10-03 19:24:00 [WARN],SRV-002, SQL_Injection ,31
INC-09569,2025-01-29 00:02:00 [WARN],SRV-005, sql_injection ,140
INC-09570,2025-06-15 05:22:00 [WARN],SRV-006,Malware_Dropper,109
INC-09571,2025-08-01 05:58:00 [WARN],SRV-005, DDoS ,116
INC-09572,2025-10-15_11:27:00 [ERROR],SRV-002,Ransomware,105
INC-09573,2025-08-16_04:39:00 [ERROR],SRV-006,Ransomware,98
INC-09574,2025-04-23 22:24:00 [WARN],SRV-006,Phishing,5
INC-09575,2025-07-06 14:01:00 [WARN],SRV-002,Malware_Dropper,68
INC-09576,2025-03-13 08:57:00 [WARN],SRV-004, SQL_Injection ,78
INC-09577,2025-06-17 00:05:00 [WARN],SRV-003, DDoS ,135
INC-09578,2025-05-19 10:28:00 [WARN],SRV-003,Malware_Dropper,136
INC-09579,2025-01-09 16:02:00 [WARN],SRV-004,Ransomware,20
INC-09580,2025-11-25 15:27:00 [WARN],SRV-007, DDoS ,101
INC-09581,2025-04-15 01:02:00 [WARN],SRV-008,Cross_Site_Scripting,132
INC-09582,2025-06-29 16:50:00 [WARN],SRV-002,Phishing,150
INC-09583,2025-04-07 13:16:00 [WARN],SRV-002, DDoS ,77
INC-09584,2025-03-11_16:58:00 [ERROR],SRV-008, SQL_Injection ,96
INC-09585,2025-03-18 02:19:00 [WARN],SRV-001,Cross_Site_Scripting,98
INC-09586,2025-12-23 06:52:00 [WARN],SRV-003,cross_site_scripting,65
INC-09587,2025-09-16 23:05:00 [WARN],SRV-002,Zero_Day,115
INC-09588,2025-07-09 05:27:00 [WARN],SRV-004, Brute_Force,34
INC-09589,2025-10-28 17:55:00 [WARN],SRV-007,cross_site_scripting,144
INC-09590,2025-08-25 16:23:00 [WARN],SRV-001,zero_day,70
INC-09591,2025-06-03 13:18:00 [WARN],SRV-005, Brute_Force,20
INC-09592,2025-06-21 00:55:00 [WARN],SRV-005,Ransomware,31
INC-09593,2025-07-03 01:46:00 [WARN],SRV-003,Malware_Dropper,13
INC-09594,2025-11-28 20:06:00 [WARN],SRV-004, Brute_Force,60
INC-09595,2025-07-20 03:38:00 [WARN],SRV-006,Insider_Threat,14
INC-09596,2025-10-25 22:15:00 [WARN],SRV-001,cross_site_scripting,104
INC-09597,2025-12-11 07:48:00 [WARN],SRV-002, DDoS ,53
INC-09598,2025-02-11 13:43:00 [WARN],SRV-008, DDoS ,88
INC-09599,2025-08-02 11:31:00 [WARN],SRV-002, ddos ,99
INC-09600,2025-08-14 21:03:00 [WARN],SRV-007,phishing,106
INC-09601,2025-01-06 21:41:00 [WARN],SRV-003,Phishing,3
INC-09602,2025-05-06 01:53:00 [WARN],SRV-007,Cross_Site_Scripting,102
INC-09603,2025-04-11 15:30:00 [WARN],SRV-004, SQL_Injection ,
INC-09604,2025-08-03 16:36:00 [WARN],SRV-003,Cross_Site_Scripting,105
INC-09605,2025-11-17 17:01:00 [WARN],SRV-001,insider_threat,32
INC-09606,2025-02-22 00:12:00 [WARN],SRV-001,Insider_Threat,54
INC-09607,2025-05-05_09:42:00 [ERROR],SRV-002,Ransomware,
INC-09608,2025-12-25 20:53:00 [WARN],SRV-006,Zero_Day,132
INC-09609,2025-08-31 18:21:00 [WARN],SRV-001,Insider_Threat,67 hrs
INC-09610,2025-04-28 00:13:00 [WARN],SRV-004,Zero_Day,35
INC-09611,2025-12-31 05:56:00 [WARN],SRV-004,Malware_Dropper,1
INC-09612,2025-11-04 06:09:00 [WARN],SRV-007,Phishing,10
INC-09613,2025-03-18 05:06:00 [WARN],SRV-002,Insider_Threat,132
INC-09614,2025-07-13 18:30:00 [WARN],SRV-006, DDoS ,15
INC-09615,2025-09-19 02:49:00 [WARN],SRV-008, DDoS ,52 hrs
INC-09616,2025-06-19 14:28:00 [WARN],SRV-008,Insider_Threat,116
INC-09617,2025-05-07 00:40:00 [WARN],SRV-005, Brute_Force,78
INC-09618,2025-06-12 22:01:00 [WARN],SRV-003,Zero_Day,45
INC-09619,2025-07-28 19:00:00 [WARN],SRV-005,Ransomware,104
INC-09620,2025-12-03_05:16:00 [ERROR],SRV-006,Malware_Dropper,111
INC-09621,2025-06-30 21:10:00 [WARN],SRV-008,Insider_Threat,97
INC-09622,2025-01-30 18:31:00 [WARN],SRV-008,insider_threat,118
INC-09623,2025-03-12_13:07:00 [ERROR],SRV-004,Zero_Day,54
INC-09624,2025-07-27 19:40:00 [WARN],SRV-001,Insider_Threat,20
INC-09625,2025-11-01 10:40:00 [WARN],SRV-001,zero_day,148
INC-09626,2025-03-27 17:13:00 [WARN],SRV-001, SQL_Injection ,85
INC-09627,2025-02-13 11:21:00 [WARN],SRV-001, Brute_Force,67 hrs
INC-09628,2025-08-18 21:12:00 [WARN],SRV-001,Malware_Dropper,25
INC-09629,2025-04-04 01:46:00 [WARN],SRV-006, SQL_Injection ,77
INC-09630,2025-04-19 20:23:00 [WARN],SRV-003, DDoS ,80
INC-09631,2025-01-18_18:01:00 [ERROR],SRV-007, SQL_Injection ,65 hrs
INC-09632,2025-02-23 12:51:00 [WARN],SRV-006,Zero_Day,148
INC-09633,2025-06-21 09:36:00 [WARN],SRV-004,Ransomware,132
INC-09634,2025-10-21 06:02:00 [WARN],SRV-003,Insider_Threat,130
INC-09635,2025-02-19 23:51:00 [WARN],SRV-004, DDoS ,9 hrs
INC-09636,2025-02-20 22:27:00 [WARN],SRV-004,malware_dropper,94
INC-09637,2025-12-03_03:09:00 [ERROR],SRV-002,Phishing,140
INC-09638,2025-12-14 06:50:00 [WARN],SRV-006,Phishing,11
INC-09639,2025-10-13 17:19:00 [WARN],SRV-004,Zero_Day,123
INC-09640,2025-01-10_07:53:00 [ERROR],SRV-003, Brute_Force,149
INC-09641,2025-11-07 19:02:00 [WARN],SRV-001,Cross_Site_Scripting,67
INC-09642,2025-05-24 14:29:00 [WARN],SRV-005,Zero_Day,123
INC-09643,2025-09-17 11:56:00 [WARN],SRV-008, Brute_Force,129
INC-09644,2025-12-16 14:21:00 [WARN],SRV-005, SQL_Injection ,4
INC-09645,2025-10-30_04:12:00 [ERROR],SRV-005, ddos ,39
INC-09646,2025-10-28 10:43:00 [WARN],SRV-006,Zero_Day,109
INC-09647,2025-12-05 03:43:00 [WARN],SRV-008,Ransomware,112
INC-09648,2025-06-26 16:57:00 [WARN],SRV-007,Ransomware,94
INC-09649,2025-10-12 00:40:00 [WARN],SRV-002,Phishing,133
INC-09650,2025-07-27 22:43:00 [WARN],SRV-007,Ransomware,81
INC-09651,2025-01-06 03:06:00 [WARN],SRV-007, SQL_Injection ,12
INC-09652,2025-02-27 04:16:00 [WARN],SRV-001, SQL_Injection ,134
INC-09653,2025-02-04 18:43:00 [WARN],SRV-002,Ransomware,42
INC-09654,2025-05-27 11:52:00 [WARN],SRV-005,Insider_Threat,81
INC-09655,2025-11-08 22:15:00 [WARN],SRV-006,Phishing,54
INC-09656,2025-02-02 13:54:00 [WARN],SRV-004,Zero_Day,111
INC-09657,2025-06-23 23:37:00 [WARN],SRV-002, DDoS ,80
INC-09658,2025-07-15 23:10:00 [WARN],SRV-008, SQL_Injection ,101
INC-09659,2025-09-25 04:21:00 [WARN],SRV-002,phishing,116
INC-09660,2025-04-24 04:47:00 [WARN],SRV-001, brute_force,98
INC-09661,2025-06-06 11:05:00 [WARN],SRV-005, SQL_Injection ,148
INC-09662,2025-10-18 10:57:00 [WARN],SRV-007,zero_day,78
INC-09663,2025-04-09 08:50:00 [WARN],SRV-001,Phishing,119
INC-09664,2025-09-05 17:56:00 [WARN],SRV-007, SQL_Injection ,129
INC-09665,2025-02-08 23:41:00 [WARN],SRV-004,Insider_Threat,94
INC-09666,2025-08-09 08:27:00 [WARN],SRV-006,Cross_Site_Scripting,39
INC-09667,2025-03-07 16:16:00 [WARN],SRV-002,Phishing,29
INC-09668,2025-12-04 19:35:00 [WARN],SRV-002, Brute_Force,104
INC-09669,2025-06-10 00:29:00 [WARN],SRV-002,phishing,107
INC-09670,2025-07-29 09:32:00 [WARN],SRV-002,Insider_Threat,145
INC-09671,2025-01-04 01:18:00 [WARN],SRV-001,Ransomware,83
INC-09672,2025-12-11 16:39:00 [WARN],SRV-004,Ransomware,20
INC-09673,2025-08-05 01:17:00 [WARN],SRV-003, Brute_Force,100
INC-09674,2025-04-15_15:48:00 [ERROR],SRV-006,Ransomware,53
INC-09675,2025-05-10 08:52:00 [WARN],SRV-005, SQL_Injection ,78
INC-09676,2025-05-29 21:21:00 [WARN],SRV-002,cross_site_scripting,61
INC-09677,2025-10-11 10:11:00 [WARN],SRV-006,zero_day,108
INC-09678,2025-06-29 02:03:00 [WARN],SRV-003,Insider_Threat,46
INC-09679,2025-05-24 18:10:00 [WARN],SRV-004,Insider_Threat,124
INC-09680,2025-02-13 15:42:00 [WARN],SRV-008,Malware_Dropper,133
INC-09681,2025-04-20 05:03:00 [WARN],SRV-005,Malware_Dropper,29
INC-09682,2025-08-08 22:21:00 [WARN],SRV-001,Phishing,28
INC-09683,2025-09-17 16:07:00 [WARN],SRV-008, Brute_Force,45
INC-09684,2025-01-23 19:03:00 [WARN],SRV-004,Malware_Dropper,15
INC-09685,2025-12-19 18:12:00 [WARN],SRV-006,Phishing,43
INC-09686,2025-03-18_07:25:00 [ERROR],SRV-007,ransomware,40
INC-09687,2025-02-03 03:01:00 [WARN],SRV-003,Malware_Dropper,21
INC-09688,2025-07-08 14:15:00 [WARN],SRV-004,Phishing,27
INC-09689,2025-09-11 23:39:00 [WARN],SRV-004,insider_threat,26
INC-09690,2025-11-29 06:09:00 [WARN],SRV-006,Ransomware,87
INC-09691,2025-07-25 00:22:00 [WARN],SRV-002,Insider_Threat,95
INC-09692,2025-03-09 00:51:00 [WARN],SRV-005,Ransomware,110
INC-09693,2025-06-12_14:59:00 [ERROR],SRV-003,Insider_Threat,147
INC-09694,2025-08-14 22:26:00 [WARN],SRV-005, SQL_Injection ,84
INC-09695,2025-12-18 01:55:00 [WARN],SRV-008,Zero_Day,50
INC-09696,2025-11-27 10:07:00 [WARN],SRV-003,Cross_Site_Scripting,86
INC-09697,2025-03-22 02:39:00 [WARN],SRV-002,Insider_Threat,126
INC-09698,2025-06-12 08:42:00 [WARN],SRV-002, DDoS ,62
INC-09699,2025-12-01 18:24:00 [WARN],SRV-005,Cross_Site_Scripting,78
INC-09700,2025-05-08 01:19:00 [WARN],SRV-003, DDoS ,77
INC-09701,2025-02-10 04:31:00 [WARN],SRV-002,Phishing,52
INC-09702,2025-04-21 07:40:00 [WARN],SRV-002, SQL_Injection ,68
INC-09703,2025-10-06 22:39:00 [WARN],SRV-005,Zero_Day,28
INC-09704,2025-08-26 23:13:00 [WARN],SRV-008, Brute_Force,137
INC-09705,2025-04-24 13:51:00 [WARN],SRV-004,Phishing,135
INC-09706,2025-11-03 07:33:00 [WARN],SRV-005,malware_dropper,55
INC-09707,2025-04-05 08:42:00 [WARN],SRV-003,Malware_Dropper,22
INC-09708,2025-05-10 12:58:00 [WARN],SRV-005,Malware_Dropper,125
INC-09709,2025-03-03 06:38:00 [WARN],SRV-003, SQL_Injection ,54
INC-09710,2025-04-22 10:53:00 [WARN],SRV-006, Brute_Force,146
INC-09711,2025-10-02 15:40:00 [WARN],SRV-004,phishing,82
INC-09712,2025-11-04 00:24:00 [WARN],SRV-005,Insider_Threat,87
INC-09713,2025-01-27 12:28:00 [WARN],SRV-003,Zero_Day,131
INC-09714,2025-08-27 03:20:00 [WARN],SRV-008, ddos ,95
INC-09715,2025-05-16 23:33:00 [WARN],SRV-008, DDoS ,147
INC-09716,2025-02-17 02:33:00 [WARN],SRV-008,Insider_Threat,97
INC-09717,2025-07-05 02:28:00 [WARN],SRV-002,Ransomware,8
INC-09718,2025-05-09 21:17:00 [WARN],SRV-003,Zero_Day,51
INC-09719,2025-08-01 06:45:00 [WARN],SRV-005, sql_injection ,61
INC-09720,2025-02-07 04:36:00 [WARN],SRV-004,malware_dropper,119
INC-09721,2025-02-12 04:13:00 [WARN],SRV-001,ransomware,10
INC-09722,2025-11-23 14:28:00 [WARN],SRV-006, SQL_Injection ,
INC-09723,2025-08-07 10:23:00 [WARN],SRV-003,Ransomware,110
INC-09724,2025-04-23_04:14:00 [ERROR],SRV-004,Cross_Site_Scripting,2
INC-09725,2025-08-21 02:15:00 [WARN],SRV-003, DDoS ,3
INC-09726,2025-09-27 20:47:00 [WARN],SRV-008, SQL_Injection ,147
INC-09727,2025-09-28 04:08:00 [WARN],SRV-005, DDoS ,99
INC-09728,2025-10-07 15:20:00 [WARN],SRV-004, SQL_Injection ,62
INC-09729,2025-06-25_00:32:00 [ERROR],SRV-003, Brute_Force,84
INC-09730,2025-01-11 07:29:00 [WARN],SRV-005,Insider_Threat,37
INC-09731,2025-09-22 05:59:00 [WARN],SRV-008,Insider_Threat,19
INC-09732,2025-06-22 11:07:00 [WARN],SRV-005,Zero_Day,86
INC-09733,2025-04-29 13:58:00 [WARN],SRV-002, Brute_Force,41
INC-09734,2025-04-27 22:55:00 [WARN],SRV-008,zero_day,24
INC-09735,2025-05-25 07:35:00 [WARN],SRV-005, DDoS ,72
INC-09736,2025-05-27 09:05:00 [WARN],SRV-002,Zero_Day,109
INC-09737,2025-04-14 21:33:00 [WARN],SRV-007,Phishing,132
INC-09738,2025-10-07 11:41:00 [WARN],SRV-006,Zero_Day,78
INC-09739,2025-03-26 10:52:00 [WARN],SRV-003, ddos ,46
INC-09740,2025-03-26 12:20:00 [WARN],SRV-003, sql_injection ,123
INC-09741,2025-09-19 19:24:00 [WARN],SRV-005,Ransomware,99
INC-09742,2025-03-17 20:26:00 [WARN],SRV-004,Cross_Site_Scripting,86
INC-09743,2025-07-06 00:04:00 [WARN],SRV-007, SQL_Injection ,58
INC-09744,2025-07-06 14:38:00 [WARN],SRV-003,malware_dropper,147
INC-09745,2025-09-24 21:34:00 [WARN],SRV-004,Zero_Day,121
INC-09746,2025-04-29 16:09:00 [WARN],SRV-003,Zero_Day,28
INC-09747,2025-02-19 08:29:00 [WARN],SRV-001,Cross_Site_Scripting,103
INC-09748,2025-12-13 03:01:00 [WARN],SRV-008,Malware_Dropper,83 hrs
INC-09749,2025-01-26 02:23:00 [WARN],SRV-007,Ransomware,30
INC-09750,2025-02-11 10:06:00 [WARN],SRV-004,Ransomware,150
INC-09751,2025-07-20 12:24:00 [WARN],SRV-001,ransomware,85
INC-09752,2025-05-24 12:30:00 [WARN],SRV-002,cross_site_scripting,107
INC-09753,2025-09-14 02:05:00 [WARN],SRV-003,Ransomware,46
INC-09754,2025-10-27 09:18:00 [WARN],SRV-007,Insider_Threat,111
INC-09755,2025-11-18 23:25:00 [WARN],SRV-005, SQL_Injection ,60
INC-09756,2025-12-25 05:15:00 [WARN],SRV-005, DDoS ,
INC-09757,2025-02-20 23:58:00 [WARN],SRV-001,Cross_Site_Scripting,37
INC-09758,2025-10-08 18:23:00 [WARN],SRV-004, Brute_Force,5
INC-09759,2025-01-15 13:38:00 [WARN],SRV-005,Insider_Threat,83
INC-09760,2025-09-20 16:53:00 [WARN],SRV-004, DDoS ,87
INC-09761,2025-07-17 04:10:00 [WARN],SRV-001,Ransomware,131
INC-09762,2025-05-21 00:53:00 [WARN],SRV-004,Malware_Dropper,28
INC-09763,2025-08-12 15:06:00 [WARN],SRV-003,Phishing,71
INC-09764,2025-06-10 07:41:00 [WARN],SRV-007,Malware_Dropper,106
INC-09765,2025-06-18 15:27:00 [WARN],SRV-005,Cross_Site_Scripting,13
INC-09766,2025-04-07 13:43:00 [WARN],SRV-007,Insider_Threat,18 hrs
INC-09767,2025-12-08 22:19:00 [WARN],SRV-003,Insider_Threat,21
INC-09768,2025-12-29 00:44:00 [WARN],SRV-004,Ransomware,77
INC-09769,2025-04-11 11:00:00 [WARN],SRV-006,cross_site_scripting,141
INC-09770,2025-10-21 00:32:00 [WARN],SRV-008, Brute_Force,107
INC-09771,2025-10-18 21:37:00 [WARN],SRV-002,Cross_Site_Scripting,71
INC-09772,2025-03-04 18:22:00 [WARN],SRV-001, SQL_Injection ,48
INC-09773,2025-06-18 07:16:00 [WARN],SRV-008, SQL_Injection ,99
INC-09774,2025-05-23_00:46:00 [ERROR],SRV-005,Phishing,130
INC-09775,2025-01-23 08:10:00 [WARN],SRV-008,Zero_Day,16
INC-09776,2025-03-21 20:54:00 [WARN],SRV-003,malware_dropper,38
INC-09777,2025-10-10 15:51:00 [WARN],SRV-003, ddos ,79
INC-09778,2025-01-06 20:18:00 [WARN],SRV-006, SQL_Injection ,105
INC-09779,2025-05-12 12:40:00 [WARN],SRV-006, SQL_Injection ,57
INC-09780,2025-01-08 14:40:00 [WARN],SRV-005,Ransomware,109
INC-09781,2025-04-21 08:57:00 [WARN],SRV-002, Brute_Force,132
INC-09782,2025-08-03 01:14:00 [WARN],SRV-003,insider_threat,6
INC-09783,2025-11-28 14:43:00 [WARN],SRV-002,Ransomware,21
INC-09784,2025-07-29 05:27:00 [WARN],SRV-001,Insider_Threat,135
INC-09785,2025-07-29 10:07:00 [WARN],SRV-008,Zero_Day,67
INC-09786,2025-03-05 03:31:00 [WARN],SRV-001, ddos ,148
INC-09787,2025-01-29 02:06:00 [WARN],SRV-004, brute_force,44
INC-09788,2025-05-08 13:56:00 [WARN],SRV-006, brute_force,113
INC-09789,2025-07-17_21:42:00 [ERROR],SRV-003,Cross_Site_Scripting,133
INC-09790,2025-10-12 17:44:00 [WARN],SRV-005,Ransomware,37
INC-09791,2025-11-05 14:35:00 [WARN],SRV-001,phishing,70
INC-09792,2025-12-07 23:04:00 [WARN],SRV-004,Zero_Day,98
INC-09793,2025-08-18 09:01:00 [WARN],SRV-004, Brute_Force,131
INC-09794,2025-05-14 13:54:00 [WARN],SRV-006,ransomware,17
INC-09795,2025-08-27 04:37:00 [WARN],SRV-003, ddos ,81
INC-09796,2025-06-12 07:17:00 [WARN],SRV-001,cross_site_scripting,142
INC-09797,2025-12-09_16:58:00 [ERROR],SRV-002,Cross_Site_Scripting,91
INC-09798,2025-04-14 12:32:00 [WARN],SRV-001, DDoS ,12
INC-09799,2025-05-15_01:19:00 [ERROR],SRV-002,Zero_Day,132
INC-09800,2025-06-24 09:50:00 [WARN],SRV-007,Insider_Threat,28
INC-09801,2025-06-16 00:22:00 [WARN],SRV-004, Brute_Force,77
INC-09802,2025-08-27 07:10:00 [WARN],SRV-005,cross_site_scripting,123
INC-09803,2025-01-14 23:26:00 [WARN],SRV-006,Ransomware,108
INC-09804,2025-05-25 22:38:00 [WARN],SRV-007,Phishing,80
INC-09805,2025-11-03 06:36:00 [WARN],SRV-003, DDoS ,125
INC-09806,2025-01-20 07:16:00 [WARN],SRV-006, Brute_Force,84
INC-09807,2025-06-11 23:44:00 [WARN],SRV-007,Ransomware,41
INC-09808,2025-08-13 11:55:00 [WARN],SRV-007,phishing,107
INC-09809,2025-11-02 02:05:00 [WARN],SRV-006, DDoS ,118
INC-09810,2025-04-30 23:53:00 [WARN],SRV-001,Phishing,26
INC-09811,2025-11-08 04:46:00 [WARN],SRV-007, brute_force,118
INC-09812,2025-12-26 03:35:00 [WARN],SRV-008,Phishing,143
INC-09813,2025-04-24 05:48:00 [WARN],SRV-005,Phishing,93
INC-09814,2025-07-20 12:04:00 [WARN],SRV-001,Phishing,143
INC-09815,2025-05-29 20:05:00 [WARN],SRV-003, DDoS ,96
INC-09816,2025-02-16 01:54:00 [WARN],SRV-008,Ransomware,98
INC-09817,2025-10-14 10:43:00 [WARN],SRV-006,Malware_Dropper,38
INC-09818,2025-03-30 06:36:00 [WARN],SRV-004,malware_dropper,98
INC-09819,2025-09-15 09:29:00 [WARN],SRV-004,Phishing,18
INC-09820,2025-11-16 03:28:00 [WARN],SRV-002,Cross_Site_Scripting,93
INC-09821,2025-01-05 13:31:00 [WARN],SRV-002, Brute_Force,65
INC-09822,2025-10-04 16:49:00 [WARN],SRV-004, Brute_Force,92
INC-09823,2025-11-27 10:26:00 [WARN],SRV-005,Phishing,67
INC-09824,2025-11-18 10:25:00 [WARN],SRV-003,Cross_Site_Scripting,68
INC-09825,2025-05-08 14:09:00 [WARN],SRV-008,Phishing,68
INC-09826,2025-02-06 13:01:00 [WARN],SRV-008,phishing,139
INC-09827,2025-08-15 08:43:00 [WARN],SRV-007,insider_threat,116
INC-09828,2025-01-19 13:49:00 [WARN],SRV-002,Zero_Day,126
INC-09829,2025-06-23 23:37:00 [WARN],SRV-008, Brute_Force,120
INC-09830,2025-03-08 03:29:00 [WARN],SRV-006,zero_day,139
INC-09831,2025-11-09 02:20:00 [WARN],SRV-006,Cross_Site_Scripting,125
INC-09832,2025-04-18 13:45:00 [WARN],SRV-006,Malware_Dropper,76
INC-09833,2025-11-12_00:46:00 [ERROR],SRV-001, brute_force,26
INC-09834,2025-05-28_17:05:00 [ERROR],SRV-008, SQL_Injection ,40
INC-09835,2025-08-09 20:39:00 [WARN],SRV-001,Malware_Dropper,62
INC-09836,2025-08-13 15:29:00 [WARN],SRV-005, DDoS ,112
INC-09837,2025-04-24 01:41:00 [WARN],SRV-006,Ransomware,105
INC-09838,2025-05-24 03:10:00 [WARN],SRV-008, Brute_Force,87
INC-09839,2025-07-29 11:33:00 [WARN],SRV-007,Zero_Day,51
INC-09840,2025-02-12_00:41:00 [ERROR],SRV-003, Brute_Force,105
INC-09841,2025-08-05 20:47:00 [WARN],SRV-008, SQL_Injection ,98
INC-09842,2025-06-01 14:36:00 [WARN],SRV-007,Phishing,127
INC-09843,2025-12-26 12:22:00 [WARN],SRV-007,Phishing,20
INC-09844,2025-07-16 00:12:00 [WARN],SRV-006,Insider_Threat,74
INC-09845,2025-03-24 04:18:00 [WARN],SRV-001, Brute_Force,80
INC-09846,2025-10-01 12:19:00 [WARN],SRV-001,cross_site_scripting,91
INC-09847,2025-02-17 09:51:00 [WARN],SRV-008,Ransomware,16
INC-09848,2025-05-19 06:52:00 [WARN],SRV-007, SQL_Injection ,132
INC-09849,2025-03-29 17:18:00 [WARN],SRV-006,Malware_Dropper,130
INC-09850,2025-10-03_09:33:00 [ERROR],SRV-008,Malware_Dropper,54
INC-09851,2025-09-24_22:33:00 [ERROR],SRV-008,cross_site_scripting,57
INC-09852,2025-09-23 13:00:00 [WARN],SRV-002,Cross_Site_Scripting,53
INC-09853,2025-05-06_19:25:00 [ERROR],SRV-008,Ransomware,67
INC-09854,2025-12-26 06:22:00 [WARN],SRV-004,Cross_Site_Scripting,58
INC-09855,2025-09-17 04:08:00 [WARN],SRV-004,Phishing,133
INC-09856,2025-01-10 17:04:00 [WARN],SRV-008,Ransomware,41
INC-09857,2025-08-09 04:31:00 [WARN],SRV-003, SQL_Injection ,105
INC-09858,2025-04-02 09:24:00 [WARN],SRV-001,Zero_Day,136
INC-09859,2025-05-29 22:40:00 [WARN],SRV-001,Insider_Threat,27
INC-09860,2025-09-23_11:09:00 [ERROR],SRV-003,cross_site_scripting,52
INC-09861,2025-04-19 18:08:00 [WARN],SRV-005,Cross_Site_Scripting,1
INC-09862,2025-06-04 22:17:00 [WARN],SRV-006, DDoS ,7
INC-09863,2025-04-17 21:02:00 [WARN],SRV-002, DDoS ,119
INC-09864,2025-06-02 18:55:00 [WARN],SRV-003, SQL_Injection ,92
INC-09865,2025-07-10 10:40:00 [WARN],SRV-005, Brute_Force,26
INC-09866,2025-02-26 09:53:00 [WARN],SRV-003, Brute_Force,112
INC-09867,2025-08-15 22:07:00 [WARN],SRV-004,zero_day,135
INC-09868,2025-12-15 20:52:00 [WARN],SRV-005,Phishing,17 hrs
INC-09869,2025-09-10 20:34:00 [WARN],SRV-008,insider_threat,145
INC-09870,2025-08-22 22:45:00 [WARN],SRV-008,Ransomware,111 hrs
INC-09871,2025-10-25 10:38:00 [WARN],SRV-002,Phishing,82
INC-09872,2025-05-28 03:28:00 [WARN],SRV-007,Ransomware,41
INC-09873,2025-08-31 03:14:00 [WARN],SRV-008, brute_force,77 hrs
INC-09874,2025-03-27 20:52:00 [WARN],SRV-006,Ransomware,128
INC-09875,2025-03-20 08:59:00 [WARN],SRV-007, SQL_Injection ,47
INC-09876,2025-05-10 05:53:00 [WARN],SRV-002, SQL_Injection ,88
INC-09877,2025-05-20 10:30:00 [WARN],SRV-007, Brute_Force,108
INC-09878,2025-10-07 08:26:00 [WARN],SRV-004, brute_force,76
INC-09879,2025-09-24_11:33:00 [ERROR],SRV-002, DDoS ,89
INC-09880,2025-03-20 09:10:00 [WARN],SRV-004, ddos ,75 hrs
INC-09881,2025-11-23 23:20:00 [WARN],SRV-003,Malware_Dropper,45
INC-09882,2025-12-31 09:37:00 [WARN],SRV-003,Cross_Site_Scripting,70
INC-09883,2025-07-20 10:41:00 [WARN],SRV-007, SQL_Injection ,16
INC-09884,2025-08-31 14:25:00 [WARN],SRV-004,cross_site_scripting,91
INC-09885,2025-12-05 07:49:00 [WARN],SRV-007,Malware_Dropper,93
INC-09886,2025-08-13 09:23:00 [WARN],SRV-002,Cross_Site_Scripting,99
INC-09887,2025-07-17 06:18:00 [WARN],SRV-007,Ransomware,105
INC-09888,2025-01-02 04:36:00 [WARN],SRV-008,Insider_Threat,107
INC-09889,2025-07-18 19:58:00 [WARN],SRV-003,Zero_Day,12
INC-09890,2025-09-03 23:28:00 [WARN],SRV-006,Malware_Dropper,47 hrs
INC-09891,2025-11-19 20:26:00 [WARN],SRV-002, brute_force,67
INC-09892,2025-11-18 03:07:00 [WARN],SRV-003,Malware_Dropper,104
INC-09893,2025-01-23 22:39:00 [WARN],SRV-008,Malware_Dropper,98 hrs
INC-09894,2025-01-05 16:15:00 [WARN],SRV-004,Cross_Site_Scripting,107
INC-09895,2025-03-27_18:52:00 [ERROR],SRV-008,Ransomware,133
INC-09896,2025-02-17 04:15:00 [WARN],SRV-004,Phishing,100
INC-09897,2025-01-13 23:35:00 [WARN],SRV-002,Zero_Day,24
INC-09898,2025-03-27 10:38:00 [WARN],SRV-002,Phishing,87
INC-09899,2025-11-10 04:00:00 [WARN],SRV-007, DDoS ,35
INC-09900,2025-05-02 13:19:00 [WARN],SRV-001, SQL_Injection ,90
INC-09901,2025-02-01 13:11:00 [WARN],SRV-003,Cross_Site_Scripting,66 hrs
INC-09902,2025-03-12_08:32:00 [ERROR],SRV-001,Ransomware,95 hrs
INC-09903,2025-01-12 07:15:00 [WARN],SRV-003, SQL_Injection ,106
INC-09904,2025-09-23 09:23:00 [WARN],SRV-004, DDoS ,44
INC-09905,2025-06-29 04:04:00 [WARN],SRV-005, SQL_Injection ,92
INC-09906,2025-05-12 04:03:00 [WARN],SRV-005, ddos ,97
INC-09907,2025-07-15 23:52:00 [WARN],SRV-008,Cross_Site_Scripting,15
INC-09908,2025-08-20 15:39:00 [WARN],SRV-008,Cross_Site_Scripting,125
INC-09909,2025-09-21 08:50:00 [WARN],SRV-005,Malware_Dropper,20
INC-09910,2025-09-17 13:31:00 [WARN],SRV-001, SQL_Injection ,142
INC-09911,2025-06-28 06:27:00 [WARN],SRV-001,Phishing,140
INC-09912,2025-12-29 04:39:00 [WARN],SRV-008,malware_dropper,105
INC-09913,2025-08-27 13:43:00 [WARN],SRV-003,Phishing,49
INC-09914,2025-09-08 05:54:00 [WARN],SRV-008,Ransomware,78
INC-09915,2025-03-23 07:02:00 [WARN],SRV-005,Ransomware,12
INC-09916,2025-01-27 07:25:00 [WARN],SRV-008,Ransomware,4
INC-09917,2025-10-06 01:17:00 [WARN],SRV-008,ransomware,128
INC-09918,2025-01-29 06:45:00 [WARN],SRV-004,Ransomware,121
INC-09919,2025-06-04 00:06:00 [WARN],SRV-007, sql_injection ,41
INC-09920,2025-09-14 05:12:00 [WARN],SRV-003,phishing,90
INC-09921,2025-04-17 09:57:00 [WARN],SRV-007, DDoS ,114 hrs
INC-09922,2025-07-27 00:24:00 [WARN],SRV-003,Phishing,62
INC-09923,2025-06-23_00:16:00 [ERROR],SRV-003,Ransomware,136
INC-09924,2025-01-04 00:04:00 [WARN],SRV-001, brute_force,19
INC-09925,2025-06-15 11:29:00 [WARN],SRV-001,Malware_Dropper,96 hrs
INC-09926,2025-06-12 23:43:00 [WARN],SRV-001,Zero_Day,60
INC-09927,2025-11-09 00:35:00 [WARN],SRV-001,Phishing,76
INC-09928,2025-10-12 08:01:00 [WARN],SRV-005, SQL_Injection ,16
INC-09929,2025-11-18 16:29:00 [WARN],SRV-004, brute_force,45
INC-09930,2025-06-07 13:12:00 [WARN],SRV-007,Phishing,140
INC-09931,2025-02-16 16:49:00 [WARN],SRV-006,Zero_Day,78
INC-09932,2025-11-11 19:03:00 [WARN],SRV-008,Ransomware,105
INC-09933,2025-12-17 23:52:00 [WARN],SRV-004,Insider_Threat,40
INC-09934,2025-07-13 00:15:00 [WARN],SRV-004,Zero_Day,139
INC-09935,2025-10-26 10:33:00 [WARN],SRV-003,Cross_Site_Scripting,119
INC-09936,2025-11-18 02:17:00 [WARN],SRV-002,Insider_Threat,126
INC-09937,2025-07-11 23:49:00 [WARN],SRV-006, SQL_Injection ,118
INC-09938,2025-08-25 15:08:00 [WARN],SRV-004,zero_day,10
INC-09939,2025-04-17 14:04:00 [WARN],SRV-005,Insider_Threat,30
INC-09940,2025-06-04 14:46:00 [WARN],SRV-002,Cross_Site_Scripting,24
INC-09941,2025-02-11 16:53:00 [WARN],SRV-008, Brute_Force,30
INC-09942,2025-09-28 13:46:00 [WARN],SRV-006,cross_site_scripting,120
INC-09943,2025-05-30 23:40:00 [WARN],SRV-001,Malware_Dropper,84 hrs
INC-09944,2025-01-13 14:50:00 [WARN],SRV-002, SQL_Injection ,139
INC-09945,2025-03-27 02:11:00 [WARN],SRV-004, Brute_Force,33
INC-09946,2025-03-19 22:51:00 [WARN],SRV-008,Cross_Site_Scripting,9
INC-09947,2025-09-15 14:40:00 [WARN],SRV-007, sql_injection ,128
INC-09948,2025-05-11 12:28:00 [WARN],SRV-005,Insider_Threat,63
INC-09949,2025-01-12 12:44:00 [WARN],SRV-008,Insider_Threat,118
INC-09950,2025-05-31 03:14:00 [WARN],SRV-006, SQL_Injection ,35
INC-09951,2025-12-03 04:07:00 [WARN],SRV-002,Zero_Day,30
INC-09952,2025-08-11 08:38:00 [WARN],SRV-007,Ransomware,25
INC-09953,2025-06-24 20:56:00 [WARN],SRV-005,Ransomware,36
INC-09954,2025-08-07 14:37:00 [WARN],SRV-005, sql_injection ,
INC-09955,2025-06-18 16:35:00 [WARN],SRV-006,Cross_Site_Scripting,118
INC-09956,2025-03-13 19:00:00 [WARN],SRV-001,Insider_Threat,51
INC-09957,2025-07-14 01:40:00 [WARN],SRV-003,Cross_Site_Scripting,54
INC-09958,2025-08-02 16:08:00 [WARN],SRV-003, brute_force,74
INC-09959,2025-01-03 03:59:00 [WARN],SRV-004,insider_threat,79
INC-09960,2025-11-15 15:44:00 [WARN],SRV-004,Phishing,90
INC-09961,2025-12-28_07:03:00 [ERROR],SRV-002,Zero_Day,20
INC-09962,2025-09-29 22:10:00 [WARN],SRV-004,Ransomware,14
INC-09963,2025-05-16 02:03:00 [WARN],SRV-002, SQL_Injection ,84
INC-09964,2025-11-23 18:59:00 [WARN],SRV-002,Phishing,39
INC-09965,2025-05-04 17:47:00 [WARN],SRV-001, DDoS ,60
INC-09966,2025-06-14 03:37:00 [WARN],SRV-007,Ransomware,40
INC-09967,2025-11-16 21:15:00 [WARN],SRV-008,Phishing,129
INC-09968,2025-02-21 19:19:00 [WARN],SRV-007, Brute_Force,54
INC-09969,2025-05-25 19:43:00 [WARN],SRV-007,Ransomware,134
INC-09970,2025-01-13 20:42:00 [WARN],SRV-005,cross_site_scripting,126
INC-09971,2025-08-13_18:33:00 [ERROR],SRV-008,Cross_Site_Scripting,
INC-09972,2025-10-28 09:27:00 [WARN],SRV-004,Malware_Dropper,144
INC-09973,2025-11-21 08:42:00 [WARN],SRV-008,Ransomware,41
INC-09974,2025-02-24 12:57:00 [WARN],SRV-003,malware_dropper,9
INC-09975,2025-09-08_11:36:00 [ERROR],SRV-005,Cross_Site_Scripting,81
INC-09976,2025-07-03 07:07:00 [WARN],SRV-006, DDoS ,97
INC-09977,2025-09-08_16:54:00 [ERROR],SRV-002,Malware_Dropper,128
INC-09978,2025-09-18 05:57:00 [WARN],SRV-002,malware_dropper,52
INC-09979,2025-08-31 20:15:00 [WARN],SRV-001,malware_dropper,139
INC-09980,2025-09-29 12:44:00 [WARN],SRV-002,Malware_Dropper,119
INC-09981,2025-11-06 05:06:00 [WARN],SRV-008,Zero_Day,33
INC-09982,2025-06-18 13:22:00 [WARN],SRV-006, DDoS ,53
INC-09983,2025-11-07 11:00:00 [WARN],SRV-002, Brute_Force,72
INC-09984,2025-03-17 09:47:00 [WARN],SRV-002,phishing,117
INC-09985,2025-06-22 16:54:00 [WARN],SRV-004,Insider_Threat,63
INC-09986,2025-06-14 03:29:00 [WARN],SRV-001,Malware_Dropper,132
INC-09987,2025-12-04 08:05:00 [WARN],SRV-002, ddos ,60
INC-09988,2025-07-17 01:57:00 [WARN],SRV-004,Phishing,129
INC-09989,2025-02-20_04:19:00 [ERROR],SRV-008,phishing,137
INC-09990,2025-08-13 17:55:00 [WARN],SRV-004,insider_threat,105
INC-09991,2025-03-28 17:49:00 [WARN],SRV-002, Brute_Force,146
INC-09992,2025-07-28 19:37:00 [WARN],SRV-002,Malware_Dropper,127
INC-09993,2025-04-08 15:54:00 [WARN],SRV-006,Ransomware,133
INC-09994,2025-01-18 09:14:00 [WARN],SRV-004,Malware_Dropper,28
INC-09995,2025-05-15 11:07:00 [WARN],SRV-003,Malware_Dropper,68
INC-09996,2025-09-15 23:16:00 [WARN],SRV-004,ransomware,74
INC-09997,2025-11-14 04:33:00 [WARN],SRV-002, sql_injection ,12
INC-09998,2025-06-09 09:11:00 [WARN],SRV-007,Phishing,134
INC-09999,2025-08-22 05:20:00 [WARN],SRV-006,insider_threat,3
INC-10000,2025-11-05 20:15:00 [WARN],SRV-006, Brute_Force,135
