Patient_ID,Patient_Name,Admission_Date,Department,Length_of_Stay,Treatment_Cost,Unnamed: 4
PT-9119,Lisa Morris,2026-08-17,Pediatrics   ,13.0,"£6,455.38",
PT-4983,Luis Rowe,2025-09-06,Cardiology,22.0,"$10,988.72",
PT-5047,,2025-07-21,Oncology,12.0,"$11,117.14",
PT-5270,Eric Evans,2026-03-28,Oncology,13.0,13499.2,
PT-1674,,2025-11-04,Cardiology,10.0,3470.79,
PT-1609,Russell Torres,2026-09-08,Cardiology,,"£3,283.91",
PT-8932,Lisa Richards,2025-11-15,Pediatrics,3.0,5544.41,
PT-6445,Patricia Roberts DVM,,Neurology,1.0,2387.59,
PT-7033,Stacy Sandoval,2025-09-28,Pediatrics,18.0,12421.31,
,Arthur Mitchell,2025-06-06,Pediatrics,17.0,9525.0,
PT-9424,William Moore,2024-10-07,Cardiology,,£889.29,
PT-1298,Gregory White,2025-09-08,,10.0,3445.43,
PT-1799,   Amanda Hill,2024-11-27,   Pediatrics,17.0,8503.23,
PT-6169,Katherine Walsh,2025-02-24,Oncology,23.0,6702.86,
PT-9471,Natalie Lee,2025-02-12,Neurology,20.0,8364.33,
PT-4584,David Trevino,2025-07-23,Neurology,29.0,,
PT-6156,Michael Duffy   ,2025-11-25,Cardiology,8.0,9728.8,
PT-4255,Erika Solis,2024-12-08,Neurology,13.0,14568.31,
PT-6954,Brittany Holder,2026-06-13,Pediatrics,,9485.31,
PT-5289,Johnny Perry,2026-01-25,Cardiology,8.0,3564.79,
PT-5591,Hannah Brown   ,2026-09-09,Cardiology   ,30.0,12954.92,
PT-8038,Nancy Vaughan,,,23.0,1139.73,
PT-6581,Daisy Gonzalez,2025-10-14,Oncology   ,14.0,7731.51,
PT-5553,Eric Carroll   ,2025-03-03,Oncology,21.0,,
PT-3575,Richard Thomas,2025-12-29,Neurology,15.0,,
PT-4457,Laura Harrington,2025-03-09,Cardiology,1.0,"$5,936.59",
PT-5067,Patricia Mitchell,2025-08-13,   Oncology,30.0,9080.04,
PT-4099,Jesse Kent,2024-12-05,Pediatrics,10.0,6217.7,
PT-8168,Joshua Johnson   ,2025-05-18,   Neurology,11.0,9882.77,
PT-7678,Jason Mejia,2025-10-03,Neurology,16.0,9042.06,
PT-9142,Maria Miller,2026-06-06,Oncology,2.0,"$2,818.52",
PT-9227,Billy Chan,2026-06-19,Oncology,17.0,8773.49,
PT-7372,   Edward Joyce,2025-01-08,Pediatrics,8.0,7088.27,
PT-4850,Aaron Maxwell,2025-09-21,Cardiology,30.0,10385.49,
PT-4025,   Cheryl Gardner,2025-12-09,Neurology,6.0,,
,Dennis Hughes,2025-06-07,Pediatrics,17.0,8042.87,
PT-6795,Ryan Figueroa,,,28.0,13195.07,
PT-6419,,2025-09-08,Neurology,26.0,5851.1,
PT-7653,Holly Wood,2025-08-12,Oncology,11.0,12941.18,
PT-2041,,2026-01-11,Pediatrics,9.0,8373.42,
PT-4717,Eric Espinoza,2025-07-11,Pediatrics,28.0,11448.56,
PT-3443,Laura Melendez,2025-08-01,Neurology,29.0,5787.66,
PT-2233,Gina Patterson,2026-04-05,Pediatrics,27.0,1052.96,
PT-6665,Trevor Cortez,2025-10-30,Pediatrics,10.0,"$4,264.99",
PT-1231,Courtney Smith,2025-05-01,Neurology,,"£10,923.27",
PT-3965,Adam Higgins,2025-08-13,Oncology,5.0,12358.41,
PT-8087,Mariah Bowers,2025-12-26,Cardiology,10.0,3832.41,
PT-5622,   Travis Jones,,Neurology,8.0,10521.89,
PT-9126,Ashley Baldwin MD,2024-11-07,Pediatrics,10.0,10928.34,
PT-4977,   Justin Hudson,2025-09-11,Oncology,26.0,13206.84,
PT-3512,Barbara Martinez,,Cardiology,11.0,9036.78,
PT-3272,Mr. George Olson,2026-07-13,Oncology,24.0,14465.1,
PT-1931,Bobby Woods,2025-11-22,Oncology,1.0,13752.54,
PT-1106,Kristen Gardner,2026-08-11,Neurology,13.0,11331.74,
PT-4104,Marissa Lucas,2026-08-21,Oncology,11.0,"£11,268.13",
PT-9802,,,Pediatrics   ,2.0,11475.2,
PT-4663,David Morgan,2026-01-28,Neurology,7.0,13612.82,
PT-8863,Rebecca Johnson,2026-07-01,Neurology,12.0,4227.89,
PT-5452,   Kevin Welch,2025-12-01,Neurology,6.0,3388.92,
PT-3293,Robin Glover,,Oncology,20.0,8642.94,
PT-5218,Jason Green,2026-08-08,Oncology,25.0,706.96,
PT-1975,Theresa Cruz,2025-09-14,Oncology,2.0,4345.47,
PT-2926,Jennifer Hart,2025-12-10,Neurology,1.0,4322.16,
PT-1992,Nicholas Baker,2024-11-21,Cardiology   ,1.0,,
PT-2668,Brad Adkins,2026-02-28,Cardiology,15.0,10262.57,
PT-7368,Brenda Frost,2024-12-07,Pediatrics,23.0,6222.65,
PT-8902,Jose Kirk,2024-09-09,Neurology,2.0,713.11,
PT-7876,Regina Smith,2026-02-26,Neurology,25.0,13139.76,
PT-2743,Brandon Miller,2024-10-24,Pediatrics,10.0,8069.85,
PT-2766,Sarah Mcintyre,2026-08-07,Neurology,12.0,,
,Michele White,2024-12-25,   Oncology,28.0,10177.84,
PT-6160,Angela Mayo,2025-12-05,   Neurology,7.0,4405.4,
PT-3016,Mr. Randy Russo Jr.,2025-02-14,Pediatrics,1.0,"$3,211.60",
PT-7919,Edward Miller,2026-02-04,Oncology,19.0,8577.28,
PT-6440,Joanna Tran,2025-07-29,Cardiology,19.0,"$10,466.94",
PT-6493,Sheila Gutierrez,2024-11-18,Oncology,15.0,1808.51,
PT-4024,Luke Green,2025-12-22,Cardiology,,10372.37,
PT-5789,,2025-02-05,Oncology,4.0,8486.11,
PT-1426,Allison Powell,2025-07-05,,14.0,9253.37,
PT-3075,   Pamela Nelson,2025-06-19,Cardiology,3.0,"£3,780.40",
PT-2177,Phyllis Martinez   ,2026-01-03,Oncology,1.0,12079.85,
PT-7282,Wendy Coleman,2026-02-21,Oncology,27.0,4710.98,
PT-9591,Jasmine Smith,2025-11-27,Pediatrics,12.0,1331.3,
PT-8200,Ashley Lowe,2026-06-18,Cardiology,4.0,"£6,410.68",
,Benjamin Woodward,2025-01-08,Pediatrics,6.0,5305.31,
PT-1591,Holly Watson,2025-08-18,Oncology,27.0,6482.31,
PT-8871,Robert Parker,2026-05-12,Oncology,25.0,"£7,718.69",
,Michael Wright   ,2026-08-12,Neurology,28.0,14463.53,
PT-8236,David Phillips,2025-12-25,Neurology,5.0,711.51,
PT-6929,Charles Maxwell,2025-02-28,Neurology,24.0,7825.16,
PT-9528,Samantha Smith,2025-06-10,Neurology,10.0,"£11,041.12",
PT-7746,Ashley Hunt   ,2026-03-07,,11.0,674.58,
PT-4453,Susan Williamson,2025-02-08,Cardiology,21.0,"$5,421.10",
PT-2121,Dr. Jerry Hawkins MD,2025-11-01,Oncology,5.0,13468.94,
PT-7058,Philip Gordon,2026-07-09,Oncology,18.0,2372.28,
PT-6785,Jeremy Murphy,2025-03-13,Oncology,8.0,6147.91,
PT-1076,Cynthia Hill,2026-05-27,Cardiology,12.0,10878.07,
PT-1814,Corey Allen   ,2025-07-01,Cardiology,23.0,8331.83,
PT-6453,Jordan Malone,,Pediatrics,15.0,"£9,951.38",
PT-4210,,2025-07-08,Cardiology,27.0,2230.95,
PT-8319,Erica Murillo   ,2026-05-18,Pediatrics,4.0,7646.75,
PT-8660,Timothy Cummings,2025-05-27,Pediatrics,15.0,"$1,910.90",
,Matthew Miller,2024-12-27,Cardiology,14.0,2669.2,
PT-2132,Anthony Johnson,2026-09-09,Cardiology,27.0,,
PT-2049,Jamie Ramirez,2025-04-16,Neurology,27.0,14042.69,
PT-9867,Lori Collins   ,2024-10-01,Cardiology,25.0,2558.87,
PT-3760,,2025-06-09,Oncology   ,1.0,4363.41,
PT-1827,Donald Rangel,2024-09-13,Cardiology,9.0,8335.14,
PT-7668,Ms. Amanda Davis,2025-05-19,Oncology   ,,9656.43,
PT-8165,David Patterson,2025-04-02,Cardiology,13.0,6527.82,
PT-8072,   Molly Taylor,2025-09-29,Neurology,3.0,704.38,
PT-3001,Victoria Kelley   ,2025-09-04,Pediatrics,29.0,,
PT-2241,,2026-07-22,Oncology,17.0,10780.11,
PT-6159,Ashley Delgado,2024-12-01,Pediatrics,,3088.41,
PT-9716,James Keller,,Neurology,28.0,5088.04,
PT-5191,Cameron Cooper MD,2025-02-12,   Cardiology,13.0,12727.26,
PT-9073,Elizabeth Wright,2024-11-21,,20.0,8108.64,
PT-6612,Crystal Grimes,2025-05-15,Neurology,12.0,"$7,487.09",
PT-3864,Jason Lewis,2026-03-04,Neurology   ,7.0,"$8,464.87",
PT-6581,Sheryl Crawford,2025-07-25,   Cardiology,28.0,8790.98,
PT-6362,Mark Smith,2025-02-17,Oncology,29.0,3009.48,
PT-7592,Melissa Reyes,2026-05-01,Neurology   ,17.0,13799.34,
PT-5002,Michael Scott,2025-10-09,Neurology,7.0,8746.73,
PT-9066,Lauren Contreras,2025-09-16,Neurology,17.0,"$11,912.86",
PT-9172,Jessica Robertson,2025-06-22,Oncology,18.0,11111.52,
PT-7850,   Andrew Jackson,2024-09-18,Pediatrics,13.0,11018.67,
PT-2780,Anita Berry,2024-10-27,Cardiology,27.0,"£14,459.86",
PT-9027,Leslie Hall,2025-08-14,Oncology   ,30.0,6521.88,
PT-1908,,2025-11-12,Neurology   ,5.0,"£10,364.83",
PT-4752,Justin Francis,2025-08-16,,29.0,14963.45,
PT-7049,Lisa Oliver   ,2025-06-24,,11.0,13003.1,
PT-6484,Curtis Brooks,2026-07-07,Cardiology,6.0,1934.57,
PT-2083,Shelby Garrison,2025-06-04,Pediatrics,30.0,12880.05,
PT-3160,Kristopher Edwards,2025-08-12,Cardiology,30.0,,
PT-1190,Darlene Thompson,2025-02-14,   Neurology,,2682.89,
PT-3993,Wendy Vaughn,2026-06-07,Oncology,15.0,9721.97,
PT-9361,Jennifer Humphrey MD,2025-03-31,Pediatrics,22.0,"$7,083.09",
PT-8062,Michael Salas,2025-01-18,Neurology,17.0,9833.01,
PT-2614,   Anthony Alvarado,2025-01-29,Pediatrics   ,13.0,6245.97,
PT-6671,Sherri Brown,2026-01-29,Oncology,3.0,2916.29,
PT-9454,Jennifer Brown,2025-04-21,Neurology,,13551.78,
PT-4974,,2024-10-17,Cardiology,24.0,14132.34,
PT-2869,Sarah Gibbs,2025-01-01,,19.0,2791.98,
PT-1004,Alexander Cisneros,2025-11-26,Pediatrics,5.0,2212.49,
PT-8056,Kristen Friedman,2025-08-18,Oncology,24.0,"£1,762.25",
PT-2201,Adam Smith,2024-10-09,Cardiology,16.0,"£10,328.67",
,Ryan Rodriguez,2025-10-05,Neurology,3.0,11050.93,
PT-8419,Victoria Foley,2024-12-21,Cardiology   ,15.0,"$8,926.88",
PT-7210,Jordan Oconnell,2024-09-19,Neurology,13.0,13729.6,
PT-9450,Sharon Young,2025-10-29,Oncology,27.0,8075.45,
PT-8359,Sandra Collins,2025-03-28,Cardiology,17.0,11261.24,
PT-3879,Matthew Jimenez,2025-03-09,Pediatrics,28.0,10870.98,
PT-1344,,2025-05-30,Neurology,1.0,9364.49,
PT-9617,Karen Fry,2026-01-03,Oncology,23.0,14156.03,
PT-7847,Debra Prince,2025-08-18,Pediatrics,6.0,"£4,519.72",
PT-5625,Patricia Edwards,2026-07-10,Pediatrics,29.0,7064.7,
PT-2356,Isaiah Roberts,2024-09-11,Pediatrics,13.0,5131.6,
PT-8661,Kristin Li,2026-07-25,Pediatrics,7.0,"$14,535.00",
PT-3778,Gregory Allen,2024-11-30,Neurology,7.0,1686.27,
PT-3414,Joe Galloway,2025-10-05,Cardiology,24.0,597.43,
PT-2315,Joe Davidson,2025-08-31,Oncology,29.0,5403.41,
PT-1286,Samantha Johnson,2025-05-19,Pediatrics,23.0,"$14,360.33",
PT-6055,Oscar Dyer,2025-09-30,Neurology,11.0,"$1,564.92",
PT-7386,   Angela Martinez,2026-03-10,Oncology,19.0,8213.79,
PT-9004,James Cain,2025-04-24,Oncology,25.0,9319.3,
PT-6125,Sara Pham   ,2024-11-26,Oncology   ,22.0,14023.77,
PT-6497,Robin Young,2025-03-23,Cardiology,22.0,4098.74,
PT-3679,Lisa Herman,2026-02-16,Pediatrics,22.0,14763.81,
PT-8733,Kelly Robinson,,Neurology,23.0,7561.52,
PT-6729,Julie Davis,2026-04-22,Cardiology,2.0,"£7,326.85",
PT-1509,Brenda Robinson,2026-02-19,Cardiology   ,9.0,1514.61,
PT-6012,David Obrien,2026-01-17,Neurology,4.0,2850.47,
PT-5687,Gabriela Craig,2025-10-26,Pediatrics,25.0,"£8,466.10",
PT-9458,Christopher Nolan,2025-10-17,Cardiology,12.0,13978.8,
PT-5218,,,   Oncology,16.0,4884.03,
PT-5684,William Leonard,,Neurology,16.0,12965.86,
PT-1484,Alexandra Bryant,2025-03-16,   Neurology,9.0,1305.32,
PT-1935,Julia Yu,2025-02-21,Oncology,17.0,8651.63,
,Phillip Stone,2025-11-08,Neurology,14.0,12798.56,
PT-1426,Martha Stout,2025-02-14,Cardiology,8.0,589.54,
PT-5240,Taylor Scott II,2026-06-26,Neurology,27.0,8306.58,
PT-4178,Hannah Carter,2024-11-20,Neurology,21.0,3493.89,
PT-9856,Robert Kirby,2025-02-11,Cardiology,8.0,12125.88,
PT-4513,Sean Bailey,2024-11-03,Oncology,27.0,8282.26,
PT-4090,   Jonathan Stewart,2025-10-19,Oncology,11.0,5915.1,
PT-2236,Stephen Ray,2025-06-12,Neurology,5.0,,
PT-5248,Samantha Lewis,2026-08-24,Oncology,16.0,12164.16,
PT-1442,Wendy Munoz,2025-06-09,Pediatrics,25.0,"$13,446.13",
PT-7839,Marie Garcia,2025-05-24,Oncology,19.0,10829.17,
PT-5583,Kevin Coleman,2024-09-17,Pediatrics,26.0,5375.48,
PT-1797,Melissa Tucker,2026-07-27,Neurology,5.0,5079.67,
PT-3867,Mark Knox,2025-03-12,Pediatrics,17.0,4146.81,
PT-4541,   Heather Wilson,2025-10-09,Cardiology,24.0,7585.18,
PT-1663,Candice Hill,2024-10-02,Neurology,18.0,4936.85,
PT-8139,Philip Taylor,2025-11-22,Oncology,15.0,6512.54,
,,2026-01-09,Cardiology,12.0,3487.54,
PT-2110,Kelsey Jones,,Neurology,21.0,2288.45,
PT-9383,Kristopher Hammond,2025-02-23,Neurology,10.0,8175.01,
PT-4440,Kristin Brown,2025-04-08,Oncology   ,14.0,"$13,966.30",
PT-5821,Robert Padilla   ,2026-02-02,Neurology   ,10.0,"$11,436.15",
PT-6606,Renee Crawford,2025-11-23,Oncology   ,26.0,4662.42,
PT-8372,Tina Torres,2025-05-03,Pediatrics,15.0,1479.94,
PT-3463,Kimberly Chandler,2026-04-04,Oncology,6.0,5714.68,
PT-6795,John Tate,2026-03-08,Pediatrics   ,8.0,2808.09,
PT-1193,Dominique Marquez,2025-04-02,Cardiology,11.0,9348.13,
PT-1066,Victoria Burns,2025-12-01,Pediatrics,13.0,"$2,239.33",
PT-4203,Christian Bishop,2025-04-27,Oncology,11.0,1392.03,
PT-1130,Michael Hill,2025-08-24,,4.0,11125.13,
PT-2115,Emily Sweeney,2024-10-20,Cardiology,,"$9,268.28",
,Carol Garcia,2025-05-27,,1.0,10213.21,
PT-6664,Jennifer Collins,2026-02-19,Oncology,30.0,776.7,
PT-8254,Eric Richardson,2026-07-31,Pediatrics,11.0,10195.53,
PT-5599,Brandon Miller,2026-08-17,Cardiology   ,21.0,10447.52,
PT-8053,Jacob Ramos,2025-07-12,   Pediatrics,6.0,4417.86,
PT-1977,Gary Martin,2024-10-11,Cardiology,23.0,£865.51,
PT-2729,Dustin Duncan,2026-05-19,Neurology,3.0,1344.37,
PT-7513,Shawn Ayala,2025-11-13,Oncology,7.0,6452.49,
PT-3260,Casey Ayala,2025-10-03,Oncology,30.0,6938.88,
PT-3649,Daniel Jones,2024-10-17,Cardiology   ,26.0,5617.45,
PT-7328,Samantha Smith,2026-03-25,   Oncology,1.0,"£8,476.83",
PT-1274,Austin Duke,2025-06-26,,,"$12,504.55",
PT-7539,Maria Hogan,2026-05-12,Cardiology,13.0,11707.14,
PT-8826,Robert Harrington,2024-09-19,Neurology,22.0,"£8,245.01",
PT-6360,Chad Garcia   ,2025-07-09,Oncology,16.0,4459.32,
,Kaylee Costa,2026-04-15,Oncology   ,19.0,4417.58,
PT-7130,Katherine Thomas,2026-08-31,Cardiology   ,24.0,9404.12,
PT-3072,,,Oncology,20.0,"$1,687.84",
PT-3817,Lance Haney,2025-07-06,Pediatrics,26.0,14513.24,
PT-5963,Melissa Elliott,2025-09-12,   Neurology,2.0,8255.07,
PT-3071,Ashley Johnson   ,2026-01-24,Cardiology,24.0,13062.95,
PT-4556,Kayla Cole,2025-12-20,Pediatrics   ,24.0,"$2,516.52",
PT-1255,,2026-06-22,Neurology,15.0,5302.39,
PT-8315,   Melvin Wiley II,2026-05-21,Cardiology,15.0,9020.09,
PT-4953,Michael Quinn,2024-11-10,Neurology,1.0,11076.47,
PT-2444,Andrew Whitehead,2025-04-11,Oncology,30.0,8512.27,
PT-4646,Mary Cook,2025-06-22,   Neurology,22.0,1211.46,
PT-2596,   Katherine Molina,2026-01-11,Neurology   ,17.0,9973.38,
PT-1643,James Bond,2025-06-28,Pediatrics,28.0,4221.01,
PT-9206,Thomas Cohen,2025-11-19,Neurology,14.0,"£5,474.26",
PT-7430,,2025-12-23,Cardiology,28.0,"$10,987.71",
PT-6897,Eduardo Glenn,2024-11-08,   Oncology,27.0,4572.3,
PT-5804,Joshua Hampton,2025-08-29,Cardiology,5.0,11446.81,
PT-7679,Gary Adkins,2026-05-05,Oncology,,"£1,513.92",
PT-1406,Jennifer Hill,2024-11-13,Neurology,28.0,7060.3,
PT-5606,   Sandra Friedman,2024-10-04,Oncology,19.0,7828.38,
PT-6111,,2026-07-21,Oncology,4.0,1845.12,
PT-5629,Dennis Lynch,2025-12-19,Pediatrics,16.0,3899.95,
PT-8464,Mrs. Barbara Jackson MD   ,,,28.0,12178.33,
PT-2543,Tammy Wilson,2025-02-18,Oncology,22.0,"$2,704.49",
PT-7222,Mark Ware,2025-04-02,Neurology,15.0,8048.73,
PT-8921,   Frank Lopez,2026-08-02,Oncology,1.0,13829.47,
PT-8622,Kevin Smith,2024-10-15,Pediatrics,28.0,10290.06,
PT-9680,Benjamin Molina,2025-01-23,Pediatrics,,"£11,629.00",
PT-4555,Megan Cowan,2025-12-09,Pediatrics,25.0,"£2,403.88",
PT-9668,John Simpson,2025-06-12,Cardiology,26.0,9295.28,
PT-3607,Jamie Wilson,2026-07-21,Pediatrics,8.0,8690.3,
PT-5119,   Carl Davenport,,Oncology,11.0,1040.71,
PT-7370,Walter Burgess,2024-11-29,   Cardiology,1.0,"$3,749.66",
PT-6001,   Gary Gutierrez,2025-10-21,Oncology,17.0,"$6,543.18",
PT-4839,Kyle Price,2025-10-18,Pediatrics,24.0,2815.04,
,Allison Soto,2026-01-13,Cardiology,8.0,"£13,449.29",
PT-2960,Stephanie Rhodes,2025-08-30,,21.0,1004.91,
PT-8784,Sherry Evans,2025-01-29,Neurology,13.0,"$13,574.73",
PT-2298,Theresa Perry,2025-05-04,Oncology,25.0,13560.51,
PT-4192,Jacqueline Andrews,2025-10-24,Pediatrics,21.0,11118.92,
PT-8102,Ms. Monica Powers DVM   ,2025-05-30,Neurology,23.0,"$14,740.12",
PT-8274,Megan Wright,,Cardiology,2.0,9854.76,
PT-8457,   Alejandro Brown,2026-04-08,Pediatrics,3.0,1701.1,
PT-1851,Richard Wright,2025-07-18,Pediatrics   ,24.0,"$10,039.53",
,Kevin Peck,2026-02-14,Cardiology,23.0,6191.9,
PT-7206,Joseph Lee,2026-08-31,Neurology,21.0,"$14,586.93",
PT-6115,Jason Wheeler,2026-02-27,Neurology,14.0,9172.08,
PT-4930,Rachel Kelly MD,2025-06-27,Oncology,23.0,"$14,045.75",
PT-3248,Lindsay Gomez,2025-08-02,Oncology,27.0,10654.15,
PT-9972,Brad White,2024-12-24,Pediatrics,1.0,10700.64,
PT-9445,Oscar Smith,2025-06-07,Cardiology,,9980.02,
PT-8015,Mary Yates,2026-01-10,Pediatrics,18.0,3781.06,
PT-5157,Valerie Walker,2026-08-13,Cardiology   ,26.0,"£11,485.62",
PT-2838,Anna Patterson,,Pediatrics,30.0,1390.56,
PT-8255,James Howard,2026-08-06,Cardiology,30.0,5197.53,
PT-9552,Arthur Flynn,2026-01-25,Neurology,11.0,10003.41,
PT-5585,Mark Russo,2026-03-13,Cardiology,20.0,"£8,226.04",
PT-1906,Ashley Myers,2024-09-15,Cardiology,18.0,"$14,586.34",
PT-8590,Patricia Moore,2024-09-18,,29.0,13926.38,
PT-2231,Rachel Porter,2025-02-09,Oncology,,"£5,632.81",
PT-8944,Tina Little,2025-01-12,Pediatrics,4.0,13028.53,
PT-6214,Michelle Mckinney,2026-06-25,   Oncology,1.0,"$10,058.36",
PT-2853,Garrett Jackson,2024-10-16,Oncology,26.0,5054.21,
PT-6048,Melanie Lin,2025-06-17,Neurology,10.0,4093.16,
PT-3368,Megan Ramirez,2026-07-06,Pediatrics,18.0,"$7,450.62",
PT-1134,Sarah Watkins   ,2025-09-26,Cardiology,10.0,3437.46,
,   Cody Ramirez,2026-06-18,Oncology,28.0,10891.75,
PT-4245,Sara Hall,2025-05-05,Pediatrics,30.0,"$6,848.99",
PT-7216,John Lopez,2025-05-12,Oncology,,8460.98,
PT-9947,Amy Nguyen,2026-03-21,Neurology,25.0,2966.89,
PT-3136,Cathy Tyler   ,2024-09-19,Neurology,30.0,"$5,321.64",
PT-8807,Christopher Mccormick   ,2026-01-31,Cardiology,8.0,11990.12,
PT-9722,Eric Young,2025-10-22,Oncology   ,1.0,6956.93,
PT-5265,Thomas Conner,2025-12-26,Cardiology,2.0,10567.6,
PT-8656,Vincent Harrison,2024-10-06,Neurology,13.0,5288.21,
PT-1393,Ashley Boyer,2025-11-02,Neurology,21.0,10570.17,
PT-4930,Lisa Vasquez MD,2025-07-28,Cardiology,6.0,"$9,517.95",
PT-9580,Donna Edwards MD,2026-07-20,Pediatrics,26.0,"$3,775.15",
PT-7401,Elizabeth Bradley,2026-08-08,Cardiology   ,14.0,5801.68,
PT-2796,Linda Peck,2024-10-24,Neurology,28.0,"$2,915.72",
PT-2079,Michael Shaw MD,2025-08-26,Neurology,18.0,"£1,088.51",
PT-1469,Kelly Howard,2026-03-02,Neurology,19.0,"$10,459.44",
PT-5300,David Bradley,2025-07-17,Neurology,28.0,"£12,554.46",
PT-4468,   Edward Herrera,2025-04-26,Neurology,,1256.03,
PT-2390,Laura Owens,2025-12-18,Pediatrics,25.0,12327.32,
PT-5173,Richard Nguyen,2025-05-01,Cardiology,29.0,11526.31,
PT-2905,   Jamie Lindsey,2025-10-13,Cardiology,21.0,3592.94,
PT-9038,John Erickson,2025-12-07,Oncology,22.0,13755.74,
PT-6461,Cody Pope,2025-10-07,Neurology,29.0,"£2,706.68",
PT-9175,Monica Joseph,2026-02-20,Cardiology,21.0,"£10,287.40",
PT-5168,Robyn Burton   ,2026-05-13,Cardiology,7.0,10453.21,
PT-1200,Miss Melissa Christian PhD   ,2025-10-12,Oncology,9.0,"$11,144.94",
PT-6675,Stacey Payne   ,2026-03-19,Cardiology,24.0,13155.39,
PT-9695,Joyce Ellis,2026-08-09,Oncology,27.0,4005.15,
PT-4734,David Stafford,2025-02-18,Oncology,16.0,9229.9,
PT-1324,Christopher Johnson,2026-06-09,,7.0,1224.55,
PT-3110,Brian White,2025-09-14,   Neurology,10.0,3544.37,
PT-1067,Matthew Garcia,2025-03-21,Cardiology,28.0,11804.12,
PT-8202,Jennifer Ramirez,2025-11-01,Pediatrics,25.0,10802.25,
PT-3502,Joy Meyer,2026-04-10,Neurology,5.0,2175.05,
PT-4682,Leslie Gillespie,2025-10-30,Neurology,25.0,10844.34,
PT-6682,,2025-04-07,Cardiology,5.0,2856.63,
PT-1570,James Jensen,2025-02-20,Oncology,9.0,3222.3,
PT-9719,Sandra Young,2026-09-02,Neurology   ,30.0,4506.0,
PT-5544,Craig Massey,2024-09-11,Oncology,25.0,12679.14,
PT-8292,Jocelyn Collins,2025-07-03,Neurology   ,16.0,2176.0,
,Kristine Alexander,2025-06-27,Oncology,30.0,2473.65,
PT-6798,   Sarah Bowers,2025-08-31,Pediatrics,20.0,14028.87,
PT-3380,Patrick Mercado,2026-03-24,Cardiology,,"£12,973.26",
,James Kerr,2025-08-03,Oncology,4.0,4437.45,
PT-7912,Erica Jackson,2026-06-27,Neurology,8.0,6908.2,
PT-4486,Emily Rich,2025-11-27,Oncology,26.0,"£6,507.74",
PT-7570,Ian Garcia,2025-08-13,Neurology,8.0,"$2,471.42",
PT-9155,Kathleen Diaz,2026-04-16,   Cardiology,3.0,12654.84,
PT-3834,Caitlin Smith,2025-06-01,Oncology,,9804.39,
PT-4503,Julie Perry,2025-10-30,Pediatrics,22.0,"£4,979.56",
PT-5685,Sarah Miller,2026-05-27,Pediatrics,,6698.22,
PT-5757,Gary Proctor,,Oncology,12.0,11245.6,
PT-3071,,2024-12-28,Pediatrics,3.0,7195.41,
,,2026-07-13,Oncology   ,13.0,5315.98,
PT-5438,Nicholas Foster,2025-08-10,Cardiology,5.0,2528.9,
PT-4061,Gina Miller,2025-05-27,Cardiology,9.0,3903.92,
PT-6526,Jaclyn Jordan,2024-11-25,Neurology   ,28.0,5586.2,
PT-6799,,2025-05-07,Neurology,18.0,11933.21,
PT-5715,Bethany Hardy,2026-07-07,Oncology,25.0,7798.44,
PT-5898,Nicole Compton,2025-11-14,Cardiology,29.0,1731.9,
PT-1578,   Lisa Hall,2025-05-11,Oncology,12.0,6932.42,
PT-4552,Raymond Randall   ,2026-07-09,Pediatrics,17.0,"£14,975.23",
PT-3785,Paul Case,2025-12-03,Cardiology   ,,"$3,335.55",
PT-9388,Gabrielle Villanueva PhD,2025-06-15,Cardiology,13.0,3778.75,
PT-9005,Sarah Morales,2025-02-10,Neurology,,14813.79,
PT-9638,Angie Campbell,,Pediatrics,29.0,10043.66,
PT-2764,Cheryl Wright,2025-01-16,Oncology,28.0,1053.04,
PT-6534,Erin Mcgrath,2025-07-03,Neurology,16.0,1633.25,
PT-6650,Tim Barber,2026-09-04,Cardiology,19.0,"£5,631.73",
PT-4408,Savannah Williams,2025-02-24,Cardiology,17.0,6306.02,
PT-3073,Daniel Stafford,2025-03-01,Neurology,18.0,5278.43,
PT-4476,Todd Bishop,2024-12-17,Pediatrics,11.0,"£5,423.18",
PT-2176,Jennifer Thomas,2025-04-18,Neurology,20.0,9173.92,
PT-5262,Bailey White,2026-06-23,Cardiology   ,10.0,550.94,
PT-2216,Cassandra Russell,2025-12-24,Oncology,27.0,,
PT-4888,Benjamin Morris,2025-07-09,Pediatrics,14.0,7516.38,
PT-7045,Andrew Davis,2025-03-12,Pediatrics   ,,12339.17,
PT-7735,Joseph Clark,2025-02-07,Pediatrics   ,4.0,2576.18,
PT-4107,Mark Sullivan,2024-10-10,Cardiology,30.0,,
PT-6749,   Laura Sharp,2026-06-23,Pediatrics,28.0,6477.45,
PT-9656,Kimberly Knight,2025-10-29,   Neurology,14.0,"£5,015.36",
PT-1512,Jennifer King,2025-05-31,,19.0,6056.12,
PT-3599,Jill Watkins   ,2026-08-01,Cardiology,15.0,4018.93,
PT-7355,Whitney Nelson,2025-08-14,Oncology,11.0,"£12,972.56",
PT-4940,   Patrick Andrade,2026-04-12,Pediatrics,9.0,6340.53,
PT-4341,Robin Turner,2026-07-07,Neurology,14.0,5616.7,
PT-5569,   Samuel Simpson,2025-07-10,Oncology,22.0,5097.5,
PT-6338,Brandon Osborne,2025-05-20,Cardiology,12.0,4539.09,
PT-4816,Melissa Barnes,2024-12-24,Oncology,25.0,4050.65,
PT-8709,Robert Smith,,Neurology,15.0,5618.71,
PT-9165,   Mary Robinson,2025-09-28,,3.0,7968.1,
PT-8460,Jasmine Hendrix,2026-07-14,Pediatrics,22.0,1460.19,
PT-2760,Sarah Cortez,2025-11-12,Oncology,26.0,5257.18,
PT-8749,Joseph Evans,2026-05-31,Pediatrics,28.0,8644.39,
PT-4701,Connie Wilson,2024-11-06,Cardiology,,"$4,772.49",
PT-7071,Barbara Gardner,2025-07-31,Oncology,17.0,3818.68,
PT-1621,Susan Sullivan,2025-09-07,Oncology,2.0,11664.63,
PT-5706,Joseph Richardson,2024-12-01,Oncology   ,8.0,14028.01,
PT-6475,Jessica Baldwin,2025-11-29,Pediatrics,26.0,8749.5,
PT-1264,   Tyler Lee,2025-03-10,Pediatrics,25.0,"£2,354.47",
PT-2408,Melissa Miller,2025-04-02,Cardiology,19.0,13345.7,
PT-3082,Crystal Brown,2026-03-06,Oncology,9.0,5203.69,
PT-9140,   John Phillips,2024-10-21,Cardiology,29.0,8881.06,
PT-6852,Todd Fisher,,   Neurology,17.0,11949.62,
PT-1616,   Tracie Carter,2025-03-16,Neurology,19.0,5130.65,
PT-2044,Matthew Avila,2026-01-01,Pediatrics,8.0,8551.2,
PT-9017,Jeffery Hill,2025-01-30,Cardiology,7.0,12707.14,
,,2025-11-05,Pediatrics,10.0,1119.95,
PT-7373,Loretta Smith,2025-12-12,Cardiology,30.0,"$7,912.31",
PT-6636,Whitney Martinez,2026-06-12,Cardiology,21.0,10815.81,
PT-6707,Meagan Roberts,2026-03-16,Cardiology,9.0,10375.26,
PT-3178,Breanna Ward DDS,,Pediatrics,28.0,1521.75,
PT-6911,Allison Hernandez,2024-11-29,Neurology,3.0,8550.04,
PT-8718,   Daniel Young,2025-07-16,Oncology,21.0,4096.49,
,Kimberly Hudson,2025-04-29,Pediatrics,20.0,2320.84,
PT-6479,   Hannah Little,2026-06-30,Pediatrics,20.0,9745.66,
PT-9399,Mark Jackson,2026-05-17,Neurology,29.0,1594.58,
PT-6533,Todd Gordon Jr.,2025-01-07,,23.0,1141.54,
PT-4634,Carol Cross,2026-05-01,Oncology,19.0,2065.96,
PT-6111,Robert Rogers,2026-06-22,Neurology,,14120.06,
PT-4332,Kayla May,2025-05-25,Cardiology,6.0,13017.31,
PT-2982,Karen Bradley,2026-07-21,Pediatrics,7.0,7973.19,
PT-8426,Ryan Branch,2026-02-17,Cardiology,25.0,1172.78,
PT-8741,Sarah Jackson,2026-09-08,Pediatrics,29.0,"$12,812.87",
PT-3649,Michael Leonard,2025-02-16,Pediatrics,28.0,"$9,672.07",
PT-4458,Richard Brown,2025-12-09,Neurology,24.0,11038.54,
PT-3434,Derrick Lewis,2025-10-18,Cardiology,3.0,11056.85,
PT-9782,Erica Hale,2026-02-07,,13.0,8255.36,
PT-4756,,2025-02-08,Pediatrics,20.0,,
PT-3936,Brandon Hernandez,2025-08-06,Pediatrics,1.0,"$5,832.46",
PT-2874,Nathaniel Anderson,2025-05-10,Neurology,25.0,"£1,738.33",
PT-5838,Theresa Valentine,2025-05-10,   Neurology,11.0,"£1,974.68",
PT-1441,   Belinda Miller,2026-02-16,Pediatrics,6.0,"$11,133.41",
PT-5434,   David Leonard,2025-10-19,   Neurology,25.0,,
PT-3074,   James Hamilton,2026-03-10,Neurology   ,7.0,6069.12,
PT-4171,Kayla Gregory   ,2024-12-27,Cardiology,26.0,"$14,535.82",
PT-7597,Micheal Cox,2024-10-03,Neurology,,7058.54,
PT-9893,Samantha Knight,2024-09-22,Cardiology,28.0,14702.94,
PT-5291,David Hawkins,2026-05-12,   Cardiology,7.0,6899.06,
PT-7653,   Stephanie Jacobs,2026-08-30,Cardiology,12.0,,
PT-1901,Terri Mckinney,2026-05-22,Pediatrics,15.0,2181.06,
PT-9857,   Jacob Meyer,2025-08-13,Cardiology,19.0,"£3,387.22",
PT-9201,Heather Osborne,2025-06-04,Oncology,26.0,6877.63,
PT-7128,Elaine Bennett,2025-09-14,Neurology,23.0,5834.29,
,Julia Williams,2026-02-04,Oncology,,"$3,048.09",
PT-5266,Tyler Cruz,2025-02-07,   Oncology,,9117.47,
PT-9609,,2024-09-26,,9.0,3339.96,
PT-2862,Robert Pace,2025-02-11,   Cardiology,5.0,13997.7,
PT-6274,Carla Warren,2026-02-02,Cardiology,16.0,10543.78,
PT-3676,Carlos Clark,2024-11-08,Pediatrics   ,9.0,,
PT-2942,David Richardson,2025-01-23,Neurology,15.0,13282.06,
PT-9956,Laura Shaw,2026-07-07,Pediatrics,20.0,1573.09,
PT-9708,Karen Day,2025-01-10,Pediatrics,10.0,,
PT-7559,Kelly Jones,2026-03-30,Oncology,26.0,5249.82,
PT-2834,Richard Berry,2025-07-13,Neurology,27.0,10015.0,
PT-2124,Elizabeth Walker,2024-09-20,Cardiology,22.0,1926.38,
PT-7211,Shaun Johnson,2024-12-02,   Pediatrics,20.0,"$1,511.80",
PT-7668,Veronica Garcia,2025-08-06,Pediatrics,15.0,8271.99,
PT-1977,Lauren Blankenship,2024-09-30,,14.0,11390.15,
PT-4992,Courtney Mcclain,2025-08-12,Cardiology,8.0,13313.62,
PT-9004,Brent Smith,2026-06-30,Cardiology,19.0,4649.81,
PT-8980,Kayla Ford,2024-10-05,Oncology,,11678.2,
PT-8380,Devin Wright,2024-12-18,Neurology,,,
PT-2522,Jasmine Ray,2025-06-26,   Neurology,17.0,"$8,809.65",
PT-2328,Eugene Pierce,2024-10-18,Oncology,5.0,,
PT-7696,Robert Kelly,2025-12-15,Oncology,10.0,"£11,854.98",
PT-5319,   Luis Tucker,2024-09-25,Neurology,25.0,3653.93,
PT-9591,,2024-12-04,   Neurology,7.0,"$5,789.61",
PT-6685,   Amanda Keller,2024-12-25,   Cardiology,8.0,11829.12,
PT-2203,Erika Miller,2025-05-24,Pediatrics   ,2.0,3039.31,
PT-2932,Julie Love,2025-11-13,Neurology,21.0,12528.37,
PT-3528,Amanda Lowery,2026-01-23,Oncology,13.0,13056.04,
PT-7453,Theresa Johnson,2025-04-01,Pediatrics,6.0,7183.23,
PT-6519,Jason Olson,,Neurology,1.0,7615.73,
PT-5532,Charles Mercado,2024-11-01,Cardiology,19.0,9565.26,
PT-9413,,2025-01-09,Oncology,26.0,"£10,066.67",
PT-3241,Veronica Smith   ,2024-09-26,Pediatrics,8.0,11746.68,
PT-6344,Destiny Gonzalez,2026-09-06,Neurology,22.0,3087.48,
PT-8620,   Hannah Harris,2024-12-25,Oncology   ,3.0,,
PT-4625,Antonio Green,2025-12-20,Neurology,29.0,9948.73,
,Nathan Moore,2026-06-02,Pediatrics,29.0,,
PT-2911,Raymond Rose,2025-01-27,Oncology,,7769.37,
,Brian Thomas,2026-03-14,,13.0,"£1,422.66",
PT-7146,Alexandra Thomas,2025-09-06,Cardiology,10.0,7180.97,
PT-5387,Mr. John Oconnor,2026-06-23,Neurology,22.0,5493.09,
PT-6103,Paul Cole,2024-09-24,Neurology,21.0,9871.0,
PT-8182,Andrew Jones,2026-05-30,Pediatrics,20.0,3393.26,
PT-9490,Kevin Mcclain,,Neurology,13.0,"£14,644.40",
PT-7151,Daniel Joseph,2025-02-26,Pediatrics   ,4.0,13277.0,
PT-3189,Eric Massey,2024-12-30,Neurology,27.0,985.06,
PT-6126,Logan Hensley,,Neurology,2.0,"£4,072.06",
PT-6518,Lauren Woodward,2025-04-21,Oncology,12.0,,
PT-5596,Paul Clark,2026-06-22,Oncology,27.0,8008.98,
PT-3578,   Maria Vega,2025-08-15,Neurology,25.0,7687.78,
PT-7722,Joseph Choi,2026-08-07,Cardiology,1.0,7003.9,
PT-8237,Michael Moore,2026-08-29,Neurology,21.0,"£3,734.77",
PT-8400,Stephanie Dillon,2026-02-15,Pediatrics,6.0,5229.78,
PT-9868,,2024-11-24,Pediatrics   ,2.0,14563.41,
PT-9081,Michael Pearson,2026-05-10,Neurology,13.0,"£9,405.55",
PT-4116,   Jeremy Carter,2025-01-18,Pediatrics,21.0,1780.67,
PT-4061,Melissa Rios,2026-08-06,Oncology,14.0,2549.36,
PT-6282,Ashley Frazier,2026-07-25,Cardiology,7.0,"£9,143.23",
,Susan Conner,2025-05-15,Oncology,20.0,14668.79,
PT-1277,Hector Williams,2026-03-23,,26.0,8941.25,
PT-6686,,2025-03-22,Neurology,23.0,"$1,817.26",
,Michelle Waters,,Neurology,18.0,1715.21,
PT-7711,   Denise Barnes,2025-02-08,Neurology,5.0,8394.67,
PT-5797,Corey Torres,2025-04-10,Cardiology,12.0,"£7,171.85",
PT-4044,Victoria Martinez,2025-06-25,   Oncology,13.0,7477.94,
PT-2923,Dr. Valerie Santana,2025-05-25,Cardiology,29.0,8577.46,
PT-2773,Sue Wang,2026-05-17,Cardiology,27.0,5533.82,
PT-7606,   Ana Ryan,2025-04-20,Cardiology,28.0,14308.48,
PT-7610,Amanda Schwartz,,,4.0,3166.07,
PT-2785,Matthew Mcdonald,2025-12-21,Pediatrics,21.0,10518.73,
PT-7071,,2025-10-10,   Pediatrics,22.0,11701.81,
PT-9642,Caleb Jackson,,Pediatrics,5.0,9489.4,
PT-1656,James Moore,2026-05-31,Oncology,4.0,11183.97,
PT-7259,,2024-10-06,Pediatrics,,1560.62,
PT-3609,Eddie Williams,2026-09-03,Cardiology,19.0,8848.14,
PT-5070,Kristy Anderson   ,2025-11-18,Neurology,6.0,"$3,241.93",
PT-3354,,2026-01-02,Neurology,24.0,911.28,
PT-1843,Melanie White,2026-03-19,Cardiology,29.0,11077.41,
PT-1392,,2025-09-25,Neurology,11.0,5334.61,
PT-4781,Carolyn Hall,2025-04-29,Neurology,14.0,"£12,904.23",
PT-5536,Mr. John Carter,2026-03-07,Oncology,12.0,5503.89,
PT-5026,Amanda Tran,2024-11-08,Neurology,18.0,8556.47,
PT-5792,Cindy Adams,2025-06-05,Oncology,26.0,2757.16,
PT-7200,Robert Rocha,2024-10-12,Pediatrics,5.0,9814.58,
PT-9111,Teresa Russell,2025-11-17,Oncology,23.0,7323.83,
PT-7767,Donald Edwards,,Oncology,1.0,,
PT-7241,Mrs. Shelia Rhodes DVM,2026-04-20,Neurology,28.0,6699.48,
PT-9122,Paul Jenkins,2025-12-17,Oncology,14.0,10645.38,
PT-8771,Jennifer Swanson,2025-04-20,Cardiology,3.0,9868.78,
PT-3743,Greg Hall,2025-01-30,Oncology,25.0,10009.69,
PT-7234,Karen Sullivan,2026-08-18,Cardiology,,7539.82,
PT-2433,Christopher Newman,2025-07-17,   Cardiology,6.0,"£6,611.28",
PT-7387,Alexander Martin,,Pediatrics,6.0,7245.81,
PT-5487,Joseph Baker,2025-07-13,,26.0,6488.5,
PT-8085,William Craig,2025-05-02,Pediatrics,25.0,"£11,148.27",
PT-5163,Heidi Prince,2024-12-02,Oncology   ,27.0,3593.17,
PT-5131,Allison Flores,2025-11-13,Pediatrics,11.0,1133.06,
PT-3065,Wanda Stephens,2025-02-04,Oncology,,12054.92,
PT-6466,,2026-08-09,Oncology,2.0,13133.05,
PT-1076,Kristina Cooper MD,2026-06-24,Pediatrics,26.0,9744.22,
PT-4410,Sarah Jones   ,2024-10-30,Neurology,1.0,2626.37,
PT-1351,Alexandra Greer,2026-06-11,Cardiology,10.0,"£11,793.52",
PT-8769,Michael Johnson,2026-03-29,Neurology,11.0,11535.79,
PT-3809,Shane Shaffer,2026-07-30,,17.0,13998.51,
PT-5382,Traci Weaver,2026-02-07,Oncology   ,27.0,3686.76,
PT-8677,Austin Hall,2025-08-14,Oncology,26.0,"£10,391.82",
PT-1663,Shelley Garcia DDS,2026-04-30,Cardiology,,9852.65,
PT-8918,Tiffany Silva DDS,2025-10-18,Neurology,25.0,"£2,486.39",
PT-5467,Nicole Moore,2026-01-21,Oncology,2.0,14474.51,
PT-5502,Wesley Garcia,2026-07-30,Neurology,16.0,9336.09,
PT-1878,Eric Parker,2024-12-25,Oncology,10.0,4532.94,
PT-9752,Gregory Johnson,2026-09-01,   Pediatrics,17.0,"£9,147.39",
PT-3597,Jessica Bonilla,2025-04-23,Oncology,24.0,"£9,388.42",
PT-1159,Melissa Smith,2025-07-18,   Oncology,11.0,12121.08,
PT-6950,Danielle Butler   ,2025-03-08,Oncology,25.0,14912.85,
PT-6048,Benjamin Allen,2026-04-09,Oncology,2.0,4419.44,
PT-2559,Elizabeth Brown,2025-12-06,Cardiology,21.0,2005.06,
PT-1867,Blake Wolfe,2025-01-04,Oncology,25.0,13810.77,
PT-9981,Kevin Obrien,2026-02-24,Pediatrics,22.0,5433.69,
PT-5398,Rachel Adkins,2025-03-08,Oncology,19.0,7220.67,
PT-8401,Catherine Skinner,2026-05-26,Oncology,,12465.6,
PT-2540,Charles Logan,2025-08-25,Neurology,29.0,"£2,248.07",
PT-9683,Heather Martin,2025-05-05,Cardiology,8.0,9781.05,
PT-2195,Christopher Pacheco,2024-12-21,Pediatrics,5.0,,
PT-1890,Jennifer Anderson,2026-02-28,Cardiology,29.0,1415.6,
PT-5108,Charles Martin,2026-05-22,   Oncology,19.0,13088.45,
PT-9072,Sharon West,2025-10-13,Oncology,26.0,1487.44,
PT-3044,Nathan Castillo,2025-11-20,Neurology,30.0,1408.03,
PT-4119,Lisa Sanchez,2025-06-22,Neurology,12.0,8759.32,
PT-7928,Joseph Orozco,2025-09-21,Pediatrics,3.0,875.36,
PT-2862,Thomas Martin,,Neurology,,11136.69,
PT-3002,Donna Velazquez,2026-02-21,Oncology,14.0,9144.11,
PT-1148,Ms. Kimberly Maldonado DVM,2026-07-01,Pediatrics,6.0,8721.09,
PT-5185,Holly Watkins,,Neurology,19.0,"£13,694.42",
PT-2469,Marissa White,2025-12-14,Cardiology,14.0,"£12,738.53",
,Craig Riley,2025-09-18,Oncology,5.0,9192.68,
PT-8716,Brett Olson,2026-02-06,Cardiology,22.0,"£9,766.91",
PT-3988,Joshua Reese,2025-06-04,Cardiology,28.0,4966.54,
PT-6935,Christina Wolf,2024-11-24,Pediatrics   ,26.0,6916.83,
PT-7114,   Michael Torres,2025-08-31,Pediatrics,8.0,5324.49,
PT-9696,Laura James,2024-09-10,Neurology,10.0,5311.92,
PT-7356,Sean Johnson,2024-10-18,   Pediatrics,19.0,11056.11,
PT-9743,Olivia Hicks,2025-02-16,Cardiology,22.0,14019.5,
PT-9650,Donna Morris,2024-11-06,Pediatrics,3.0,13864.61,
PT-6150,Elizabeth Walter,2024-10-06,Cardiology,7.0,8921.26,
PT-4465,Drew Melton,2025-07-08,Pediatrics,28.0,"$5,113.70",
PT-2754,Ashley Dodson,2025-12-20,   Pediatrics,26.0,2566.23,
PT-3509,Taylor Arnold,2026-08-08,Cardiology,25.0,14154.47,
PT-5913,,2025-10-29,Pediatrics,15.0,"$4,158.50",
PT-1821,Rebekah Long,,Cardiology,26.0,6225.51,
PT-3590,Henry Wells,2025-05-18,   Pediatrics,,12855.38,
PT-7615,Lisa Martin,2026-06-09,Neurology,29.0,,
PT-3873,John Frost,2026-05-25,Neurology,26.0,4278.54,
PT-9459,Jason Oliver,2024-09-18,Pediatrics,13.0,1664.98,
PT-6140,Joseph Smith,2025-11-05,Neurology,3.0,12743.55,
PT-8794,Jenny Salas,2025-09-27,Oncology,1.0,6804.72,
PT-8532,Andrea Peters,2025-02-19,Oncology,23.0,4763.81,
PT-2512,Brian Chapman,2025-12-23,Cardiology,10.0,"£5,780.38",
PT-9772,Micheal Oneill,2025-11-13,Pediatrics,9.0,14251.9,
PT-3742,Jeffrey Blanchard,2026-07-06,Cardiology,6.0,1104.17,
PT-8201,Brad Marshall,2025-02-24,Oncology,27.0,8916.76,
PT-6140,,2025-09-29,Neurology,25.0,"$13,929.82",
PT-7065,James Hall,2025-09-12,Pediatrics   ,9.0,11787.43,
PT-7698,Kayla Scott,2025-03-10,Oncology,30.0,9193.01,
PT-2712,Zachary Wolfe   ,2024-12-15,Oncology,,4444.53,
PT-2893,Erica Sexton,2025-09-21,,30.0,"$8,715.71",
PT-8047,Luis Jackson,2024-09-23,Neurology,24.0,"£8,021.06",
PT-6903,Sara Allen,2024-12-01,Pediatrics,27.0,5432.62,
PT-1176,Sean Lee,2025-08-02,Neurology,5.0,7645.87,
PT-3489,Kyle Valenzuela,2026-03-14,Cardiology,20.0,872.91,
PT-5112,Nicole Atkins,2025-01-11,Cardiology,5.0,2017.49,
PT-8629,Emma Hawkins,2024-10-29,Pediatrics,25.0,"$7,557.03",
PT-1064,Richard Edwards,2026-06-11,Oncology,9.0,12303.1,
PT-4062,Jesse Hughes,,Oncology,24.0,,
PT-8041,   Crystal Rodriguez,2024-11-23,Oncology,9.0,7082.5,
PT-2771,Vincent Brady,2024-11-02,Oncology,,"$7,963.22",
PT-1591,Thomas James,2025-09-30,   Pediatrics,22.0,,
PT-6814,Courtney Bowers,2024-11-28,Pediatrics,25.0,11963.71,
PT-2841,   Benjamin Wright,2025-11-22,Oncology,30.0,1342.39,
PT-9842,Michael Mcmahon,2026-04-23,Pediatrics,30.0,11547.42,
PT-5619,   Debra Nelson,2025-06-28,Cardiology,30.0,8944.04,
PT-9649,Mrs. Elizabeth Logan DVM,2025-06-24,Cardiology,21.0,7633.98,
PT-5133,Tiffany Charles,2025-10-08,Cardiology,8.0,10556.3,
PT-2769,Maria Mcdonald,2026-03-03,Neurology,17.0,2812.99,
PT-7363,Lisa Newton,2025-10-01,Oncology,9.0,517.95,
PT-2848,,2026-06-06,Oncology,6.0,13079.27,
PT-8700,Dr. Hector Ortiz,2025-11-23,Neurology,5.0,12411.36,
PT-2871,Robert Boyd,2026-01-03,Oncology,27.0,6372.83,
PT-1284,Nathan Nicholson,2025-06-28,Neurology,30.0,11227.63,
PT-4195,Stephanie Watson,2024-12-20,Neurology,15.0,9226.23,
PT-2118,Alexa Rodgers,2026-02-24,,20.0,1611.79,
PT-8692,Amy Hodges,2025-09-28,Neurology,26.0,13077.2,
PT-2370,Vanessa Dennis,2026-03-15,Pediatrics,3.0,"$11,663.00",
,James Green,2026-06-18,Neurology,,"$5,073.99",
PT-7811,,,,,4500.0,
PT-2244,,2026-05-03,Neurology,2.0,10096.74,
PT-7228,Ralph Velazquez,2026-06-20,Oncology,16.0,12774.45,
PT-4081,Mike Mcmillan,2025-02-05,Pediatrics,3.0,6453.98,
PT-9989,Stacey Douglas,2026-04-23,Pediatrics,28.0,4585.45,
PT-5825,Mary Price   ,2026-02-22,Oncology,4.0,7333.64,
PT-8722,Jill Keller DVM,,Oncology,5.0,,
PT-5000,Harry Cooper,2024-09-13,Oncology,11.0,"$11,080.80",
PT-7880,Crystal Wall,2026-04-30,Cardiology,19.0,13580.7,
PT-5140,Deborah Wright,2024-11-30,Pediatrics   ,3.0,3651.38,
PT-9099,Jennifer Krueger MD,2024-10-24,Cardiology,10.0,1532.29,
PT-5661,Philip Mcdaniel,2026-05-02,Cardiology,27.0,2817.43,
PT-1836,Robert Orr V,2026-09-06,Pediatrics   ,27.0,11194.5,
PT-5317,Paul Johnson,2025-04-25,Pediatrics   ,3.0,10495.58,
PT-9943,Mrs. Nicole Bradley   ,2024-10-04,Neurology,,3718.19,
PT-8957,Justin Harrington,2025-05-13,Cardiology,30.0,13077.76,
PT-4545,Jennifer Moody,2026-01-23,Pediatrics,2.0,6590.04,
PT-6443,James Snow   ,2025-06-25,Pediatrics,2.0,14961.86,
PT-7583,Brian Wright,2025-10-07,Cardiology,,7920.17,
PT-8762,Adrienne Taylor,2026-08-06,Oncology,4.0,13492.5,
PT-8156,Craig Flores,2025-11-25,Oncology,5.0,6228.95,
PT-3766,Morgan Esparza,2026-07-17,Pediatrics,8.0,4382.17,
PT-1419,Michael Harding,2026-04-12,Pediatrics,,"£6,986.71",
PT-1985,Paul Hurst,2025-12-22,Neurology   ,30.0,11839.1,
PT-8561,Natalie Smith,2026-01-11,Cardiology   ,1.0,13305.49,
PT-1878,Matthew White,2025-12-23,Cardiology,30.0,13221.38,
PT-4374,Susan Stein,2025-06-29,Pediatrics,24.0,11020.04,
PT-3588,Amanda Hampton,2024-11-17,Oncology,12.0,1734.53,
PT-7483,Brianna Clark,2025-10-09,Cardiology,18.0,"£8,940.46",
PT-4242,David Rivera,2024-12-03,Oncology,17.0,10455.68,
PT-2037,Katherine Pena,2025-04-20,Neurology,5.0,6920.02,
PT-3202,Susan Parker   ,2024-11-30,Oncology,25.0,12920.22,
PT-1904,Rachel Jenkins,2026-05-31,Oncology,10.0,"$6,627.50",
PT-8177,Aaron Miller,2024-11-02,Pediatrics,1.0,14427.99,
PT-9031,Luke Kline,2026-06-24,   Pediatrics,1.0,6058.42,
PT-9163,   Ashley Kelly,2026-04-23,Cardiology,15.0,12206.26,
PT-4330,,2025-09-18,Oncology,,11729.83,
PT-7668,William Williams   ,2025-02-23,Pediatrics,19.0,4005.41,
,Marisa Ferrell,2024-12-18,Cardiology,16.0,1459.6,
PT-6021,   Kelsey Price,2024-10-07,,6.0,14220.65,
PT-1012,Casey Sandoval   ,2025-06-23,Cardiology,24.0,3329.94,
PT-3010,Victor Brown,2026-08-03,Pediatrics,14.0,12734.91,
PT-4579,Maria Adams   ,2025-09-16,Cardiology,29.0,4974.14,
PT-6074,Melissa Cole,2025-09-07,Cardiology,17.0,3668.75,
PT-1085,Roy Manning,2025-05-13,Oncology,8.0,10434.69,
PT-4344,Brittany Moore,2025-11-19,Oncology,4.0,"$14,024.92",
PT-2682,Robert Young,2025-06-04,Oncology,28.0,2063.67,
PT-7173,Mrs. Ashley Harris,2026-02-09,Cardiology,9.0,"$6,678.92",
PT-1677,Brandon Nguyen,2026-01-12,Cardiology   ,27.0,"$3,779.12",
PT-2854,Jessica Chavez,2025-05-07,Neurology,27.0,4333.49,
PT-8664,Wendy Lowe,2026-05-31,   Pediatrics,2.0,10579.45,
PT-1811,Stefanie Combs,2026-07-03,Oncology,27.0,5451.49,
PT-2884,Wendy Jackson,2026-02-10,Neurology,4.0,14751.34,
,,2026-01-20,,11.0,3263.8,
PT-3367,Margaret Thompson,2024-10-30,Cardiology,29.0,"$6,667.39",
PT-7590,Sandra Hoffman,2026-01-29,Neurology,25.0,13529.76,
PT-1934,Justin Miller,2025-04-11,Oncology,29.0,13148.46,
PT-7306,Patricia Schneider,2025-11-28,Cardiology,23.0,8257.1,
PT-4702,Mark Gordon,2024-09-10,Cardiology   ,30.0,14562.86,
PT-3251,,2024-11-23,Cardiology,28.0,13568.6,
PT-9197,Lisa Warren,2025-05-31,Oncology,22.0,6695.11,
PT-5985,Jessica Miller,2024-10-08,   Neurology,30.0,8914.45,
,Heather Cohen,2025-06-02,Neurology,22.0,"£11,112.20",
PT-5212,Melissa Johnson,2025-12-25,Oncology,16.0,11103.65,
PT-7491,Shelley Cobb,2026-05-20,Cardiology,22.0,2114.69,
PT-3921,Stephanie Christensen,,Pediatrics,17.0,3191.41,
PT-3369,John Nelson,2025-03-05,Oncology,14.0,£591.84,
PT-7461,Robert Hunter,2026-02-01,Oncology,,3065.42,
PT-3171,   Samantha Hernandez,2025-04-22,Neurology,4.0,3477.65,
PT-3151,,2025-06-10,Cardiology,4.0,11330.34,
PT-5259,Phillip Powell,2025-11-28,   Pediatrics,12.0,809.62,
PT-6759,   Caleb Mcclure,2026-04-20,Oncology,7.0,4240.96,
PT-6835,Justin Kelley,2026-02-13,Cardiology,27.0,12339.57,
PT-1675,Tiffany Kane,2025-07-30,Oncology   ,26.0,"£9,334.82",
PT-3311,Nathan Mason,2026-07-27,Oncology,30.0,"£5,819.11",
PT-9979,James Cox,2024-11-06,Neurology,20.0,14038.31,
PT-1799,Jonathan Robbins,2024-09-30,Pediatrics,11.0,12182.93,
PT-1037,Michael Sellers   ,,Pediatrics,25.0,5236.86,
PT-4267,Amanda Taylor,2025-01-24,Pediatrics,14.0,"£8,022.23",
PT-7775,Michelle Bruce,2024-10-11,,27.0,1476.42,
PT-3672,Madison Jenkins,2025-08-02,Pediatrics,8.0,10117.48,
PT-7342,Sonya Mitchell,2024-09-20,Oncology,22.0,"£6,277.88",
,Jasmine Zuniga,2025-01-27,Pediatrics,,14180.02,
PT-3367,,2025-01-03,Neurology,23.0,,
PT-1058,Ashley Estes,2026-02-22,Cardiology,18.0,5214.98,
PT-2991,Meredith Payne,2026-05-05,Oncology,20.0,13141.11,
PT-9492,Kevin Lee,2025-01-19,Cardiology,29.0,1026.84,
PT-8512,Mr. Jason Ellis,2025-10-13,Pediatrics   ,13.0,14088.95,
PT-5430,Victoria Holmes,2024-09-29,Pediatrics,14.0,8725.79,
PT-9944,Haley Weber,2026-08-17,Oncology,21.0,4923.95,
PT-4016,Ashley Morse,2026-03-23,Pediatrics,26.0,3575.64,
PT-3239,Denise Logan,2026-02-15,Oncology,30.0,2233.34,
PT-4787,Andrew Frederick,2025-06-24,Neurology,26.0,4535.38,
PT-7529,   James Price,2026-04-10,Cardiology,27.0,"$9,851.33",
PT-6584,Kayla Chapman,2026-01-21,Neurology,23.0,7977.91,
PT-1703,Courtney Williams,2025-06-07,   Oncology,4.0,4216.6,
PT-1128,Blake West,2025-11-08,Neurology,20.0,8407.51,
PT-1954,Javier Cohen,2025-12-06,Cardiology,14.0,10770.03,
PT-8333,Ann Cox,2025-07-27,Oncology,8.0,917.44,
PT-8198,Stephen Bender,2025-08-21,Oncology,27.0,9340.69,
PT-3543,Monica Davis,2024-12-08,Neurology   ,,4218.34,
PT-4936,Gerald Pruitt,2025-02-16,Oncology,2.0,10121.06,
PT-1705,Holly Martinez,2024-11-19,   Cardiology,20.0,11735.14,
PT-4683,Christopher Lewis,2025-04-15,Cardiology,2.0,"$7,347.18",
PT-8363,Donald Parker,2025-10-15,Oncology,18.0,12356.69,
PT-3269,Patricia Dean,2026-02-28,Pediatrics,10.0,"£10,470.17",
PT-3319,Rebecca Thompson,2026-08-27,Oncology,2.0,7375.9,
,Gary Soto,2025-11-28,Neurology   ,6.0,10267.44,
PT-3795,Monica Mitchell,2024-12-12,Pediatrics,8.0,"$4,718.74",
PT-4997,Tricia Johnson,2025-03-30,Cardiology,8.0,13976.91,
PT-8988,Robert Jones,2024-11-06,,1.0,"£2,123.87",
PT-2861,Joseph Elliott,2025-02-01,Oncology,16.0,3883.74,
PT-8492,Juan Robinson,2026-05-11,Cardiology,5.0,11507.22,
PT-8175,Paul Church,2024-09-25,Pediatrics,7.0,8994.93,
PT-9286,Timothy Cook,2026-01-26,Oncology   ,1.0,1417.63,
PT-8185,Laura Barr,2025-01-16,Pediatrics,,3728.87,
PT-4291,David Bates,2025-10-30,Oncology,1.0,4101.7,
PT-3628,,2025-06-27,Oncology,1.0,"£7,894.01",
PT-6624,Cindy Campbell,2025-06-25,Pediatrics,19.0,9834.31,
PT-4804,Mariah Novak,2024-12-03,Oncology,6.0,"$9,923.53",
PT-7167,Doris Craig,2026-07-27,Cardiology,1.0,13066.18,
PT-1391,Tracy Walsh,2025-10-03,Pediatrics   ,28.0,10847.29,
PT-9198,Sandra Wallace,2026-05-22,Neurology,8.0,3831.85,
PT-9717,   Paul Trevino,2026-05-10,Neurology,13.0,6700.73,
PT-8826,   David Berry,2024-11-28,Cardiology,21.0,10214.18,
PT-6541,Olivia Sullivan,2025-11-19,Pediatrics,1.0,10658.2,
PT-6695,Sandra Young   ,2025-04-01,Oncology,7.0,5983.22,
PT-6621,Meagan Blankenship,2025-01-07,Cardiology,9.0,2555.73,
PT-2235,Scott Long,2026-01-02,   Pediatrics,6.0,510.14,
PT-2474,Nicholas Diaz,2024-11-18,Pediatrics,7.0,7242.35,
PT-7015,John Blanchard,2025-12-09,Pediatrics,20.0,3817.4,
PT-9511,Bridget Hernandez,,,16.0,4202.95,
PT-2508,Kimberly Carter,2025-06-03,Pediatrics,7.0,13354.64,
,Jacqueline Herman,2025-07-28,Neurology,5.0,"$7,416.21",
PT-6581,   Christopher Oconnor,2026-05-16,,8.0,8304.59,
PT-6404,Andrea Mckenzie,2024-10-23,Cardiology,24.0,13808.37,
PT-1192,James Alvarado,2025-01-01,Oncology,12.0,2830.46,
,Ann Stephens,2025-03-31,Oncology,27.0,"$5,128.98",
PT-8081,Benjamin Simpson,2025-12-12,Oncology   ,16.0,5842.62,
PT-8438,Jacob Wood,2025-03-28,Oncology,27.0,"£7,183.10",
PT-4969,Jessica Atkins,2025-04-25,Oncology,4.0,"$3,013.99",
PT-4296,Daniel Osborn,2026-08-23,Neurology,30.0,4256.31,
PT-4690,Joe Gray,2025-10-28,Cardiology,7.0,3266.04,
PT-6722,Katelyn Buchanan,2026-02-01,Oncology,15.0,14850.25,
PT-9065,Kathleen Suarez,2025-02-25,Pediatrics,23.0,"£7,204.56",
PT-9983,Benjamin Carpenter,2024-10-06,Oncology,12.0,3968.51,
PT-3869,Lauren Vega,2026-06-09,Neurology,25.0,789.54,
PT-3968,Victoria Kelly,2026-03-29,,14.0,"£11,092.58",
PT-9592,Michael James,2025-02-22,Cardiology,15.0,2124.02,
PT-6979,Laura Hart,2026-02-07,Neurology,3.0,2801.52,
PT-2289,Billy Knox,2026-04-15,Neurology,14.0,3867.39,
PT-8551,Stephanie Gutierrez,2025-03-15,Neurology,30.0,14288.44,
PT-3975,Scott Barnes,2024-11-18,Pediatrics,26.0,12334.08,
PT-6901,Mason Johnson,2024-09-19,Oncology,12.0,7471.71,
,Victoria James,2025-01-02,Neurology,2.0,"$8,786.30",
PT-4051,Matthew Vaughan,2025-09-13,Cardiology,,"$12,087.53",
PT-9300,Anthony Jenkins,,Neurology,4.0,"£3,525.07",
PT-9708,Adrian Walters,2025-12-24,Oncology,28.0,9621.78,
PT-3639,Yolanda Smith,2025-04-25,Cardiology,11.0,9593.72,
PT-1283,Vickie Vargas,2026-01-20,Oncology,12.0,"£4,145.03",
,Elizabeth Hernandez,2025-10-11,Neurology,24.0,8835.65,
PT-7571,Jonathan Mitchell,2025-02-09,Oncology,23.0,11334.0,
PT-9074,Donna Hicks,2025-08-06,Oncology,23.0,12783.27,
PT-9427,Wanda Wilson,2025-02-27,Neurology,1.0,1449.91,
PT-4809,Patrick Brown,2026-05-28,Oncology   ,10.0,6362.08,
PT-6077,,2026-05-09,Neurology,17.0,8903.27,
PT-1751,Jessica Hall,2025-01-10,Oncology,4.0,1067.09,
PT-4999,Christine York,2025-07-16,Pediatrics   ,8.0,8972.2,
PT-4296,Amy Flores,2025-10-22,Neurology,22.0,1652.33,
PT-9653,Tina Jimenez,2024-12-26,Cardiology,16.0,14297.45,
PT-1508,Kristine Jones,2025-02-19,Oncology,19.0,553.35,
PT-6927,Sharon Gonzales,2025-07-21,Pediatrics,27.0,10374.03,
PT-2348,April Wheeler,2025-01-21,Oncology,,6075.56,
PT-3421,James Robinson,2025-12-25,Neurology,1.0,5147.68,
PT-3878,Angela Harris,2026-07-03,Cardiology   ,15.0,14686.67,
PT-4906,   Thomas James,2025-01-18,Pediatrics,27.0,2415.74,
PT-2575,Cassandra Hernandez,2025-05-02,Neurology,25.0,4755.17,
PT-1574,Thomas Morris,2026-04-29,,7.0,"£3,875.94",
PT-3581,Emma Navarro,2025-11-22,Neurology,,,
PT-8428,Christine Gilbert,2025-04-23,Oncology,23.0,,
PT-1804,Mrs. Holly Smith,2026-05-27,Cardiology,21.0,"$10,964.09",
PT-8861,Michael Price,2025-04-21,Pediatrics,22.0,9604.1,
PT-5989,Richard Walker,2024-10-19,Oncology,4.0,14318.33,
PT-3514,John Martin,2026-07-23,Pediatrics,26.0,8337.28,
PT-2616,Cristian Neal,2025-10-02,   Pediatrics,21.0,"$7,521.71",
PT-9208,Ashley Turner,2026-04-30,   Neurology,27.0,"£12,613.92",
PT-7902,   Christopher Williams,2025-07-27,Cardiology,28.0,2720.09,
PT-6628,   Tonya Anderson,2026-09-03,Neurology,9.0,2844.08,
,Andrew Hunter,2026-03-04,Pediatrics,25.0,"£11,029.53",
PT-5587,Kendra Lara,2026-06-05,   Oncology,18.0,13761.93,
PT-6820,Christopher Taylor,,   Pediatrics,14.0,6356.68,
PT-3517,Jerome Lawrence,2026-04-24,Pediatrics   ,5.0,5146.38,
PT-3841,Jessica Martinez,2025-05-23,Neurology,22.0,14214.12,
PT-3319,Matthew Russell,2025-11-03,Oncology,6.0,3571.06,
PT-5589,Megan Clark,2026-04-22,Pediatrics,30.0,"$13,679.07",
PT-8714,Melissa Black,2026-05-22,Oncology,18.0,11146.86,
PT-4882,Amanda Lindsey,2025-03-05,Oncology,12.0,2444.23,
PT-4253,   James Hubbard,2026-05-15,Oncology,6.0,2063.31,
,Donald Carroll,2025-08-08,Oncology,14.0,3243.88,
PT-9702,Shannon Burke,2025-04-14,Cardiology,28.0,"$5,937.26",
PT-4192,Ryan Lynn,2025-08-04,Cardiology,28.0,14032.68,
PT-3241,Ann Taylor,2024-11-13,Cardiology,3.0,6567.31,
,Sarah Gordon,2024-11-30,Oncology,3.0,640.05,
,Brenda Harris,2025-04-04,   Neurology,2.0,"$9,327.98",
PT-1852,Jesus Rivera,2025-03-10,Pediatrics,18.0,7429.41,
PT-2705,Megan Malone,2025-01-24,   Oncology,22.0,11975.73,
PT-8578,Shane Richard,2025-05-11,Neurology,7.0,8574.08,
PT-5080,Alyssa Ellis,2025-05-30,Pediatrics,22.0,£513.66,
PT-9606,Cynthia James,,Pediatrics,1.0,9522.92,
PT-6982,Darlene Gregory,2026-04-09,,28.0,12577.56,
PT-4779,Richard King,2026-06-12,   Pediatrics,11.0,9586.31,
PT-9990,,2026-06-29,Cardiology,28.0,8587.94,
PT-9825,,2025-06-16,Oncology,27.0,11651.0,
PT-4801,Linda Mclaughlin,2025-11-09,   Cardiology,15.0,5579.76,
PT-1380,Sandra Ramirez,2026-04-23,Oncology,8.0,8684.86,
PT-5317,Wendy Dickerson,2026-07-07,Pediatrics,7.0,$595.24,
PT-9847,William Lee,2025-12-03,Cardiology,18.0,13896.95,
PT-9175,David Norman,2026-02-09,Pediatrics,20.0,"$9,860.64",
PT-2158,Melissa Wright,2026-01-10,Neurology,24.0,6857.27,
PT-5224,Anthony Estrada,2025-06-30,Oncology,5.0,1884.78,
PT-1338,Deborah Roman,2025-08-02,Neurology,4.0,6968.04,
PT-5359,Carol Hill,2025-10-14,Pediatrics,9.0,"$5,982.54",
PT-6963,Brittany Zimmerman,2025-07-12,Cardiology,22.0,988.84,
,   Charles Gibbs,2024-11-13,Pediatrics,4.0,6945.5,
PT-2434,Carmen Evans,2025-06-06,Neurology,25.0,1244.72,
PT-9755,Harold Hamilton,,Neurology,26.0,7678.84,
PT-8973,David Robbins,,   Oncology,25.0,6943.49,
PT-7162,William Myers,2025-03-20,Neurology,22.0,9173.5,
PT-2378,Brian Beck,2025-10-24,Cardiology,6.0,,
PT-9152,William Villegas,2025-08-28,Neurology,24.0,"$3,353.61",
PT-9862,Nicole Wolf,2025-12-25,Pediatrics,30.0,8953.77,
PT-3562,Christina Lane,2025-06-13,Pediatrics,30.0,3404.32,
PT-8856,Brian Hamilton,2025-09-10,Cardiology,2.0,11136.93,
PT-3315,Pamela Sanchez,2025-02-07,Oncology,25.0,7503.11,
PT-5810,Keith Williams,2026-06-09,Pediatrics,1.0,"£11,551.68",
PT-8500,Brittany Sanchez,2025-05-25,Pediatrics   ,9.0,"$10,196.56",
PT-3230,,2024-12-06,Pediatrics,8.0,14937.91,
PT-1771,Scott Williams,2025-10-14,Cardiology,30.0,6925.29,
PT-8523,Carl Smith,2026-07-26,Cardiology,5.0,9435.42,
PT-2589,Karen Sullivan,2025-10-05,Neurology,26.0,"$3,180.66",
PT-5979,Patrick Brown,2026-04-08,Pediatrics,11.0,13407.78,
PT-9680,Eric Allen,,Oncology,2.0,8912.0,
PT-3574,Melanie Daugherty,2025-03-07,Neurology,16.0,9842.61,
PT-2545,Krystal Flores,2024-12-07,Oncology,28.0,5965.69,
PT-8277,Elizabeth Jackson,2025-10-16,Pediatrics,20.0,2784.17,
PT-9943,Cassandra Stevens,2025-10-14,Pediatrics,14.0,14010.36,
PT-2187,Brian Gonzalez,2026-03-17,Neurology,12.0,"£3,163.89",
,Christina Carlson,2024-09-18,Oncology,3.0,10744.03,
PT-8900,Barry Zavala,2026-06-10,Neurology,23.0,12300.75,
PT-7229,Victoria Cain,2025-12-05,Neurology,22.0,"£10,484.20",
PT-7630,Michael Mclaughlin   ,2025-10-09,Neurology,6.0,9419.2,
PT-4977,   Jeanne Schultz,2026-06-16,Oncology,4.0,2855.46,
PT-5119,Valerie Valdez,2026-06-19,Neurology,28.0,,
PT-5569,Evelyn Jones,2025-02-20,Neurology,28.0,5782.85,
PT-3813,   Eric Alvarez,2025-08-20,Cardiology,20.0,3113.58,
PT-1959,Steven Maddox,2025-09-20,   Oncology,26.0,3887.52,
PT-1921,Joshua Harper,2025-04-03,Neurology,3.0,,
PT-1579,Matthew Hayes,2024-09-15,Oncology,3.0,"$6,946.43",
PT-3734,   Benjamin Mcdonald,2026-07-02,Neurology,5.0,2176.78,
PT-2787,Jason Lee,2025-02-12,Pediatrics,7.0,10769.58,
PT-2781,Rachel Ho   ,2026-06-07,Cardiology,22.0,10327.85,
PT-6669,Joy Wu,2024-12-07,Pediatrics,20.0,9780.85,
PT-1853,Lauren Spence,2025-09-02,,10.0,14172.97,
PT-3718,Alexander Buchanan,2024-11-11,Neurology,30.0,14349.74,
PT-4535,Brenda Harris DDS,2026-08-08,Pediatrics,28.0,7810.34,
PT-6348,Marissa Dean,2025-03-30,,13.0,9927.32,
PT-7313,Danielle Harrison,2026-09-09,Cardiology,30.0,"$8,139.00",
PT-5526,Vanessa Baker   ,2025-03-09,Neurology,23.0,8835.44,
PT-8371,Amanda Lee,2026-04-15,Cardiology,15.0,9547.21,
PT-4246,Kelsey Fry,2026-04-19,Neurology,2.0,5841.67,
PT-4701,William Sawyer   ,2025-09-27,Pediatrics,14.0,1546.21,
PT-3272,Jason Hernandez   ,2024-11-06,Cardiology,10.0,"£5,388.83",
PT-8847,Lori Gutierrez,,Cardiology,24.0,"£10,685.47",
PT-7972,Jessica Smith,2025-10-04,Pediatrics,16.0,13142.89,
PT-8535,Denise Hernandez,,Pediatrics,15.0,4969.88,
PT-1925,   Andres Valentine,2025-12-05,,15.0,,
PT-9721,   Jason Mitchell,2025-10-21,Pediatrics,30.0,7688.75,
PT-6393,Sherry Smith,2025-11-19,Cardiology,7.0,"$11,431.28",
PT-5158,Anthony Hernandez,2025-09-22,Neurology,28.0,12219.27,
PT-8226,Cassie Holmes,2026-08-26,   Cardiology,2.0,9373.98,
PT-1819,   Donna Dickerson,2024-12-19,,19.0,1831.81,
PT-1678,Linda Vaughan,2025-08-15,Oncology,2.0,"$2,549.01",
PT-2193,Julie Ingram,2025-04-02,Cardiology   ,13.0,14316.4,
PT-7885,Chelsea Williams,2026-02-04,Oncology,14.0,7558.27,
PT-7964,Carolyn Tran,2025-12-27,Cardiology,17.0,14334.18,
PT-7543,Christy Bird,2024-12-10,   Neurology,9.0,1133.88,
PT-4632,   David Scott,2025-05-22,Pediatrics,24.0,"$10,707.28",
PT-3486,David Barajas,2026-03-06,Cardiology,26.0,"$11,717.64",
PT-8116,Dustin Nelson,2025-04-17,Cardiology,16.0,"£11,401.43",
PT-8543,   Anna Stephens,2024-10-17,   Neurology,30.0,5604.45,
PT-8697,James Lewis,2026-07-16,Oncology,12.0,6613.74,
PT-9621,Carrie Tate,2026-02-23,Cardiology,26.0,"$3,663.84",
PT-1694,Marie Reed,2025-11-02,Cardiology,22.0,5872.57,
PT-9517,Sean Patel,2025-06-04,Cardiology,15.0,10939.33,
PT-6434,George Werner,2025-01-28,Neurology,1.0,4635.36,
,Amy Thompson,2026-04-25,Cardiology,24.0,"$4,877.26",
PT-9691,Diane Jones,2026-05-18,Cardiology,2.0,8624.06,
PT-2766,,2026-06-14,Pediatrics,24.0,"$6,034.67",
PT-6733,   Elizabeth Williams,2025-01-03,Oncology,4.0,"£11,396.74",
PT-3333,Jonathan Sanchez,2024-09-19,Cardiology,13.0,14308.53,
,Wendy Murphy,2024-10-08,Cardiology   ,25.0,2919.47,
PT-6058,,2025-09-27,   Neurology,17.0,7327.43,
PT-4806,Heather Lambert,,Neurology,15.0,12891.21,
PT-1962,Eric Fowler   ,2025-12-26,Neurology,7.0,"£9,436.44",
PT-1912,Timothy Austin,2026-05-16,Cardiology,29.0,"$5,784.09",
PT-1186,Abigail Carrillo,2026-08-14,   Pediatrics,15.0,"$11,947.23",
PT-4360,Amy Martinez,2026-06-26,Pediatrics,5.0,12692.46,
PT-5817,Jennifer Ortega,2026-06-12,Pediatrics,21.0,10169.5,
PT-3364,Nancy Ibarra,,Cardiology,18.0,"£14,378.00",
PT-7976,Martin Washington,2026-08-07,Cardiology,27.0,"$13,667.76",
PT-1227,Karen White,2025-02-12,Oncology,20.0,8959.42,
PT-2022,Ashley Stephenson,2026-06-12,Cardiology,17.0,$741.26,
PT-9921,Katherine Thompson,,Cardiology   ,27.0,2315.92,
PT-5940,Taylor Ryan,2025-03-21,Oncology,28.0,2341.31,
PT-4764,Judith Olson,2026-01-01,Oncology   ,23.0,5690.45,
PT-2876,Donald Maldonado,2024-09-26,Neurology,18.0,2466.27,
PT-2072,   Betty Reed,2025-02-06,Neurology,1.0,"£9,941.47",
PT-5610,Michelle Frey,2025-01-12,   Neurology,26.0,11467.26,
PT-6943,Veronica Johnson,2026-07-10,Oncology   ,14.0,5998.05,
PT-7662,Patricia Thomas,2024-10-29,Oncology,,"$5,076.87",
PT-3162,Thomas Castaneda,2026-07-01,Neurology,15.0,9701.12,
PT-7970,Malik Garcia,2025-05-27,Oncology,23.0,12500.93,
PT-4497,Penny Woods   ,2025-03-01,Oncology,14.0,8496.96,
PT-4150,Denise Morris,2026-04-11,Oncology,17.0,"$8,239.79",
PT-2773,Tristan Rodriguez,,Neurology,5.0,8386.46,
,Allison Jackson,2024-10-03,Neurology,9.0,13234.31,
PT-5282,,2025-11-16,Cardiology,14.0,13304.67,
PT-9867,Jennifer Walters,2024-10-16,Oncology,27.0,"£4,620.81",
PT-8683,Laura Russell,2025-05-14,Cardiology,29.0,12717.82,
PT-1198,Kathleen Torres   ,2025-11-17,Pediatrics,8.0,4099.78,
PT-8605,   Krista Rangel,2024-11-05,Neurology,23.0,6229.55,
,,2025-02-26,Pediatrics,,2750.04,
PT-2824,Angelica Harrington,2025-07-18,Oncology,25.0,3900.9,
PT-2134,,2025-06-27,Pediatrics,20.0,,
PT-4804,Jesse Walker,2025-07-05,Neurology,10.0,5411.96,
PT-5026,Julia Rangel,2026-02-07,,4.0,2261.94,
PT-2974,Lauren Houston,2026-04-28,Pediatrics,10.0,7435.1,
PT-3313,   Shannon Brown,2025-08-15,Cardiology,27.0,7254.21,
PT-3140,Anthony Patel,,Neurology,16.0,"$6,057.40",
PT-7742,Rebecca Morales,2025-11-16,,18.0,,
PT-5926,Gina Smith,2025-10-20,Cardiology,7.0,9079.54,
PT-5751,Ruth Lewis,2026-03-30,,3.0,"£9,168.82",
PT-5251,   Michael Johnson,2025-12-31,Cardiology,4.0,"$3,965.71",
PT-2693,Christian Kelly   ,2025-10-11,Neurology,13.0,10522.19,
PT-5941,Krystal Mahoney,2025-10-29,Cardiology,,4747.53,
PT-9114,   George Crosby,2025-06-26,Oncology,25.0,"$13,250.98",
PT-9841,Aaron Garcia,2025-01-23,,22.0,"£13,360.32",
PT-2063,Kyle Crawford,2026-02-18,Cardiology,19.0,,
,Andrea Hoffman,2025-07-08,Oncology,10.0,"$4,242.04",
PT-9688,Christine Decker,2024-11-10,Neurology,9.0,"£13,500.81",
PT-8635,Jordan Gonzalez,2026-08-23,,2.0,13173.4,
PT-4211,Keith Jones,2026-05-03,Neurology,30.0,11654.05,
PT-3796,   Ashley Martinez,2026-09-02,Pediatrics,3.0,5400.2,
PT-4172,Devin Webb   ,2026-04-21,Cardiology,,8860.3,
PT-9380,,2026-04-22,Oncology,17.0,14963.64,
PT-4545,Sheila Moody,2025-04-27,Pediatrics,1.0,1455.24,
PT-5688,Debra Martinez,2025-08-08,Cardiology,2.0,,
PT-4869,Brenda Myers,2025-10-13,Neurology,20.0,"£5,048.68",
PT-6719,Jaime Brooks,2026-05-27,Pediatrics,6.0,"£2,068.01",
,John Hicks,2024-10-07,Neurology,23.0,9759.73,
PT-3197,Kayla Griffin,2024-10-21,Cardiology,28.0,6484.06,
PT-8400,Sherry Leon,2025-08-19,Neurology,19.0,8235.39,
PT-8205,Jocelyn Duke,2025-04-07,,6.0,,
PT-2755,Jennifer Guzman,2025-05-06,Cardiology,2.0,2769.36,
PT-6538,Kellie Meyer,2026-06-19,Pediatrics,18.0,13250.36,
PT-9432,,2025-03-28,   Oncology,30.0,14650.58,
PT-8527,Kelly Schultz,2025-06-11,   Neurology,5.0,6425.37,
PT-1341,Tracy Best,2026-01-22,Cardiology   ,14.0,3471.78,
PT-1459,Katie Maddox,2026-06-07,Neurology,17.0,13405.13,
PT-1687,Kelly Fisher,2026-05-29,Oncology,30.0,"£12,018.97",
PT-1473,Dana Reid,2025-12-15,Oncology,21.0,3362.54,
PT-8188,   Brittany Ward,2024-09-19,Pediatrics,7.0,2246.27,
PT-6821,Jacob Garrison,2026-07-21,Pediatrics,28.0,6884.78,
PT-3481,   Jessica Jones,2026-07-17,Oncology,14.0,5611.8,
PT-3090,Michael Elliott,2026-08-13,   Oncology,17.0,"$12,481.77",
,Lisa Jordan,2025-09-24,Pediatrics,17.0,11444.34,
PT-6898,Monica Burns,2024-12-18,Neurology,20.0,"£4,913.15",
PT-9864,,,Neurology,,4670.36,
PT-2286,Pedro Powell,2026-08-11,   Cardiology,26.0,12291.85,
PT-4039,Thomas Contreras,2025-08-18,Cardiology,12.0,6375.96,
PT-2296,Patrick Smith,2026-08-13,,15.0,5659.05,
PT-9017,Jason Chan,2025-08-19,Cardiology,15.0,7552.3,
PT-6444,Amy Brown,2025-07-29,Pediatrics,1.0,3359.88,
PT-9836,,2025-05-25,Pediatrics,25.0,2099.62,
PT-6219,Richard Edwards,2026-04-12,Cardiology,24.0,13490.86,
PT-5992,Elizabeth Gonzalez   ,2025-08-16,Neurology,20.0,14139.86,
PT-9809,Diane Campbell,2025-05-07,Pediatrics   ,19.0,4959.75,
PT-9828,Lori Wells   ,2025-01-15,Oncology,23.0,5615.4,
PT-4165,Michael Ferguson,2024-10-18,Neurology,14.0,,
PT-4813,Jessica Taylor,2024-10-28,   Oncology,29.0,3237.04,
PT-2847,Regina Fisher,2025-08-20,Pediatrics,8.0,12318.1,
PT-3503,Gabriela Potts,,,13.0,9920.85,
PT-1397,Walter Freeman,2026-08-18,Oncology,1.0,1257.86,
PT-1617,Kevin Harrington,2024-12-15,Oncology,30.0,647.39,
PT-4023,Sheila Johnson,2026-02-17,Pediatrics,3.0,5368.08,
PT-9217,Emma Park,2026-07-11,Oncology,15.0,3593.62,
PT-9954,Austin Warren MD   ,2025-09-12,Cardiology,28.0,10894.89,
PT-8904,,,,7.0,7609.94,
,Lisa Mendoza,2024-11-10,Oncology,,10697.58,
PT-2260,Tina Scott,2024-11-24,Cardiology,19.0,10384.4,
PT-3398,Lindsay Martinez,2025-02-20,Oncology,27.0,,
PT-7474,,2026-03-11,Neurology,4.0,$513.22,
,   Sarah Miller,2025-04-30,Neurology   ,9.0,1328.22,
PT-8621,Angela Sharp,2026-05-23,Pediatrics,4.0,10130.59,
PT-9391,Regina Bell,2026-08-22,   Oncology,5.0,12789.78,
PT-3804,Jasmin Woods,2024-11-04,Oncology,2.0,4698.82,
PT-4616,Kari Harris,2026-05-21,Neurology,16.0,11499.5,
PT-3539,Terri Tucker,2026-08-27,Oncology,28.0,4871.75,
PT-1850,Sarah Chavez,2025-09-27,Oncology,13.0,10970.62,
PT-3420,William Mendez,2026-02-01,Oncology,28.0,7048.86,
PT-3025,Lori Davidson,2025-12-25,Pediatrics,10.0,9823.23,
PT-3110,Barbara Hall,2025-04-03,Pediatrics,3.0,,
PT-2717,Isaiah Rojas,2025-01-05,Cardiology,8.0,"£1,331.51",
,Todd Ramos,2025-02-27,Neurology,19.0,"$1,058.05",
PT-6829,Robert Chaney,2025-10-22,Oncology,9.0,12248.4,
PT-5416,Karen Washington,2024-11-16,   Neurology,27.0,9919.77,
PT-4816,Destiny Martinez,2025-06-28,Neurology,27.0,2196.91,
PT-8313,John Nguyen,2026-05-18,Neurology,7.0,,
PT-1029,Susan Howard,2025-02-18,Neurology,11.0,,
PT-9450,   Christine Gardner,2024-11-07,   Oncology,3.0,"£3,985.20",
PT-4042,Amber Acosta,2025-09-10,Pediatrics,12.0,4621.51,
PT-9117,Christopher Clark,2025-09-27,Oncology,30.0,"£14,007.86",
PT-8731,Brian Burch DDS,2025-10-20,Oncology,13.0,12730.81,
PT-2262,Larry Simpson,2026-02-15,Pediatrics,26.0,14720.93,
PT-5106,John Jackson   ,2024-12-13,Oncology,14.0,10645.6,
PT-5950,Sandra Ingram,2025-06-15,Oncology,14.0,8420.32,
PT-8727,David Wright,2025-09-24,Oncology   ,9.0,£988.54,
PT-2428,Amber Santiago,2025-07-25,Neurology,21.0,10484.68,
PT-2265,Jeremy Kim,2024-12-21,Cardiology,17.0,13265.95,
PT-6522,Eric Tucker,2024-09-13,Pediatrics,3.0,10771.23,
PT-8669,Amy Williams,2025-11-06,Cardiology,6.0,"$2,107.49",
PT-3066,Adriana Medina,2024-09-14,,28.0,"£3,387.84",
PT-4166,Jon Sosa,2025-10-30,Oncology,19.0,,
PT-4692,Melanie Alvarez,2025-07-27,Cardiology,24.0,2298.19,
PT-6985,Matthew Atkins,2024-10-13,Pediatrics,,2572.97,
PT-7680,   Mary Hughes,2026-07-17,Oncology,10.0,13434.32,
PT-5131,Sean Hernandez,2026-01-26,Neurology,14.0,12366.12,
PT-9994,Sean Hoffman,2026-03-03,Cardiology,28.0,8056.73,
PT-5116,Stephanie Sanders   ,2024-09-25,Neurology,2.0,10250.7,
PT-5674,Jerry Tucker III,2026-08-18,Neurology,12.0,7861.86,
PT-2532,Cheryl Fischer,2025-09-16,Oncology,29.0,,
PT-9769,Michael Deleon,2025-09-14,Cardiology   ,15.0,"$14,165.32",
PT-5942,Michael Lloyd,2026-04-04,Neurology,30.0,3025.24,
PT-3949,Kristen Robles,2024-12-07,Neurology,15.0,549.81,
PT-5527,Michael French,2025-04-10,Neurology,3.0,11700.47,
PT-1037,,2025-01-02,Neurology,26.0,8930.68,
PT-7504,Daniel Castillo,2025-01-18,Neurology,14.0,"$10,117.92",
PT-7490,Andrew Pineda,2025-02-16,Neurology,18.0,7600.33,
,Edward Cox,2026-01-18,Cardiology,18.0,10104.89,
PT-1322,Vincent Hoffman,2026-02-25,Neurology,19.0,7658.42,
PT-3270,Katherine Anderson,2025-12-01,Pediatrics,30.0,5035.3,
PT-5498,Eric Smith,2026-06-12,Pediatrics,30.0,3027.75,
PT-2859,John Kennedy,2026-06-22,   Oncology,,14247.17,
PT-3810,Steven Cobb,,Neurology,15.0,"$5,341.31",
PT-9845,Jessica Lowery DDS,2025-04-03,Pediatrics   ,21.0,3292.25,
PT-2253,Matthew Williamson,2025-07-28,Pediatrics,10.0,13152.26,
PT-5022,Erin Walsh,2024-09-12,Cardiology,27.0,10361.69,
PT-8562,Joshua Johnson,2025-06-19,Neurology,14.0,10064.69,
PT-9450,Luke Brady,2026-06-12,,2.0,"£1,001.15",
PT-1972,   Jose Moody,2024-11-12,Neurology,3.0,14550.79,
PT-6218,Benjamin Mcdowell   ,2024-10-31,   Oncology,27.0,1090.1,
PT-7785,Jack Richardson,2024-09-13,Pediatrics,29.0,13123.49,
PT-7340,Charles Perez,2026-05-05,Cardiology,16.0,13263.06,
PT-8090,Laura Brown,2025-10-14,Pediatrics,19.0,8832.19,
PT-3960,,2024-10-22,Pediatrics,26.0,11207.66,
PT-4684,Laura Wilson DVM,2025-05-06,Oncology,13.0,12486.2,
PT-2854,Paul Velez,2026-08-27,Cardiology   ,12.0,7795.2,
PT-7757,Anthony Moore,2025-07-20,Pediatrics,26.0,6052.92,
PT-1871,,2025-09-10,Neurology,21.0,2447.09,
PT-3979,Susan Davis,2025-07-15,Neurology,29.0,10019.88,
PT-5384,Michelle Lopez,2025-06-11,Neurology,,3953.47,
PT-3717,Matthew Mcgee,2026-03-20,Cardiology,22.0,6649.67,
PT-2560,Austin Norris,2025-07-29,Pediatrics,30.0,8008.26,
PT-9868,Jodi Thompson,2025-02-24,   Neurology,26.0,"$6,193.79",
PT-3635,Laurie Diaz,2024-10-12,Cardiology,12.0,5226.79,
PT-6082,Steve Flynn,,Oncology   ,17.0,8120.34,
PT-3444,Timothy Davila,2024-11-22,Oncology,21.0,£864.93,
PT-6383,James Freeman,2024-12-28,Oncology,18.0,5181.58,
PT-6617,Justin Gardner,2026-01-19,Cardiology,24.0,3523.92,
PT-5966,Eddie Moreno,2025-07-11,Oncology,14.0,10815.08,
PT-7662,Melissa Murphy,2024-10-17,   Oncology,30.0,4906.58,
PT-8654,Lynn Houston,2025-01-06,Neurology,19.0,8073.01,
PT-9062,Terri Taylor,2025-06-03,Oncology,20.0,,
PT-3588,Caitlin Fitzpatrick,,Neurology,12.0,2933.12,
PT-5892,   Tina Nash,2025-05-12,Oncology,25.0,11773.26,
PT-4849,Cynthia Harris,2026-01-30,Pediatrics,15.0,1112.78,
PT-5442,Frank Smith,2026-01-25,Oncology,30.0,"£7,198.84",
PT-2976,Michael Mccormick,2024-09-28,Neurology,18.0,4005.76,
PT-6966,Ashlee Lyons,2025-08-18,Pediatrics,14.0,,
PT-1426,David Thomas,2026-04-19,Pediatrics,24.0,10123.77,
PT-3285,Matthew Smith,2025-11-02,Cardiology,16.0,11989.69,
PT-1602,Jordan Humphrey,,Oncology,9.0,"£7,241.43",
PT-3801,Pamela Lopez,2025-08-05,Pediatrics,5.0,11150.54,
PT-3806,Deborah Tucker,2026-01-20,Neurology   ,20.0,"$5,753.31",
PT-9698,Julie Marshall,2026-08-13,Pediatrics,,14556.68,
PT-4335,Jamie Orozco,2024-09-15,Cardiology   ,17.0,£732.52,
PT-8145,Michael Thompson,2024-12-11,Oncology,7.0,"$8,131.38",
PT-2393,Carol Mcintyre,2025-04-10,Cardiology   ,20.0,2581.67,
PT-2406,   Diana Davis,2026-07-29,Cardiology,18.0,6509.1,
PT-7569,Christian Ellis,2025-03-29,Pediatrics,20.0,,
PT-1938,Alexander Sanchez,2026-01-02,Oncology,4.0,12876.97,
PT-9223,Nancy Taylor,2024-12-27,Pediatrics,11.0,12289.51,
PT-3297,Andrew Dean,2025-12-21,,20.0,14112.75,
PT-4299,Mary Callahan,2026-01-15,,21.0,6776.86,
PT-2745,Theresa Murray,2025-04-22,Pediatrics,13.0,,
PT-4094,Brent Griffith,2026-05-31,Oncology,4.0,2324.99,
PT-4019,Dustin Preston,2025-10-20,Oncology,2.0,,
PT-4495,Paul Hall,2024-12-06,Pediatrics,11.0,1461.63,
PT-1883,Jonathan Fernandez,2026-08-18,Cardiology,10.0,1666.58,
PT-6453,Jessica Ellis,2026-07-06,Neurology,24.0,12172.38,
,Lori Olson,2025-12-17,Cardiology,17.0,5328.39,
PT-1760,Elijah Waters,2025-06-16,Cardiology,3.0,6201.55,
PT-7606,Robert Peters,2024-09-09,Neurology,12.0,729.07,
PT-3469,Juan Johnson,2025-08-07,Cardiology,18.0,3106.86,
PT-6790,Jose Graves,2025-09-08,Cardiology,6.0,8420.19,
PT-3156,Charles Jones,2025-03-08,Oncology,24.0,"£5,800.48",
PT-2442,Laura Martin,2026-02-02,Oncology,1.0,14237.37,
,Catherine Hill,2026-01-06,Pediatrics,18.0,11426.34,
PT-1893,Felicia Wang,2025-08-13,Neurology,,5108.69,
PT-3948,,2025-10-12,,11.0,12594.63,
PT-9441,Vincent Brown   ,2024-11-11,Cardiology,23.0,7208.74,
PT-4119,Jeffrey Reyes,2024-11-06,Neurology,7.0,,
PT-5842,Margaret Walter,2025-11-24,Oncology,1.0,5844.13,
PT-8818,Robert Hughes,2025-11-26,Neurology,27.0,1958.43,
PT-3231,Lisa Bell,2026-01-11,Pediatrics,,11988.15,
PT-7524,Ashley Villegas,2026-03-07,Cardiology,10.0,,
PT-5775,Bridget Hood,2025-10-15,Cardiology,,,
PT-3944,   George Chambers,,Neurology,2.0,6231.82,
PT-7580,Bobby Wallace,2026-08-25,Pediatrics,15.0,784.1,
PT-7990,Jason Dunn,2025-03-21,Cardiology,7.0,13102.51,
PT-3309,Madison Ruiz,2026-03-23,Oncology,3.0,7214.46,
PT-5408,Cynthia Spence,2026-07-23,Oncology,27.0,"$6,812.42",
PT-2847,Adam Harris,2025-05-08,Neurology,17.0,"£6,705.56",
PT-6159,Donald Davis,2025-07-03,   Pediatrics,8.0,12518.17,
PT-4337,Mary Mcconnell,2026-07-11,Cardiology,25.0,10949.36,
PT-2432,Joshua Carter,2025-11-05,Oncology,17.0,11536.44,
PT-9038,Tyler Franco,2025-06-08,Cardiology,8.0,"$6,435.04",
PT-1175,   Christine Marsh,2025-07-27,Pediatrics,29.0,8987.63,
PT-5774,Marvin Henry,2025-11-17,Neurology,,"$2,550.19",
PT-6875,Jesse Coffey,2024-10-19,Cardiology,12.0,8005.24,
PT-4748,Rebecca Howard,2025-08-09,Oncology,14.0,2398.96,
PT-5549,Tina Nichols,2026-03-17,Neurology   ,4.0,,
PT-2702,Nancy Diaz,2024-09-28,,30.0,12873.1,
PT-9805,Hannah Marshall,2025-01-22,Neurology,18.0,11920.42,
PT-6958,Alejandro Blake,2026-02-06,Cardiology,30.0,3154.89,
PT-5162,Jason Le,2026-06-08,Cardiology   ,5.0,"$14,164.05",
PT-1720,,2025-01-03,Pediatrics,5.0,2652.18,
PT-4566,Kristin Rodriguez,2026-05-16,Cardiology,7.0,1519.61,
PT-1669,Andrew Hoover,2025-10-23,Pediatrics   ,24.0,,
PT-5358,Matthew Bailey,2025-08-21,Pediatrics,10.0,8271.67,
PT-1388,Scott Lee,2024-10-19,Cardiology,9.0,692.06,
PT-7924,Jennifer Ferguson,2026-07-21,Cardiology,27.0,1490.44,
PT-2613,Kyle Haley,,Neurology   ,11.0,14802.09,
PT-3941,Kristen Morgan,2024-10-01,,19.0,9068.65,
PT-3325,Courtney Maldonado,2026-02-25,Neurology,7.0,3512.59,
PT-1938,Cynthia Patrick,2025-08-11,Oncology,10.0,"$5,059.59",
PT-6191,Todd Livingston PhD,2026-01-05,Cardiology,21.0,"£6,177.04",
PT-8586,Carol Rodriguez,2025-06-07,   Neurology,16.0,3558.97,
PT-4838,Michael Branch,2026-06-03,Neurology,17.0,"£10,076.29",
PT-8021,Kelly Ewing,,Oncology,13.0,7381.88,
PT-7963,Keith Roy,,Neurology,11.0,"$7,082.33",
PT-6210,Alvin Fisher   ,2025-03-06,Oncology,8.0,14503.11,
PT-2522,Jennifer Anderson,2026-01-01,Oncology,1.0,14357.19,
PT-2100,Sean Petersen,2026-01-04,Oncology,6.0,5638.92,
PT-5649,   Ashley Brandt,2025-09-02,,29.0,11096.43,
PT-6308,Melissa Perez,2025-08-15,Neurology   ,22.0,2756.83,
,Christina Clements,2025-11-13,Cardiology,6.0,1931.43,
PT-7297,Michelle Mccoy MD,2025-09-02,Oncology,6.0,6058.06,
PT-6702,Tami Robinson,2025-01-05,Pediatrics,8.0,13708.25,
PT-8715,Rhonda Saunders,2025-04-25,Oncology,15.0,13491.72,
PT-3194,Matthew Smith,2024-11-01,Cardiology   ,21.0,1970.12,
PT-2150,Rachel Fisher,2025-06-03,   Pediatrics,27.0,9233.4,
PT-6414,Michael Greer   ,2025-05-18,Cardiology   ,26.0,9313.8,
PT-6514,Angel Garcia   ,2025-11-26,Cardiology,14.0,"£9,150.26",
PT-2041,,2024-10-29,Pediatrics   ,18.0,10626.26,
PT-4629,Micheal Jackson,2025-12-17,Cardiology,13.0,12437.93,
PT-4034,Maria Rice,2026-03-29,Neurology,10.0,11588.96,
PT-6485,Gabriel Contreras,2025-12-23,Cardiology,2.0,13286.77,
PT-1144,Gail Baldwin,2025-09-25,Cardiology,1.0,"$2,768.07",
PT-6528,Mrs. Amanda King,2026-02-08,Pediatrics,27.0,11075.14,
PT-3894,Colleen Hawkins,2026-03-15,Oncology,24.0,,
PT-6529,Jeffrey Lane,2024-11-06,Cardiology,2.0,10489.28,
PT-5871,   Lorraine Turner,2026-04-08,Neurology,8.0,1615.2,
PT-7510,Jennifer Booth,2025-07-27,   Neurology,14.0,"$6,125.46",
PT-3520,Gwendolyn Floyd   ,2025-05-23,Pediatrics,26.0,9589.75,
PT-3562,Jennifer Goodman,2025-01-23,Pediatrics,2.0,14167.7,
PT-3077,Amy Lopez,2025-03-22,   Oncology,29.0,1417.94,
PT-7811,Anne Snow,2026-05-19,Pediatrics,,8960.72,
PT-7923,Tim Davenport,2026-04-22,Oncology,18.0,7527.73,
PT-4629,Andrew Lloyd,2026-02-04,Cardiology,8.0,12112.96,
PT-9583,Kenneth Harrison,2026-08-24,Pediatrics   ,19.0,8734.28,
PT-6077,Chelsea Hays,2024-09-17,Pediatrics   ,2.0,2602.63,
PT-6576,Ashley Baker,2026-02-26,Neurology,,"$13,236.99",
PT-3329,Becky Holt,2024-10-06,Neurology,25.0,8603.99,
PT-4825,   Jacob Macdonald,2025-09-03,Oncology,1.0,"£14,975.75",
PT-4790,Peter Thomas,2025-02-12,Cardiology,3.0,,
PT-8907,Kevin Martin,2026-06-10,Cardiology,21.0,12357.8,
PT-2449,John Vaughn,2026-08-16,Neurology   ,22.0,"£9,471.85",
PT-9828,David Harper,2025-03-19,   Pediatrics,26.0,1628.08,
PT-6407,Martin Buckley,2026-05-24,Pediatrics,24.0,7934.14,
PT-8655,Andrew Gallegos,2025-05-25,Neurology,25.0,"$2,158.93",
PT-5854,Ricky Montgomery,2025-04-23,Oncology,23.0,11670.3,
PT-3916,Willie Lane,2025-12-21,Oncology,19.0,1681.9,
PT-3618,Brian Velez,2025-10-31,Neurology,17.0,12548.86,
PT-3141,Amanda Davis,,Pediatrics,24.0,9374.92,
PT-3976,Michelle Schaefer,2025-02-23,Cardiology,16.0,"$12,365.98",
PT-5213,Sarah Meyer,2024-11-27,Pediatrics,24.0,"$11,351.66",
PT-7824,Alyssa Thompson,2025-07-06,Cardiology,8.0,,
PT-7915,Gina Walker,2026-07-12,   Neurology,3.0,14586.12,
PT-9324,Amy Salazar,2025-08-25,Cardiology,4.0,"£9,606.36",
PT-6746,Emily Brady,2025-05-01,Oncology,4.0,,
PT-1810,Rachael Hanson   ,2025-04-27,Cardiology,21.0,12311.52,
PT-6453,Austin Garcia,2025-01-04,Oncology,1.0,6973.41,
,Jesse Thomas,2025-02-26,,9.0,8923.86,
PT-4043,Dustin Watson,2026-01-29,Oncology,19.0,9479.1,
PT-5278,Kelsey Anderson,2025-04-10,Neurology,3.0,8781.8,
PT-5221,Stacy Mosley,2025-11-08,Cardiology,1.0,11450.24,
PT-2232,Corey Morris,2025-04-05,Pediatrics,10.0,8519.19,
PT-7253,   Raymond Nolan,2025-07-26,Oncology,3.0,"£12,181.92",
PT-4928,Stephanie Taylor,2025-10-07,Pediatrics,28.0,5700.59,
PT-7487,Angel Mendoza,2026-07-29,Cardiology   ,15.0,"£5,106.70",
PT-7963,Morgan Wheeler,2026-01-28,,26.0,9304.25,
PT-2385,Amber Fox,2026-03-03,   Oncology,24.0,10255.38,
,Amber Aguilar,2026-08-11,   Cardiology,8.0,"£8,748.02",
PT-1708,Gerald Fischer,2026-07-05,Cardiology,21.0,1092.11,
PT-4097,Paula Wilson,2025-09-17,Pediatrics,1.0,7739.59,
PT-6323,Jeffrey Greer,2026-07-02,Pediatrics,23.0,7955.15,
PT-6990,Travis Hill,2026-03-15,Cardiology,23.0,3953.7,
PT-6738,Brian White,2026-08-08,Pediatrics,5.0,8485.07,
PT-5014,Carl Salazar,2025-01-11,Pediatrics,18.0,13061.3,
PT-5874,Mary Hess,2025-10-23,Neurology,10.0,"$1,967.35",
PT-4504,Jennifer Hunter   ,2024-12-18,,1.0,10100.53,
PT-3103,Katie Bautista,2025-12-11,Oncology,24.0,"£1,766.99",
PT-8124,Mrs. Amy Ayers,2025-03-03,Oncology,8.0,,
,Ellen Lee,2026-07-01,Pediatrics,29.0,6095.97,
PT-4436,Leah Logan,2025-06-26,   Pediatrics,30.0,3796.26,
PT-2618,   Maureen Lara,2026-02-23,Pediatrics,5.0,1702.15,
PT-2676,Angela Todd   ,2026-02-22,Pediatrics,11.0,9812.59,
PT-9399,Christopher Cummings,2025-04-12,Pediatrics   ,,3239.23,
PT-6637,Sandra Griffith,2026-05-17,Cardiology,6.0,"£9,441.40",
PT-9043,Miranda Fisher,2026-04-21,Cardiology,14.0,"£12,417.37",
PT-2895,   Julia White,2026-04-24,Oncology,10.0,12020.0,
PT-3797,Albert Myers,2025-07-21,Oncology,10.0,10333.62,
PT-2244,Karen Martinez,2026-05-29,Cardiology,7.0,9284.0,
PT-5134,Mia Wallace,2024-12-07,Cardiology,15.0,9832.58,
PT-4015,William Medina,2025-09-14,Neurology,23.0,"$3,275.28",
PT-9911,Cheryl Chapman,2025-12-24,,4.0,,
PT-3348,Sean Marshall,2026-05-20,Neurology,15.0,6674.28,
PT-8145,Jared Jones,2026-07-16,Cardiology,1.0,9942.58,
PT-3799,Courtney Harris,2025-05-08,Cardiology,29.0,9534.61,
PT-1745,Cynthia Williams,2025-11-21,,30.0,14443.09,
PT-3848,Rhonda Scott,2026-07-20,,13.0,2638.37,
PT-8103,Maria Graves,2025-04-19,Neurology,23.0,7450.05,
PT-5856,Andrea Owen,,Neurology,12.0,8215.18,
PT-4835,   Joel Massey,2025-06-21,   Neurology,,1778.59,
,Brandon Fisher,2025-11-26,Oncology   ,23.0,12751.63,
PT-9995,Jennifer Harmon,2026-04-22,Pediatrics,22.0,,
PT-9709,Erika Reed   ,2026-01-07,   Pediatrics,,"$12,352.54",
,Joseph Watkins,2025-08-16,Oncology,3.0,"$9,931.22",
PT-5908,Brett Collins,2025-08-17,Neurology,6.0,7500.8,
PT-5743,Aaron Alvarez,2026-06-01,   Oncology,16.0,11164.85,
PT-1962,Colleen Thomas,2026-06-04,Neurology,4.0,9488.13,
PT-1976,Mariah Whitaker,,Neurology,19.0,"£2,689.86",
PT-8609,Denise Jones,2026-01-04,Oncology,19.0,6848.04,
PT-5091,   Tammy Mccarty,2025-08-24,Oncology,,"£14,996.38",
PT-7643,Joy Wolf,2025-07-19,   Neurology,5.0,,
PT-6667,Janet Hopkins,2025-09-10,Oncology,23.0,13579.12,
PT-1800,Pamela Farley,2026-08-04,Cardiology,9.0,,
PT-8882,Caroline Webb   ,2025-07-04,,28.0,6402.52,
PT-4552,Nina Murphy,2025-07-03,Pediatrics,24.0,2793.7,
PT-5623,Taylor Gonzalez,2026-02-26,   Cardiology,24.0,10112.04,
PT-9927,Bobby Woods,2025-03-13,Cardiology,26.0,10320.44,
PT-8702,Steven Browning,2025-03-06,Pediatrics,12.0,10200.27,
PT-6583,Elaine Bush,2025-12-23,   Oncology,27.0,4734.18,
PT-4684,,2026-07-14,Cardiology,13.0,3011.31,
PT-5351,David Franco,2026-07-11,   Pediatrics,23.0,"£7,004.87",
PT-4434,Diane Quinn,2025-05-01,Cardiology,12.0,11334.97,
PT-2728,Patrick Flores,2025-12-25,Oncology,9.0,5708.1,
PT-1044,Rebecca Harris   ,2026-08-12,Oncology,9.0,"£6,491.18",
PT-4173,Lisa Lewis,2026-04-22,Oncology,2.0,"$4,012.50",
,Michael Johnson,2024-12-16,Cardiology,26.0,11732.97,
PT-2494,   Jennifer Hamilton,,   Cardiology,2.0,1311.58,
PT-4388,   James Terry,2025-03-27,Cardiology,11.0,"£4,527.98",
PT-7817,Jessica Levine,2025-01-27,Neurology,24.0,1229.6,
PT-7281,Rhonda Wilson   ,2025-03-01,Oncology,27.0,,
PT-9278,,2025-11-10,Neurology,17.0,,
PT-9151,Deanna Jordan,2025-03-02,   Cardiology,4.0,6120.44,
PT-6699,Sarah West,2026-01-15,Cardiology,23.0,7113.94,
PT-9458,Jorge Collins,2025-12-21,Neurology,7.0,12107.67,
PT-3882,Christopher May,2025-05-01,Oncology,25.0,11029.77,
PT-9676,Jeremy Herrera,2024-10-06,Cardiology,6.0,13355.01,
PT-5198,William English,2025-11-10,Cardiology,17.0,14888.4,
PT-7943,Mary Robinson,2026-05-23,Pediatrics,20.0,"$4,602.57",
PT-9824,Timothy Cook,2025-06-30,   Oncology,22.0,,
PT-5618,Charles Lyons,2025-05-26,Neurology,9.0,6222.54,
,Megan Ross,2024-11-23,Neurology,15.0,14110.92,
PT-9550,Alyssa Moore,2025-10-28,Neurology,30.0,12147.85,
PT-8954,Benjamin Evans,2025-04-01,Cardiology,7.0,8362.36,
PT-9870,Timothy Walker,2025-03-18,Oncology,22.0,4419.46,
PT-9146,David Pope,2024-11-12,Pediatrics,19.0,7527.82,
PT-2646,   Mr. David Hall,2025-09-25,Neurology,1.0,11349.17,
PT-3666,Amy Lopez,2026-08-07,Neurology   ,16.0,1072.59,
PT-8640,Kelly Phillips,2026-02-20,Oncology,29.0,2850.11,
PT-1366,Rodney Hahn,2026-05-13,Cardiology,22.0,4734.5,
PT-9720,Laura Ellis   ,2025-05-04,Cardiology,14.0,13213.96,
PT-5237,   Melissa Martin,2026-05-11,Oncology,16.0,10209.2,
PT-8436,Vanessa Kline,,Neurology,25.0,1666.88,
PT-8734,Nicholas Waters,2025-01-15,Cardiology,12.0,"$6,699.90",
PT-1480,Theresa May,2025-12-21,Pediatrics   ,20.0,7478.78,
PT-3676,   Theresa White,2025-12-03,Oncology,7.0,8026.33,
PT-8684,George Little,2025-01-02,Pediatrics,26.0,5134.88,
PT-3652,Ms. Shannon Meza MD,2026-05-29,Oncology,9.0,10765.98,
PT-7836,Robert Cook   ,2024-12-23,   Cardiology,7.0,8812.4,
PT-7167,Denise Rodgers,2026-02-10,Cardiology,8.0,1406.31,
PT-1140,James Gray,2024-12-20,Cardiology,23.0,,
PT-8833,Denise Sullivan,2025-08-23,Neurology,27.0,10401.08,
PT-1860,Aaron Lopez,,Neurology,8.0,11022.83,
PT-4743,Amber Buchanan,2026-03-11,Neurology,10.0,"£1,930.92",
PT-3952,Kathy Doyle,2025-07-07,Neurology,13.0,4372.06,
PT-9347,Douglas Maxwell,2024-12-14,Oncology,23.0,"£11,629.89",
PT-3302,Kevin Wong,2026-09-05,   Pediatrics,21.0,13333.26,
PT-3635,Stephanie Lyons,2025-07-03,Neurology,23.0,1469.63,
PT-9840,Zachary Wallace,2025-08-15,Cardiology,21.0,"£5,740.52",
PT-3590,Joseph Williamson,2024-12-16,Pediatrics,,,
PT-2983,Misty Rowe,2024-12-02,Neurology,22.0,6142.83,
PT-8598,Savannah Greer,2025-12-23,Cardiology,20.0,"$10,036.72",
PT-6542,Daniel Garcia,2025-07-21,Oncology,13.0,1711.68,
PT-4258,Caitlyn Dixon,2024-10-28,Cardiology,1.0,,
PT-9176,Kara Wright MD,2025-06-11,Pediatrics,30.0,13982.85,
PT-2095,   Sharon Thomas,2026-04-07,Cardiology,4.0,14862.69,
PT-1348,   Lori Owens,2025-05-08,Pediatrics,24.0,12749.19,
PT-8588,Justin Mccoy,2026-04-17,Cardiology,8.0,8709.05,
PT-8428,Brent Watkins,2025-04-02,Oncology,7.0,11814.94,
PT-9006,Jose Serrano   ,2026-02-01,Cardiology,30.0,6292.76,
PT-7157,Cory Martin,2024-12-24,Cardiology,12.0,"£12,525.14",
PT-7755,Justin Acosta,2025-12-21,Pediatrics   ,3.0,12935.37,
PT-9952,Daisy Martin,2024-10-22,   Oncology,20.0,6280.12,
PT-7828,James Mejia,2024-09-23,Pediatrics,9.0,"£4,067.71",
PT-8158,Jamie Rodgers,2025-09-20,Oncology,30.0,"$12,686.08",
PT-3930,Matthew Irwin   ,2024-11-04,Oncology,29.0,13267.0,
PT-6608,Keith Cook,2025-09-03,Cardiology,25.0,5733.59,
PT-2732,Dennis Collins,2026-03-18,Oncology   ,6.0,"$13,798.49",
PT-1179,Ernest Johnson,,Neurology,18.0,3051.29,
PT-6774,Stephanie Andrews,2026-06-01,Neurology,16.0,7342.15,
PT-7508,Dana Juarez,2025-05-05,Cardiology,4.0,10993.6,
PT-5492,Heidi Austin,2024-12-14,Neurology,3.0,4530.45,
PT-1627,Megan Jimenez,2025-12-18,Cardiology,11.0,11068.55,
PT-8157,Thomas Farrell,2025-02-09,Oncology,14.0,11481.39,
PT-5032,Richard Smith MD,2026-01-06,,,3764.52,
PT-3084,Dr. Bruce Smith,2025-02-14,Cardiology,13.0,12192.31,
PT-7193,Elizabeth Dickson,2024-12-21,Pediatrics,19.0,8633.25,
PT-3323,Heather Graves,2025-01-15,Pediatrics,30.0,7538.49,
PT-8751,Darlene Perez,,Neurology,18.0,4358.07,
PT-9213,Nathaniel Hoover,2026-04-20,   Neurology,8.0,11522.95,
PT-1085,Michael Edwards,2024-12-06,   Cardiology,14.0,14008.69,
PT-8658,Antonio Moody,2025-11-27,Cardiology,12.0,12798.41,
PT-7161,Mario Higgins,2026-03-15,Cardiology,15.0,1355.96,
PT-4350,Thomas Koch,2024-11-04,Pediatrics,17.0,"$4,876.09",
PT-8401,Jeremy Garner,2026-03-10,Neurology,20.0,$927.00,
PT-4060,Calvin Molina,2025-11-23,Neurology   ,12.0,4306.92,
PT-4702,Megan Banks,2025-12-31,Oncology,2.0,7865.77,
PT-9782,Kimberly Jones,2025-03-25,,30.0,2762.11,
PT-1726,Joe Adams,2026-01-17,Oncology,5.0,2833.81,
PT-8658,Patricia Ross,2025-08-21,Neurology   ,6.0,11403.26,
PT-8281,Jason Wang DVM,2025-07-20,Cardiology,22.0,14545.55,
PT-8496,Stephen Gilbert,2026-08-24,Neurology   ,9.0,2806.04,
PT-5311,,2025-11-20,Pediatrics,3.0,3804.38,
PT-4043,Meredith Wood,2026-02-08,Oncology,9.0,13500.9,
PT-3599,Mary Cook,2025-12-22,Pediatrics,23.0,13933.69,
PT-9109,Andrew Morgan,2026-06-20,Neurology,17.0,"£13,809.44",
PT-2605,Karen Johnson,2026-04-29,Cardiology,23.0,14705.44,
PT-9255,Carl Webb,2025-12-11,,10.0,"£9,542.26",
PT-4933,Tamara Wright,2026-07-16,Neurology,14.0,6328.37,
PT-8080,Arthur Obrien,2025-03-30,Oncology,8.0,13730.81,
PT-3360,Scott Brown,2025-10-23,   Oncology,7.0,"$4,365.53",
PT-5943,Matthew Bowers,2025-06-18,,8.0,1020.61,
PT-8157,   Kendra Moore,2025-02-25,Neurology,4.0,,
PT-9204,Christine Robinson   ,2026-03-18,Oncology,18.0,13283.11,
,Ann Scott,2026-09-02,Neurology,30.0,3654.88,
PT-1620,Rachel Jackson,,Neurology,1.0,,
PT-1504,Ashley Johnson,2025-10-10,Pediatrics,21.0,1643.33,
PT-7230,Tracy Coleman,2025-05-09,Cardiology   ,6.0,9721.09,
PT-8639,Lauren Hall,2026-05-28,Pediatrics,28.0,8390.86,
,William Clark,2025-11-23,Oncology,4.0,3889.62,
PT-8994,Sean Foster,2024-12-13,Neurology,15.0,3138.92,
PT-4142,Ronald Morse,2025-11-18,   Pediatrics,9.0,743.37,
PT-4383,Debra Lopez,2025-06-21,,22.0,4726.2,
PT-5936,   Laurie Key,2025-11-25,Pediatrics,19.0,"$1,153.33",
PT-4799,Tyler Murray,2026-06-04,Neurology,24.0,7698.7,
PT-6841,Marissa Hays,2025-10-31,Oncology,5.0,10545.13,
PT-5898,Keith Cross,2025-04-28,Cardiology,20.0,1340.97,
PT-9568,,2024-11-28,,5.0,14318.18,
PT-2380,Robin Cruz,2025-08-05,Neurology   ,10.0,5586.04,
PT-9441,Dennis Garcia,2024-11-10,Neurology,20.0,"$4,107.89",
PT-1129,Hailey Evans,2025-05-03,Oncology,7.0,,
PT-2979,,,   Oncology,15.0,6199.94,
PT-5658,Michael Freeman,2026-07-15,Cardiology,28.0,"$4,188.26",
PT-3289,Jerry Lawson   ,2025-08-25,Neurology   ,22.0,11504.27,
PT-8686,Phillip Bowman,2025-12-02,Cardiology,,13138.73,
PT-7150,Julie Thompson,2025-10-27,Pediatrics   ,15.0,,
PT-6093,Teresa Cain,2025-04-17,Neurology,30.0,5641.54,
PT-3154,Roger Rios   ,2026-01-10,Pediatrics,23.0,"£1,515.41",
PT-8648,Bethany Hale,2025-03-12,Pediatrics   ,24.0,6138.18,
PT-5452,Carlos Blair,2026-06-13,Oncology,12.0,6024.21,
PT-3784,,2025-11-12,Pediatrics,23.0,7783.78,
PT-7734,Logan Anderson   ,2025-11-20,Pediatrics,3.0,"$10,454.15",
PT-8289,Taylor Rose,2026-01-09,Neurology,4.0,"£4,823.21",
PT-6028,   Kelly Jones,2025-12-02,Oncology,1.0,,
PT-7280,Madeline Terry,2024-11-14,Neurology,11.0,9671.56,
PT-7308,James Liu,,Neurology,12.0,"$5,923.08",
PT-3904,Kendra Jackson,2026-06-26,Cardiology,2.0,9402.5,
,Dylan Cruz,2026-08-29,Oncology,21.0,5478.98,
,Holly Malone,2026-07-27,Oncology,22.0,,
PT-1527,Michael Hanson,2025-07-26,Neurology,23.0,"$12,941.61",
PT-4573,Emily Costa,2026-02-09,Neurology,21.0,10533.52,
PT-8610,Amy Martin   ,2026-02-22,Oncology,24.0,10283.49,
PT-7631,Benjamin Morris,2024-10-07,Oncology,10.0,2890.35,
PT-5411,Jason Marsh,2025-04-07,Pediatrics,25.0,14996.36,
PT-4595,Angela Thompson   ,2025-06-30,Cardiology,4.0,11373.79,
PT-9693,Teresa Allen,2026-07-04,Neurology,,10673.39,
PT-7084,,2024-12-21,Neurology,30.0,12674.51,
PT-5979,   Katrina Lowe,2025-04-28,Oncology   ,26.0,13216.27,
PT-9167,Mrs. Amber Martinez   ,2025-08-05,Pediatrics,19.0,"£1,609.48",
PT-1704,Joseph Myers,2024-09-12,Oncology,10.0,"£10,250.81",
PT-1308,Heather Burgess DDS,2026-07-30,Oncology   ,7.0,"£6,967.64",
PT-7418,Chris Holloway,2026-05-27,   Oncology,17.0,1170.59,
PT-5978,,2024-11-02,Oncology,,"$6,754.99",
,Madeline Davis,2024-11-16,Oncology,15.0,9480.88,
PT-2884,   Roger Gonzalez,2024-11-21,Cardiology,17.0,"$2,101.05",
PT-5829,Lisa Johnson,2026-09-08,Cardiology,3.0,14578.11,
PT-4436,Trevor Hernandez,2025-10-19,Neurology,29.0,11818.24,
PT-3803,Lisa Daugherty,2025-11-29,Neurology   ,14.0,"$7,949.27",
PT-2022,Donna Torres,2026-06-27,Pediatrics,9.0,2958.06,
PT-7070,Shannon Ramirez,2025-10-01,Pediatrics,21.0,4801.13,
PT-7419,Benjamin Gonzalez,2025-09-11,Neurology   ,30.0,4115.16,
PT-2551,Adam Anderson,2026-01-03,Neurology,20.0,10634.28,
PT-5957,Rebecca Castro,2025-08-31,Oncology   ,30.0,,
PT-1333,   Tammy Savage,,   Oncology,25.0,6212.64,
PT-7987,Brandon Snyder,2026-05-06,Neurology,5.0,12432.02,
PT-4461,Javier Andrews,2026-08-08,Cardiology,29.0,2458.98,
PT-9366,Hannah Pope,2025-05-08,Neurology,18.0,"$8,615.62",
PT-1824,Lisa Flores,,Cardiology   ,7.0,13775.78,
PT-7883,Jacob Anderson   ,2026-08-03,Pediatrics,9.0,8137.18,
PT-2147,   Leah Young,2025-07-04,Cardiology,30.0,5342.59,
PT-5027,Alan Shannon,2026-01-31,Neurology,26.0,3867.85,
,Michael Hebert,2026-01-12,Oncology,23.0,"£11,648.95",
PT-9482,Katherine Barton,2024-12-30,Neurology,10.0,,
PT-9954,Joseph Johnson,2025-12-28,Neurology,27.0,10663.62,
PT-8118,Charles Hernandez,2025-09-16,Cardiology,29.0,12215.41,
PT-2584,Martin Caldwell,2025-10-31,Oncology,20.0,14846.78,
PT-5927,Kelly Phillips,2026-07-29,Oncology,12.0,1769.41,
,Nancy Tucker,2026-05-17,Cardiology,15.0,"£8,245.86",
PT-9694,Nicholas Rowland,2025-03-06,,13.0,"£2,904.53",
PT-7671,Christopher Mcdonald,2025-11-21,   Neurology,23.0,13553.71,
PT-8737,Anthony Shaw,2026-08-25,Oncology   ,26.0,,
PT-7492,Leslie Dixon,2025-03-12,Neurology,27.0,2151.74,
PT-1596,   Jason Murphy,2026-07-04,Oncology,19.0,3923.97,
PT-7520,Brian Campbell,2025-10-10,,22.0,1228.84,
PT-8387,Charlene Rogers,2025-06-27,Cardiology,17.0,2668.17,
,Curtis Shields,2024-09-12,Cardiology,21.0,"$13,255.94",
PT-1430,Stephen Rodriguez,2026-06-16,Neurology,4.0,13460.76,
PT-8816,James Ray,2026-07-14,Pediatrics,9.0,4960.04,
PT-4388,Kurt Jefferson,2025-10-17,Cardiology,20.0,7023.34,
PT-8406,,2026-01-31,Neurology   ,21.0,6328.66,
PT-1116,Aaron Farrell,2025-09-17,Pediatrics,12.0,957.14,
PT-4328,Jason Mcdonald,2024-12-09,Neurology,30.0,10605.94,
PT-6279,Curtis Hernandez,2025-10-30,Cardiology   ,6.0,5591.3,
PT-8846,Diamond Burns,2025-08-11,Oncology,23.0,7930.26,
PT-7597,Jennifer Adams   ,2024-12-03,Cardiology,29.0,9088.23,
PT-4354,Matthew Parsons,2025-12-18,Pediatrics,29.0,7029.86,
PT-9832,Annette Cardenas,2025-02-08,Pediatrics,30.0,7164.85,
PT-2702,Ronald Greene,2026-07-20,   Pediatrics,29.0,"$10,882.68",
PT-7343,George Cook,2025-07-21,Pediatrics,20.0,1084.56,
PT-5567,Daniel Richard,2025-04-24,Cardiology,,3166.74,
PT-1568,Justin Williamson,2026-05-22,Neurology,26.0,8423.37,
PT-8461,Mary Anderson,2026-02-26,   Cardiology,25.0,14844.77,
PT-1648,Tiffany Ellis,2026-06-16,Oncology,16.0,13251.82,
PT-7474,,2026-07-29,Oncology,20.0,,
PT-1035,,2025-08-23,Cardiology,29.0,4910.32,
PT-3852,Anna Smith,2025-04-12,Neurology,17.0,7683.77,
PT-4793,Kimberly Richardson,2026-01-25,Cardiology   ,26.0,9000.38,
PT-5771,Mike Williams,2025-08-18,Cardiology,4.0,3157.64,
PT-8815,John Shaw,2025-03-15,Neurology   ,19.0,9438.73,
PT-4712,John Jones,2024-10-26,Oncology   ,25.0,7054.92,
PT-5188,Eddie Hill,2024-10-11,Neurology,4.0,"$4,645.61",
PT-1980,David Walker,2024-09-21,Oncology,10.0,5277.93,
PT-9671,Carla Young,2025-03-01,Neurology,5.0,"£13,020.20",
PT-4006,Diane Bates,2026-07-18,,7.0,11883.7,
PT-1350,   Andrew Perez,2024-11-21,Pediatrics,15.0,12825.61,
PT-6786,Todd Jones,2025-05-08,Oncology,3.0,5078.82,
PT-5876,Mary Olsen,2025-03-31,Cardiology,,"£3,288.19",
PT-7497,Jeffery Johnson,2025-11-22,Pediatrics,8.0,3478.71,
PT-4541,James Richardson,2025-01-02,Pediatrics,7.0,"$1,315.69",
PT-8895,Michael Lynch,2026-01-17,Neurology,18.0,8091.43,
PT-6267,Robin Adams,2025-11-08,Oncology,3.0,13109.46,
PT-7307,Robert Burton,2025-06-03,Neurology,15.0,552.88,
PT-8784,Cody Bray,,Pediatrics,13.0,12732.16,
PT-3046,Adriana Jones,2024-09-24,Neurology,25.0,5386.54,
PT-6561,   Susan Mann,2024-12-23,Oncology,7.0,2476.54,
PT-7166,Kenneth Hood,2026-01-10,Pediatrics,13.0,1519.33,
PT-1644,Tina Gardner,2025-10-11,Pediatrics   ,15.0,3634.28,
PT-5053,Carrie Frederick,2026-02-16,Neurology,23.0,10027.0,
PT-6166,John Davidson,2025-07-05,Cardiology,3.0,3054.46,
PT-8119,Erika Garcia,2025-11-17,Oncology,4.0,,
PT-3989,Jesse Torres,2025-01-10,Oncology,4.0,"£2,079.07",
PT-5709,Raymond Johnson,2025-05-07,Neurology   ,22.0,"$13,536.15",
PT-2691,Shawn Cherry,2025-09-08,,25.0,5597.36,
PT-7307,   Jessica Alvarado,2025-03-25,Pediatrics,4.0,7997.03,
PT-4159,Thomas Myers,2026-06-08,Cardiology,17.0,6582.39,
PT-7334,Katherine Cummings   ,2025-07-08,Cardiology   ,12.0,14952.08,
PT-9798,Vanessa Jacobs,2025-09-09,,28.0,14621.68,
PT-6473,Brian Hall,2024-09-16,Pediatrics,28.0,"$5,016.30",
PT-8375,   Donna Davis,2025-02-16,Cardiology,9.0,2016.76,
PT-9141,Jeffrey Collier,2024-10-30,Oncology,15.0,3945.1,
PT-1921,Anna Wyatt,2026-01-01,Cardiology,11.0,7784.07,
PT-9288,,2025-12-24,Neurology,28.0,6368.0,
,James Evans,2024-09-10,Oncology,6.0,12546.2,
PT-9035,Matthew Evans,2025-12-05,Oncology,18.0,5701.49,
PT-9821,Amy Mills,2025-03-13,Oncology,21.0,11216.36,
PT-8432,Michael Thompson,2024-10-10,Oncology,7.0,"$1,462.70",
PT-8973,Kara Lucas,2025-09-30,Pediatrics,5.0,10237.16,
PT-1962,Anthony Williams,2025-03-19,Cardiology,12.0,"$13,477.84",
PT-4829,Alex Gardner,2024-10-25,,2.0,$790.05,
PT-7479,Jeffrey Fox,2024-09-21,Cardiology,29.0,14807.87,
PT-4253,David Phillips,2026-08-12,Pediatrics,3.0,"£1,192.37",
PT-5687,Christina Gonzalez,2026-04-23,Oncology   ,15.0,5826.1,
PT-4011,   Melissa Thomas,2026-06-09,Pediatrics,24.0,11772.93,
PT-1948,Michelle Chan,2026-06-24,Pediatrics,10.0,"$11,556.22",
PT-1635,Paul Aguilar,2025-10-03,Neurology,3.0,"$3,375.53",
PT-5004,Marie Ray,2025-11-13,Oncology,14.0,3282.1,
PT-6083,Amber George,2025-06-19,Oncology   ,28.0,10182.68,
PT-1208,Andrew Reeves,2025-09-18,   Cardiology,25.0,4556.96,
,Mr. Dennis Sullivan,2025-01-22,Cardiology,18.0,10660.45,
PT-2674,Timothy Hall,2025-05-10,Pediatrics,26.0,2998.48,
PT-8304,Mr. Brett Garcia,2025-05-12,Neurology,,8740.75,
PT-6960,Joseph Morris,2025-07-02,Cardiology,1.0,3666.27,
PT-1525,Melissa Krueger,2025-09-23,Cardiology,3.0,5598.12,
PT-3672,Ronald Warren,2025-11-16,Neurology,,"£6,793.14",
PT-9786,Stacey Lane,2025-08-09,Cardiology,21.0,5375.72,
PT-6762,Adam Smith MD,2024-12-07,Neurology,11.0,,
PT-1086,Paula Weaver,2025-07-01,Pediatrics,21.0,"$11,667.56",
PT-8989,Jean Sherman,2026-07-17,Cardiology,20.0,13803.09,
PT-7992,Susan Wells,2025-02-11,,10.0,3293.0,
PT-1807,Michelle Scott,2026-08-06,Cardiology,30.0,5813.63,
PT-9579,Stephanie Jensen,2026-08-05,Oncology   ,10.0,"$12,982.78",
PT-5872,Todd Bell,2024-09-23,Neurology,16.0,1601.72,
PT-8248,Cheryl Gross,,Neurology,7.0,1386.12,
PT-7952,Thomas Jackson   ,2025-12-03,Cardiology,21.0,11630.01,
PT-5494,Amy King,2024-09-10,Neurology,14.0,7804.19,
PT-1848,   Cory Hall,2025-01-28,Cardiology,9.0,10746.15,
PT-1819,Cameron Davidson,2024-10-20,Pediatrics,11.0,"£1,155.15",
PT-2446,David Watts,2026-06-25,Cardiology,22.0,5031.15,
,James Collins,2024-09-13,Cardiology,12.0,2644.73,
PT-4863,,2025-09-20,Neurology,25.0,10450.23,
PT-5480,Adrian Grant,,Oncology,25.0,6651.62,
PT-3586,John Sparks,2024-12-17,Oncology   ,27.0,5290.55,
PT-5942,David Brown,2026-01-14,Neurology,12.0,14747.08,
PT-5058,Shaun Flores,2026-04-05,Oncology,9.0,5634.78,
PT-1059,Michael Douglas   ,2026-08-08,Cardiology,17.0,"$5,670.89",
PT-5028,Alicia Whitney,2026-03-15,,7.0,800.09,
PT-5143,Emily Irwin,2025-12-05,   Cardiology,4.0,"$10,296.55",
PT-5376,David Reed,2026-04-13,Oncology,7.0,"£5,532.82",
PT-9361,John Ashley,2025-02-18,Neurology   ,17.0,"$9,879.52",
PT-9076,Thomas Smith,2025-06-03,Cardiology   ,9.0,9799.58,
PT-5793,Michelle Taylor,,Pediatrics,21.0,5802.95,
PT-3504,Bryan Tanner,2025-01-01,Oncology,21.0,,
PT-4389,Michelle Robertson,2026-09-05,Oncology   ,20.0,10998.45,
PT-3540,Joshua Washington,2024-11-20,Pediatrics,4.0,6092.29,
PT-3883,Katherine Mclaughlin,2026-04-01,Oncology,11.0,2455.24,
PT-6524,Teresa Navarro,2025-09-30,Oncology,12.0,3315.15,
PT-8919,Robert Zhang,2025-02-18,Pediatrics,21.0,9894.95,
PT-7073,Misty Love,2026-06-03,Oncology   ,6.0,8578.24,
PT-9265,Monica Morton,,Neurology,22.0,8957.73,
PT-4742,Vicki Craig   ,2025-08-07,   Cardiology,26.0,12743.59,
PT-6629,Michelle Fuentes,2026-02-09,Neurology,13.0,14769.69,
PT-9687,Roy Jones,2025-06-05,   Oncology,26.0,,
PT-4239,Crystal Hughes,2025-07-18,Oncology,,11005.64,
PT-1492,Leonard Gregory,2024-11-29,Pediatrics,21.0,13940.93,
PT-9647,Suzanne Schaefer,2026-06-19,Oncology,15.0,"$11,969.43",
PT-8250,   Bryan Lopez,2026-06-07,Oncology,11.0,"£14,835.86",
PT-7296,Michael Garcia,2025-05-08,Oncology,30.0,13547.88,
,Lisa Reyes,2025-02-09,   Neurology,17.0,7340.93,
PT-9324,Robert Hernandez,2025-11-13,Pediatrics,20.0,9555.1,
PT-3273,Glenda Coffey,2026-03-16,Cardiology,16.0,4356.71,
PT-7758,Devin Meyer,,Neurology,15.0,6495.37,
PT-3103,Jaclyn Wong,2026-08-06,,19.0,13213.96,
PT-7488,Melody Wilson DDS,2026-05-15,Pediatrics,16.0,2910.14,
PT-6430,Jason Miller,2025-09-05,Pediatrics,7.0,11627.64,
PT-8057,Samuel Mcclure,2025-03-30,Pediatrics,26.0,"$14,044.94",
PT-6019,Kathy Charles,2025-02-15,Oncology,26.0,14447.94,
PT-2868,   Christine Schwartz,2026-07-20,Pediatrics   ,2.0,566.6,
PT-5375,Amber Morgan   ,2025-07-28,Neurology,26.0,1200.0,
PT-4731,Kristen Johnson,2026-01-30,Pediatrics,23.0,"$5,240.32",
PT-6962,Jennifer Scott,2025-07-08,Cardiology,10.0,13518.22,
PT-4833,Tammy Martin,2025-11-23,Oncology,11.0,"£8,496.32",
PT-3930,Monique Hunt,2025-03-21,Neurology,20.0,14318.71,
PT-3341,   Maria Williams,2025-06-12,Oncology,22.0,,
PT-9909,   Miranda Bennett,2025-08-04,Oncology,,"£9,341.17",
PT-6542,Megan Hicks,2026-03-20,   Neurology,24.0,8650.07,
PT-3959,Julie Barnes,2025-07-31,Pediatrics,30.0,,
PT-3030,   Melissa Sexton MD,2026-04-08,Neurology,24.0,"£4,368.60",
PT-2927,Dr. Sarah Stevenson,,Pediatrics,27.0,14540.68,
PT-7520,Karen Cabrera,2026-05-23,Pediatrics,,5206.39,
PT-7722,Pamela Taylor,,Oncology,11.0,958.29,
PT-5941,   Theresa Foster,2026-08-01,Neurology,9.0,,
PT-4882,Michelle Campbell,2024-09-12,Cardiology,9.0,4136.86,
PT-8770,Stacey Chambers,2025-10-06,Cardiology,30.0,555.81,
PT-3599,Jeremy Lewis,2026-02-03,Cardiology,28.0,13024.92,
PT-2780,Katherine Diaz,2025-05-17,Neurology   ,29.0,7570.87,
PT-2813,Annette Murphy,2025-03-25,Cardiology,,"$7,191.67",
PT-1999,Victoria Pope,2025-10-05,Oncology,25.0,5151.13,
PT-1239,Dillon Barber,2026-05-30,,29.0,"£14,255.17",
PT-5088,Julia Walters,2026-02-20,Cardiology,,8943.51,
PT-9384,Lisa Velazquez,,Cardiology,12.0,7104.73,
PT-7797,Brandon Ingram   ,2026-04-20,   Pediatrics,27.0,"$2,288.46",
PT-3249,Benjamin White,2026-02-12,Cardiology,19.0,12721.09,
PT-8169,Charles Huang   ,2025-09-07,Cardiology,11.0,12245.98,
PT-3382,Abigail Cooper,2024-09-24,Cardiology,15.0,3627.59,
PT-4409,Laura Williams,2026-01-18,Neurology,5.0,"£6,389.34",
PT-4798,Jennifer Harris,,Neurology,25.0,"$12,088.05",
PT-5546,Jennifer Cox,2025-04-15,Neurology,5.0,9801.08,
PT-1198,Mr. Matthew Lozano MD,2025-09-17,Cardiology,18.0,14173.88,
PT-9563,Mr. Shawn Lawrence DDS,2024-12-14,Neurology,12.0,9251.61,
PT-2384,Andrew Ellis,2024-10-30,Cardiology,30.0,14695.32,
PT-3662,Wendy Monroe,2026-05-03,Pediatrics,28.0,5434.53,
PT-6976,Mrs. Laura Powers,2024-10-08,Cardiology,11.0,604.85,
PT-6930,Sara Morales,2025-04-29,Neurology,1.0,3736.79,
PT-6584,Jacob Henderson,2024-10-29,,6.0,11812.87,
PT-7933,David Spencer,2026-07-27,Neurology   ,28.0,4375.57,
PT-2498,Kevin Cooley,2026-02-26,Cardiology,8.0,,
PT-7786,Melissa Dunn,2025-05-28,Oncology,20.0,7747.14,
PT-7328,Curtis Becker,2025-06-14,Cardiology,27.0,13134.34,
PT-4250,Shannon Arnold,2026-02-28,Oncology,28.0,876.44,
PT-9797,,2026-08-26,,2.0,6115.25,
PT-4683,Joanna Phelps,2025-09-08,Cardiology,7.0,1391.24,
,   Patricia Cooper,,Oncology,6.0,2249.61,
PT-6617,Keith Grant,2026-06-15,Cardiology,2.0,9245.35,
PT-9228,Donald Smith,2024-10-20,Oncology   ,6.0,1116.14,
PT-8241,Kelly Allen,2026-04-14,Cardiology,19.0,13387.05,
PT-5490,Elizabeth Taylor,2026-04-14,Cardiology,15.0,10691.41,
PT-2094,Jessica Jones   ,2025-10-08,Pediatrics   ,23.0,2254.06,
,Michael Giles,2025-04-03,   Oncology,7.0,8986.18,
PT-7474,   Donald Burton,2026-06-02,Neurology,21.0,14084.56,
PT-7241,Andres Brown,2026-08-08,Neurology   ,26.0,3631.33,
PT-8714,Kenneth Graham,2026-05-03,,10.0,6029.11,
PT-5735,Michael Wilson,2024-11-23,Cardiology,5.0,"$8,371.97",
PT-8170,   Jonathon Stewart,2026-06-19,Neurology,18.0,5195.8,
PT-8102,Kayla Bell,2025-09-20,Neurology,3.0,11108.12,
PT-2024,Ryan Green,2025-12-09,Pediatrics,10.0,4682.6,
PT-5141,William Herring,2026-05-10,   Cardiology,11.0,1421.54,
PT-4502,Lindsay Taylor,2025-09-09,Neurology,6.0,6551.91,
PT-1614,Lindsey Howard,2026-02-12,,5.0,"£5,250.26",
PT-8572,Evan Smith,2024-12-05,   Neurology,13.0,13746.49,
PT-2007,Alejandro Harris,2024-12-26,Neurology,30.0,2110.95,
PT-2076,Mark Hunter,2026-05-20,Cardiology,12.0,11928.06,
PT-3189,Luis Salas   ,2025-12-04,,26.0,6981.38,
PT-5750,Alexis Robinson,2024-11-02,Oncology,,9003.1,
PT-6201,Jordan Harris,2025-06-06,Cardiology,5.0,10295.45,
PT-8110,Jeffrey Barajas,2026-02-09,Oncology,26.0,"$6,751.44",
PT-9199,Kendra Stephenson,2024-11-28,Neurology,1.0,,
PT-6501,Rachel Mcbride,2026-06-19,Neurology,11.0,"£1,218.61",
PT-4857,Robert Vasquez,2025-04-13,Oncology,22.0,9563.78,
PT-1200,Amber Patel PhD,2026-05-22,Neurology,15.0,14107.33,
PT-1523,Calvin Farrell,2025-09-28,Neurology,15.0,4594.8,
PT-6428,Eric Jackson,2026-01-05,Neurology,25.0,2697.45,
,Brenda Anderson,2025-09-12,Neurology,4.0,,
PT-4768,Lauren Garcia,2026-08-08,Cardiology,28.0,"$9,481.23",
PT-5341,Terry Brown,2026-08-08,Neurology,29.0,4061.46,
PT-6728,Denise Russell,,Neurology,4.0,"£9,019.97",
PT-3340,   Bob Cooper,2026-01-26,Pediatrics,19.0,"£6,369.65",
PT-6298,Angel Guerrero,2026-01-12,Oncology,4.0,4998.85,
PT-2409,Dr. Brandon Adams,2025-10-15,Cardiology,3.0,£661.15,
PT-6311,Mark Santana,2025-08-13,,11.0,4425.6,
PT-3411,Dominique Hernandez,2025-11-25,Cardiology,30.0,5703.39,
PT-4816,   Tabitha Ayala,,Pediatrics,29.0,,
PT-9137,David Fisher,2025-10-12,Pediatrics,12.0,"£8,085.65",
PT-2749,Shane King   ,2026-04-04,Pediatrics,1.0,9178.61,
PT-1636,David Benitez,2026-06-11,Oncology,24.0,10348.15,
PT-8486,William Cooper,2025-08-23,Pediatrics,,3443.7,
,Ashley Merritt   ,2025-04-10,Pediatrics,10.0,11152.65,
PT-8154,Katherine Chen,2025-10-13,Neurology,23.0,11594.0,
PT-7229,Haley Williams,2025-08-13,Cardiology,25.0,2237.12,
PT-3852,   Gregory Suarez,2025-09-27,Pediatrics,1.0,14438.33,
PT-1044,Dr. Sarah Lee,,   Oncology,2.0,2928.86,
PT-8696,Emily Morgan,,Pediatrics,15.0,3630.94,
PT-6147,Anthony Morris,2025-02-23,Neurology,6.0,1953.22,
PT-5272,Brandon Roberson   ,,,30.0,13514.19,
PT-7925,Donna Adams,2026-07-29,Pediatrics,2.0,,
PT-4335,Michael Young IV,2025-11-08,Oncology,4.0,4982.26,
PT-8091,Juan Hull,2025-09-05,Cardiology   ,30.0,12926.09,
PT-7955,Dustin Cortez,2024-09-17,Cardiology,23.0,12618.95,
PT-8071,Ronald Lester,,Pediatrics,27.0,2733.97,
PT-6351,Meredith Dalton,2025-07-31,Neurology   ,27.0,9389.21,
PT-6927,Lisa Sweeney,2026-08-31,Cardiology,10.0,3761.52,
PT-2931,,2026-03-12,,23.0,9941.01,
PT-2926,John Cherry,2026-04-16,Pediatrics   ,13.0,11883.93,
PT-6322,Debbie Williams,2026-08-30,Pediatrics,17.0,12817.83,
PT-2458,Andres Bailey   ,2025-03-24,Cardiology,3.0,5210.35,
PT-2052,Karen Maldonado,2025-07-10,Neurology,24.0,11058.59,
PT-1548,Amanda Cross,2026-08-13,   Oncology,25.0,14715.57,
PT-3693,Emily Castro,2025-01-18,Neurology,8.0,926.25,
PT-6039,Monique Mclean,2025-10-31,Cardiology,4.0,4433.26,
PT-9207,Charles Gonzalez,2026-08-15,,8.0,5703.14,
PT-9551,,2024-10-22,Cardiology,26.0,14749.65,
PT-3316,   Daniel Hurley,2025-09-14,Cardiology,13.0,10461.72,
PT-7317,Christine Ryan,2025-03-27,Pediatrics,9.0,1527.98,
PT-6229,Guy Lopez,2025-01-25,Cardiology,,"£4,652.58",
PT-8549,Harold Alvarez,2025-03-15,Neurology,30.0,"$10,601.75",
,Scott Terry,2024-09-10,Neurology,2.0,6100.62,
PT-4138,Tammy Stokes,2025-05-23,Pediatrics,24.0,3181.16,
PT-4161,Susan Turner,2025-11-10,Pediatrics,6.0,2803.24,
PT-2319,   William Valdez,2026-03-14,Pediatrics,5.0,6381.65,
PT-1544,Mr. James Ortega,2024-09-16,Pediatrics,29.0,13485.96,
PT-5537,Brittany Hill,2025-05-02,Cardiology,20.0,6427.55,
PT-6445,Samuel Sweeney,2026-03-28,Oncology,25.0,8762.98,
PT-2077,Tony Joseph,2025-05-28,Cardiology,22.0,3633.24,
PT-3838,Jessica Silva,2026-04-27,Pediatrics,4.0,9179.15,
PT-6081,Anita Mcdonald,2025-05-28,Pediatrics,12.0,"$5,675.39",
PT-6068,Rebecca Mcknight,2025-05-09,Oncology,26.0,,
PT-7207,Linda Walters   ,2025-10-10,Neurology,30.0,8185.95,
PT-1312,Bridget Castro   ,2024-11-15,Oncology,1.0,2599.97,
PT-2089,Steven Hayes,2025-12-15,,21.0,"$3,904.92",
PT-3208,   Whitney Davis,2026-06-09,Neurology,14.0,5874.9,
PT-4644,Andrew Barr,2026-07-01,Cardiology,8.0,7287.99,
PT-7472,   Tyler Fernandez,2025-10-10,Neurology,6.0,4322.51,
PT-8449,Jeffrey Zavala,2025-01-18,Neurology,18.0,5426.77,
PT-7346,Lori Mendoza,2026-02-12,Cardiology,5.0,"£13,031.61",
PT-4060,Terri Burton,2026-04-10,,26.0,11404.86,
PT-2760,Whitney Jones,2025-12-03,Neurology,21.0,13595.02,
PT-5495,   Kathryn Hernandez,,   Oncology,28.0,13622.96,
PT-3670,Teresa Murphy,2026-04-28,Neurology,20.0,12190.4,
PT-6904,,2026-03-26,Pediatrics   ,5.0,6349.77,
PT-6902,Keith Lee,2025-11-22,Oncology,2.0,12357.67,
PT-4353,Christian Roberson,2025-11-14,Oncology,7.0,3913.88,
PT-2462,   Corey Carpenter,2024-12-14,Pediatrics,1.0,10432.36,
PT-3251,Kelly Ryan,2025-07-03,Cardiology,13.0,13838.47,
PT-4891,Andrew Ruiz,2024-10-19,   Pediatrics,8.0,,
PT-2118,Charles Dunn,2024-09-14,Pediatrics,30.0,12939.02,
PT-7072,   Troy Wright,2025-12-21,Oncology,22.0,11156.05,
PT-9552,Robert Smith   ,2025-04-24,Pediatrics,18.0,8371.1,
PT-2533,Chelsea Jackson,2025-01-12,Pediatrics,2.0,5804.34,
PT-7564,Christine Martinez,2026-04-28,Pediatrics,25.0,3338.46,
PT-1866,Robin Daniels,2024-12-18,Oncology,5.0,11474.94,
PT-6204,Michelle Weeks,2024-10-29,,,8676.3,
PT-4102,David Stevens,2025-02-07,Oncology   ,30.0,5783.11,
PT-1264,Becky Edwards,2026-03-17,Neurology,23.0,,
PT-8304,,2025-04-20,Oncology   ,6.0,3396.29,
PT-5597,Abigail Ingram,2025-10-21,Neurology,23.0,14921.44,
PT-1107,Jesse Caldwell,2025-06-20,Oncology,7.0,2972.62,
PT-3422,Michael Oconnor,2026-02-26,Neurology,28.0,12174.59,
PT-9243,Kevin Wiggins,2025-10-01,Oncology,3.0,8755.9,
PT-8055,Holly Nguyen,2024-10-13,Oncology,22.0,13380.49,
PT-2941,Patricia Jones,2026-07-12,Pediatrics   ,17.0,14487.68,
PT-6556,Russell Garcia,2025-08-16,Pediatrics,30.0,"£3,669.01",
PT-2717,William White,2025-04-01,Pediatrics,29.0,"£7,142.36",
PT-3878,Claudia Lewis   ,2026-08-03,Cardiology,30.0,"£8,728.36",
PT-2319,,2025-12-07,Neurology,20.0,"$12,920.05",
PT-9529,Monica Taylor,2026-07-01,Cardiology   ,28.0,1011.55,
PT-3092,Mary Garcia,2025-05-21,Cardiology,18.0,13901.58,
PT-7507,Jordan Buckley,2026-07-10,Cardiology,2.0,"$13,409.18",
PT-9366,Christian White,2025-08-07,Neurology,6.0,4227.49,
PT-5095,Jessica Todd,2026-07-26,Oncology,27.0,4634.18,
PT-7399,Dr. John Stewart Jr.   ,2025-11-06,,3.0,4394.92,
PT-9293,Norman Daniels,2025-12-23,Neurology,13.0,5629.1,
PT-3817,Robert Morris,2025-12-31,,27.0,3879.99,
PT-1763,Frank Henderson,2026-08-19,Pediatrics,19.0,"$2,156.82",
,Sara Garza   ,2025-03-02,Oncology,29.0,1524.47,
PT-9788,Tami Green,2025-04-18,Cardiology   ,21.0,4407.71,
PT-9791,   Dominique Cox,2025-06-28,,26.0,14827.86,
,Jessica Reid   ,2026-01-08,Cardiology,1.0,10314.48,
PT-1736,Emily Wu,2026-03-20,Oncology,11.0,8372.79,
PT-8983,Kelly Brooks   ,2026-06-15,Cardiology,5.0,9370.26,
PT-1086,Joseph Patterson,2025-02-19,Cardiology,6.0,2483.81,
PT-3096,Sarah Warren,2025-10-08,Pediatrics,,11308.94,
PT-8637,Mary Nguyen,2026-02-24,Pediatrics,19.0,7346.74,
PT-2266,Michael Miller,2026-02-22,Pediatrics,13.0,5821.47,
PT-5374,Jasmine Snyder,2026-02-18,Oncology,28.0,4793.61,
PT-1549,Jessica Nguyen,2025-12-04,Cardiology,,2404.09,
PT-3738,Alexa Harris,2026-05-31,Pediatrics,1.0,8763.31,
PT-7914,Tyler Travis,2025-08-30,Oncology,3.0,"£12,563.56",
PT-9717,,2025-11-18,Pediatrics   ,20.0,"£3,877.59",
PT-8287,Amanda Sutton,2025-05-01,Oncology,18.0,3241.56,
PT-4520,Michael Wood,2025-11-04,Pediatrics,17.0,"$9,818.90",
PT-5435,Daniel Sanchez,2025-11-21,   Neurology,,5915.92,
PT-4029,Veronica Dixon,2025-09-14,,7.0,887.46,
PT-9579,William Mcclain,2026-04-04,Oncology   ,29.0,3438.85,
PT-1831,Lawrence Martinez,2024-12-05,Oncology,17.0,2206.66,
PT-5143,Glenn Young,2025-12-07,Pediatrics,3.0,5165.88,
PT-8396,Phillip Walsh,2024-10-15,Cardiology,17.0,10194.26,
PT-4359,Ethan Hodge   ,2026-03-26,Cardiology,23.0,3236.61,
,Rebecca Gonzalez,,Neurology,20.0,11907.95,
PT-1636,Brittney Colon,2025-12-20,Cardiology,18.0,14618.98,
PT-6795,Eric Manning,2024-10-03,   Cardiology,27.0,10465.66,
PT-3461,Kenneth Jackson,2025-10-31,Oncology,11.0,1406.48,
PT-4135,Justin Lyons,2025-02-03,Cardiology,24.0,3059.94,
PT-7480,Cameron Hill,2025-07-31,Cardiology,14.0,"£14,442.45",
,,2025-11-13,   Cardiology,13.0,4428.23,
PT-9185,Madison Cantu,2025-06-10,Pediatrics,1.0,10611.74,
PT-7833,Tracy Maddox,,Pediatrics,6.0,12800.61,
PT-6486,Michael Hughes,2026-03-02,,17.0,,
PT-5163,Kyle Atkins,2025-08-29,Pediatrics,8.0,11734.8,
PT-6844,Teresa Johnson,2026-03-07,Oncology,26.0,1549.5,
PT-9145,Sharon Miller,2026-05-06,Neurology,16.0,14464.52,
PT-4699,Christopher Jimenez,2024-09-17,Pediatrics,,9887.53,
PT-4624,Jonathan Cook,2025-07-29,   Oncology,28.0,11689.06,
PT-3726,Tonya Castaneda,2026-04-09,Pediatrics,19.0,14099.58,
PT-1328,Katherine Williams,2025-11-29,Pediatrics,12.0,3847.06,
PT-2515,Christina Decker   ,2025-02-27,Oncology,30.0,12599.34,
PT-1315,Marie Davis,2025-12-13,,28.0,13369.45,
PT-1177,Stanley Sanchez,2025-12-23,Oncology,29.0,5833.44,
PT-5014,William Freeman,2026-06-02,Neurology,23.0,"£6,826.24",
PT-5843,Sarah Burns   ,2025-05-23,Cardiology,,8921.31,
PT-8952,Daniel Cole,2025-01-11,Neurology,22.0,2981.79,
PT-3246,Paul Clayton,2025-01-24,Pediatrics,4.0,"£3,440.90",
PT-1067,Theresa Bennett,2026-08-17,Cardiology,9.0,4808.79,
PT-4236,Jonathan Murphy   ,2026-03-21,Oncology,6.0,1946.58,
PT-6753,Brett Hurley,2025-03-29,   Oncology,13.0,"£5,712.62",
PT-1815,John Todd,2024-11-13,Oncology   ,12.0,7898.95,
PT-7084,Brian Hall,2026-03-06,Oncology,9.0,12224.28,
PT-4218,Ronald Abbott,2025-02-18,Oncology,30.0,3046.83,
PT-8448,Angel Lane,2025-07-01,Oncology   ,22.0,7629.07,
PT-9512,Timothy Jackson,2026-07-10,Pediatrics   ,3.0,12031.17,
PT-2514,Emma Martin,2025-08-29,Neurology,30.0,1231.96,
PT-5076,   Cindy Lane,2026-07-06,Pediatrics,29.0,10069.9,
PT-1006,Brandon Lee,2026-01-12,Pediatrics,2.0,7684.47,
PT-2742,Robert Mccarthy Jr.,2025-04-28,Cardiology,27.0,14451.18,
PT-3163,Lisa Jones,2024-11-20,Cardiology,16.0,13479.16,
PT-7783,Gerald Sloan,2026-09-07,Pediatrics,14.0,,
PT-5991,Joseph Little,,Neurology,9.0,1746.12,
PT-3383,Patrick Brown,2024-10-18,Oncology,16.0,"$12,432.78",
PT-6277,Thomas Williams,2025-07-29,Oncology,27.0,3538.7,
PT-6612,Ashley Hoover,2026-06-15,Pediatrics,1.0,11491.37,
PT-7003,Jacob Glass,2026-08-17,Oncology,17.0,12753.25,
PT-5635,Jasmine Schwartz,2024-09-25,Pediatrics,21.0,14597.1,
PT-9607,Dana Bowen,2026-08-17,,7.0,10521.82,
PT-5828,Tracy Olson,2024-10-19,Cardiology,,14106.01,
PT-3343,   Patrick Chan,2026-08-17,Oncology,14.0,12862.44,
PT-8852,Kim Wilson,2026-05-13,Pediatrics,,2289.26,
PT-7827,Jeffrey Watkins,2026-03-03,Oncology,7.0,4320.26,
PT-4003,Dwayne Mcdonald,2025-06-10,Oncology,23.0,13491.91,
PT-9977,Steven Donaldson,2024-12-18,Oncology,6.0,2361.71,
PT-3824,Hannah Ayala,,Neurology,14.0,2834.36,
,Nicole Lee,2026-07-01,Pediatrics,23.0,12007.63,
PT-4891,Jesus Ferguson,2026-07-17,Oncology,23.0,9703.25,
PT-6614,Gregory Weeks   ,2025-06-30,Oncology,,8655.44,
PT-4468,Allison Moore,2026-07-06,Oncology,16.0,12763.51,
PT-9439,Timothy Frank,2025-08-12,Oncology,4.0,"$13,349.80",
PT-8224,George Ross,2024-10-14,Oncology,22.0,"$11,024.85",
PT-8436,Ryan Cross,2024-10-01,,7.0,9120.41,
PT-9704,   Mikayla Cook,2026-07-02,Oncology,9.0,12831.45,
PT-6102,Amber Anderson,2026-07-06,Pediatrics   ,12.0,1613.37,
PT-4034,Jeremy Ramirez,2026-03-19,Neurology,24.0,2916.45,
PT-4008,Aaron Mendoza,2025-11-30,   Oncology,7.0,13024.77,
PT-9026,Mr. Eddie Wallace,2026-04-15,Neurology,9.0,7356.62,
,Donna Perez DDS,2025-10-03,Pediatrics,15.0,14813.4,
PT-1892,   Richard West,2025-05-26,Pediatrics,,"$7,194.86",
PT-6026,Christopher Jones,2025-03-18,Neurology,7.0,9090.1,
,Amber Farmer   ,2026-04-22,Neurology,15.0,1401.22,
,Jose Flynn,2025-09-28,Pediatrics,27.0,12885.94,
PT-1821,Shane Lucas,2025-01-15,Pediatrics,18.0,3264.61,
PT-4625,Jay Schneider,,Oncology,16.0,"£11,231.34",
PT-6311,Kristi Santiago,2024-12-28,Pediatrics,14.0,13660.63,
PT-7208,Kimberly Meyer,2024-12-05,Pediatrics,29.0,7156.61,
PT-5296,Tiffany Soto,2025-05-15,Pediatrics   ,28.0,1032.14,
PT-6377,Charles Hill,2026-07-12,Neurology,14.0,,
PT-1264,Patrick Patton,2025-01-27,Neurology   ,,3106.96,
PT-4751,Sandra Mendoza,2026-07-27,Neurology,29.0,4777.41,
PT-4222,Amanda Ruiz,2025-09-05,Cardiology,,"£3,286.67",
PT-2709,Vanessa Singh,2025-07-23,Neurology,21.0,11023.32,
PT-7165,Caitlin Romero,2026-01-31,Pediatrics,13.0,8485.89,
PT-7169,Dr. William Clayton,2025-08-15,Oncology,30.0,"$11,660.70",
PT-9273,John Schroeder,2026-08-25,Cardiology,9.0,11870.21,
PT-9397,Alan Smith,2026-04-18,Pediatrics   ,23.0,10222.52,
PT-7586,Holly Watson,2026-06-19,Neurology,19.0,"£7,137.25",
PT-6932,Jared Baker,2025-04-01,Pediatrics,20.0,8400.45,
PT-7112,Jessica Jones,2026-03-04,Pediatrics,5.0,13402.77,
PT-4053,,2024-09-17,Cardiology,26.0,13670.58,
PT-5292,Victoria Robbins,2024-12-07,Pediatrics,20.0,"$6,031.38",
PT-7405,,2025-11-28,Cardiology,13.0,9235.31,
PT-4179,   Elizabeth Gomez,2025-02-16,Neurology,21.0,5810.53,
PT-8068,William Griffith,2024-11-10,Neurology,29.0,6655.64,
PT-8960,Jamie Wells,2025-12-03,Neurology   ,19.0,8415.7,
PT-2991,,2025-11-02,Oncology,15.0,"$10,444.65",
PT-6156,Steven Arias,2026-05-17,Pediatrics,25.0,6934.86,
PT-9853,   Juan Huber,2026-01-23,Cardiology,13.0,14600.44,
PT-7252,Trevor Armstrong,2025-06-13,Pediatrics,13.0,13649.5,
PT-6794,Jacqueline Avila,2025-06-12,Pediatrics,,9576.01,
PT-4860,Ryan Wu,2026-06-03,,3.0,7986.89,
PT-2976,Amanda Herrera   ,2026-08-05,Pediatrics,7.0,12381.2,
PT-4087,Kenneth Bennett,2025-09-08,   Oncology,4.0,4867.37,
PT-5683,Lisa Nelson,2026-04-06,Cardiology,26.0,,
PT-6685,   Ryan Garcia,2025-08-13,Neurology,18.0,1638.82,
PT-1903,Ryan Villa,2026-01-28,Oncology,25.0,6182.56,
PT-4179,Matthew Montes,2026-05-29,Neurology   ,15.0,14954.27,
PT-6447,Christopher Frazier,2024-11-13,Pediatrics,6.0,,
PT-9571,Stacey Clayton   ,2025-06-19,Cardiology,3.0,$725.93,
PT-4732,Jessica Smith   ,2026-01-21,Oncology,30.0,5603.99,
PT-1977,,2026-06-14,Cardiology,26.0,"£12,462.73",
PT-3136,Jonathan Atkins,2025-10-30,Pediatrics,6.0,11912.91,
PT-5642,Lisa Reed,2024-11-07,Pediatrics,29.0,4151.13,
PT-2484,   Andrew Perez,2026-04-01,Oncology,24.0,10907.47,
PT-5979,Cindy Gill,2026-03-16,Pediatrics,15.0,10278.2,
PT-9733,Thomas Fry,2025-07-16,Pediatrics,25.0,2148.02,
PT-6493,Christian Lopez,2025-04-22,Oncology   ,26.0,"£3,651.64",
PT-3478,   Anthony Hamilton,2025-05-02,Neurology,25.0,4761.47,
PT-6955,Amber Moore,2025-10-10,Cardiology,10.0,14000.5,
PT-4049,Cody Hurley,2026-04-30,Cardiology   ,8.0,14670.47,
PT-9019,Christina Levine,2025-07-05,Pediatrics,16.0,4839.81,
PT-6913,Kevin Bray,2026-02-07,   Oncology,,8261.55,
PT-3945,   Brian Clark,2026-04-02,Pediatrics,14.0,2553.08,
PT-9067,Lori Williams,2026-07-11,Oncology,17.0,14847.35,
PT-6364,Abigail Kim,2025-07-10,Pediatrics,21.0,"$5,879.53",
PT-8725,Paul Rodriguez,2026-02-02,Oncology,18.0,14649.26,
PT-6525,Lori Nielsen,,Pediatrics,29.0,9744.76,
PT-5403,Leslie Ortiz,2025-04-28,Pediatrics,15.0,"$2,297.11",
PT-8012,Daniel Morton,2026-07-30,Cardiology,11.0,9639.87,
PT-1928,Linda Lee,2024-09-11,Pediatrics,,14334.56,
PT-6033,Robert Munoz,2024-10-14,Cardiology,7.0,3894.69,
PT-3060,Jonathon Martinez,2024-10-28,Oncology,20.0,4785.44,
PT-9551,Jasmine Nelson,2026-04-18,Pediatrics   ,21.0,13327.83,
PT-7662,Donna Chambers,2026-06-24,   Oncology,5.0,10617.81,
PT-4386,David Zimmerman,2025-08-20,Neurology,29.0,3032.3,
PT-2758,Jessica Johnson,2025-05-19,Pediatrics,11.0,11533.98,
PT-2704,Shannon Cox,2025-12-26,Neurology,26.0,5001.87,
PT-9122,Steven Jenkins,2025-10-18,Pediatrics,5.0,6984.5,
PT-9748,Anna Murphy,2024-12-30,Oncology,12.0,7195.61,
PT-5644,,2024-10-03,Neurology,30.0,4931.55,
PT-1852,Deanna James,2026-08-18,Oncology,17.0,14353.73,
PT-6137,,2024-12-14,Cardiology,11.0,7842.02,
PT-5568,Karen Smith,2026-01-30,   Pediatrics,21.0,1356.47,
PT-7929,Tracy Mcdonald,,Oncology,2.0,14858.9,
PT-1363,Anthony Patel,2024-12-14,Cardiology,6.0,12974.84,
PT-5299,Melanie Maddox,2025-03-08,,26.0,12986.36,
PT-8486,   Russell Tanner,2024-10-31,Pediatrics,12.0,3382.58,
PT-7612,Luke Perez Jr.   ,2025-03-11,Neurology   ,6.0,13907.01,
PT-7405,Megan Turner,2025-09-27,Neurology,8.0,8875.79,
PT-5808,Amanda Jefferson,2024-11-01,Oncology,19.0,14148.59,
PT-2517,Diana Brown,2026-06-10,Pediatrics   ,19.0,14914.64,
PT-3625,James Richardson,2025-12-07,Neurology,7.0,"$10,788.02",
PT-6577,John Santos,2026-01-09,Oncology,19.0,4566.76,
PT-1948,Matthew Mcdonald,2026-05-12,Oncology,4.0,10224.2,
PT-7318,Casey Miller,2026-01-11,Cardiology,27.0,10273.3,
PT-2849,   Amanda Luna,2026-08-31,Oncology,16.0,5386.5,
,Julie Mitchell,2026-05-28,Pediatrics,10.0,8393.95,
PT-7008,Sean Gill,2025-05-08,Neurology,7.0,13613.74,
PT-7443,Kevin Kelly,2026-08-09,Cardiology,20.0,8270.3,
PT-8480,Stephanie Kim,2025-01-23,Pediatrics,23.0,3511.4,
PT-6523,Miguel Howell,2026-07-18,Cardiology,16.0,2896.33,
PT-6394,Terry Durham,2025-06-08,Cardiology,30.0,8899.15,
PT-7985,David Saunders   ,2025-12-04,Oncology,13.0,14620.75,
PT-1350,Joshua Johnson,2025-06-29,Neurology,17.0,"£8,711.52",
PT-2999,Brian Walker,2025-05-18,Oncology,20.0,13652.49,
PT-5329,Jeremy Chambers,2025-01-29,Oncology,23.0,"$10,029.20",
PT-9139,Aaron Martin,2025-07-11,Neurology   ,17.0,6998.31,
PT-4274,Maria Thompson,2026-02-08,Pediatrics,22.0,9648.32,
PT-4049,Cole Campos,2025-01-29,Cardiology,13.0,11095.27,
PT-3218,Edward Davis,2025-12-18,Pediatrics,30.0,746.36,
,Carlos Smith,2025-06-21,Cardiology,18.0,13753.04,
PT-4928,Jennifer Bradley,2026-01-26,   Oncology,17.0,"$12,056.99",
PT-7357,Ann Ruiz,2024-11-15,Neurology,26.0,2431.65,
PT-7494,Michael Ortega,2025-10-27,Cardiology,24.0,13236.72,
,Douglas Henry,2026-07-03,Neurology,9.0,7792.4,
PT-1916,,2025-03-04,Cardiology,7.0,,
PT-2327,Charles Erickson,2025-01-21,Cardiology,22.0,4343.76,
PT-6081,Jason Ramirez,2026-08-04,Neurology,,"$5,778.05",
PT-3326,April Stout,2025-06-27,Oncology   ,24.0,"£11,485.74",
PT-8740,Roger Barnes,2025-10-06,Cardiology,8.0,,
PT-2735,Casey Edwards,2025-05-28,Cardiology,20.0,11297.82,
PT-2825,Lisa Combs,2026-08-26,Pediatrics,3.0,8766.26,
PT-6486,William Ryan,2026-04-24,Pediatrics,15.0,14723.78,
PT-1121,Aaron Smith,2026-02-03,Oncology,8.0,882.68,
PT-9776,Lisa Bell,2024-10-05,Cardiology,1.0,6284.03,
PT-1513,Brandon Watson,2026-07-09,,18.0,"£11,383.06",
PT-2083,Charles Morrison   ,2024-12-04,   Oncology,16.0,"$1,254.97",
PT-6282,Spencer Zhang,2026-03-22,   Oncology,21.0,"£2,350.89",
PT-6602,Laura Taylor,2025-08-20,Pediatrics,30.0,3517.01,
PT-1548,Patrick Reynolds,2025-11-06,Oncology   ,19.0,6020.48,
PT-4113,   Kyle George,,Oncology,18.0,1217.14,
PT-8781,Daniel Jones,2025-03-08,Cardiology,26.0,12854.21,
PT-7004,Regina Benjamin,2025-06-23,Oncology,24.0,4929.86,
PT-4917,Jill Washington   ,2026-08-12,Pediatrics,17.0,5307.32,
PT-4185,Patrick Russell,,Pediatrics,29.0,"$13,137.48",
PT-5335,Renee Shaffer,2024-12-04,Neurology,,10196.55,
PT-9223,Devin Montoya,2026-01-30,Pediatrics,9.0,12202.48,
PT-4460,Heather Stone,2025-07-05,Neurology,9.0,"£6,405.60",
PT-1270,Jordan Martinez,2026-02-10,Neurology,18.0,£641.26,
PT-3619,Tammy Stark,2026-03-29,Pediatrics,29.0,2043.7,
PT-7650,Charles Green,2024-09-12,,27.0,13226.02,
PT-7026,Carrie Farley   ,2025-03-12,Oncology,14.0,6867.62,
PT-5978,Spencer Jones,2024-10-29,Pediatrics,15.0,5168.34,
PT-9503,Courtney Reeves,2025-06-24,Neurology   ,2.0,3873.99,
PT-1711,Jennifer Phillips,2026-04-28,Cardiology   ,20.0,"£10,800.26",
PT-1373,Jeremy Frost,2025-08-27,Oncology,19.0,6890.45,
PT-8642,Joseph Williams,2026-05-03,Cardiology,5.0,5124.0,
PT-9572,Heather Tucker,2025-11-25,Neurology,13.0,,
PT-3753,   Mary Lam,2025-01-01,Oncology,29.0,11742.01,
PT-4546,Mark Hoover,2025-09-07,Neurology,15.0,9510.02,
PT-6384,Miguel Nolan,2025-10-28,Cardiology,8.0,3614.05,
PT-8859,Maria Parrish,2025-04-25,Pediatrics,9.0,"£2,526.66",
PT-9922,Ryan Walker,2025-09-23,Neurology,26.0,"$4,951.79",
PT-1941,Robert Dunn,2025-07-20,Cardiology,28.0,6611.24,
PT-1918,Alexander Fernandez,2025-10-16,Neurology,6.0,"£1,715.70",
PT-7735,Wayne Matthews,2026-05-01,Neurology,30.0,14233.15,
,   Kevin Bradley,,Cardiology,4.0,8341.55,
PT-6532,Laura Mckee,2025-04-27,   Pediatrics,,8539.71,
PT-7212,Anna Mack,2026-01-06,Neurology   ,16.0,9424.37,
PT-6503,James Johnson,2025-07-19,Pediatrics   ,9.0,"£9,666.15",
,Sara Barnes,2025-10-06,Neurology,27.0,7099.03,
PT-2249,Arthur Flores,2026-06-14,Pediatrics,26.0,4755.72,
PT-8580,Lauren Davis,2024-10-25,Pediatrics,18.0,6256.33,
PT-8818,Steven Schmitt,2025-12-15,Neurology   ,,"£3,233.42",
PT-4450,David Mosley,,Oncology,27.0,"$2,403.33",
PT-1853,Katherine Mccarthy,2025-09-10,Cardiology,7.0,6047.2,
PT-2837,Kathleen Walker,2025-05-31,Oncology,15.0,3289.34,
PT-6954,Lee Smith,2025-07-08,   Neurology,1.0,14373.15,
PT-8345,Elijah Brooks MD   ,2026-08-09,Oncology,14.0,1083.7,
PT-7357,   Grant Silva,2024-10-20,Cardiology,5.0,14425.89,
PT-7360,Daniel Woods,2026-01-26,Cardiology,24.0,10283.38,
PT-8031,Mikayla Munoz,2026-03-04,Neurology,10.0,6263.24,
PT-5297,Stephanie Williams,2026-08-20,Neurology,27.0,"$10,868.14",
PT-3585,Jeffrey Garrison,2025-09-12,Oncology,2.0,"£9,706.99",
PT-2508,Eric Oconnor,2026-08-17,Pediatrics,,5782.45,
PT-6990,Stephen Walter,2025-03-12,Cardiology,9.0,,
PT-3854,Jennifer Kelly,2026-02-28,Neurology,,3270.15,
PT-4448,Robert Wright,2025-01-17,Oncology,20.0,3015.99,
PT-6066,Kristina Powell,2026-04-28,Pediatrics,29.0,1569.75,
PT-4562,Bryan Clements,2026-03-19,Pediatrics   ,6.0,10840.26,
PT-8673,Katelyn Ramirez,2025-04-14,Cardiology   ,14.0,"£11,835.96",
PT-6430,Gregory Moody,2025-08-05,Oncology,,11860.8,
PT-9729,Sharon Campbell   ,2026-06-16,Pediatrics,28.0,13927.75,
PT-2279,Andrew Torres MD,2025-04-12,Oncology,25.0,13886.13,
PT-2078,James Barton,2026-08-19,Oncology,22.0,14634.2,
PT-4189,Sabrina Bauer,2026-06-19,Pediatrics,24.0,7116.14,
PT-4139,Catherine Morrison,2026-03-26,Neurology,5.0,,
PT-5123,Alexander Schultz,2026-03-03,Pediatrics,21.0,7255.63,
PT-4553,,2025-05-31,Oncology,13.0,"£8,548.60",
PT-7719,   Clinton Castillo,2024-09-22,Oncology,1.0,9727.96,
PT-9712,Zoe Sharp,2025-03-06,,24.0,8647.06,
,William Taylor,2025-11-16,Pediatrics,,13657.48,
PT-3014,Melissa Curtis,2025-04-02,Pediatrics,26.0,2635.13,
PT-6474,   Dylan Thompson,2025-10-01,Cardiology,30.0,7033.28,
PT-8575,,2025-03-28,Neurology   ,3.0,10757.55,
PT-9270,Emily Young,2025-08-31,Oncology,26.0,,
PT-7121,Debbie Davis MD   ,2025-11-27,   Cardiology,23.0,5685.89,
PT-3025,Melissa Blake,2025-06-19,Cardiology,22.0,"$8,534.74",
PT-8634,Renee Brown,2024-12-29,Neurology,14.0,12369.24,
PT-4359,Adam Armstrong   ,2025-09-15,Cardiology,4.0,"$13,514.68",
PT-7391,   Monica Mejia,,Neurology,3.0,8105.28,
PT-9253,   Victoria Harmon,2026-03-30,   Pediatrics,12.0,1943.92,
PT-6901,Patricia Reyes,2025-11-19,Pediatrics,19.0,"£13,308.79",
PT-1711,Kyle Ramos Jr.,2026-05-18,Cardiology,9.0,"$12,611.18",
PT-4272,Amber Atkinson,2026-03-16,,27.0,12494.62,
PT-1401,Anna Simmons,2025-07-23,Oncology,,"$12,282.95",
PT-9978,   Brian Sanders,2025-03-13,Neurology,26.0,12751.5,
PT-3506,Zachary Ayala,2025-04-06,Neurology,8.0,"$8,274.19",
PT-4944,Eric Taylor,2025-05-26,Neurology,12.0,5968.81,
PT-1243,Dr. Jared Gonzalez,2026-01-31,Cardiology   ,26.0,4814.37,
,Ryan Singh,2025-01-12,Neurology   ,10.0,,
PT-6151,Jennifer Melendez,,Cardiology,2.0,5204.57,
PT-7697,Jermaine Hart,2026-03-07,Cardiology,13.0,"£14,526.57",
PT-7354,Jennifer Williams,2026-06-09,Oncology,9.0,"£11,934.04",
PT-8175,Jamie Delgado,2025-10-18,Cardiology,15.0,$848.59,
PT-1685,Derek Serrano,2025-09-17,Cardiology,20.0,5396.28,
PT-5006,William Rodriguez,2026-07-21,Oncology,5.0,2587.11,
,Teresa Watts,2025-03-15,Cardiology,4.0,"£3,815.11",
PT-6913,Cody Davenport,2025-09-01,Pediatrics   ,4.0,7749.8,
PT-2501,Mark Green,2025-06-07,Neurology,2.0,5869.11,
PT-2694,Margaret Glass,2026-08-30,Cardiology,14.0,5629.44,
PT-4461,Ann Perez MD,2026-07-18,Oncology,29.0,12163.29,
PT-5013,Jessica Carson,2024-11-16,Pediatrics,9.0,1109.51,
PT-2337,Katherine Sims,2025-01-14,,16.0,9262.57,
PT-9951,Erica Jackson,2025-11-02,Oncology,22.0,5310.02,
PT-1856,Andrew Schultz,2024-10-27,   Neurology,19.0,11259.22,
PT-5064,Ryan Garcia,2026-07-27,,24.0,14907.84,
PT-2345,,2025-09-02,Cardiology,14.0,"£8,604.66",
PT-6404,Derrick Nelson,2024-11-10,Pediatrics,,"£1,788.09",
PT-2502,David Watts,2024-10-12,Neurology,24.0,8449.29,
PT-1378,Patricia Olson,2026-07-27,Oncology,5.0,13698.76,
PT-1836,Sarah Thomas,2026-05-25,Pediatrics,17.0,8736.81,
PT-2147,Damon Martin,2024-10-06,Pediatrics,20.0,2438.8,
PT-7735,Amy Johnson   ,2025-11-04,Pediatrics,30.0,"£2,886.85",
PT-5286,Dakota Skinner MD,2026-01-02,Oncology,3.0,7004.94,
PT-3536,Carolyn Jarvis,2024-11-19,Cardiology,25.0,13178.91,
PT-6693,Jerry Fisher,2026-02-12,   Neurology,18.0,7369.29,
PT-8110,Amber Pope,2026-03-15,Neurology,,9507.24,
PT-5577,James Horn,2025-02-28,   Cardiology,26.0,11124.4,
PT-3095,Timothy Thomas,2025-10-17,Cardiology,20.0,3141.93,
PT-6099,Edward Acevedo,2025-12-14,Pediatrics,25.0,12055.28,
PT-8530,   Christopher Williamson,,Oncology,23.0,13306.34,
PT-9317,   Belinda Greene,2025-08-01,Oncology,20.0,"£8,079.89",
PT-1689,Christopher Rogers,2025-08-05,Pediatrics,14.0,13530.0,
,Eric Wright,2025-08-23,Cardiology,1.0,3753.75,
PT-1584,   Alexis Waters,2025-11-20,Pediatrics,26.0,"£13,995.64",
PT-5825,Crystal Martin,2026-07-27,Oncology,21.0,,
PT-7726,Brian Brown,2025-08-06,Cardiology,27.0,3434.49,
PT-9758,Jennifer Butler,2025-10-29,Neurology,26.0,3140.15,
PT-3760,Angela Norris,2025-11-12,Pediatrics,,3355.98,
PT-4461,Kevin Long,2025-11-09,Cardiology,27.0,8982.88,
PT-8650,Dr. Danielle Brown,2026-06-07,Neurology,4.0,1661.68,
PT-9930,,2026-08-05,Pediatrics,6.0,13086.34,
PT-9769,Meredith Mendez,2025-01-06,Oncology   ,30.0,3462.69,
PT-4230,Sarah Solomon,2026-01-01,Cardiology,11.0,4612.83,
PT-6425,John Allen,2026-06-19,Cardiology,7.0,3137.75,
PT-6222,Wesley Giles,2025-07-29,Pediatrics,15.0,9029.52,
PT-8131,,2026-05-21,Neurology,7.0,1124.57,
PT-6349,Michele Vance,2025-05-13,Oncology,18.0,"$6,759.41",
PT-4651,Nancy Armstrong,2025-11-25,Oncology,21.0,"$7,413.29",
PT-9186,Tiffany Erickson,2025-10-01,Cardiology,11.0,12897.45,
PT-5330,Bradley Harrison,2026-06-26,Oncology,15.0,"£9,529.00",
PT-3873,Bryan Roth,2025-01-16,Oncology,10.0,13527.63,
PT-1331,Jennifer Suarez,2026-08-27,Cardiology,26.0,7896.32,
PT-3130,Brianna Raymond,2025-11-01,Cardiology,21.0,10391.9,
PT-5427,Pamela Hamilton,2026-08-17,Oncology,19.0,6786.33,
PT-3565,Michelle Burton,2026-06-29,   Neurology,1.0,5363.15,
PT-6764,   Marcus Cummings,2026-03-25,Oncology,26.0,"$8,749.62",
PT-8166,,2024-11-15,Pediatrics,4.0,11593.09,
,Sarah Sullivan,2025-09-12,Cardiology,1.0,609.69,
PT-4814,Matthew Ramirez,2025-05-02,Neurology,12.0,7376.53,
PT-8321,Kim Ramsey PhD,2026-03-12,,19.0,13335.6,
PT-2738,Michael Powell,2024-09-20,Pediatrics,3.0,14674.14,
PT-2054,   Amy Thompson,2026-02-15,Oncology,29.0,6652.71,
PT-8725,Brandon Watkins,2026-07-16,,12.0,14845.4,
PT-3231,James Ferguson,2026-04-15,Neurology,27.0,"$13,919.62",
PT-9965,Jordan Walters,,Neurology,2.0,7477.92,
PT-7994,Timothy Goodman,2025-12-23,Cardiology,23.0,"£11,983.20",
PT-4191,   Melissa Johnson,2025-12-20,Cardiology,9.0,6089.13,
PT-9416,Emily Barnes,2024-11-26,Neurology,28.0,7805.72,
PT-1373,Kaitlyn Roberts,2025-09-05,Neurology,25.0,7203.2,
PT-2680,Andrea Clark,2025-07-13,Neurology,27.0,7116.79,
PT-4932,Craig Sullivan,2026-01-23,,17.0,4131.5,
PT-6691,Rodney Brown,2026-08-14,Pediatrics,13.0,6185.64,
PT-1068,Brad Lopez,2025-03-30,Cardiology,3.0,14901.61,
,George Mcdonald,2025-07-19,Cardiology,18.0,4892.34,
PT-3839,Kurt Leonard,,Cardiology,27.0,,
PT-3411,Mason Ortiz   ,2026-03-23,Pediatrics,25.0,8573.53,
PT-2966,Alan Perry,2025-12-17,   Oncology,13.0,9792.32,
PT-7499,Natalie Vasquez,2026-07-26,Cardiology,3.0,1901.83,
PT-5314,Jacob Mcdonald,2025-12-01,Pediatrics,2.0,"£1,688.81",
PT-4311,Jason Smith,2026-01-13,Pediatrics,21.0,"$5,634.87",
PT-3482,   Christopher Watson,2026-02-18,Oncology,6.0,10812.23,
PT-6449,,2026-06-26,Pediatrics,22.0,11257.98,
PT-8412,Joe Jones   ,2025-07-09,Pediatrics,27.0,2276.89,
PT-8168,Alexis Murphy,2025-06-02,Neurology,16.0,,
PT-8060,   Brooke Davis,2025-09-25,Oncology,7.0,"$7,976.47",
PT-3379,   Alan Stephens,2025-08-01,Pediatrics,,8849.93,
PT-9236,Catherine Juarez,2026-01-14,Cardiology,25.0,5185.48,
,Sarah Fleming,,Neurology,2.0,12972.93,
PT-2029,   Matthew Williams,2025-10-24,Cardiology,23.0,"£13,459.89",
PT-7332,Matthew Kim,2026-07-14,Neurology,3.0,1991.0,
PT-7549,Melissa Reilly   ,2024-12-02,Neurology,9.0,9447.19,
PT-5218,Joseph Garcia,2025-04-14,,,,
PT-2274,Melissa Mckee,2024-11-14,Oncology,21.0,14727.59,
PT-2078,Stephen Rodriguez,2025-11-26,Neurology,21.0,1096.0,
PT-5688,Ashley Porter,2025-04-03,   Neurology,12.0,14767.9,
PT-7085,Spencer Lin,2026-07-10,   Neurology,3.0,11528.0,
PT-3700,John Hodge,2025-09-07,Pediatrics,7.0,6996.71,
PT-3236,Dr. James Harris,2025-03-25,Oncology,13.0,7723.08,
PT-1922,Jamie Villarreal,2026-04-05,Oncology,27.0,"$4,120.92",
PT-2498,Brett Casey,2025-06-20,Oncology,18.0,"£12,071.41",
PT-4926,Derek Gonzalez,2025-11-07,Oncology,27.0,"£7,312.53",
PT-1779,Nathan Strickland,2024-10-10,Cardiology,10.0,9466.19,
PT-8437,Wayne Sanchez,2026-08-10,Cardiology,16.0,"$7,434.04",
PT-5346,Kristina Clark,2025-08-14,Neurology,23.0,6382.34,
PT-8197,Courtney Harris,2026-01-30,Pediatrics,18.0,10034.97,
,,2026-01-29,Oncology,26.0,2950.37,
PT-6171,John Barnett,2025-06-25,Neurology,14.0,12150.04,
PT-9296,Jennifer Jackson,2026-07-13,Cardiology,9.0,13133.24,
PT-3546,Michael Merritt,2025-08-09,Cardiology,27.0,"£4,703.69",
PT-2843,Dr. Evan Charles,2026-01-08,Neurology,15.0,8157.03,
PT-3464,   Tina Fry,2025-03-29,Oncology,21.0,9825.78,
PT-6111,Daniel Roberts,2025-12-01,Neurology,13.0,,
PT-7251,Trevor Barrera,2025-06-25,Pediatrics,23.0,13145.98,
PT-7046,,2024-12-20,Cardiology,29.0,14871.32,
PT-8574,Amanda Wilson,2025-01-25,Cardiology,14.0,"£1,933.33",
PT-9791,   Michael Aguilar,2025-05-30,Neurology,27.0,2220.05,
PT-9069,   Angela Dudley,2025-12-07,Pediatrics,8.0,6681.28,
PT-3240,Lisa Sharp,2025-01-06,Oncology,21.0,"$5,316.80",
PT-7685,Karen Yang,2026-01-05,Neurology,30.0,10731.99,
,Michelle Smith,2025-01-04,Pediatrics,10.0,1539.56,
PT-2858,Suzanne Rowe,2024-10-28,Neurology,15.0,"$4,421.93",
PT-4273,Ms. Ashley Holloway DVM,2025-04-07,Cardiology,28.0,1099.94,
PT-9810,Lisa Cook,2024-11-22,   Pediatrics,30.0,7219.7,
PT-1020,Sarah Rodriguez,2026-07-19,   Pediatrics,11.0,"£9,369.17",
PT-7863,Amy Atkins,2025-08-21,   Neurology,28.0,5088.77,
PT-7312,Amber Brown,2026-05-08,Neurology,,,
PT-6138,Darius Watson,2025-04-02,Neurology,7.0,10445.64,
PT-7995,Joseph Dawson,2025-05-04,Neurology,16.0,3342.01,
PT-3001,Alec Norton,2026-06-10,Pediatrics,2.0,13671.78,
,Jesus Sanchez,,Pediatrics,27.0,"$13,131.32",
PT-8186,Bryan Mcmillan,2026-07-03,Oncology,5.0,10365.0,
PT-8343,Traci Rodriguez,2024-10-31,Pediatrics,19.0,5154.02,
PT-7381,Madison Frazier,2024-09-14,Oncology,9.0,10956.0,
PT-1829,Jamie Ortega,2025-07-17,Cardiology,21.0,"$4,408.89",
,Jane Moore,2025-01-02,Pediatrics,23.0,12675.76,
PT-1195,Kayla Mckay,2026-01-06,   Pediatrics,16.0,,
PT-2420,   Ryan Rodriguez,2026-03-18,Neurology,29.0,4331.66,
PT-8211,Catherine Bailey,2025-05-26,Neurology,9.0,1543.53,
PT-4679,Mrs. Christina Blevins,2024-12-04,Cardiology,19.0,6320.42,
PT-2001,Carmen Moses,2025-10-26,Pediatrics,11.0,6247.41,
PT-1199,Terry Small,2025-06-03,Neurology,10.0,14671.01,
PT-8483,Nicholas Contreras,2025-10-31,Pediatrics,13.0,12019.27,
PT-7082,Stephen Lee,2025-08-11,,23.0,13115.6,
PT-7113,Alyssa Ross,2024-11-17,Neurology,9.0,3849.19,
PT-1160,William Anderson,2025-03-26,Pediatrics,19.0,11315.46,
PT-3482,Jackson Johnson,2025-10-31,Cardiology   ,24.0,"£4,178.10",
PT-4165,Manuel Henderson,2026-08-23,Cardiology,2.0,"£1,074.16",
PT-7423,Jennifer Carr   ,2025-06-11,Cardiology,2.0,"$8,378.81",
PT-1315,Brandon Brown,2026-09-02,Cardiology   ,16.0,6212.96,
PT-4235,Jacqueline Fields,2026-07-15,Cardiology,23.0,14245.64,
PT-6078,Christie Mitchell,2026-02-22,Pediatrics,20.0,5496.52,
PT-7020,David Pittman II,2026-08-04,Oncology,19.0,8845.11,
PT-2436,Donald King,2025-06-17,Neurology,14.0,14504.0,
PT-9146,Darren Harris,2025-10-09,,27.0,13022.81,
PT-7247,Kenneth Nelson,2025-09-03,   Oncology,8.0,9114.05,
PT-8423,Brandon Velazquez,2025-10-18,Neurology,1.0,6393.87,
PT-6456,   Barbara Collier,2025-08-11,Neurology,9.0,3228.63,
PT-5384,Jessica Brooks   ,2024-11-05,Pediatrics,10.0,2201.06,
PT-5958,Katie Stein,2025-12-29,Oncology   ,16.0,£927.42,
PT-6179,   Michael Wise,2026-07-08,Oncology,29.0,12890.88,
PT-9967,Tiffany Waller,2025-05-22,Pediatrics   ,10.0,"$2,324.91",
PT-5298,Amy Stanley,,Cardiology,26.0,6367.76,
PT-4698,Kimberly Ortiz,2025-04-17,Neurology,18.0,8044.53,
,Christopher Orr,2025-04-24,Oncology,19.0,8958.49,
PT-7447,John Owens,2026-08-27,Cardiology,2.0,"$9,174.24",
PT-8597,Gregory Patterson,2025-09-28,Cardiology,9.0,2949.79,
PT-6610,Ryan Jones,2026-01-30,,19.0,"$2,009.17",
PT-6420,Brent Smith,2025-02-22,Neurology,15.0,"£10,267.32",
PT-1988,Barbara Monroe,2025-07-15,Pediatrics,13.0,8386.21,
PT-6564,April Johnson,2025-03-18,Pediatrics,12.0,6794.69,
PT-8265,Ashley Clark,2025-12-02,Neurology,19.0,3628.01,
PT-8105,Daniel Hood,2025-09-25,Cardiology,14.0,10859.31,
PT-2912,Ann Patterson,,Cardiology,,14586.68,
PT-3998,Aaron Michael,2025-08-02,Neurology,22.0,12346.98,
PT-2782,Eric Ballard,,Pediatrics,28.0,"£2,147.77",
PT-8616,Peter Moody   ,2026-02-06,Neurology,25.0,"£3,392.51",
PT-5737,Lynn Mckee,2026-07-21,Oncology,20.0,"$13,758.37",
PT-1365,Seth Caldwell,2026-08-02,Pediatrics,28.0,3250.79,
PT-3709,Sonya Hensley,2025-07-09,Oncology,13.0,11734.89,
PT-9887,Elizabeth Wilson,2026-05-30,Oncology,5.0,14540.71,
PT-1304,Alyssa Farrell,2026-07-23,Pediatrics,2.0,8161.99,
PT-4231,Susan Olson,2026-01-25,Cardiology   ,8.0,7950.74,
PT-6952,Ms. Valerie Martinez,2024-10-31,   Oncology,14.0,6089.98,
PT-5429,Theodore Murray,2026-08-15,Pediatrics,13.0,10423.38,
PT-5462,Jacqueline Chang,2024-10-23,   Pediatrics,15.0,"$14,555.93",
PT-9903,,2026-01-20,Cardiology,9.0,5103.4,
PT-1122,   Hannah Kline,2025-12-26,Oncology   ,10.0,"$11,345.31",
PT-8696,Ashley Hernandez,2024-11-27,,14.0,13667.95,
PT-2526,William Brown,2025-10-23,Pediatrics,5.0,"£12,898.18",
PT-1607,Shannon Hinton,2025-09-12,Neurology,23.0,9699.52,
PT-8980,John Jenkins,2026-02-17,   Pediatrics,15.0,14790.2,
PT-7838,Robert Barton,2025-01-19,Cardiology,15.0,"$14,848.41",
PT-9579,Bryan Schmidt,2025-01-16,Cardiology,6.0,2813.86,
PT-2279,Travis Patrick   ,2025-01-20,Pediatrics,28.0,2192.2,
PT-9388,Patricia Johnson,2025-02-05,Oncology,2.0,13825.97,
PT-6414,Kelly Wall,2026-07-24,Pediatrics,29.0,1955.87,
PT-6238,Melanie Johnson   ,2025-09-19,Cardiology   ,25.0,5536.63,
PT-2268,Richard Jenkins,2026-05-14,Oncology,4.0,11948.1,
PT-3053,Caitlyn Yoder,2025-11-30,,29.0,9009.47,
PT-2645,Stephanie Sutton,2026-07-15,Pediatrics   ,25.0,2962.19,
PT-8716,Hailey Allen,2026-04-24,Pediatrics,4.0,7541.17,
PT-7576,Dwayne Holt   ,2025-09-22,Oncology,25.0,12254.96,
PT-9436,   Dana Ibarra,2025-04-01,Cardiology,8.0,13248.66,
PT-1037,,2026-06-27,   Cardiology,5.0,9211.43,
,Dalton Hernandez,2025-06-10,,9.0,1215.95,
PT-5744,Kaitlyn Giles,2025-12-27,Cardiology,3.0,11548.03,
PT-8366,John Osborn,2025-12-01,   Cardiology,,"$11,960.98",
PT-9502,,2026-06-28,Oncology,19.0,13180.49,
PT-9154,Laura Burgess,2026-08-27,Neurology,13.0,2551.81,
PT-9671,Jason Clay   ,2025-12-09,Neurology,27.0,13117.34,
PT-1221,Diana Bowen   ,2025-03-06,Oncology,26.0,2396.32,
PT-4358,,2026-08-25,Cardiology,17.0,8827.89,
PT-2349,Scott Lara,2025-11-27,Oncology,2.0,9346.66,
PT-9265,,2026-02-07,Neurology,21.0,13036.29,
PT-6096,Ashley Jones,2025-10-06,Neurology,18.0,1523.19,
PT-8527,Corey Bell,2025-09-16,Pediatrics,26.0,2539.7,
PT-2457,Megan Compton,2026-02-17,Oncology,9.0,3379.99,
PT-5809,Robert Boone,2026-04-17,   Neurology,25.0,9429.56,
PT-9413,Russell Day   ,2026-03-29,Neurology,16.0,3768.68,
PT-9561,Johnny George,2025-04-22,Cardiology,2.0,7412.42,
PT-2602,Kimberly Rivas,2025-03-11,Cardiology,27.0,"$13,292.88",
PT-3717,Dorothy Scott,2026-07-11,Cardiology,12.0,,
PT-2708,Stanley Wilson,2025-01-22,Neurology,6.0,"£12,046.23",
PT-7358,Mr. Brian Brown,2025-05-26,Pediatrics,14.0,"£5,657.37",
PT-4142,Ronald Perez,2026-01-09,Cardiology,24.0,9060.48,
PT-9800,Kelly Stewart,2025-04-18,Neurology,12.0,5200.02,
PT-1176,Victoria Hall,2025-09-16,Oncology,29.0,3473.09,
PT-1550,Jackson Welch   ,2025-02-10,Neurology,,"£10,104.59",
PT-8083,Jeffrey Mitchell   ,2025-04-15,Pediatrics,10.0,,
PT-2582,Valerie Harris,2026-04-17,Cardiology,20.0,9906.66,
PT-8915,Derek Ross,2026-07-15,Pediatrics,29.0,7411.15,
PT-4533,   Eric Johns,2026-08-10,Cardiology,4.0,6223.93,
PT-3819,Ian Burgess,2026-07-26,Neurology,4.0,12886.25,
PT-7795,Lisa Richards,2025-01-24,Neurology,9.0,12363.94,
PT-8924,James Stone,2025-04-20,Cardiology,11.0,,
PT-7604,Kurt Diaz,,Oncology   ,12.0,2644.25,
PT-2413,Beth Coleman,2026-03-26,Oncology,25.0,730.98,
PT-4504,Jeremy Morris,2025-05-18,Cardiology,18.0,1953.02,
PT-7331,Jason Newman,2026-01-26,,1.0,11367.74,
PT-5002,Mark Griffith,2025-05-02,Cardiology,29.0,"£11,646.20",
PT-8369,Rebecca Olson,2026-02-15,   Pediatrics,15.0,7947.16,
PT-1349,Daniel Herrera,2025-03-06,   Cardiology,12.0,5321.02,
PT-4088,David Bass,2026-03-05,Pediatrics,16.0,582.39,
PT-2460,   Natasha Moran,2025-09-20,Neurology,6.0,"£1,637.52",
PT-5714,,2026-01-23,Pediatrics   ,13.0,8169.33,
PT-5301,,2024-11-07,Oncology,20.0,5249.19,
PT-5649,   Amber Grimes,2025-10-05,Neurology,4.0,1234.42,
PT-4540,   Dr. Penny Cortez,2024-12-01,Oncology   ,21.0,4139.9,
PT-3632,Dylan Murphy,2025-01-15,Pediatrics,14.0,12017.94,
PT-8583,Vickie Martin,2025-07-27,Pediatrics,25.0,12469.28,
PT-4343,,2026-04-28,Neurology,3.0,,
PT-8671,Morgan Zimmerman,2026-07-29,Pediatrics,1.0,"£1,830.53",
PT-6684,Timothy Newton,2026-02-05,Cardiology   ,20.0,11028.95,
PT-5955,Ashley Ryan,2025-11-23,Neurology,2.0,3328.03,
PT-4008,David Gonzales,2025-03-02,Neurology,30.0,9855.12,
PT-1418,Sheila Anderson,2025-05-08,   Neurology,,"$14,608.57",
PT-6584,Tiffany Johnson,2025-04-16,Oncology,19.0,4851.9,
PT-2409,Devin Smith   ,2026-05-03,Oncology,5.0,12416.57,
PT-5574,Catherine Mcdaniel,2026-04-21,Oncology,30.0,1248.17,
,Christopher Curry,2024-11-13,Cardiology,25.0,,
PT-3584,Laura Hawkins,2025-08-10,Pediatrics,30.0,14027.15,
PT-5521,   Kimberly Ruiz MD,2025-08-06,Neurology,16.0,4852.75,
PT-6034,Terry Patton DDS   ,2025-05-20,Pediatrics,21.0,10431.29,
PT-6253,Crystal Hendricks   ,2025-09-03,Oncology,7.0,11370.23,
PT-5570,Sarah Diaz,2026-01-02,Pediatrics,2.0,7602.41,
PT-9448,James Jones,2025-01-28,Oncology,21.0,"£9,545.14",
PT-7208,Emily Gonzalez,2026-03-15,Oncology,2.0,1906.44,
PT-3610,,2025-12-10,Cardiology,22.0,14290.7,
PT-1885,Grant Peterson,2024-09-25,Pediatrics,13.0,5782.66,
PT-3887,Timothy Russo,2026-03-30,Cardiology,6.0,"$1,045.98",
PT-8424,Angela Mason   ,2025-07-22,Pediatrics,25.0,808.28,
PT-8120,Timothy Navarro   ,2026-07-19,Oncology,2.0,"£10,377.58",
PT-1979,Alejandro Bell,2026-03-30,,28.0,"$11,591.48",
PT-9092,Jennifer Solomon   ,2026-01-27,Oncology,16.0,4246.73,
,Lisa Johnson,2025-07-13,Neurology,19.0,"$2,734.37",
,Thomas Burnett   ,2025-03-15,Pediatrics,21.0,8673.8,
PT-2485,Jennifer Shelton,2025-04-15,   Cardiology,27.0,,
PT-7383,Wanda Blake,2026-05-02,Oncology,1.0,12385.44,
PT-6278,Kristin Garcia,2026-05-09,   Cardiology,25.0,13671.99,
PT-6904,Wendy Gallagher,2024-10-19,Cardiology,2.0,8014.47,
PT-5615,Charles Baker,,Pediatrics   ,25.0,10098.01,
PT-1188,Joshua Campbell,2024-11-14,Pediatrics,23.0,9913.8,
PT-6592,,2024-12-04,Cardiology,7.0,6948.29,
PT-2149,Nathan Wood,2026-06-18,Cardiology,12.0,998.5,
PT-1962,Ashley Mckenzie,2025-09-21,Pediatrics,14.0,3329.88,
PT-9808,Samuel Johnson,2026-03-21,   Neurology,25.0,2935.39,
PT-9477,,2025-03-08,Neurology,4.0,"£5,497.18",
PT-6259,   Justin Perez,2025-06-21,Cardiology,25.0,11643.88,
PT-8154,Dr. Michael Ward,2026-07-28,,17.0,1815.13,
PT-6663,Krystal Duncan,2025-04-07,Cardiology,27.0,5738.34,
PT-6379,Randy White,2026-04-05,Cardiology,15.0,1623.0,
PT-2292,Jessica Walker,2026-02-26,Cardiology,7.0,6829.62,
PT-6717,Lawrence Hall,2024-12-05,Cardiology,,1800.91,
PT-4118,George Hicks,2026-06-14,Cardiology,22.0,5294.9,
PT-3280,   William Henry,2025-11-27,Pediatrics,21.0,814.65,
PT-2873,Mr. Daniel Brown PhD,2026-08-24,Neurology,30.0,9829.61,
PT-2335,Christopher Walker,2026-06-26,   Oncology,19.0,726.05,
PT-7092,James Leblanc,2025-11-14,   Cardiology,2.0,,
PT-8246,Melissa Wolf,2025-05-17,Oncology,28.0,6220.4,
PT-6328,Steve Arnold,,Neurology,26.0,7620.55,
PT-3203,Richard Blackburn,2025-10-28,   Pediatrics,16.0,11926.37,
PT-9508,Stacy Walters,2025-09-07,Oncology,19.0,13245.77,
PT-5839,Jennifer Anderson,2025-05-24,Pediatrics,11.0,9922.75,
PT-1490,Mark Alexander,2025-06-11,Neurology,25.0,520.9,
PT-9454,Brian Calhoun,2026-07-23,,14.0,3042.18,
PT-9233,Joshua Roberts,2025-12-02,,12.0,6493.32,
PT-8800,Jennifer Meza,2025-09-19,Pediatrics,25.0,12552.57,
PT-4981,David Mason,2025-01-21,Neurology,24.0,3234.81,
PT-2557,Thomas Walker,2025-07-31,   Neurology,5.0,4314.62,
PT-8771,Natalie Tucker,2025-11-20,Cardiology,29.0,"$2,322.63",
PT-6123,Christopher Sloan,2025-08-12,Cardiology,27.0,9072.29,
PT-1917,Steve Martinez,2024-11-21,   Oncology,1.0,14304.3,
PT-4948,Michael Smith,2025-11-24,Cardiology,3.0,"$2,344.63",
PT-9447,Sherry Wiggins,2024-11-10,Cardiology   ,27.0,12944.94,
PT-5882,Elizabeth Wallace,2025-05-22,Oncology,20.0,"$12,702.46",
PT-1505,Jeffrey Franklin,2024-10-01,Pediatrics,20.0,1232.65,
PT-8407,Jeffrey Wilson,2024-10-16,Neurology,15.0,6398.37,
PT-4612,Debra Blankenship,2025-08-13,Oncology,10.0,"£5,613.78",
PT-1640,Kristina Ross,2024-12-05,Cardiology,28.0,11073.8,
PT-6391,John James,2025-10-24,Neurology,7.0,7226.68,
PT-1770,Jennifer Ramos   ,2026-06-10,Pediatrics,29.0,8376.15,
PT-4131,Kimberly Moran,2025-02-28,Oncology,30.0,9057.27,
PT-3054,Mary Bailey,2025-01-14,Neurology,10.0,10341.06,
PT-6438,George Hale,2025-11-12,Neurology,,"$10,402.48",
PT-6359,Richard Wright,2025-07-27,Pediatrics   ,26.0,11100.66,
PT-8684,Donald Smith,2025-03-18,   Neurology,25.0,3065.85,
PT-9156,Sarah Johnson,2025-07-25,Neurology,4.0,6620.6,
PT-4393,Richard Brown,2025-07-18,Cardiology,28.0,4073.27,
PT-9413,Christian Crane   ,2024-11-21,Pediatrics,5.0,2498.28,
PT-6487,Lauren Smith,2026-04-08,Cardiology,16.0,"£12,338.59",
PT-5083,Damon Perkins,2026-08-26,Pediatrics   ,23.0,1241.64,
PT-7358,Christina Wagner,2026-01-20,Oncology,27.0,"$5,695.95",
PT-7840,Kimberly Ortega,2025-12-28,Cardiology,2.0,8483.54,
PT-9521,Shannon Hill,2024-11-10,Oncology,12.0,5272.86,
PT-9327,Ashley Lewis,2025-03-26,Oncology,9.0,6318.58,
PT-5909,Robert Bryan,2026-02-05,Neurology,27.0,3207.63,
PT-2763,Andrew Rodriguez,2024-12-09,Neurology,,11556.81,
PT-3910,Todd Miller,2025-11-26,   Cardiology,14.0,6087.87,
PT-3350,Carrie Ewing,2025-09-29,Neurology,7.0,"£3,529.11",
PT-2601,Nicholas White,2025-12-05,Neurology,9.0,4989.46,
PT-2089,Mitchell Johnson,2025-06-27,Neurology,25.0,1590.87,
PT-4176,James Hawkins,2025-08-13,Neurology,16.0,"£13,623.97",
PT-3240,Dave Zuniga,,,10.0,7583.7,
PT-2237,John Hernandez,2025-08-09,   Neurology,12.0,"$8,324.78",
PT-1526,Rebecca Newton DDS,2025-12-12,Cardiology,10.0,"$2,543.56",
PT-8207,Bruce Cummings,2025-12-06,Cardiology,15.0,,
PT-1700,Doris Robinson,2025-11-06,Cardiology,27.0,14931.39,
,Michael Terrell,2026-01-02,Neurology,25.0,8042.59,
PT-5306,Rachel Barber,2025-11-20,Cardiology,24.0,,
PT-4914,Patrick Arnold,2024-09-13,Oncology,15.0,14095.85,
PT-8004,William Matthews,,Cardiology,28.0,5776.88,
,Jordan Nichols,2025-05-14,Pediatrics,4.0,11764.38,
PT-3101,Charles Andrews   ,2026-07-12,Pediatrics,19.0,8262.55,
PT-9552,Michelle Jackson,2025-03-25,Neurology,18.0,8814.04,
PT-9359,Nicole Adkins,2025-09-01,Oncology,6.0,11364.54,
PT-2408,Robert Terry,2025-03-06,Cardiology,16.0,2824.65,
PT-9089,Malik Garcia,2025-10-01,Cardiology,28.0,4546.79,
PT-8277,Katrina Long,2025-01-03,Cardiology,1.0,5013.68,
PT-8813,Robert Erickson,2025-09-17,   Cardiology,13.0,1115.49,
PT-7077,Karen Harvey,2026-05-18,Cardiology,5.0,4464.73,
PT-3372,Kathleen Mckinney,2025-05-14,Cardiology,25.0,9628.69,
PT-3249,Curtis Meza,2025-11-25,Pediatrics,14.0,1017.05,
PT-1464,Jessica Mueller   ,2025-08-11,,22.0,4784.8,
PT-2732,Stephen Rivera,,   Cardiology,,,
PT-9248,,2026-01-01,Neurology,8.0,13030.06,
PT-3819,Shane Hill,2025-01-01,Neurology,,14806.85,
PT-7136,Charles Russo,2026-02-10,Neurology,2.0,11770.56,
PT-3294,Reginald Hoffman,2026-07-21,Neurology,26.0,2401.0,
,,2026-07-31,Pediatrics,30.0,"$13,494.28",
PT-9319,   Olivia Warren,2026-05-16,Cardiology   ,18.0,11296.45,
PT-6612,Jennifer Gonzalez,2026-04-08,Pediatrics,4.0,12489.59,
PT-6073,Patrick Hensley,2026-03-27,   Oncology,,"$14,700.64",
,Paige Gilbert,2026-04-16,Pediatrics,14.0,5772.73,
PT-2229,Lauren Richardson,2025-05-20,   Pediatrics,28.0,13187.58,
PT-7280,Kathy Sanchez,2026-04-28,Cardiology,4.0,9938.16,
PT-1287,Richard Nelson,2024-10-07,Pediatrics,21.0,6821.73,
PT-6437,Alyssa Ramos,2024-11-26,Oncology,18.0,9660.32,
PT-2241,,,Neurology,15.0,"$11,220.94",
PT-4617,Robert Powell,2026-02-05,Cardiology,10.0,"$14,844.71",
,Julia Hodge,2026-01-09,Oncology,16.0,,
PT-4793,Timothy Knight,2025-02-11,Pediatrics,25.0,"£8,699.85",
PT-7670,,2024-10-30,Neurology   ,11.0,"£6,963.89",
PT-7594,Jimmy Navarro,2024-11-14,Oncology,21.0,8442.8,
PT-4908,Laura Johnson,2026-02-27,Oncology,19.0,3425.65,
PT-3902,Larry Robertson,2026-04-18,Pediatrics,23.0,8954.39,
PT-8885,Timothy Stone   ,2025-10-23,Cardiology,27.0,10921.93,
PT-8107,Jessica Brown,2026-07-30,Oncology,9.0,5578.51,
PT-1546,Ashley Taylor,2026-05-13,,27.0,13692.93,
PT-1794,Jose Davis,2025-06-28,Cardiology,11.0,14479.51,
PT-4272,Karen Johnson,2026-01-17,Cardiology,7.0,14430.74,
PT-8056,Dr. Troy Salazar,2024-11-19,,6.0,4478.43,
,Ann Kaufman,2024-09-24,Oncology,2.0,14536.14,
PT-7008,Kimberly Abbott,2024-12-19,Pediatrics,9.0,4488.53,
,Karen Daniels,,Oncology   ,14.0,6426.12,
PT-8630,Benjamin Castro,2025-01-13,   Cardiology,23.0,11480.71,
PT-7828,Rita Goodman,2026-07-12,Pediatrics,1.0,4384.89,
PT-3424,Phillip Price,2025-01-04,Cardiology,17.0,"£2,517.35",
PT-2780,Paul Brown,2025-12-13,Oncology,9.0,"$2,279.11",
PT-7725,Shane Kelly,2025-02-15,Oncology,17.0,2376.98,
PT-9249,Laura Evans,2026-01-10,Pediatrics,3.0,9373.63,
PT-1020,Steven Haynes,2026-02-27,Pediatrics,21.0,12187.37,
PT-9527,Shawn Bryant,2026-02-03,Cardiology,8.0,738.54,
PT-4516,,2024-12-26,Pediatrics,21.0,"£3,313.36",
PT-6608,Renee Berger,,Cardiology,3.0,10171.88,
PT-3348,   Ronald Bauer,2026-05-07,Neurology,24.0,8594.1,
PT-3001,Caroline Sims,2026-04-29,Pediatrics   ,21.0,3001.9,
PT-7029,Victoria Castillo,2024-12-04,Neurology,13.0,"£1,472.59",
PT-8431,Tasha Figueroa,2025-05-13,Neurology,24.0,10062.37,
PT-4241,Michael Hicks,2025-09-20,Pediatrics,29.0,10687.07,
PT-8675,John Morales,2026-02-26,Neurology,29.0,5592.84,
PT-2877,Jonathon Bryant,2026-08-04,   Cardiology,23.0,14134.42,
PT-9610,Christian Cortez   ,2024-11-09,Cardiology,,10444.66,
PT-4008,Stephen Lin,2025-06-20,Neurology,8.0,"$13,639.78",
PT-3564,,2026-02-09,Oncology,3.0,"£3,995.77",
PT-4260,David Rodriguez,2025-02-05,Pediatrics,17.0,"$1,048.50",
PT-3507,Gary Foster,,Cardiology,27.0,747.3,
PT-2781,Jason Harris,2025-11-18,Pediatrics,2.0,11489.0,
PT-6229,Kelsey Grant,2025-03-25,Pediatrics,27.0,2174.84,
PT-6996,Robin Martinez,2025-02-10,   Cardiology,11.0,3055.4,
PT-1781,Dawn Mcdonald,2024-10-12,Cardiology,15.0,5601.29,
PT-1949,Dr. Robert Collins,2024-10-29,   Cardiology,12.0,12878.05,
PT-3014,Tammy Hernandez,2026-06-08,Oncology,11.0,1731.4,
PT-8806,Anthony Gonzalez,,Oncology,1.0,14434.11,
PT-8462,Christina Castaneda DVM,2024-11-17,Neurology,30.0,"£14,171.95",
PT-4211,Karen Garner,2025-11-20,Oncology,26.0,14091.52,
PT-9782,David Hoffman,2026-02-12,,9.0,,
PT-7969,,2025-05-23,Cardiology,29.0,8512.27,
PT-2910,Cindy Knapp,2026-08-22,Pediatrics,17.0,"£11,167.01",
PT-8887,Jesus Smith,2024-11-10,Oncology   ,15.0,2784.54,
PT-5734,Derek Cohen,2025-08-05,Cardiology,14.0,9363.91,
PT-5533,Randy Adkins,2024-09-13,Pediatrics,5.0,"£12,479.02",
PT-9280,Michelle Douglas,2026-05-29,Pediatrics,27.0,"$2,894.90",
PT-2066,Amy Campbell,2025-11-22,Pediatrics,10.0,9868.18,
PT-2219,Jeremy Rogers,2026-02-25,Pediatrics,18.0,5667.4,
PT-1101,   Michelle Haynes,2024-11-14,   Neurology,4.0,"$10,013.21",
PT-6254,Tammy Harrell,2025-09-16,Cardiology,15.0,13054.82,
PT-4074,Jesse Turner,2026-02-01,Oncology,12.0,8985.48,
PT-4184,Kathleen Butler,,Cardiology,27.0,11722.31,
PT-3054,Patricia Perry,2025-01-01,Neurology,9.0,11652.23,
PT-2005,   Ryan Griffith,,Pediatrics   ,15.0,12554.97,
PT-2432,   Lori Myers,2025-11-26,Cardiology,3.0,"$13,386.72",
PT-9024,Charles Huerta,2026-05-04,Pediatrics,15.0,12620.97,
PT-5953,Brianna Small,2024-10-11,   Neurology,10.0,9926.5,
PT-8491,Daniel Long,2025-05-17,Pediatrics,10.0,2014.91,
PT-6042,Kimberly Richards,2026-01-22,Cardiology,15.0,,
PT-4513,Rebecca Adkins,2026-07-27,Cardiology,5.0,6824.67,
PT-5411,Emily Pierce,2026-04-18,Cardiology,20.0,,
PT-9792,   Jonathon Bentley,2025-10-06,Pediatrics,22.0,11013.44,
PT-1015,Michael Johnson,2024-10-21,Cardiology,8.0,5018.54,
PT-4322,Sandra Russell,2026-03-30,Neurology,26.0,9588.03,
PT-5784,Russell Lawson,2025-02-23,Oncology,1.0,"$8,129.77",
PT-1345,Michael Saunders,2024-12-06,   Oncology,28.0,4124.17,
PT-8034,Rita Smith MD,2025-07-05,Oncology,12.0,"$7,230.38",
PT-7174,Abigail Simmons,2025-02-21,Pediatrics,2.0,10489.94,
PT-9106,,2025-01-20,Neurology,2.0,10123.94,
PT-5442,Lisa Wyatt   ,2025-03-06,Cardiology,14.0,"$14,342.84",
PT-3643,Matthew Smith,2025-04-16,Pediatrics,6.0,14364.24,
PT-4279,   Melissa Lawrence,2024-10-13,,17.0,"£5,620.61",
PT-3121,Amy Gill,2025-06-25,Oncology,2.0,2930.2,
PT-9551,David Watkins,2025-04-05,Oncology,7.0,7911.47,
PT-3155,Dr. Omar Santos,2024-11-23,Cardiology,17.0,711.9,
PT-5500,Marie Nelson,2026-08-01,Oncology   ,19.0,6739.6,
PT-4062,Heather Sanchez,2025-06-02,Neurology   ,22.0,722.99,
PT-2907,Sean Lambert,2025-12-15,Cardiology,19.0,"£3,695.39",
PT-5572,,2026-06-21,Pediatrics,30.0,7455.62,
PT-8306,Lisa Foley,2026-02-11,,28.0,767.38,
PT-8115,Alexandra Hubbard,2025-09-10,   Cardiology,7.0,13807.79,
PT-3080,Miss Crystal Mullins,2026-05-12,,8.0,12798.11,
PT-5726,Courtney Chambers,2026-04-14,Oncology,5.0,866.96,
PT-2818,Maria Tran,2025-10-06,   Oncology,28.0,14044.47,
PT-8752,Diane Raymond,2025-10-16,Oncology,6.0,6342.16,
PT-4799,Joy Mcfarland,2025-08-21,Neurology,18.0,12944.1,
PT-3085,Eric Harris,2026-04-10,Neurology,29.0,1682.34,
PT-1307,Samantha Ruiz,2026-05-11,Oncology,15.0,596.88,
PT-2347,Jessica Davis,2025-09-26,Cardiology   ,19.0,3749.28,
PT-7878,Dale Harrington,2026-07-04,Cardiology,2.0,4575.27,
PT-4946,   Scott Evans,2025-10-27,Oncology,22.0,3740.82,
PT-5878,Michael Small   ,2025-05-10,Oncology,18.0,11492.55,
PT-4514,Leroy Pena,2024-12-15,,,6571.06,
PT-2264,Lindsey Turner,2025-03-23,Cardiology,4.0,1181.23,
PT-8986,,2025-12-11,Cardiology,18.0,"£10,137.78",
PT-9565,Crystal Sexton,2025-01-16,Oncology   ,1.0,7358.72,
PT-1812,Eric Harvey   ,2026-03-27,Oncology,23.0,14396.35,
PT-2209,Kristopher Newman,2025-11-14,Neurology,6.0,9296.54,
PT-1574,Michael Steele,2025-01-19,   Neurology,26.0,,
PT-1483,Tracy Baldwin,2026-01-29,Pediatrics,3.0,3300.44,
PT-4932,William Martinez,2026-08-26,Cardiology,21.0,11738.35,
PT-9688,Evan Perez,2025-01-26,Neurology,16.0,14097.16,
PT-6975,Dana Stewart,2025-08-14,Pediatrics,21.0,1284.16,
PT-8706,Vanessa Horton,2026-07-28,Pediatrics,1.0,3575.65,
PT-4986,Cynthia Wright,2025-01-10,Cardiology,19.0,11323.16,
PT-3075,Willie Arnold,2025-01-31,Pediatrics   ,4.0,3125.21,
PT-6797,Brian Morgan,2026-04-14,Neurology,17.0,10750.48,
PT-7392,,2025-05-23,Cardiology,29.0,5313.16,
PT-1132,Laura Mcintyre,2024-10-20,Cardiology,14.0,1712.21,
PT-6784,Isaac Sanchez,2026-06-14,Oncology,3.0,3894.8,
PT-3986,Scott Fritz,2025-01-08,Pediatrics,29.0,3666.68,
PT-1763,Patricia Gray,2024-09-21,Cardiology,22.0,13416.16,
PT-2811,Caitlin Wise,2024-10-20,Pediatrics   ,26.0,11283.21,
PT-3146,Kenneth Gibson,2026-02-01,Cardiology,18.0,6199.4,
,Gabriella Carter,2026-01-23,Pediatrics,13.0,1899.99,
PT-6453,Kimberly Nelson,2026-08-29,Neurology,28.0,14091.93,
PT-6702,   Joel Hill,2025-03-29,Cardiology,13.0,4597.93,
PT-7384,Edward Anderson,2025-10-28,Pediatrics,3.0,10939.66,
,Eric Clark PhD,2026-07-04,Pediatrics,29.0,5130.21,
PT-9602,   Matthew Russell,2026-01-13,   Pediatrics,,"$5,986.37",
PT-4157,Jamie Ortega,2026-01-01,Neurology,25.0,3106.21,
PT-6617,   Brianna Green,2025-08-08,Oncology,21.0,1784.63,
PT-5561,Molly Nguyen,2025-09-04,Oncology,6.0,13955.43,
PT-7512,Michael Brown   ,2026-01-24,Cardiology,21.0,13776.98,
PT-8953,Jason Crawford,2025-01-31,Cardiology,3.0,9725.54,
PT-1279,Brian Brown,2025-07-31,Cardiology,30.0,13321.98,
PT-1575,Katherine Monroe,2025-10-11,Cardiology,4.0,10761.79,
PT-4548,Jonathan Nelson,2025-04-04,Cardiology,9.0,"£6,457.64",
PT-4179,Kimberly Hernandez,2025-12-13,Oncology,5.0,"£1,546.36",
PT-5267,   Brandon Mcconnell,2025-05-19,,23.0,7502.56,
PT-6569,Gerald Alvarez,2025-11-04,Cardiology,27.0,"£11,675.98",
PT-7295,   Morgan Collins,2026-02-08,Neurology,7.0,11645.6,
PT-3569,James Barrett,2025-06-14,Oncology,17.0,11214.57,
PT-4513,Thomas Norris,2026-04-18,,16.0,1412.8,
PT-2514,Matthew Brown,2026-06-04,Cardiology,6.0,13312.4,
PT-1893,Jennifer Leblanc,,Oncology,23.0,6814.86,
,,2025-01-16,Cardiology   ,11.0,12528.69,
PT-4902,Ryan Olson   ,2024-10-05,Oncology,11.0,"£5,201.99",
,Corey Horn,2025-06-27,   Oncology,23.0,"$6,051.76",
PT-4990,   Christine Smith,2025-04-05,Neurology,2.0,"£11,301.68",
PT-3599,Natalie Duncan,2025-02-03,Pediatrics,15.0,14198.6,
PT-4010,Randy Anderson,2026-03-26,Pediatrics,25.0,12181.03,
,Judy Weaver,2024-10-07,,,2384.46,
PT-4267,Jessica Maldonado   ,2025-12-17,Cardiology,24.0,1581.0,
PT-9051,Nathan Rivera,2026-06-21,Cardiology,23.0,10298.11,
PT-6787,Gregory Rose,2024-12-02,Cardiology,17.0,"£2,456.17",
PT-7120,Dennis Torres   ,2025-03-04,Oncology,30.0,2211.43,
PT-7128,,2025-01-29,Neurology,29.0,3882.12,
PT-5031,Joan Johnson PhD,2025-08-23,Pediatrics,12.0,11644.39,
PT-8774,Gabrielle Smith,2026-04-07,Pediatrics,26.0,1227.22,
PT-4266,Catherine Stewart,2026-06-05,Neurology,21.0,"£6,018.62",
PT-3622,Jonathan Lambert,2025-05-17,,20.0,"£4,130.09",
PT-7893,Christopher Carter,2025-05-24,Cardiology,21.0,"£9,733.91",
PT-2513,Leslie Brooks,2025-03-24,,,2029.2,
PT-9036,Chelsea Ray,2025-05-23,Oncology,9.0,7881.11,
PT-5488,Maria Gordon,,Cardiology,21.0,8040.95,
PT-7277,Christopher Lewis,,Cardiology,4.0,1413.18,
PT-8431,Joel Wright,2024-12-26,Neurology,,6969.65,
PT-5751,Mary Schmidt,2026-07-21,Pediatrics,13.0,12681.0,
PT-5582,Donald Tanner,,Neurology,22.0,2920.06,
PT-1470,Lee Daniels,2024-12-15,Pediatrics,1.0,1912.59,
PT-9060,Christina Bennett,2026-07-04,,9.0,5767.25,
PT-3848,John Evans,2025-03-22,Cardiology,,2732.78,
PT-2292,Kimberly Long,,Oncology,,14778.49,
PT-1242,   Stacy Strickland,2024-12-17,Oncology,9.0,4174.92,
PT-7236,Mr. Jacob Randall,2025-02-09,Cardiology,11.0,"£2,357.89",
,Tammy Garcia,,Pediatrics,2.0,13998.78,
PT-3592,Adam Turner,2026-03-15,Oncology   ,5.0,1060.76,
PT-6259,Stephanie Wallace,2025-08-02,Oncology,,7743.6,
PT-6627,Heather Malone,2025-09-16,Cardiology,21.0,5522.45,
PT-7202,Samantha Harrison,2025-02-18,Cardiology,15.0,3698.18,
PT-6164,Jared Wagner,2025-09-04,Pediatrics,13.0,948.24,
,   Daniel Washington,2026-07-17,   Pediatrics,12.0,4648.9,
PT-4539,Michelle Rice DDS,2025-11-16,   Cardiology,16.0,10468.56,
,Sean Jones,2025-11-21,Cardiology,25.0,14156.96,
PT-9894,Patricia Murphy,2025-10-05,,10.0,14321.0,
PT-8759,Kristen Cervantes,2025-06-12,Neurology,11.0,"$1,463.11",
PT-6033,   Misty Edwards,2025-09-29,Neurology,15.0,7030.24,
PT-5614,Devon Bailey,2025-10-09,Pediatrics,,9104.0,
PT-2024,Jimmy Owen MD   ,2026-07-28,Neurology   ,21.0,9072.36,
PT-4970,Carrie Glover,2024-10-04,Pediatrics,11.0,1463.55,
PT-3202,Trevor Henry,2025-01-01,Neurology,29.0,11121.31,
,,2026-07-19,Cardiology,5.0,4271.43,
PT-5516,Jennifer Reese,2025-05-21,Neurology,20.0,11572.58,
PT-4645,Matthew Clements,,Oncology,21.0,1616.63,
PT-2005,Susan Riddle,2025-03-26,Pediatrics,11.0,"£3,556.47",
PT-5897,Ashley Carter,2026-02-12,Neurology,,5656.35,
PT-6298,,2025-08-26,Neurology,29.0,6343.68,
PT-3924,Pamela Allen,2025-12-07,Neurology,28.0,10767.83,
PT-1970,Monica Lyons,2025-07-05,Oncology,14.0,9752.27,
PT-9632,Shannon Smith,2026-08-05,Pediatrics,,1755.3,
PT-7637,Deanna French,2025-03-23,Pediatrics,24.0,7007.83,
PT-4708,Karen Ho,2026-06-19,Oncology,11.0,1382.88,
PT-5509,   Tyler Oconnor,2026-07-18,Pediatrics,2.0,,
PT-6954,Tanner Trevino,2025-09-25,Neurology,22.0,$836.19,
PT-6358,Jeff Peterson,2025-05-01,Pediatrics,12.0,3479.76,
PT-2107,Allison Marsh,2025-08-30,Oncology,6.0,8033.27,
PT-5931,Jose Scott,2026-05-25,Cardiology,7.0,"$4,972.31",
PT-3313,   Hannah Alvarez,2025-01-13,Oncology,18.0,11989.29,
PT-7521,William Dillon   ,2025-11-14,Neurology,,,
PT-9329,   Tamara Mcdaniel,2026-06-21,Cardiology,24.0,6571.87,
PT-1173,Christopher Kelley,2026-05-16,Neurology,20.0,13445.99,
PT-4041,,2024-09-10,Oncology,26.0,8639.81,
PT-1637,Cassandra Holland,,Oncology,16.0,2393.35,
,Eric Lucas,2024-11-26,Oncology,18.0,6025.51,
PT-5544,Catherine Harper,2025-12-16,   Cardiology,6.0,,
PT-1666,Jay Ward,2025-11-08,Cardiology,27.0,12560.26,
PT-8542,Charles Lynch,2026-07-17,   Cardiology,22.0,9321.34,
PT-6391,   Joseph Frank,2026-01-05,Pediatrics,28.0,13709.71,
PT-9481,Steve Brock,2026-01-14,   Cardiology,24.0,,
PT-8943,Jennifer Diaz,2025-11-29,Cardiology,20.0,$545.83,
PT-4941,Sherri Goodwin,2025-11-04,   Pediatrics,22.0,9815.1,
PT-1174,   Kathy Fisher,2026-07-05,Cardiology,15.0,3606.58,
PT-9835,Brian Smith,2025-07-03,Pediatrics,20.0,4794.34,
PT-7193,Anthony Day,2025-09-10,Neurology,28.0,12414.18,
PT-8681,Abigail Thomas,2025-09-06,Pediatrics,3.0,7590.98,
PT-9733,Brittany Sullivan,2026-09-03,Pediatrics,24.0,13532.84,
PT-1212,,,Pediatrics,3.0,9413.47,
PT-1054,Laurie Young,2025-07-18,Pediatrics,16.0,1132.47,
PT-6058,   Connie Ibarra,2025-11-01,Cardiology,13.0,"£11,875.53",
PT-1256,Kelly Davis,2024-10-19,Pediatrics,,13009.82,
PT-3495,Christopher Holmes,2025-05-25,Oncology,4.0,"$13,615.02",
PT-2144,Christopher Miles   ,2026-07-24,Neurology,6.0,5489.4,
PT-2491,Michaela Gordon,2025-10-17,Oncology,6.0,"$13,835.51",
PT-7761,Tracy Werner   ,2024-12-16,Neurology,6.0,10851.14,
PT-6989,Lisa Andrews,2025-04-24,   Neurology,1.0,13648.04,
PT-4844,Shawn Weaver,2025-08-27,Pediatrics,5.0,"$1,575.23",
PT-5274,Melissa Taylor   ,2025-11-18,Neurology,19.0,12351.79,
PT-1250,Jesse Stewart,2025-10-23,,7.0,"$10,585.29",
PT-3596,Renee Harris,2026-02-07,   Pediatrics,21.0,7401.59,
PT-7444,Mr. David Williams   ,2026-05-20,,16.0,"£1,512.68",
PT-9460,Alexandra Rosario,2024-12-19,Pediatrics,8.0,8896.47,
PT-3799,Latoya Green,2025-10-11,Oncology,9.0,"$1,432.48",
PT-7240,Dawn Scott,2026-02-10,Oncology,4.0,"£8,891.96",
PT-3643,Katie Burch,2026-01-24,Neurology,16.0,8033.96,
PT-8119,Cheryl Campbell,2025-12-24,Neurology,1.0,4841.34,
PT-6497,Alexandra Austin,2026-08-21,Cardiology,3.0,5574.96,
PT-9953,Priscilla Arroyo,2026-09-09,Cardiology,29.0,13227.46,
PT-5561,Jacob Martin,2025-10-21,Cardiology,19.0,,
PT-5795,Stephen Glover,,Pediatrics,17.0,3945.36,
PT-1135,Paige Martin,2026-02-21,Pediatrics,12.0,9922.8,
PT-2589,Michael Scott,2026-07-25,Pediatrics,1.0,"$8,263.97",
,   Darryl Boone,2025-08-23,Cardiology,29.0,7549.19,
PT-6292,Glenda Hobbs,2026-03-16,Cardiology,16.0,1419.87,
PT-8396,Joshua Guzman,2025-06-14,Neurology,14.0,"$12,541.33",
PT-8737,Steven Turner,2026-07-17,Cardiology,30.0,"$3,666.19",
PT-4099,Patricia Anderson,2025-09-17,Oncology,21.0,12833.66,
PT-4458,Brooke Morrison,2024-10-28,Oncology,27.0,8182.43,
PT-8930,Brandy Hart,2026-05-25,Pediatrics,4.0,7519.97,
PT-9301,Allen Lambert,2025-07-26,Oncology,19.0,2915.08,
PT-4604,Dennis Campos,2024-12-26,Pediatrics,4.0,6383.18,
PT-6767,Charlene Bennett,2025-12-04,   Cardiology,16.0,7613.08,
PT-7960,Patricia Smith,2025-07-18,Oncology,18.0,1176.76,
PT-4446,Jeffrey Armstrong MD,2025-11-19,,27.0,1381.43,
PT-5746,Samantha Gray,2025-06-25,Oncology,8.0,1732.57,
PT-9111,Karen Williams,2025-08-05,Cardiology,28.0,"$6,538.43",
,Kevin James,2025-02-27,Pediatrics,30.0,7283.85,
PT-3309,Christine Lawson,2026-08-06,Pediatrics,28.0,"£1,431.22",
,James Robinson,2025-08-23,Oncology,30.0,11175.58,
PT-5658,Andrew Johnson,2025-10-28,Pediatrics,11.0,5319.89,
PT-5773,Joan Freeman,2025-07-18,Cardiology,27.0,7649.81,
PT-1259,Dr. Brenda Powell,2025-04-12,Neurology,9.0,3861.71,
,Kyle Dunn,2024-11-30,Pediatrics,3.0,4712.47,
PT-9243,Jonathan Lutz,2025-02-10,Neurology,29.0,14271.15,
PT-7681,Richard Harris,2025-09-29,Pediatrics,7.0,11170.29,
PT-5495,Debra Turner,2026-05-18,Oncology,4.0,11600.41,
PT-5452,Brenda Young,2026-03-10,Oncology   ,28.0,7919.24,
PT-6129,Nancy Salazar,2025-12-27,Pediatrics,12.0,7835.85,
PT-5754,Kent Harris,2024-09-30,Neurology,4.0,"$4,305.82",
PT-1624,Jessica Bowen,2026-08-24,Oncology,10.0,,
PT-6692,,2025-09-17,Cardiology   ,17.0,13589.61,
PT-9541,James Rosales,,Neurology,7.0,"£3,480.25",
PT-5196,Nathan Parsons,2025-11-09,Cardiology,25.0,"$13,368.72",
PT-6810,Mary Hopkins,2024-12-03,Neurology,2.0,12285.67,
PT-5365,Stephanie Norris,2026-08-22,Cardiology,24.0,"$13,031.29",
PT-9324,William Graham,2025-12-23,Neurology   ,14.0,5299.69,
PT-7258,Dorothy Silva,2026-06-16,Neurology,4.0,"$2,377.84",
PT-8435,Lisa Bolton,2026-05-10,Cardiology,25.0,9654.75,
PT-5507,David Smith   ,2025-07-12,   Neurology,9.0,"£11,488.91",
PT-3712,Linda Smith,2026-06-16,Pediatrics,,14100.69,
PT-2107,Jeffrey Reed,2025-10-12,Oncology,22.0,3117.19,
PT-9167,John Frank,2025-10-22,Cardiology   ,14.0,7108.24,
PT-5208,Justin Kirby,2026-03-13,Neurology,17.0,6720.45,
PT-2570,Brooke Brooks   ,2026-07-02,Neurology,23.0,2390.09,
PT-5726,Brian Foster   ,,Oncology,26.0,14632.56,
PT-5548,Melissa Mueller,2026-09-08,Cardiology,4.0,14184.24,
PT-3442,Elizabeth Stark,2025-03-25,Oncology,14.0,1688.74,
PT-1373,Sarah Butler,2025-06-28,   Oncology,1.0,9715.42,
PT-4896,,2025-11-01,Pediatrics,6.0,9510.39,
PT-2923,Jennifer Oconnell,2025-11-17,Cardiology,2.0,14435.34,
PT-3305,Jonathan Cooper,2025-01-06,Neurology,20.0,,
PT-3836,Justin Cook,2025-06-27,Cardiology,12.0,2785.52,
PT-8026,Alyssa Silva,2024-10-13,Oncology,17.0,13385.46,
PT-3556,Gilbert Macdonald,2024-09-19,Pediatrics,14.0,13658.56,
PT-1122,Lisa Lopez,2025-12-22,Neurology,8.0,8212.58,
PT-6839,Laura Duncan,2024-10-26,Cardiology,30.0,"£1,802.96",
PT-7622,Omar Perez,2026-01-04,Cardiology,13.0,3950.38,
,Joshua Patterson DDS,2025-02-06,Cardiology,7.0,6670.46,
PT-4675,Katherine Bridges,2026-02-27,Pediatrics,6.0,2886.27,
PT-9201,Stephen Jackson,2026-01-21,Pediatrics,29.0,13116.9,
,   Andrea Jones,2025-02-10,Pediatrics,15.0,11239.82,
PT-5915,Stephen Hall,2024-09-14,Cardiology,,"$4,325.20",
PT-4673,Levi Garcia,2026-05-20,Neurology,15.0,14847.04,
PT-3222,Katherine Taylor,2026-03-24,Pediatrics,,13666.57,
PT-4417,John Solomon,2025-12-21,   Oncology,2.0,9777.86,
PT-8614,Curtis Watkins,2026-03-16,,19.0,11823.93,
PT-6292,,2025-02-16,Oncology,24.0,5832.32,
PT-8791,Sonia Lambert,2024-11-06,Cardiology,20.0,14767.71,
PT-1695,Richard Dennis   ,2026-04-04,Neurology,10.0,11894.82,
PT-4374,Jennifer Rodriguez,2026-02-02,Cardiology,18.0,2357.58,
,Robert Hayes,2026-01-15,Neurology,17.0,927.82,
PT-8355,Ryan Schultz,2026-01-09,Pediatrics,30.0,9166.56,
PT-9071,Guy Howell,2025-07-03,Pediatrics,14.0,,
PT-3879,Krystal Porter,2025-04-10,Cardiology,10.0,12360.2,
PT-9982,Matthew Moore,2025-01-27,Cardiology,23.0,1377.25,
PT-4696,John Wright,2024-09-09,Neurology,18.0,13756.34,
PT-8284,Ms. Alexandra Jones PhD,2026-01-15,Neurology,23.0,"$13,733.77",
,,2024-10-10,Pediatrics,15.0,6529.34,
PT-5349,Dr. Ricky Garrett Jr.,2025-12-02,Neurology,15.0,7378.4,
PT-9522,Kyle Rios,2024-09-19,Oncology   ,9.0,3672.16,
PT-4398,Stephen Rojas   ,2026-08-24,,25.0,1660.95,
PT-6063,Lisa Carroll,2024-12-04,,20.0,"$12,481.94",
PT-6453,Teresa Robinson   ,2025-03-07,Oncology   ,6.0,10297.2,
PT-5101,Danielle Aguilar,2024-12-01,Cardiology,1.0,"$6,280.75",
PT-1018,Jerry Curtis,2025-06-25,Cardiology,13.0,14956.53,
PT-8677,Troy Holmes,2025-10-27,Neurology,30.0,,
PT-8832,Ian Carpenter,2025-12-22,Pediatrics   ,6.0,8299.04,
PT-2619,Amy Brown,2026-07-23,Cardiology,1.0,"£6,830.92",
PT-2125,Paul Cuevas,2024-12-08,Oncology   ,8.0,2643.02,
,Carla Sharp,2024-09-13,Pediatrics,8.0,12555.75,
PT-4245,Melinda Johnson   ,2025-11-19,Cardiology,21.0,1639.82,
PT-6411,Aaron Martinez,,Pediatrics,9.0,611.37,
PT-2905,Eric Simon,2025-01-26,Pediatrics,25.0,4872.06,
,David Martinez,2025-03-29,,28.0,7207.6,
PT-7932,Kelly Smith,2024-12-19,Cardiology,19.0,14904.23,
PT-4003,Rachel Raymond,2025-12-29,Neurology,10.0,9028.25,
,Megan Ray,2025-12-02,Pediatrics,8.0,10523.07,
PT-3488,   Alexandra Phillips,2025-08-30,   Neurology,21.0,14714.96,
PT-1251,Carol Allen,2025-04-27,Neurology,26.0,1862.5,
PT-7724,,2025-06-15,Neurology,18.0,6129.38,
PT-1739,Daniel Day,2025-06-19,Neurology,4.0,13145.25,
PT-7365,Kristin Quinn,2026-01-29,Cardiology,15.0,"£3,927.07",
PT-7821,Rachel Jarvis,2024-09-28,Oncology,5.0,5750.79,
PT-2711,Sherri Moore,2024-10-27,Neurology,,"£6,701.98",
PT-7680,Daniel Jackson,2025-12-11,Neurology,10.0,"£5,684.70",
PT-2266,Maria Hayes,2025-02-08,Cardiology,25.0,3854.06,
PT-5077,Amber Castillo,2025-12-01,Cardiology,18.0,"£12,104.29",
PT-8761,Mrs. Norma Wells,2025-05-14,Oncology   ,30.0,10295.46,
PT-2377,Susan Johnson,2026-07-16,Oncology,15.0,1662.18,
PT-9013,Amy Edwards,2024-12-23,Neurology   ,17.0,8521.28,
PT-6731,Robert Taylor,,Oncology,5.0,2397.65,
PT-8231,Michael Jackson,2024-11-24,   Neurology,15.0,13428.42,
PT-6313,Christopher Smith,2025-12-17,Neurology,2.0,2269.53,
PT-3119,Antonio Whitney MD,2026-09-08,Cardiology,4.0,9355.43,
PT-9034,Randy Lutz,2024-10-15,Pediatrics,9.0,5955.78,
PT-8825,   Aimee Gallegos,2026-01-05,Cardiology,23.0,14927.52,
PT-5722,Karen Davis,,Cardiology,16.0,8429.81,
PT-8051,Alejandro Spencer,2024-09-09,Neurology,28.0,4542.62,
PT-9582,Regina Yates,2024-11-21,Neurology,3.0,10913.31,
PT-3012,Mark Robertson   ,2025-05-16,Pediatrics   ,7.0,"£2,155.46",
PT-5300,,2026-07-13,Pediatrics,6.0,10423.04,
PT-5593,   Lisa Gay,2024-10-29,Cardiology,6.0,13394.76,
PT-6795,   Lisa Reed,2026-07-15,Oncology,2.0,9602.99,
PT-4966,Paul Reyes,2025-03-11,Cardiology,8.0,4969.42,
PT-8091,Jennifer Brown,2024-12-10,Oncology,3.0,12947.1,
PT-6803,   Gregory Black,2026-03-24,   Neurology,23.0,2330.59,
PT-4805,Mark Vargas   ,2026-03-17,Pediatrics,13.0,"£6,258.50",
PT-4049,Jennifer Martinez,2026-02-13,Oncology,17.0,14315.79,
PT-7490,,2025-12-15,Oncology,9.0,"£6,592.50",
PT-6356,Benjamin Mejia,2025-08-30,,22.0,2533.68,
PT-6136,Jeffery Huff,2025-02-24,Cardiology,4.0,14011.17,
PT-7598,Jennifer Simon,2026-02-12,Cardiology,30.0,,
PT-9943,Maxwell Little,2025-10-09,Neurology,30.0,"$10,318.23",
PT-2029,Carl Massey,2025-01-16,Oncology,23.0,"$7,633.31",
PT-2538,Stephanie Ochoa,2026-02-15,   Cardiology,20.0,8351.95,
PT-8948,Carrie Carney,2026-04-22,Cardiology,12.0,,
PT-3637,Jared Nelson,2026-02-16,Oncology,2.0,"$6,676.96",
PT-5423,James Gonzales,2024-09-27,Oncology,10.0,2621.68,
PT-9267,Carlos Hampton,,Pediatrics,,7371.17,
PT-5612,Jessica Gutierrez,2026-05-03,Cardiology,13.0,5797.02,
PT-1294,Adam Rodgers   ,2026-06-07,Neurology,27.0,"£9,610.55",
PT-9980,Diane Foster,2024-10-15,Cardiology   ,25.0,6637.3,
PT-6488,   Kristine Williams,2026-01-28,,22.0,10015.05,
PT-8738,,2026-03-24,Oncology,29.0,3176.62,
PT-4865,Lauren Yang   ,,Neurology,1.0,4223.05,
PT-6146,Kyle Lara,2026-01-11,Pediatrics,30.0,14498.14,
PT-8621,Lindsay Fleming,2026-06-14,Pediatrics,6.0,14480.33,
PT-6022,Kevin Costa   ,2025-01-22,Pediatrics,29.0,13932.39,
PT-8803,Phyllis Romero,2026-08-03,Cardiology,6.0,4056.5,
PT-6009,Dylan Anderson,2024-09-10,Oncology,14.0,11837.23,
PT-2374,Kristine Lynch,2024-12-11,Cardiology,6.0,1857.25,
PT-1273,Joseph Welch,2024-12-05,Oncology,13.0,"$4,381.39",
PT-8107,Jim Bennett,2024-10-17,Neurology,9.0,12035.34,
PT-3626,Veronica Edwards,2025-07-30,Pediatrics,14.0,4869.88,
PT-2288,Keith Pena   ,2026-03-19,   Oncology,27.0,"£13,771.25",
PT-9325,Tracy Richardson,2024-09-23,Cardiology,15.0,4556.79,
PT-8836,Tiffany Mejia,2026-01-06,Neurology,18.0,5425.95,
PT-7200,Autumn Frazier,2025-02-01,Cardiology,20.0,,
PT-9892,   Patrick Jackson,2024-11-01,Cardiology,20.0,14163.41,
PT-8743,Brandon Hall,2026-08-25,Neurology,22.0,10975.27,
PT-7108,Zachary Carter,2025-07-14,Neurology,8.0,4215.64,
PT-9603,Jennifer Morgan,2025-09-12,Neurology,23.0,"£3,710.03",
PT-9090,Cristina Whitney,2024-10-19,Neurology,5.0,"£3,900.55",
PT-3482,   Steven Lewis,2026-07-19,Oncology,18.0,6094.7,
PT-3197,Jimmy Martinez,,Cardiology,27.0,6234.47,
PT-5634,Darren Anderson,2025-05-25,Cardiology,2.0,7908.12,
PT-9776,Jeffrey Phillips,2026-03-25,Cardiology,6.0,11249.15,
PT-9287,Randall Young   ,2026-06-28,Cardiology,25.0,11019.58,
PT-8553,   Barbara Miller,2025-06-13,Oncology,5.0,9416.07,
PT-6601,,2026-05-11,Oncology,17.0,13301.63,
PT-9977,,2025-06-15,Pediatrics,14.0,10462.9,
PT-7191,Charles Todd,2024-11-09,Pediatrics,12.0,"$2,123.66",
PT-5939,Tracy Webster,2025-07-27,Pediatrics,23.0,2566.51,
PT-9233,Megan Campbell,2025-12-02,,18.0,2262.27,
PT-9357,Tyler Escobar,2025-02-19,Oncology,24.0,11908.38,
PT-2768,   Aaron Cooper,2024-11-19,Neurology,20.0,6389.12,
PT-9638,Thomas Wilson,2024-12-24,Neurology,7.0,5973.68,
PT-6310,Jo Meza,2026-01-15,Cardiology,9.0,12403.97,
PT-4674,Teresa Torres,2025-04-30,,29.0,5447.13,
PT-6559,   Micheal Clark,2024-12-02,,14.0,7046.42,
PT-6596,Donna Salas,2026-05-08,,13.0,"$8,232.52",
PT-7747,Matthew Hahn,2026-08-06,Neurology,30.0,,
PT-1408,Elizabeth Garcia,2025-05-27,Oncology,3.0,8521.72,
PT-3721,Courtney Cook,2026-05-27,Oncology,17.0,5065.79,
PT-8105,James Davis,2025-08-30,Oncology,14.0,12073.67,
PT-7431,Sandra Perez,2025-06-13,Neurology,1.0,10052.95,
PT-5716,Linda Hawkins   ,,Cardiology,30.0,"£13,924.13",
,Jennifer Rowland,2025-03-27,   Oncology,11.0,2534.63,
PT-6046,John Villanueva,2025-03-19,Pediatrics,13.0,6044.63,
PT-3646,Ricardo Butler,2025-04-18,Cardiology,28.0,2365.55,
PT-7266,Leslie Bishop,2025-02-21,Cardiology,11.0,11752.23,
PT-2923,Christopher Chan,2025-09-12,Oncology,30.0,8058.43,
PT-5407,Karen Martinez,,Neurology,28.0,"£9,713.59",
PT-6234,Sean Vargas,2025-03-11,Oncology,29.0,5828.64,
PT-1770,John Sheppard,2026-05-06,,30.0,6567.63,
PT-2404,Scott Peck,2024-11-11,Oncology,24.0,14729.26,
PT-7807,Justin Walker,2025-05-30,Cardiology,12.0,9245.3,
PT-6113,Cindy Brewer,2025-12-04,Pediatrics,23.0,4934.81,
PT-5037,Brandon Barr DDS,2024-11-15,   Cardiology,3.0,,
PT-4401,Michael Allen,2026-08-06,Neurology,9.0,7626.07,
PT-2998,Andrea Keller,2025-08-12,Pediatrics,,10090.53,
PT-3772,Roger Kelly,2026-04-21,,11.0,8746.57,
PT-6139,Donna Ramos,2026-06-25,Oncology,12.0,7785.94,
PT-7630,Renee Lewis,2026-04-26,Neurology,7.0,11753.47,
PT-1524,Jessica Hooper,2026-07-11,Oncology,10.0,"£10,372.91",
PT-8492,Diana Williams,,Pediatrics,16.0,4764.97,
,Ronnie Williams,2025-05-14,Neurology,7.0,"$12,364.33",
PT-4218,Paige Allen,2025-06-23,Oncology,14.0,"$11,952.86",
PT-6483,Jordan Wagner,2024-09-15,Pediatrics,13.0,"£2,164.95",
PT-4870,Carlos Williams,2025-06-12,Oncology,18.0,12462.93,
PT-3177,Timothy Burnett,2024-12-09,Cardiology,2.0,12821.5,
PT-9911,Joseph Fernandez,2024-10-30,,5.0,8565.47,
PT-1833,Allen Morris,2025-06-07,,17.0,"£10,021.74",
PT-7908,Richard Washington,2026-06-22,Oncology,2.0,7423.65,
PT-6768,Nathan Kaiser,2026-02-23,Oncology   ,12.0,3687.25,
PT-8249,Brandon Smith,2026-05-04,Neurology,27.0,14891.99,
PT-1879,Mr. William Gardner DDS,2025-05-09,Pediatrics,19.0,7312.27,
PT-4728,Susan Bowers,2025-08-26,Oncology,3.0,10819.74,
PT-8123,Shawn Baxter,2025-07-06,Cardiology,,12354.7,
PT-1635,April May,2025-05-16,Cardiology,14.0,13357.62,
PT-6320,James Cantrell,2026-02-18,Neurology,20.0,"$2,119.03",
,Michelle Jackson,2025-10-17,Neurology   ,,"£14,282.32",
PT-6396,Susan Jones,2026-05-23,Neurology,12.0,"£3,850.55",
PT-1064,Jasmine Adams,2025-09-09,,8.0,7114.53,
,Crystal Webb,2025-11-10,,21.0,12733.59,
PT-2522,Donald Anderson,2026-05-02,Oncology,3.0,5206.83,
PT-6328,   Zachary Thompson,2025-07-03,   Cardiology,7.0,6225.61,
PT-9688,Kristin Huff,2025-05-05,Pediatrics,2.0,7582.56,
PT-7684,Paula Nolan,2025-06-26,Cardiology,24.0,3144.06,
PT-5883,Robert Williams,2025-07-15,Pediatrics,14.0,"£7,179.96",
PT-6373,,2025-08-25,Neurology   ,27.0,1997.92,
PT-4811,Anthony Figueroa,2025-04-13,Neurology,26.0,"$13,725.83",
PT-2887,Kevin Morgan,2026-02-13,Cardiology,28.0,"£8,423.79",
PT-4969,   Sarah Norman,2025-07-08,Neurology,9.0,9757.9,
PT-9178,   Mark Richardson,2024-10-24,Neurology,11.0,11881.39,
PT-8497,Roger Hughes,2025-10-05,Pediatrics,10.0,10127.77,
PT-9628,Spencer Smith   ,2026-01-22,Oncology,3.0,3092.51,
PT-2377,Donna Weaver,2026-06-17,Oncology,5.0,"£10,266.73",
PT-1102,   Theresa Leonard,2025-03-14,Cardiology,6.0,,
PT-2171,   Victor Floyd,2025-09-11,Cardiology,29.0,2619.58,
PT-4578,Todd Chavez   ,2024-12-24,Cardiology,15.0,"£9,084.59",
PT-6465,Mr. Ryan Robbins,2025-07-22,Cardiology,21.0,11945.76,
PT-2788,   Anna Lewis,2025-05-03,Cardiology,,729.26,
PT-7969,Lisa Macdonald,2025-11-29,Oncology,21.0,11868.97,
PT-2398,Linda Hernandez   ,2025-11-24,Neurology,12.0,8652.88,
PT-8162,Jonathan Collins,2025-03-05,Oncology,9.0,13178.17,
PT-7960,Jeremy Taylor,2024-12-16,Oncology   ,25.0,,
PT-6068,Terri Cox MD,2026-05-31,Neurology,16.0,1317.98,
PT-9615,Erin Jones,2024-09-13,   Neurology,,"£14,576.20",
PT-4348,Heidi Duran,2026-08-24,Neurology,4.0,"$7,295.89",
PT-5903,   Jessica Humphrey,2025-11-07,Cardiology,20.0,5028.63,
,Edward Austin   ,2024-12-07,Pediatrics,29.0,11510.85,
PT-7409,Billy Gonzalez,2025-03-07,Pediatrics,19.0,,
PT-6154,Dr. Kenneth Wang,2026-01-04,Cardiology,8.0,,
PT-2182,Cassandra Hill   ,2025-12-31,Neurology,20.0,1838.66,
PT-3042,Michelle Lopez,2025-06-19,Oncology,17.0,3818.11,
PT-9280,Lauren Greene   ,2025-12-25,Oncology,18.0,3745.62,
PT-8940,Jennifer Thompson,2026-03-05,Pediatrics,12.0,10927.32,
PT-8841,Stacey White   ,2025-08-07,Oncology   ,23.0,1042.0,
PT-7088,Vicki Graham,2025-07-14,Oncology,15.0,"$8,833.61",
PT-7246,Victor Gonzales   ,2026-09-02,Cardiology,27.0,2752.04,
PT-8699,Alison Jones,2025-01-16,Cardiology,4.0,"£6,927.12",
PT-9048,William White DDS,2025-07-16,   Oncology,16.0,9263.62,
PT-9046,Anthony Castillo,2026-02-19,Pediatrics,17.0,"$11,095.39",
PT-9771,Elizabeth Logan,2025-05-01,Neurology,19.0,9468.8,
PT-4419,   Robert Powell,2025-05-20,Oncology,19.0,2007.17,
PT-9329,Gregory Hill,2025-06-19,Oncology,30.0,3066.49,
PT-6586,,2025-01-20,Neurology,10.0,4393.89,
PT-3622,Brian Hoffman,2025-12-21,Neurology,1.0,10709.73,
PT-4471,Daniel Stark,2024-11-07,Cardiology,,"£4,384.62",
PT-6077,   John Jones,2025-09-08,Neurology,4.0,7668.99,
PT-2411,Thomas Flores,2025-07-21,Oncology,26.0,9198.03,
PT-3203,Jill Flores,2025-08-31,Neurology,7.0,5281.6,
PT-2244,   Scott Cruz,2025-10-27,Cardiology,10.0,8844.19,
PT-9799,Crystal Williams,2025-06-27,Pediatrics,1.0,"£5,537.14",
PT-4643,Wendy Miller,2026-02-08,,11.0,,
PT-9593,Michael Lawrence   ,2025-01-08,Pediatrics,17.0,6353.16,
PT-7782,Jonathan Miller,2026-02-13,Oncology,26.0,3021.51,
PT-7129,,2025-07-29,Oncology,8.0,6379.67,
PT-1142,Mr. Austin Davis,2026-02-25,Neurology,21.0,2932.69,
PT-1545,Rhonda Levine,2025-12-02,Oncology,19.0,1442.33,
PT-1693,   Sarah Le,2026-07-23,Cardiology,14.0,3847.41,
PT-2890,David Murphy,2025-02-20,Oncology,17.0,13790.08,
PT-3137,Susan Lopez,2025-10-29,Pediatrics   ,7.0,3985.85,
PT-3468,   Casey Evans,2026-02-08,Cardiology,1.0,"£11,779.58",
PT-5360,Nicole Wilcox,2025-03-21,Pediatrics,4.0,10990.82,
PT-7425,Jeffery Butler,2024-12-21,Cardiology,29.0,8511.43,
PT-4704,Garrett Johnson,2025-06-04,   Cardiology,28.0,8899.64,
PT-8576,Danny Johnson,2024-11-05,Neurology,27.0,13153.22,
PT-1976,Donna Price   ,2026-08-16,Neurology   ,17.0,,
PT-5053,Crystal Stewart,2025-04-12,Neurology   ,4.0,8103.69,
PT-2248,Joseph Scott,2025-11-16,Oncology,28.0,4451.38,
PT-3525,John Richards,2025-06-01,Oncology,16.0,10941.24,
PT-6521,Brian Doyle,2025-09-27,Oncology,30.0,"£1,501.29",
PT-1215,Allison Green,2024-10-13,Cardiology,9.0,"$9,885.71",
PT-5440,,2026-06-04,Pediatrics,25.0,6646.09,
PT-9060,Andrew Cunningham,2025-05-08,Neurology,27.0,,
PT-8361,David Griffin,2024-10-22,Pediatrics,,10817.25,
PT-2701,,2024-11-27,Oncology,30.0,9429.92,
PT-1513,Jorge Garza,2025-12-18,,7.0,13756.02,
PT-1731,Diane Hernandez,2025-01-04,Neurology   ,11.0,532.54,
PT-3440,Jeff Gray   ,2025-06-21,Oncology,8.0,10955.42,
PT-8675,Evan Ford,2025-05-17,Cardiology,10.0,1153.94,
PT-3996,Joshua Lewis,2025-01-31,Neurology,7.0,5485.21,
PT-3991,Vanessa Barnes,2025-07-17,Pediatrics,29.0,8497.07,
PT-9037,Kathryn Edwards,2026-01-29,Cardiology,20.0,4893.09,
PT-9449,   Cassandra Brown,2025-04-20,Pediatrics,18.0,,
PT-5988,John Holmes,2026-04-16,Cardiology,7.0,13617.89,
PT-9775,William Roy,2025-04-22,Oncology,29.0,781.47,
PT-9798,Joseph Lucas,2025-11-26,Cardiology,11.0,3780.98,
PT-1486,Charles Miller,2025-05-07,,10.0,13343.44,
PT-5511,Michael Chavez,2025-12-01,   Oncology,11.0,,
PT-8311,Nicole Johnson,2026-07-21,Neurology,18.0,11052.79,
PT-5707,   Daniel Bennett,2025-03-08,Neurology,19.0,864.34,
,Theodore Nguyen,2024-11-17,Neurology,11.0,"£13,023.73",
PT-2971,Tyler Bowen,2025-06-02,Cardiology,5.0,14877.8,
PT-7263,,2024-10-29,Pediatrics,7.0,9054.77,
PT-4956,Patrick Johnson,2024-11-10,Neurology,16.0,951.92,
PT-4387,Jennifer Rodriguez,2025-12-15,Cardiology,29.0,745.95,
PT-5589,,2025-09-19,Pediatrics,9.0,9215.43,
PT-8441,Brittney Blevins,2024-11-21,Neurology,23.0,6553.63,
PT-3722,Stephen Evans,2025-02-07,Oncology,10.0,11180.3,
PT-5249,Jessica Jones,2026-05-25,Oncology,23.0,6809.88,
PT-3795,Pamela Lee,2024-10-17,,25.0,"$9,712.44",
PT-3670,Benjamin King,2025-08-26,Oncology,25.0,12029.31,
PT-7586,James Ball,2026-01-22,Neurology,9.0,13480.36,
PT-6763,Jennifer Yates,2025-08-11,Neurology,22.0,624.64,
PT-6900,   Amanda Brown,2026-07-02,Cardiology,11.0,"£12,848.33",
,Cory Perez,2026-04-12,Neurology,6.0,"£7,525.07",
PT-1408,Martin Shannon,2025-12-31,Oncology,21.0,7282.56,
PT-6900,,2024-11-03,   Cardiology,27.0,4899.23,
PT-6833,Jason Miller,2025-08-12,Oncology,22.0,2197.53,
PT-1578,Bianca Winters,2025-05-29,Oncology   ,29.0,11248.16,
PT-1332,,2026-08-29,Neurology,21.0,10168.47,
PT-6530,Robin Alvarado,2026-04-08,Cardiology,21.0,6486.85,
PT-2931,Diana Parks   ,2024-10-11,Cardiology,13.0,8702.25,
PT-8621,   Carrie Mathews,2025-12-28,Neurology,13.0,6362.91,
PT-7975,Carolyn Velez   ,2025-01-05,   Oncology,5.0,"£11,975.55",
PT-5070,James Barnes,2025-06-15,Pediatrics,2.0,8893.1,
PT-1349,Morgan Graves,2025-07-28,Cardiology,1.0,,
PT-2685,Shannon Ramirez,2025-03-13,,,13014.28,
PT-8600,   Felicia West,2024-12-23,Oncology,13.0,,
PT-2129,Michael Wagner,2026-01-25,Oncology,21.0,"$14,712.74",
PT-5459,Pamela Johnson,2024-09-14,Pediatrics,10.0,,
PT-4788,Anthony Olson,2026-08-30,   Neurology,2.0,5960.13,
PT-4478,Edward Robles,2024-12-31,Oncology,7.0,9274.92,
PT-6437,Yolanda Jones,2026-04-26,Oncology,15.0,1690.95,
PT-3734,Amy Rice,2026-03-30,Oncology,4.0,"£4,469.59",
PT-7980,Alexis Robertson,2025-07-30,Oncology,24.0,9480.63,
PT-7110,Mr. Christopher Hall Jr.,2025-08-29,Oncology,18.0,"£4,346.08",
PT-5127,Sarah Lawrence,2025-09-12,Neurology,11.0,8137.53,
PT-2471,Jessica Hill   ,2024-11-25,Pediatrics,19.0,4547.82,
PT-2553,Jacqueline Neal,2025-08-13,Neurology,29.0,9591.63,
PT-1597,Sarah Peterson,2025-05-04,Cardiology,16.0,12248.5,
PT-6549,Tracy Williams,2026-03-20,,19.0,"$12,691.83",
PT-9803,Terri Pratt,2024-12-22,Cardiology,13.0,"£5,906.13",
PT-4740,Miranda Hale,2026-05-26,Oncology   ,23.0,12930.48,
PT-7354,Omar Davis,2025-01-21,Oncology,16.0,12103.8,
PT-3567,Joshua Berry,2026-05-12,Cardiology,18.0,,
PT-4092,Karl Munoz,2025-09-16,Cardiology,16.0,8116.33,
PT-3638,Brittany Cooley,2024-12-25,Pediatrics,18.0,1621.68,
PT-2952,   Annette Atkinson,2024-09-15,Cardiology,24.0,6444.54,
PT-4154,Charles Gonzalez,2026-02-24,Neurology   ,21.0,14310.9,
PT-5148,   Mr. Richard Harmon MD,2025-07-06,Pediatrics,5.0,2202.05,
PT-1859,Christopher Davidson,2024-09-12,   Cardiology,27.0,14244.53,
PT-2442,Lynn Orr,2024-11-28,Cardiology,2.0,14805.23,
PT-5455,Jill Olsen,2024-12-16,Cardiology,26.0,5758.3,
PT-2182,   Joshua Williamson,2025-03-14,Oncology,16.0,6655.68,
PT-2065,Nancy Garcia,2026-06-15,Oncology,18.0,6691.71,
PT-5066,Amy Love,2025-01-09,Neurology,13.0,"£4,927.28",
PT-5709,Samantha Johnson   ,2026-03-09,Cardiology,28.0,13670.44,
PT-9941,Jennifer Ramsey,2026-07-21,Oncology,28.0,2573.23,
PT-8646,Lindsey Miller,2025-10-06,Oncology,9.0,"£14,822.92",
PT-1685,Timothy Stephenson,2026-06-07,Cardiology,24.0,"£2,069.97",
PT-4293,Samantha Burke,2026-03-10,Cardiology,28.0,13417.02,
PT-1651,   Louis Lynch,2024-12-20,   Neurology,30.0,"$5,885.13",
PT-6153,Morgan Gallagher,2026-06-03,Neurology,23.0,10626.74,
PT-8735,Samuel Norman,2026-06-11,Neurology,11.0,9349.56,
PT-8963,Chad George,2026-07-09,Cardiology,26.0,8511.74,
PT-3979,Evan Michael,2025-02-20,Cardiology,26.0,7227.67,
PT-6204,Lisa Alexander,2025-04-24,Oncology,8.0,"$12,942.70",
PT-3048,   Dylan Jones,2026-01-16,Oncology,2.0,7268.58,
PT-8398,Shelly Jones,2025-11-30,Neurology,4.0,3505.32,
PT-8190,John Adams   ,2025-08-28,Cardiology,6.0,2952.02,
PT-7506,Brandon Murillo,2026-08-30,Pediatrics,30.0,12021.08,
PT-2269,Kimberly Gutierrez,,Cardiology,23.0,5764.3,
PT-6036,   Wesley Brooks,2024-12-12,   Pediatrics,,14495.16,
PT-2901,Barbara Stephens,2026-08-11,Cardiology,16.0,,
PT-1250,Cathy Ware,2025-01-28,Oncology,10.0,13216.19,
PT-9669,Michael Alvarez   ,2025-08-25,Cardiology,21.0,8624.1,
PT-9486,,2026-06-19,Oncology,5.0,6461.44,
PT-4293,Calvin Perry   ,2024-12-05,Cardiology   ,14.0,,
PT-4230,   Amy Garcia,2025-10-16,Oncology,8.0,9366.12,
PT-7021,Dylan Bradford,2026-07-07,Cardiology,11.0,14907.81,
PT-5047,Deanna Howard,2024-11-05,Cardiology,19.0,"$9,798.66",
,Willie Russell,2025-03-03,Oncology,16.0,8703.89,
PT-1497,,2025-10-10,   Neurology,11.0,2092.42,
PT-4045,Richard Miller,2025-05-02,Oncology,22.0,"$3,228.16",
PT-6484,Mark Rosales,2026-02-16,Pediatrics,22.0,8017.1,
PT-3097,Courtney Nash,2025-11-03,Cardiology,4.0,8292.74,
,William Thompson,2024-10-01,Oncology,6.0,,
PT-9744,Michael Berg   ,2026-04-19,Cardiology,16.0,"$12,701.31",
PT-2976,Rachel Schmidt,,Neurology,29.0,8760.89,
PT-5500,Michael Phillips,2026-07-29,Cardiology,21.0,"£12,263.06",
PT-6971,Nancy Morris,2026-05-25,Cardiology,9.0,7941.53,
PT-7098,   Jessica Fry,2025-12-18,Pediatrics,20.0,14914.88,
PT-2184,Danielle Anderson,2024-11-19,Oncology,30.0,13229.01,
PT-7627,,2025-08-05,Pediatrics,27.0,,
PT-8853,Adam Jones,2025-04-10,Oncology,30.0,£655.97,
PT-2921,Michael Drake,2026-06-26,Cardiology,23.0,9271.66,
,Nicole Villarreal,2026-08-29,Oncology,,4607.76,
PT-2156,Donald Jackson,2025-10-24,Pediatrics,11.0,6071.49,
PT-7194,Melissa Matthews,2025-09-24,Cardiology,23.0,9875.41,
,Christine Wang,2026-03-23,Cardiology,30.0,5676.52,
PT-5776,Jaime Contreras,2025-01-01,Oncology,17.0,"£10,431.70",
PT-2006,Justin Murray,2025-02-11,Cardiology,,7891.34,
PT-9149,Jacqueline Nicholson,2025-11-20,,22.0,11573.99,
PT-8924,Gavin Ward,2026-08-23,Pediatrics,,12106.52,
PT-1606,Amber Curry,2025-11-01,Pediatrics,17.0,10476.89,
PT-6946,Tasha Bell,2026-08-17,Cardiology,23.0,10909.92,
PT-4408,Tyler Shannon,2024-10-30,,28.0,3704.45,
PT-5375,Jessica Boyd,2025-05-17,,14.0,"£4,814.72",
PT-5960,James Butler,2025-05-14,Neurology,25.0,9512.4,
PT-6902,Lorraine Anderson,2026-03-27,Oncology,20.0,8499.6,
PT-4166,Kristie Rodriguez,2025-05-14,Cardiology,29.0,5120.57,
PT-5295,James Wiley,,Cardiology,8.0,"£2,977.86",
PT-3826,Kristina Rodriguez,2025-07-07,Cardiology,23.0,,
PT-9004,Laura Jackson,2025-02-11,Neurology,21.0,"$9,987.64",
,Karen Gamble,2026-04-19,Oncology,22.0,,
PT-6501,Lori Roy,2026-08-09,Cardiology   ,28.0,10380.69,
PT-4207,Patricia Mckenzie,2026-08-14,Neurology,6.0,5645.65,
PT-5240,Andrew Ortiz,2025-09-12,Cardiology,24.0,"£13,455.52",
PT-2624,Jane Martin,2025-01-12,Cardiology,8.0,7120.71,
PT-5146,Daniel Hickman,2025-02-11,   Pediatrics,14.0,5167.29,
PT-3722,Douglas Nguyen,2025-07-14,   Neurology,28.0,5185.84,
PT-9640,Michelle Hull,2025-04-18,Neurology,17.0,9004.57,
PT-5451,   Gina Moore,2026-02-01,Pediatrics,16.0,11511.41,
PT-3416,Jessica Johnson,2025-04-21,Neurology   ,1.0,14565.69,
PT-4304,Nicholas Burns,2026-03-19,Pediatrics,30.0,"£6,757.55",
PT-5236,Joseph Rodriguez,2024-11-20,Pediatrics,24.0,3153.24,
PT-1160,Daniel Martin,2024-11-09,Pediatrics,24.0,5136.53,
PT-9062,Mark Sandoval,2024-10-28,Pediatrics,7.0,2323.23,
PT-8496,Natalie Sanders DVM,2025-01-18,Neurology   ,5.0,11128.14,
PT-4205,Alicia Diaz MD   ,2026-03-17,Neurology   ,20.0,10638.86,
PT-5108,Gary Oneill,2025-02-03,Neurology,10.0,3860.12,
PT-3677,April Garcia,2025-11-23,   Neurology,,3098.98,
PT-6966,George Hicks,2025-02-27,Oncology,19.0,6912.3,
PT-7647,Zachary Best   ,2025-06-08,Oncology,26.0,3046.0,
PT-3833,Samuel Brown,2025-07-17,Cardiology,18.0,8790.36,
PT-2494,,2026-08-10,Pediatrics,29.0,"$13,494.55",
PT-9646,   Anthony Gonzales,2025-07-07,Cardiology,15.0,14722.58,
PT-4749,Lisa Wheeler   ,2025-06-09,,21.0,,
PT-5715,Michelle Salazar,2026-04-01,,12.0,,
PT-6090,Lindsey Andrade,2025-02-24,Pediatrics,5.0,10788.64,
PT-9301,Jeffrey Rhodes,2025-04-03,Neurology,10.0,8553.93,
PT-4070,Olivia Vasquez,2025-10-13,Cardiology,7.0,2292.49,
PT-6057,Aaron Mcdaniel,2025-06-17,Neurology,14.0,"£1,865.29",
PT-7613,Mr. Brian Lara DDS,2024-10-11,Neurology,3.0,4420.99,
PT-1217,Logan Warren,2026-09-09,Pediatrics,24.0,9946.94,
PT-1381,April White,2025-09-17,Neurology,10.0,12950.26,
PT-8898,Heather Pittman   ,2026-06-17,Pediatrics,4.0,"$13,503.22",
PT-6354,Mrs. Yolanda Smith,2025-08-18,Pediatrics,23.0,11350.26,
PT-5869,Brittney Wilson,2026-04-21,Pediatrics,28.0,11794.92,
PT-9684,John Huff MD   ,2025-03-29,Cardiology,22.0,13126.62,
PT-8830,Carrie Martinez   ,2025-10-05,Pediatrics,19.0,2498.94,
PT-4638,Angel Peters,2025-12-02,Neurology,26.0,9984.27,
PT-3757,Rebecca Preston,2025-09-10,Neurology,22.0,863.52,
PT-6607,Gary Evans,2025-10-11,Cardiology,6.0,6160.19,
PT-2942,Gregory Long,2025-12-25,Oncology,6.0,"£6,749.52",
PT-1208,Kevin Tapia,2026-08-11,Neurology,17.0,5520.39,
PT-5990,Julian Martinez,2025-04-12,,13.0,8593.21,
PT-6325,Jason Fowler,,Cardiology,16.0,11405.37,
PT-7743,Tom Allen,2025-12-17,Cardiology,28.0,"$1,611.61",
,Mary Robinson,2026-02-21,Pediatrics,,3770.3,
,Brenda Reyes,2026-07-11,Neurology,21.0,"$6,813.70",
PT-6137,Mr. Paul Lane,2025-12-02,Neurology,4.0,13210.24,
PT-5956,Christopher Patterson,2026-07-01,Oncology,30.0,"$1,266.94",
PT-9102,Vincent Bowen,2026-01-14,Pediatrics   ,28.0,10456.64,
PT-5582,Sara Diaz,2024-10-14,Neurology,24.0,7784.85,
PT-3224,Adrienne Foster,2024-11-13,   Pediatrics,27.0,5263.7,
PT-9646,Angela Ramirez,2024-10-14,   Pediatrics,18.0,13431.75,
PT-3969,Matthew Robinson,,Neurology,4.0,"$7,020.94",
PT-6059,Mr. Jeff Leblanc,2024-10-04,Neurology,17.0,7742.8,
PT-7693,Jacob Herring,2025-12-22,Oncology,20.0,3290.15,
PT-5182,Sarah Whitehead,2025-06-30,Cardiology,22.0,"$1,390.99",
PT-4294,Robert Cruz,2025-04-03,Oncology,11.0,13233.06,
PT-5266,Stephanie Garcia,2025-11-04,Neurology,14.0,1958.85,
PT-4646,Frederick Mccoy,2025-01-18,Cardiology,28.0,13325.12,
PT-7849,Samuel Henry,2026-01-20,Cardiology,,2016.78,
PT-4468,Brenda Serrano   ,2026-03-08,   Cardiology,7.0,9682.22,
PT-9560,Allison Nunez,2026-05-29,Cardiology,29.0,,
PT-8701,Francisco Wilson,2026-08-23,Neurology,14.0,"$7,835.26",
PT-2344,Briana Evans,2026-07-23,Oncology,27.0,4927.68,
PT-7739,Elizabeth Williams,2025-01-23,Cardiology,21.0,7151.18,
PT-3611,Richard Wilkins,2026-06-12,Cardiology,18.0,,
PT-1948,Kevin Wilson,2025-01-23,   Pediatrics,23.0,"£1,597.94",
PT-4688,Margaret Berger,2026-07-02,Oncology,6.0,"£5,960.44",
PT-5610,Scott Wise   ,2026-03-30,Cardiology,30.0,"£3,099.38",
PT-9781,Kelly Weaver,2025-06-30,Cardiology,18.0,9998.19,
PT-3312,Christina Erickson,2026-03-19,Pediatrics,1.0,"£12,815.45",
PT-9474,John Moses,2024-11-04,Pediatrics,21.0,3119.21,
PT-6902,Allison White,2025-08-18,Cardiology   ,30.0,"£12,528.46",
PT-3734,Dustin Sullivan DVM,2025-01-02,Cardiology,16.0,"$14,485.57",
PT-4547,Edward Strong,2025-03-28,Oncology,17.0,11835.21,
PT-6575,Denise Stokes MD,2024-10-22,Cardiology,12.0,9393.56,
PT-4710,Jesse Martinez,,Pediatrics,25.0,5583.11,
PT-5169,Jeffery Murray,2025-04-25,Oncology,22.0,9797.44,
PT-8125,Kimberly Ford,2025-09-02,Pediatrics,23.0,12780.51,
PT-8491,Charles Hicks,2026-03-23,   Pediatrics,11.0,"£2,070.27",
PT-7887,Samantha Morales,2026-03-26,Oncology,15.0,2100.75,
PT-8600,Alec Johnson,2025-11-01,Neurology   ,3.0,11483.85,
PT-4145,Andrew Thompson,2026-03-31,Cardiology,5.0,1145.01,
PT-1307,Nicole Warren   ,2024-12-09,Neurology   ,19.0,"$6,594.26",
PT-2356,Evan Foster,2024-11-02,   Cardiology,4.0,"$7,274.41",
PT-4956,Ethan Roberts,2024-10-04,Cardiology,2.0,12868.07,
PT-8952,Larry Pope,,Oncology,10.0,4144.92,
PT-4040,Nancy Matthews,2024-11-19,Oncology   ,20.0,14409.47,
PT-2231,John Oconnor,,Cardiology,12.0,"$12,619.64",
PT-1477,Brian Baker,2025-06-23,Cardiology,11.0,7049.13,
PT-5980,   Veronica Neal,2026-04-14,Oncology,19.0,5154.53,
PT-2123,Megan Wagner,2024-11-16,Cardiology,9.0,602.14,
PT-7917,,2025-09-08,Cardiology,6.0,"£14,804.01",
PT-4626,   Robert Valenzuela,2026-05-20,,18.0,2416.27,
PT-9545,William Hartman,2026-07-03,Neurology,5.0,2732.24,
PT-1930,,2024-11-12,Cardiology,30.0,802.92,
PT-8971,Anthony Miller,2025-09-22,Pediatrics,29.0,"$2,535.57",
PT-3598,Ryan Lowe,2024-09-22,Neurology,25.0,11713.98,
PT-4232,Billy Vance,2026-08-27,Pediatrics,14.0,"£13,996.57",
PT-9162,Pamela Jones,2025-07-16,   Oncology,30.0,"$9,071.15",
PT-6808,Alexander Campbell,2025-09-29,Neurology,5.0,"£10,075.45",
PT-2503,William Rivera,2025-02-25,Pediatrics,25.0,13048.11,
PT-3287,Lacey Richmond,2024-10-04,Neurology,22.0,6559.21,
PT-9259,Lisa Oneill,2025-07-26,Pediatrics,2.0,6047.19,
PT-6391,Douglas Mills,2026-06-12,Pediatrics,,"$8,577.19",
PT-3300,Harold Mullins,2026-04-12,   Cardiology,20.0,11402.28,
PT-3379,Robert Romero,2025-05-28,Oncology,14.0,2342.89,
PT-3882,Jason Wilson,2025-04-07,Neurology,8.0,"$5,776.26",
PT-4841,Brandon Nguyen,2024-12-23,Cardiology,17.0,9173.8,
PT-7086,Steve Burke MD,2025-11-14,Pediatrics,20.0,2287.15,
PT-5507,Megan Smith,2026-08-11,,24.0,9478.49,
,Mr. Eric Morales,2026-04-21,Pediatrics,20.0,"$2,079.58",
PT-7536,Shawna Brown,2025-02-01,Cardiology,17.0,"£13,664.56",
PT-6422,Kelly Bowman,2025-02-24,Cardiology,19.0,14602.75,
PT-2446,Jason Berry,2024-11-18,Pediatrics,2.0,13083.09,
PT-3101,Shawn Vaughan,,Pediatrics,,8648.34,
PT-9684,Victor Willis,2025-05-17,Pediatrics,5.0,"$8,995.12",
PT-2422,April Cameron,,Neurology,14.0,1442.43,
PT-9410,Misty Perez,2024-11-30,Pediatrics,3.0,"£3,039.60",
PT-3080,Cory Rodgers,2026-03-29,Pediatrics,7.0,9852.41,
PT-8669,Joseph Brown,2025-02-14,Oncology   ,16.0,10926.86,
PT-2391,Melissa Jarvis,2025-03-23,Cardiology,11.0,9908.27,
PT-7187,   Jeanne Ross,2026-08-04,Neurology,2.0,796.3,
PT-7855,Theresa Best,2025-08-10,Neurology,17.0,3031.16,
PT-4572,Tracy Garcia,2024-10-23,Neurology,,2706.94,
PT-8072,Kim Miller,2024-10-20,Pediatrics,28.0,"£13,949.48",
PT-4800,Elizabeth Marsh,2026-06-20,Cardiology,9.0,6837.22,
PT-6725,Alexander Martin,2025-12-20,,24.0,£781.10,
PT-6167,Patricia Turner,2024-10-05,Pediatrics,22.0,5859.32,
PT-2492,Larry Greene,2024-12-11,Pediatrics,29.0,2630.11,
PT-5868,Stephanie Patel,2025-06-12,Cardiology,,5969.4,
,Matthew Mercer,2026-04-09,Cardiology,22.0,"$3,207.11",
PT-7976,Matthew Watson,2025-02-16,Oncology,7.0,11576.82,
PT-5710,Luis Morgan,2024-12-08,Neurology,21.0,4904.79,
PT-5542,Margaret Barrera,2026-08-15,Pediatrics,1.0,12094.65,
PT-9695,Cathy Woods,2026-08-26,   Cardiology,23.0,12437.52,
PT-4833,Victor Berger,2024-10-28,Pediatrics,13.0,"$4,484.68",
PT-7973,Christina Williams,2025-01-11,Pediatrics,12.0,"£1,641.25",
PT-8053,Jack Lopez,2025-10-16,Neurology,29.0,5071.73,
PT-7383,Sherri Brown,,Cardiology,19.0,7339.22,
PT-4650,Jose Burton,2026-06-09,Pediatrics,6.0,9121.4,
PT-4054,Laurie Hughes,2025-10-13,Cardiology,15.0,7930.88,
PT-2464,Johnny Hernandez,2025-05-14,Pediatrics   ,8.0,3475.63,
PT-8228,Kimberly Hicks,2024-09-27,   Oncology,15.0,12688.76,
PT-6705,Adrian Rice,2025-12-17,Cardiology   ,27.0,1788.22,
PT-6066,   Jack Brown,2026-07-03,Pediatrics,29.0,721.38,
PT-2204,Katherine Wilson,2025-07-05,Cardiology,23.0,769.92,
PT-3193,Walter Johnson,2026-05-10,,2.0,,
PT-9842,Tabitha Williams,2025-04-21,Pediatrics,16.0,13845.18,
PT-9056,Heather Fox,2025-01-03,Neurology,,14447.87,
PT-9625,Amy Hurst,2025-11-27,Neurology   ,5.0,3137.79,
PT-8145,Stephanie Brown,,Pediatrics,16.0,11135.96,
PT-5986,   Clinton Castillo,2024-11-30,Oncology   ,19.0,12841.34,
PT-2275,David Taylor,2026-07-28,Oncology,28.0,9470.1,
PT-7651,William Acosta II,2026-07-16,Cardiology,3.0,14895.53,
PT-5678,Roy Lee,2026-03-14,Oncology,30.0,"$14,466.40",
PT-5381,Dr. Jennifer Johnson,2025-05-22,Neurology,16.0,5183.59,
PT-4848,Robert Mercer   ,2026-09-08,Pediatrics,12.0,6183.84,
PT-9099,Cassandra Everett,2026-02-14,Pediatrics,24.0,"£13,548.64",
PT-3503,Mitchell Morales   ,2026-04-08,Cardiology,30.0,8925.49,
PT-2292,Toni Alvarado,2025-03-22,Oncology   ,2.0,14246.31,
PT-3377,Alexander Valdez,2025-09-11,Neurology,20.0,2235.17,
PT-9292,Robert Ramos,2024-10-04,Pediatrics,8.0,14796.59,
PT-7582,Benjamin Jones,2025-05-26,Cardiology,30.0,705.12,
PT-4891,Richard Wright,2025-09-15,Oncology,2.0,"£9,950.00",
PT-2085,Erica Rivers,2026-03-25,Neurology,21.0,8253.54,
PT-1943,,2025-01-12,Cardiology,11.0,3946.45,
,Joshua Rogers   ,2026-04-18,Oncology,19.0,13915.2,
PT-2506,Hayley Johnson,2024-10-29,Neurology,1.0,3897.58,
PT-2090,Michael Martin,2026-07-06,Oncology,10.0,"£12,492.56",
PT-1719,   Brandon Smith,2026-05-28,Oncology,23.0,2045.8,
PT-7211,Lisa Riddle   ,2026-08-16,Oncology,1.0,"£7,417.10",
PT-1705,Terri Brown,2024-12-13,Pediatrics,9.0,889.33,
PT-7562,Janet Joyce,2025-06-21,   Neurology,23.0,"$6,510.58",
PT-7209,Kelly Lewis,2026-07-02,Neurology,30.0,3029.8,
PT-5441,Jim Eaton,2026-06-22,Pediatrics,9.0,9445.2,
PT-4785,Lisa Rodriguez,,Neurology,25.0,11703.51,
PT-3025,Mark Olson,2025-12-09,Neurology   ,29.0,5692.78,
PT-3095,Taylor Marquez,2025-02-24,Oncology,21.0,7221.86,
PT-3859,   Jermaine Weber,2025-07-23,Oncology,16.0,"$14,498.53",
PT-4776,Gary Barnes,2025-01-20,Neurology,2.0,2871.83,
PT-4364,Ian Smith,2025-01-02,Cardiology,22.0,9631.85,
PT-4403,Lisa Smith,2026-03-28,Oncology,26.0,9380.72,
PT-9411,Michael Cummings,,Oncology,8.0,10311.21,
PT-7510,Austin Hansen,2025-08-18,   Pediatrics,15.0,,
PT-7254,David Baker,2025-07-31,   Cardiology,,1998.77,
PT-3152,,2025-06-16,Cardiology,26.0,11884.53,
PT-9616,,2026-07-15,Oncology,15.0,10980.52,
PT-3731,Michael Underwood,2025-12-09,Pediatrics,7.0,"£1,385.60",
PT-9556,Dennis Garcia,2026-07-27,Pediatrics,12.0,3164.96,
PT-3136,Amy Swanson,2025-12-12,Pediatrics   ,,,
PT-6724,Michael Morales,2024-12-17,Pediatrics,15.0,14051.53,
PT-3599,Daniel Jensen,2026-06-08,Pediatrics,11.0,"$13,281.48",
PT-2361,Kathleen Ross,2026-09-07,Oncology,30.0,"£6,610.46",
PT-5699,Maria Rivers,2025-01-14,Neurology   ,,12323.0,
PT-7084,Troy Scott,2026-04-17,Oncology,3.0,14123.98,
PT-6391,David Kennedy,2025-01-29,Neurology,12.0,"$9,929.49",
PT-4008,Christina Whitaker,2026-05-03,Oncology,11.0,12783.7,
PT-7001,Debra Mccall,2026-01-30,Oncology,15.0,"$3,924.74",
PT-4021,Jeremiah Brown,,Oncology,9.0,"$7,619.83",
PT-8696,Miguel Mills,2026-06-22,Pediatrics,28.0,8415.35,
PT-2026,Michelle Harvey,2025-10-06,Neurology,25.0,"$7,981.73",
PT-7342,Sandra Duran,2024-10-26,Cardiology,25.0,4377.89,
PT-8914,Tyler Ruiz,2026-02-25,Oncology,10.0,4037.27,
PT-4134,Darlene Bailey,2025-08-16,Cardiology,22.0,,
PT-4585,Sarah Fowler,2026-09-04,Cardiology,15.0,13214.99,
PT-1877,Andrew May,2025-09-11,Oncology,12.0,4402.56,
PT-4428,Regina Martin,2025-08-05,Cardiology   ,23.0,2633.2,
PT-8590,,2025-08-28,Neurology,18.0,"£13,494.53",
PT-9135,Kendra Wood,2026-01-01,Pediatrics,20.0,5523.65,
,Maria Rodriguez,2025-01-24,Neurology,14.0,12716.99,
PT-1020,Anthony Cook,2025-12-31,Neurology,19.0,1270.74,
PT-9930,Jesse Blake   ,2026-05-22,Oncology,4.0,"$2,519.23",
PT-6492,Carrie Vaughan,,Neurology,29.0,6102.7,
PT-4082,   James May,2026-01-16,Pediatrics,15.0,10396.67,
PT-5694,Roy Rhodes,2025-02-17,Oncology,7.0,7877.1,
PT-5027,Nathan Le,2024-10-10,Neurology,11.0,"$2,570.96",
PT-3690,Tricia Gonzalez,2026-07-10,   Oncology,15.0,"$7,274.68",
PT-1495,Tyler Simpson,2025-11-13,Neurology,29.0,9634.3,
PT-9960,,2025-01-28,Oncology,20.0,12842.74,
PT-3147,Kenneth Zimmerman,2025-12-28,Neurology,11.0,"$6,807.94",
PT-6202,Toni Mills,2026-02-18,Neurology,22.0,11464.04,
PT-1548,Amanda Ross,2024-12-31,Pediatrics,8.0,13090.37,
PT-9287,Dennis Jackson,2026-06-03,   Pediatrics,15.0,7222.4,
PT-8910,   Beth Sullivan,2024-11-24,Pediatrics,6.0,5355.11,
PT-8341,Stefanie Jackson,2025-05-14,Oncology   ,10.0,9811.04,
PT-3787,John White,2026-01-21,Cardiology   ,15.0,"$7,944.13",
PT-1240,Heidi Odonnell,2025-11-27,Cardiology,30.0,962.84,
PT-7275,Wanda Dickerson,2026-09-07,Neurology,17.0,7766.89,
PT-6068,Ashley Gomez,2026-03-15,Neurology,,2202.04,
PT-5247,,2025-03-24,Cardiology,29.0,10720.55,
PT-6287,Stephanie Clarke,2025-11-01,Pediatrics,21.0,1828.96,
PT-3115,   Angel Jordan,2026-08-16,Neurology,26.0,5126.07,
PT-7715,Stephen Flores,2025-04-16,   Pediatrics,5.0,11495.54,
,Elizabeth Myers,2026-09-07,Pediatrics,8.0,"$12,796.88",
PT-4762,Taylor Morris,2025-08-30,Oncology,22.0,1740.1,
PT-7206,Michael Grant,2025-09-26,,11.0,,
PT-8055,Wayne Atkins,2026-05-21,Cardiology,18.0,11904.03,
PT-2568,   Caleb Gallegos,2025-10-14,   Pediatrics,5.0,8455.42,
PT-1006,Lindsey Gray,2025-10-03,Pediatrics,25.0,12809.98,
PT-3304,Beth Schultz,2025-07-16,Neurology,1.0,6076.35,
PT-1874,Stephen Ortega,2025-04-29,Cardiology,6.0,,
PT-9809,David Murray,2026-05-11,Neurology,25.0,,
PT-8082,Steve Williams   ,2025-06-17,Cardiology,25.0,7402.07,
PT-6469,Ashley Gonzalez,2026-06-01,Pediatrics,10.0,2653.46,
,Briana George,2026-06-19,Oncology   ,14.0,3029.8,
PT-5007,   Nicholas Morales MD,2025-10-30,Neurology,25.0,2169.48,
PT-4412,Jeffrey Garner,2026-06-05,Pediatrics,23.0,"£8,922.47",
PT-1515,Tyler Ross,2025-10-28,,6.0,6771.29,
PT-1661,Stephen Campos,2026-04-02,Neurology,28.0,"$11,657.11",
PT-1836,John Salazar,2026-09-01,Neurology,21.0,8865.19,
PT-8103,Dana Collins,2025-12-14,Neurology,17.0,"$13,131.63",
PT-3385,April Sanders,2025-09-27,,9.0,7696.44,
PT-2219,Lance Romero,2025-03-29,Cardiology,10.0,8218.09,
PT-8097,Vanessa Tucker,2025-03-10,Neurology,8.0,"$11,850.60",
PT-1105,Katelyn Gray,2026-06-29,Oncology,18.0,"$5,489.18",
PT-8410,Trevor Wilson,2024-09-22,   Neurology,12.0,2798.88,
PT-6390,Deborah Alvarez,2026-01-06,Pediatrics,24.0,5813.71,
PT-1379,Chad Carney,,Cardiology,8.0,14317.11,
PT-8543,Amber Hill,2026-03-03,Pediatrics,18.0,7513.41,
PT-1677,Robin Sims,2025-10-19,Pediatrics,22.0,3244.23,
PT-5077,Marcus Mcmillan,2025-02-20,   Neurology,12.0,"£11,201.45",
PT-4677,   Joe Miller,2025-09-27,Cardiology,,9935.81,
PT-4080,Robert Miller,2025-03-26,Neurology,28.0,14373.29,
PT-7252,Christopher Maldonado,2025-02-21,Pediatrics,17.0,10380.32,
PT-6624,Natasha Montgomery,2025-03-20,Cardiology,21.0,2697.16,
PT-4676,Stephen Perez,2025-02-24,Cardiology,18.0,12602.55,
PT-8453,,2025-07-12,   Pediatrics,15.0,4556.0,
PT-7394,Samuel Harding,2025-04-30,Oncology,19.0,"£12,669.50",
PT-8202,William Peterson MD,2025-05-26,Cardiology,28.0,11861.57,
PT-4195,Jessica Simmons,2025-02-16,   Pediatrics,24.0,14747.65,
PT-2390,Lauren Brown,2025-12-12,Cardiology,17.0,"£3,362.26",
PT-1205,Robert Oconnell,2025-08-14,,2.0,1934.03,
PT-1729,Jennifer Hayden,2025-08-18,Cardiology,26.0,6332.51,
PT-8619,Kathryn Lozano,2025-12-19,Oncology,23.0,12863.86,
PT-3996,Rebecca Holloway,2026-08-16,Oncology,27.0,"$9,594.72",
PT-8383,Jennifer Ramirez,2024-10-28,   Oncology,24.0,4643.4,
PT-5742,Bianca Schmidt,2025-06-03,Oncology,10.0,7947.49,
PT-1527,   Joy Ramirez,2025-06-26,Neurology,17.0,,
PT-5331,Emily Carpenter,2025-02-28,Oncology,,11174.5,
PT-7584,Kenneth Ferrell,2025-11-08,Oncology,18.0,5414.72,
PT-7793,   Jessica Acosta,2026-05-13,Neurology,,7211.82,
PT-6915,   George Stone,2024-11-18,Pediatrics,17.0,1294.72,
PT-3306,Lisa Roberts,2025-09-22,Oncology,8.0,6860.81,
PT-3133,Heather Chen,,Pediatrics,28.0,7294.4,
PT-3332,Eric Harvey,,Neurology,16.0,"£1,344.21",
PT-9413,Ann Jones,2025-08-18,   Neurology,4.0,"£12,176.03",
PT-1574,Alexis Allen,2025-02-21,,20.0,5387.32,
PT-8349,Wendy Roberts,2026-03-22,Neurology,29.0,,
PT-5977,Robert Delgado,2026-06-06,   Pediatrics,26.0,"£6,150.51",
PT-2618,Carla Brewer,2025-05-10,Cardiology,14.0,"$12,919.71",
PT-6750,Olivia Gentry,2025-04-13,Cardiology,9.0,8093.4,
PT-5411,Lori Thompson,2025-09-26,Neurology,12.0,5100.46,
PT-2681,Mr. Brandon Russell,2026-02-26,Pediatrics,18.0,"$5,950.45",
PT-9453,Michael Schultz,2026-08-30,Neurology,21.0,11924.16,
PT-3659,Jennifer Garcia,2026-01-17,Cardiology,30.0,5913.35,
PT-4141,Devin King   ,2026-04-06,Cardiology   ,14.0,5591.85,
PT-5693,Julie Beck,2025-04-16,Neurology,17.0,3960.99,
PT-9700,Jason Jensen,2025-09-15,Neurology,10.0,9332.66,
PT-7676,Mary Lambert,2026-04-30,Cardiology,11.0,13442.57,
PT-2525,Bobby Ford,2026-06-14,Oncology,21.0,2298.61,
PT-5494,Michelle Davis   ,2024-09-20,Neurology,15.0,"£7,233.26",
,Marcus Holt,,Pediatrics,26.0,12180.74,
PT-1903,Jesse Thompson,2026-07-23,Cardiology,3.0,12552.96,
PT-2209,Bradley Nichols,2024-11-10,Neurology,19.0,2729.8,
PT-2729,Jack Harris,2026-04-08,Oncology,14.0,11383.87,
PT-6582,James Sanchez,2026-05-18,Pediatrics,,7002.82,
PT-4665,Marilyn Shelton,2025-04-17,Neurology,13.0,521.94,
PT-8788,Darin Steele,2026-01-07,   Neurology,23.0,14207.59,
PT-7620,Christopher Newman,2024-10-05,,2.0,13801.71,
PT-4885,Chelsea Murphy,2024-11-04,Neurology,6.0,2053.03,
PT-5254,,,   Oncology,12.0,5551.49,
PT-4808,Olivia Webb,2026-08-13,Neurology,10.0,3160.94,
PT-6234,Steven Lane,2025-04-10,Pediatrics,30.0,7588.76,
PT-1456,Miranda Hickman,2025-11-26,Cardiology,4.0,13502.65,
PT-4450,Jessica Weber,2025-09-17,,12.0,2935.66,
PT-6107,Stephanie Burns,2024-11-05,Oncology,27.0,13312.49,
PT-5957,Cody Wood,2025-10-27,Neurology,8.0,1011.16,
PT-1957,Amber Farrell,2026-03-24,Cardiology,20.0,9603.23,
,Anthony Jones,,Cardiology,17.0,2728.21,
PT-5223,Alexa Ross,2024-12-02,Cardiology,9.0,6211.77,
PT-6367,Daniel Daniels,2025-06-11,Cardiology,9.0,"$7,680.46",
PT-9375,Richard Rios,2026-08-22,Cardiology,30.0,9759.92,
PT-3994,Todd Garner,2025-04-12,   Cardiology,10.0,7909.25,
PT-6214,Jacqueline Dixon,2026-04-25,Oncology,16.0,4604.5,
PT-4086,,2026-06-09,Cardiology   ,10.0,4964.97,
PT-1813,,2025-12-01,Cardiology,30.0,13300.46,
PT-1433,,2025-09-20,Pediatrics,23.0,12093.19,
PT-1494,   Jason Martin,2025-05-04,Pediatrics,16.0,2564.29,
PT-4592,   Mike Hunt,2026-09-09,Pediatrics,11.0,12454.93,
PT-6897,Adam Perry,2025-07-12,Neurology,7.0,2617.25,
PT-5852,Cheryl Freeman,2024-11-12,Neurology,12.0,,
PT-5913,Sheri Cooper,2026-06-25,Neurology,11.0,"£8,142.48",
PT-2255,Jennifer Parker,2025-06-15,Oncology,12.0,13520.0,
PT-3072,Nicholas Miles,2025-02-06,Neurology,24.0,"$6,403.59",
,Mr. John Shaw,2024-09-20,   Neurology,21.0,"$11,844.15",
PT-7125,Nathan Brown,2026-07-12,Neurology,11.0,"£6,490.98",
PT-7185,Timothy Wilson,2025-01-02,Pediatrics,5.0,11934.52,
PT-9599,Michael Keller,2025-08-05,Neurology,17.0,7061.7,
PT-3839,Kevin Holmes,2025-11-29,Pediatrics,9.0,"£8,972.20",
PT-3731,Timothy Baker,2025-08-04,Pediatrics,28.0,8203.69,
PT-8943,Andrea Jones,2025-03-01,Oncology   ,19.0,"£5,289.03",
PT-8667,Jacob Miller,2026-04-04,Cardiology,13.0,9348.1,
PT-1070,Eric Cunningham,2025-08-13,Oncology,8.0,"£3,871.94",
PT-3406,Stephen Martinez,2024-12-04,   Cardiology,8.0,9525.99,
PT-5707,Donald Blake,2026-08-26,,24.0,2190.72,
PT-8958,Jacob Adams,2026-09-09,Neurology,22.0,2449.08,
PT-8020,Shannon Wilson,2025-08-23,Cardiology,16.0,12353.04,
PT-7299,Carolyn Proctor,2025-01-22,Pediatrics,8.0,,
PT-9144,Stephanie Love,2026-02-21,   Neurology,,4048.32,
PT-7520,Jeremy Brooks,2025-04-01,Cardiology   ,19.0,5242.08,
PT-7624,Philip Gregory   ,2024-11-28,Neurology,23.0,13691.08,
PT-4657,Tyler Carlson,2026-09-03,Cardiology   ,1.0,11119.92,
PT-6971,Nicole Haney,2024-09-18,   Cardiology,16.0,1621.69,
PT-8563,Joshua Roman,2026-07-25,Pediatrics,29.0,"$12,357.47",
PT-9751,Patrick Lowery,2025-07-11,Pediatrics,26.0,14278.6,
PT-9303,Rita Vincent,2025-12-17,Neurology,12.0,"$7,838.63",
PT-8697,Catherine Garcia,2025-05-20,Cardiology,,2570.62,
PT-8951,Michael Wilson,2026-08-11,Cardiology,25.0,931.05,
PT-6410,Andrea Burns,2025-06-13,Pediatrics   ,24.0,"$14,156.00",
PT-9487,Charles Woods   ,,Neurology,6.0,,
PT-7370,Kyle Jenkins,2025-09-20,   Oncology,25.0,13060.93,
PT-1264,Becky King,2025-07-10,Oncology,5.0,9845.82,
PT-6054,   Catherine Baker,2026-02-01,Oncology,22.0,12158.63,
PT-4330,   Kelly Walker,2025-10-06,Neurology,7.0,3782.95,
PT-3419,Mike Quinn,2024-12-15,Oncology   ,19.0,13059.14,
,Mackenzie Perkins   ,2025-02-04,Cardiology,,"£2,619.27",
PT-8403,Jessica Aguirre,2025-09-02,Pediatrics,20.0,6348.17,
PT-8194,Gregory Lam,2025-06-20,Oncology,23.0,3437.8,
PT-6373,Christopher Hernandez,,Pediatrics,6.0,8853.94,
PT-4812,Ronald Williams,2025-04-25,Cardiology,25.0,5555.62,
PT-4485,Melissa Marks,2026-05-19,Oncology,20.0,13044.41,
PT-4808,Virginia Diaz,2025-12-04,Neurology,14.0,,
PT-5053,Valerie Kirby,2025-12-22,Cardiology,13.0,11949.36,
PT-1891,Shannon Young,2024-12-24,Neurology,17.0,12985.77,
PT-1133,Hunter Shaw   ,2026-09-01,Neurology,30.0,5069.94,
PT-3205,Donna Barnett,2026-02-01,   Pediatrics,17.0,12244.16,
PT-9997,Regina Collins,2024-10-22,Neurology,18.0,"$9,265.91",
PT-9845,Pamela Brennan,2025-07-01,Pediatrics,21.0,9377.98,
PT-5994,Darryl Phillips,2026-03-26,Pediatrics,2.0,3332.37,
PT-1167,   Brandon Nguyen,2024-11-11,Cardiology,16.0,14889.71,
PT-6635,Rachel Cook,2025-08-27,Cardiology,15.0,7696.04,
PT-1304,,2024-11-23,Oncology,15.0,10134.16,
PT-4490,Courtney Dixon DDS,2026-07-21,Cardiology,17.0,6601.26,
,Mark Rich,2024-12-12,Cardiology   ,10.0,"$14,022.72",
PT-5261,Mark Ellis,2026-07-09,Neurology,25.0,,
PT-9797,Erica Buck,2025-03-06,,21.0,14250.86,
PT-4403,Eddie Weaver,2026-02-19,   Oncology,21.0,5056.67,
PT-5243,Julia Armstrong,2026-03-25,Neurology,15.0,2085.86,
PT-4581,Rachael Duncan MD,2025-05-07,Pediatrics,4.0,3559.68,
PT-4923,Ashley Clark,2026-06-09,Pediatrics,,6136.91,
PT-6766,Darlene Alexander,2025-12-24,Neurology,2.0,"£6,037.41",
PT-1674,Tony Brooks,2024-09-30,   Pediatrics,23.0,6204.77,
PT-4985,Drew Le,2024-11-24,Neurology,3.0,"$10,852.04",
PT-7621,   Sonya Mathis,2025-09-27,Pediatrics,8.0,3877.24,
PT-6698,   Jose Montgomery,2024-10-06,Neurology,19.0,7490.3,
PT-2735,Todd Whitney,2026-01-06,Oncology,30.0,7463.74,
PT-2666,Melanie Powell,2026-02-08,Oncology,28.0,13288.53,
PT-3146,Christine Ellis,2025-03-30,Pediatrics,23.0,993.42,
PT-4822,Sarah Dawson   ,2026-05-24,Neurology,4.0,6993.71,
PT-9495,Kathleen Palmer   ,2026-04-19,Oncology,13.0,12524.98,
PT-7298,Cynthia Baker,2025-12-03,Cardiology,7.0,8272.34,
PT-7171,Kevin Hood,2024-10-10,Pediatrics,23.0,"£12,415.83",
PT-6919,Rodney Grant,2024-11-04,   Neurology,4.0,"$13,865.55",
PT-4370,Jeffrey Martin   ,2024-10-06,Cardiology,29.0,"$1,773.54",
PT-2702,Eric Thomas,2024-12-25,Neurology,24.0,6475.7,
PT-5941,Kaitlin Williams,2025-11-05,   Oncology,7.0,11566.8,
PT-8225,Melissa Chavez,2025-02-20,Cardiology,11.0,"£4,155.18",
PT-5109,   Christine Serrano,2026-06-10,Neurology   ,13.0,5963.89,
PT-8994,Alejandro Shaw,2024-10-19,Pediatrics,21.0,2322.18,
PT-9204,Justin Cobb,2026-08-03,Cardiology,24.0,3669.74,
PT-3184,Antonio Lewis,2025-11-10,Oncology,19.0,3669.8,
PT-3126,Isaiah Mata   ,2025-10-07,Cardiology,25.0,"£7,102.91",
PT-1567,   Manuel Ryan,2026-01-20,Oncology,20.0,12683.06,
PT-7484,Adam Fox,2025-01-04,Cardiology,6.0,"$12,479.47",
PT-1252,Katelyn Oliver,2025-12-30,,27.0,11407.83,
PT-1881,Brooke Anderson,,Cardiology,15.0,9099.5,
PT-3510,Sara Walker,2025-02-08,Neurology,9.0,"$14,403.63",
PT-6746,Dwayne Sanchez,2026-05-25,Oncology,3.0,"£13,160.87",
PT-7540,,2026-06-18,Oncology,17.0,2860.04,
PT-3280,Joseph Stewart,2026-01-12,Neurology   ,29.0,13197.04,
PT-1010,David Lopez,2026-06-26,Pediatrics,2.0,,
PT-7647,Michael Long,2026-01-22,Cardiology,1.0,14689.45,
PT-1394,Hector Lee,2025-08-19,Oncology,5.0,3993.55,
,Spencer Stein   ,2025-08-19,Cardiology,19.0,14426.06,
PT-6100,Jeffrey Melendez,2025-09-08,Neurology,28.0,£840.75,
PT-2996,Richard Jones,2025-01-13,Pediatrics,12.0,10498.06,
,Richard Montoya,2025-04-03,Neurology,29.0,13306.92,
PT-9150,,,Neurology,9.0,"£2,606.36",
PT-1309,Tina Stephens,2025-02-16,Cardiology,10.0,8089.71,
PT-8491,Reginald Wolfe,2025-01-23,Oncology,18.0,9834.07,
PT-1567,Margaret Powell,2025-07-07,Pediatrics,16.0,,
PT-9067,Allen Pena,2025-08-16,Pediatrics,2.0,5770.14,
PT-3948,Aaron Garcia,2025-06-20,Pediatrics,14.0,10120.35,
PT-2927,Karen Harvey,2025-10-17,Neurology,3.0,,
PT-8543,April Mejia,2025-09-11,Cardiology,12.0,5437.39,
PT-6676,,,Oncology,5.0,2805.86,
PT-1089,Colton Grant,2025-01-02,Cardiology,26.0,5658.65,
PT-4753,Michael Baxter   ,2025-06-06,,16.0,12233.39,
PT-6322,Donald Elliott,2025-03-26,Neurology,16.0,3389.32,
PT-7743,Martin Escobar,2026-07-04,Neurology,19.0,9569.29,
PT-8909,Tyler Buck,,Oncology,24.0,4018.4,
PT-2930,,2024-12-12,Cardiology,23.0,3723.72,
PT-5889,   Stephen Gray,2024-09-15,Oncology,,9613.97,
PT-8045,Alexander George,2026-08-05,Oncology,14.0,13695.79,
PT-3408,Kathleen Guerrero,2026-01-12,Pediatrics,,2381.07,
PT-3632,Jasmine Pierce,2026-07-01,,11.0,5389.63,
PT-5357,,2026-05-10,Cardiology,6.0,3047.63,
PT-1455,   Susan Harris,2025-01-22,Neurology,23.0,"$7,476.23",
PT-4162,,2025-01-11,Neurology,9.0,13789.99,
PT-8215,David Abbott,2024-09-26,Pediatrics,24.0,"$14,197.19",
PT-8091,,2026-06-05,Oncology,21.0,6176.93,
PT-5671,Paul Brooks,2025-01-03,Pediatrics,21.0,4219.73,
PT-8722,Amanda Harper,2025-12-08,   Pediatrics,5.0,"$10,282.16",
PT-1740,Jesus Glover,2024-11-27,Neurology   ,20.0,4449.43,
PT-3172,Mrs. Brenda Pacheco,2026-01-07,Pediatrics,7.0,"£4,728.55",
PT-7791,Katherine Skinner DVM,2025-06-23,Neurology   ,28.0,2433.84,
PT-3604,Darryl Williams,2025-05-29,Pediatrics,24.0,2152.17,
PT-7602,,2025-01-23,Oncology,8.0,"$12,346.91",
PT-9747,Scott Graham,2024-11-14,Cardiology,,5310.83,
PT-9322,John Murphy,2025-08-09,Cardiology,27.0,756.54,
,Angela Jones,2025-11-10,Pediatrics,4.0,6314.51,
PT-5399,Rodney Jackson   ,2025-05-06,,8.0,6846.22,
PT-9799,,2026-08-05,Neurology,28.0,4043.1,
PT-9559,Jonathan Todd,2025-10-03,Cardiology,9.0,14028.32,
PT-5451,Nancy Kent,2025-05-07,Cardiology,5.0,12040.81,
PT-6666,Tony Howard,,,10.0,"$12,472.89",
PT-2211,Brian Wilkerson,2026-01-04,Cardiology,3.0,"$13,736.86",
PT-1752,Richard Wright,2026-01-09,Neurology,7.0,6046.84,
PT-3246,Trevor Spencer DVM,2026-02-07,Neurology,27.0,4734.21,
PT-3088,Jeffrey Butler,2026-01-24,,4.0,8962.04,
PT-5244,Carrie Vargas,2026-07-29,Oncology   ,16.0,14690.36,
PT-3324,Heather Hayes,2026-04-25,Pediatrics,21.0,6387.21,
PT-2014,   Meagan Montoya,2025-08-31,Cardiology,21.0,3540.89,
PT-3246,Terrence Edwards   ,2024-12-30,Oncology,2.0,3400.63,
PT-5009,Lisa Berry   ,2024-11-08,Oncology,24.0,6717.28,
PT-9773,Jason Johnson,2026-01-02,Oncology,10.0,12178.46,
PT-2880,Brooke Park,2025-09-01,Pediatrics,13.0,648.76,
PT-7853,Erik Eaton,2024-12-29,Neurology,3.0,14204.11,
PT-2216,Bobby Bryan,2025-03-04,Neurology,6.0,14020.07,
PT-9895,Peter Garner,2025-04-11,,17.0,6556.24,
PT-5958,Jessica Hines,2026-04-27,Oncology,9.0,14017.68,
PT-2604,Juan Soto,2025-05-25,,2.0,3204.95,
PT-7237,James Blair,2025-01-07,Neurology,12.0,7819.27,
PT-3146,Brenda Rose,2026-06-28,   Pediatrics,19.0,2171.34,
PT-6751,Michael Bennett,2025-11-21,Neurology,15.0,"$1,657.09",
PT-3580,Brooke Compton,,Neurology,6.0,4951.06,
PT-1059,Brett Garcia,2026-04-05,Cardiology,1.0,5897.61,
PT-6536,John Barron,2025-11-20,Neurology,22.0,11116.87,
PT-7859,Elizabeth Crosby,2026-05-13,Pediatrics,27.0,"£3,632.64",
PT-1209,Lisa Green,2025-09-16,Pediatrics,16.0,6547.96,
PT-3794,Eugene Anderson,2025-09-15,Oncology,11.0,5493.83,
PT-8162,Jeffery Briggs   ,2024-09-18,Oncology,3.0,14148.1,
PT-8032,Dawn Gregory   ,2025-05-14,   Cardiology,14.0,13311.16,
PT-1555,Kenneth Henderson,2025-12-18,Oncology,15.0,1879.58,
PT-5289,Mark Moody,2026-02-10,Cardiology,3.0,1912.16,
PT-4823,Terry Shaffer,2025-02-25,Oncology,30.0,5935.62,
PT-8360,Erica Tate,2025-03-14,Cardiology,23.0,,
PT-4380,,2025-11-18,Pediatrics,21.0,6788.93,
PT-6325,   Kathryn Mcdonald,2025-02-19,Cardiology,9.0,8378.91,
PT-5847,Eric Wright,2026-04-12,Pediatrics,11.0,2196.93,
PT-6660,   Michael Aguirre,2025-06-30,Neurology   ,3.0,"$8,182.01",
PT-9204,Ashley Nelson,2025-08-08,Neurology,26.0,6976.96,
PT-7824,Carrie Patrick,2024-09-23,Pediatrics,19.0,12946.93,
PT-7609,Casey Smith,2026-03-17,Pediatrics,30.0,3883.4,
PT-9807,Elizabeth Bell,,Cardiology,1.0,"$4,159.95",
PT-2442,Tammy Davidson,2025-01-21,Cardiology,8.0,11541.16,
PT-2566,Carla Carlson   ,2025-05-24,Oncology,30.0,3499.6,
PT-4732,Gabrielle Fernandez,2026-05-07,   Pediatrics,17.0,"£2,842.41",
PT-8312,Danielle Noble,2025-06-03,Oncology,23.0,"$11,607.04",
PT-9022,Anthony Campbell,2025-01-03,   Pediatrics,19.0,1471.51,
PT-8512,   Karen Sullivan,,Cardiology,15.0,8893.88,
PT-6897,Stephanie Smith,2026-06-05,   Cardiology,14.0,14061.6,
PT-3203,Angela Parks,2025-04-18,Neurology,22.0,9329.05,
PT-3901,Thomas Johnston,2024-10-20,Oncology,25.0,"£2,385.08",
PT-1935,,2024-11-08,Neurology,1.0,2489.7,
PT-9636,Gregory Bridges,2024-10-21,Pediatrics   ,,993.36,
PT-3168,Elizabeth Wilkerson,2025-06-11,Neurology,20.0,2618.33,
PT-3495,   Julie Macias,2024-12-14,Neurology,25.0,12807.51,
PT-4145,Travis Benjamin,2025-07-10,Oncology,6.0,13102.14,
PT-2428,,2025-04-23,Cardiology   ,,"$13,115.25",
PT-1495,Abigail Reynolds,2026-02-05,Cardiology,,"£9,204.75",
PT-5621,Jacob Booker,2025-11-01,Neurology,28.0,12094.56,
PT-3421,Julia Hernandez,2024-11-30,Neurology,25.0,7071.49,
PT-9360,Jon Davis,,Neurology,30.0,3136.61,
PT-6980,Joshua Cox,2025-10-20,   Neurology,24.0,"$9,393.03",
PT-6704,Angela Martin,2024-11-22,Pediatrics,7.0,5845.22,
PT-9203,Tony Roberts,2026-07-13,Cardiology,27.0,5688.22,
PT-6301,Erika Flores,2025-01-21,Neurology,10.0,3958.14,
PT-6411,Stacy Lee,2025-10-30,Pediatrics,7.0,3698.82,
PT-7321,Joseph Fisher   ,2026-07-14,Neurology,18.0,6171.99,
PT-8317,Diana Hall,2025-08-19,Neurology,6.0,14349.1,
PT-6135,Sheena Mason,2025-04-17,   Cardiology,21.0,"£6,785.26",
PT-6788,Justin Todd,2026-05-03,Oncology,5.0,"$12,649.87",
PT-1592,Jennifer Harris,2026-02-13,Neurology,15.0,11399.72,
PT-5954,Daniel Cooper,2026-01-12,Pediatrics,2.0,,
PT-4755,Jason Lewis,2024-12-05,Oncology,30.0,5736.97,
,   Jeffrey Thomas,2026-08-19,Cardiology,22.0,"$10,015.51",
PT-3813,Cynthia Dorsey   ,2025-08-01,Pediatrics,16.0,14601.45,
,Lori Harris,2026-04-16,Neurology   ,20.0,12925.76,
PT-6719,   Rebekah Baker,2025-12-16,Pediatrics,,2262.17,
PT-1012,Elaine Martinez,2026-03-09,,18.0,534.87,
PT-4672,Adam Lee,2026-01-24,Cardiology,23.0,10078.36,
,Gerald Carter,2026-04-09,,20.0,5904.78,
PT-7804,Casey Jordan,2026-05-31,Cardiology,27.0,"£9,554.74",
PT-9985,,2026-06-22,   Neurology,25.0,3817.87,
PT-7556,Mrs. Bonnie Alvarez,2025-11-27,Cardiology,14.0,$725.27,
PT-4495,Amanda Martinez,2024-09-28,Pediatrics,30.0,3959.98,
PT-6976,Steven Martinez,2025-03-05,Cardiology,26.0,"£6,614.78",
PT-1798,Emma Scott,2026-04-05,Cardiology,6.0,5295.02,
PT-6315,Aaron Roberts,2025-11-19,Oncology,15.0,3120.37,
PT-9423,   James Saunders,2025-12-03,   Cardiology,15.0,13774.64,
PT-2057,Eric Reyes,2026-02-23,Neurology,26.0,8314.13,
PT-8631,John Gutierrez   ,2026-08-23,Oncology,18.0,9326.02,
PT-8276,Latasha Huerta,2024-12-17,   Neurology,21.0,6309.78,
PT-5428,Rebecca Michael,2025-12-08,Cardiology   ,,12105.67,
PT-6041,,2025-11-17,Pediatrics,19.0,4563.95,
PT-5988,Laura Kelley   ,2026-06-24,Pediatrics,7.0,8734.21,
PT-9779,   Michael Ruiz,2026-04-15,Cardiology,13.0,5085.77,
PT-5322,Crystal Barnes,2026-03-25,Oncology,4.0,"$13,384.12",
PT-4091,Vanessa Parker,2025-08-16,Pediatrics,2.0,13019.14,
PT-9070,Robert Rodriguez,2025-11-24,Pediatrics,15.0,14983.25,
PT-9852,Jennifer Porter,2025-12-02,Oncology,23.0,8854.51,
PT-2899,Brittany Smith,2025-06-15,,3.0,6759.56,
PT-8408,Rhonda Kelly,2025-03-09,Oncology,4.0,2009.99,
PT-1757,Christine Joyce,2024-11-02,Cardiology   ,13.0,5415.8,
PT-1761,   David Jones,2025-09-19,Oncology,,4971.5,
PT-9565,Joshua Ruiz,2024-12-17,Neurology,15.0,"$5,849.42",
PT-5766,Theresa Young,2024-11-08,Cardiology,15.0,13013.59,
PT-4146,Danielle Nash   ,2024-10-21,Pediatrics,3.0,2591.05,
PT-2557,Becky Patterson,,Oncology,28.0,,
PT-8686,,2024-09-23,Neurology,26.0,3457.35,
PT-4093,Jessica Marquez,2026-09-08,Oncology,8.0,7633.33,
PT-1503,Dominic Mccoy,2025-11-16,Pediatrics,16.0,14872.38,
PT-1888,,,Pediatrics,7.0,5796.56,
PT-2317,Catherine Rubio   ,2026-02-05,Cardiology,,"£7,211.28",
PT-5637,Casey Bennett,2025-08-13,   Neurology,24.0,1427.86,
PT-4697,Victoria Figueroa,2026-05-07,Oncology   ,29.0,,
PT-3534,Bradley Thomas,2026-06-22,Pediatrics,25.0,9525.65,
PT-1412,Christina Montgomery,2025-05-02,Oncology,25.0,,
PT-6832,Troy Walker,2024-09-26,Neurology,11.0,"$10,854.48",
PT-6867,Sean Kim,2026-01-19,Oncology,,"$8,789.87",
PT-7710,Joshua Diaz,2025-11-14,   Neurology,16.0,11891.81,
PT-9379,Heather Hutchinson,2024-11-24,Cardiology,27.0,4652.03,
PT-9255,Walter Reynolds   ,2024-12-05,   Oncology,2.0,"$5,091.96",
PT-1213,Eric Banks,2025-09-18,Neurology,8.0,8187.34,
PT-3287,Kenneth Roberts,2025-01-11,Pediatrics,4.0,13182.16,
PT-9734,Tina Hernandez,2025-02-11,Oncology,18.0,13543.74,
PT-1859,Nathaniel Coleman,2025-09-11,Cardiology,28.0,12870.5,
PT-1679,Brandy Robinson   ,2025-07-18,Cardiology,30.0,7446.2,
PT-2323,Lisa Obrien,2024-12-17,Cardiology,25.0,"$14,291.10",
PT-9336,Joshua Cruz,2024-12-01,Oncology   ,25.0,11782.74,
PT-1397,Catherine Perry,2026-01-01,Pediatrics,26.0,503.49,
PT-7807,,2024-12-24,Neurology,16.0,8006.71,
PT-2533,Jonathan Cummings,2025-06-15,Pediatrics,25.0,10073.57,
PT-5808,Michael Gill   ,2026-05-17,Cardiology,2.0,4140.63,
PT-5839,Richard Weaver,2024-10-02,Pediatrics,13.0,13416.94,
PT-7090,Charles Myers   ,2025-10-26,Oncology,29.0,13475.28,
PT-2268,James Lee,2025-07-28,Neurology,8.0,"$8,709.23",
,Adriana Webb,2025-09-24,Neurology,30.0,4627.31,
,Heather Clark,2025-06-21,Oncology,4.0,3033.91,
PT-9533,,2026-01-20,Oncology,18.0,9809.21,
PT-1121,Patrick Jordan,2025-10-17,Pediatrics,22.0,712.25,
PT-2436,Shawn Patel,2026-08-06,Pediatrics,29.0,1211.37,
PT-5531,Brian Berry,2025-11-14,Pediatrics,30.0,10272.72,
PT-2971,Tammie Zimmerman,2025-02-25,Cardiology,4.0,3150.35,
PT-1890,Heather Shaw,2025-06-09,Cardiology,10.0,9271.28,
PT-3287,Luke Mccarthy,,Oncology   ,30.0,11209.69,
PT-5826,David Adams,2026-04-08,Cardiology,1.0,"$11,786.52",
PT-6882,Brittany Mayer,2026-05-25,Pediatrics,5.0,"£4,038.24",
PT-4224,Natalie Thompson,2026-06-10,Pediatrics,24.0,9909.49,
PT-7883,Christopher Jacobs,2026-07-08,Neurology,3.0,14593.8,
PT-4949,Melissa Gaines,2026-04-23,   Neurology,13.0,8538.34,
PT-3904,Lisa Moss,2025-07-18,Neurology,25.0,567.87,
PT-8859,Alexandra Zhang,2026-06-08,Oncology,18.0,"$11,283.76",
PT-4946,Heather Rivera,2026-04-29,Cardiology,25.0,11677.95,
PT-9521,Katie Dyer,2025-10-26,Oncology,27.0,5760.42,
PT-9444,   Ashley Hawkins,,Oncology,24.0,7126.35,
PT-5198,Todd Moore,2025-11-09,Oncology,25.0,"$1,339.07",
PT-9295,,,Pediatrics,5.0,"£14,179.13",
PT-4682,Melissa Malone,2025-02-05,,25.0,5391.83,
PT-9399,James Chase,2026-04-29,Neurology,13.0,"£3,114.19",
PT-1166,Dustin Richards,2025-01-13,Neurology,,9776.89,
PT-8782,Danielle Hancock,2026-08-07,Neurology,13.0,10403.21,
PT-3212,Jenny Davis,2025-04-08,Cardiology,2.0,14137.6,
PT-3762,Jean Haas DVM,2026-07-03,Neurology,15.0,8770.64,
PT-4261,Tiffany Rivera,2024-10-21,Pediatrics,19.0,13911.69,
PT-9330,Alyssa Carey,2024-09-10,Oncology   ,18.0,8180.9,
PT-7370,,2025-12-15,Pediatrics,22.0,11151.02,
PT-5246,Scott Nixon,2025-08-24,,13.0,11056.42,
PT-1990,Travis Beck,2025-08-02,Neurology,,12361.2,
PT-8081,Jerome Nichols,2026-08-30,Cardiology,,3077.55,
PT-5353,Brooke Miller,2025-09-30,,14.0,7957.04,
,Scott Young,2026-04-23,Neurology,10.0,3050.65,
PT-4045,Juan Melton,2024-11-18,Oncology,28.0,7691.6,
PT-2599,Leroy Norman   ,2025-12-27,Cardiology,7.0,10754.06,
PT-7338,Raymond Hamilton,2026-06-23,   Oncology,4.0,3356.35,
PT-1222,Cheryl Woodard,,Neurology,10.0,1619.68,
PT-9488,Elizabeth Wells,2026-05-31,Oncology,21.0,8190.27,
PT-1003,Matthew Floyd,2025-03-04,Neurology,15.0,£979.98,
PT-3411,   Jared Patel,2025-03-09,Neurology,22.0,1957.84,
PT-8978,Nicole Morrison,2025-12-30,Cardiology,,14096.26,
PT-2177,Tim Cain,2025-09-26,Oncology,25.0,"$9,982.24",
PT-8024,Samantha Walton,2025-07-03,Oncology   ,13.0,4286.24,
PT-3115,Caitlin Thompson,2025-09-06,Cardiology,6.0,4003.93,
PT-9613,Angela Woods,2025-12-16,Pediatrics,20.0,13881.75,
PT-1499,Mrs. Jennifer Black,2025-02-10,Oncology,2.0,,
PT-7498,Paul Oneal,2026-01-18,Cardiology   ,4.0,4429.56,
PT-1049,Laura Rogers,2024-10-30,Cardiology,30.0,6655.01,
PT-1915,,2024-12-19,Cardiology,18.0,6457.17,
PT-8147,Matthew Gonzales,2024-11-14,   Pediatrics,2.0,5530.24,
PT-2472,Bruce Gutierrez,2026-05-15,Neurology,25.0,12310.48,
,Taylor Watson   ,,Neurology   ,20.0,5346.93,
PT-1935,Derek Rosario,2026-05-21,Pediatrics,16.0,14136.92,
PT-8841,Sheri Mitchell,2026-04-02,Neurology,12.0,3199.3,
PT-5420,Ronald Monroe,,Oncology,8.0,"$8,964.40",
PT-3624,   Amanda Carter,2024-09-10,,27.0,7032.44,
PT-3305,Amy Flores   ,,Pediatrics,10.0,"£4,825.66",
PT-8469,Denise Davis,2025-08-06,Oncology,29.0,7682.47,
PT-3189,David Compton,2025-09-27,Oncology,13.0,14640.2,
PT-3374,Joshua Wilson,2026-07-17,Oncology,3.0,11295.77,
PT-4171,,2025-01-18,Cardiology,14.0,1439.83,
PT-5513,Scott Woods,2025-03-29,Oncology,5.0,,
PT-1102,Michelle Lopez,2025-02-09,Cardiology,15.0,2824.31,
PT-2085,John Dixon   ,2026-07-17,Neurology   ,28.0,"£2,211.98",
PT-2637,   Julia Dixon,2024-10-13,Cardiology,4.0,5627.62,
PT-3566,Destiny Davis,2026-01-23,Oncology,1.0,9737.19,
PT-1949,Noah Heath,2025-08-13,Pediatrics,25.0,"$7,522.25",
PT-3602,Jessica Mcdonald,2025-12-19,Cardiology,20.0,2412.71,
PT-7012,Gregory Foster,2025-04-20,   Pediatrics,23.0,2259.24,
PT-4059,Michael Mason,2025-04-15,Oncology   ,11.0,13604.35,
PT-3601,Kristy Gonzalez,2025-08-28,Neurology,12.0,"£3,593.08",
PT-6058,Julie Reilly,2025-05-16,Pediatrics,19.0,10033.46,
PT-3214,Martha Hardy,2025-12-06,,21.0,2317.66,
PT-5169,   Melanie Fernandez,2025-06-20,Pediatrics,19.0,"£1,665.97",
PT-6233,Anthony Harris,2025-01-18,Cardiology,21.0,"$14,190.20",
PT-1419,Derek Robbins,2026-07-24,Cardiology,7.0,13807.79,
PT-5584,Charles Miranda,2025-03-26,Pediatrics,16.0,2498.61,
PT-6748,Andrea Anderson,2026-06-01,Neurology,8.0,2300.35,
PT-7919,Debra Ramirez,2026-02-12,Pediatrics,15.0,3955.28,
PT-2112,,2025-08-25,Neurology,16.0,"£4,692.71",
PT-6698,Patrick Adams,2026-01-14,Neurology,27.0,1090.5,
,Samantha Williams,2025-07-28,Oncology,15.0,6080.49,
PT-8975,Tyler Brown,2025-11-29,Oncology,20.0,5677.05,
PT-2433,Russell Torres,2026-02-11,Cardiology,30.0,13319.28,
PT-6036,Mr. Devin Brewer,2026-08-17,Cardiology,27.0,5185.56,
PT-5193,Charles Mcdowell,2025-01-30,Oncology,5.0,4509.68,
PT-8282,Robert Brown,2025-04-15,   Oncology,22.0,8351.02,
PT-2895,Derrick Watts,2024-11-21,Oncology,25.0,8588.53,
PT-7873,,2024-09-16,Pediatrics   ,15.0,12396.19,
PT-3904,Andrew Fuentes,2026-08-13,Cardiology,11.0,10703.27,
PT-9417,Veronica Howard,2025-11-27,Neurology,5.0,10454.48,
PT-7870,Autumn Thomas,2026-07-27,Neurology,1.0,633.68,
PT-5675,Donald Hayes,2025-05-20,Cardiology,4.0,13625.19,
PT-9371,Tammy Walls,2025-02-14,Cardiology,14.0,7685.34,
,Jeffrey Mitchell,2025-07-02,Neurology,10.0,7604.6,
PT-6158,Dr. Joe Berry,2026-03-03,Oncology,27.0,£934.09,
PT-6313,Cindy Diaz,2025-01-15,Neurology,17.0,4147.21,
PT-4285,Jerome King,2025-05-28,Oncology,1.0,10671.15,
PT-6163,Adam Sullivan,2026-01-14,   Cardiology,,2924.71,
,Emily Kennedy,2026-01-08,Neurology,12.0,8282.69,
,Joseph Banks   ,2026-02-27,Oncology,16.0,3659.82,
PT-7363,Aaron Ibarra,2025-09-10,   Neurology,9.0,"£7,952.34",
PT-3583,Anthony Brooks,2025-10-10,Neurology,29.0,6463.92,
,Phillip Hernandez,2025-07-04,Pediatrics,18.0,1132.38,
PT-1021,Julie Williams,2026-06-02,Neurology   ,11.0,11960.48,
PT-2334,Adam Cross,2025-12-21,Neurology,13.0,13915.86,
PT-7143,Mark Johnson,2024-12-12,Oncology,17.0,978.5,
PT-7291,Christopher Holmes,,Cardiology,3.0,3620.3,
PT-2777,Ernest Mccarty,2025-07-18,Oncology,21.0,4828.83,
PT-5078,Mrs. Emma Kelly,2025-05-26,Cardiology,21.0,"£9,319.91",
,Laura Robinson,2025-02-10,Oncology,15.0,"£7,646.14",
PT-8648,Jason Davis,2026-01-21,Pediatrics   ,9.0,8780.29,
PT-5861,Taylor Pollard,2025-04-11,Pediatrics,12.0,13159.64,
PT-9746,   Anthony Preston,2025-01-02,Neurology,17.0,9174.75,
PT-2195,Mario Hamilton,2025-02-04,Cardiology,1.0,2527.04,
PT-8551,Pamela Williams,2025-06-11,,27.0,3475.63,
PT-1589,Robert Green MD,2024-09-27,Oncology,3.0,8708.7,
PT-3066,Aaron Juarez,2024-12-25,Oncology,17.0,13036.01,
PT-7857,Jessica Smith   ,2025-08-11,Oncology,,13387.67,
PT-3860,   Michael Wood,2025-04-27,Cardiology,1.0,12696.73,
PT-6721,William Lewis,2024-10-03,Neurology,7.0,5833.14,
PT-6891,Thomas Kelly,2025-09-21,Neurology,7.0,5652.03,
PT-6068,Philip Scott,2026-07-22,Neurology,17.0,14502.03,
PT-8559,Mary Jones,2024-10-26,Oncology,5.0,10782.43,
PT-8486,Tracy Perkins   ,2025-08-19,Cardiology,5.0,5570.06,
PT-2637,Courtney Lucero,2024-10-13,Neurology,27.0,5585.66,
PT-1164,Bridget Gallegos,2026-03-14,Pediatrics   ,27.0,3164.8,
PT-8994,David Barker,2025-10-15,Pediatrics,19.0,"$12,090.07",
PT-1331,Jeremy Hunt,2026-07-31,Oncology   ,29.0,2663.22,
PT-4438,John Morrison,2025-07-17,Oncology,12.0,"$2,082.79",
PT-8023,Tina Anderson,2026-03-03,   Cardiology,9.0,2723.64,
PT-2303,Hailey Fisher,2025-06-11,Neurology,28.0,"£8,357.37",
PT-6498,James Anderson,2025-05-06,Pediatrics,27.0,9173.23,
PT-5994,Carrie Chandler,2025-11-08,Oncology,22.0,11730.29,
PT-8353,Matthew Jackson,2026-01-23,Oncology   ,24.0,3136.62,
PT-7380,   Alexis Mckee,2024-11-05,Cardiology,7.0,5175.36,
PT-1246,Lisa Meyer,2024-10-05,Neurology,6.0,9307.42,
PT-1989,   Alexandra Hampton,2025-01-23,Oncology,23.0,12816.01,
PT-1786,Nathan Lyons,2026-02-24,Pediatrics,18.0,"£8,049.66",
PT-4736,   Linda Sawyer,2024-09-18,Oncology,18.0,14043.62,
PT-7563,,2026-06-08,Cardiology,13.0,14374.34,
PT-1829,Stephanie Young,2026-01-17,,19.0,"$10,506.19",
PT-1687,Robert Bradshaw,2024-11-08,Cardiology,17.0,"£1,909.24",
PT-5637,Sean Haynes,2026-06-30,Neurology,8.0,3689.51,
PT-4589,Brianna Johnson   ,2026-02-28,,3.0,11855.79,
PT-1750,Shelley Watson   ,2026-03-31,Cardiology,6.0,4185.87,
PT-7358,Holly Marshall,2025-06-28,Pediatrics,20.0,"$12,911.00",
PT-1528,Brett Pugh,2026-05-17,Pediatrics,15.0,14341.75,
PT-5325,Pam Morgan,2026-08-02,Cardiology,29.0,12049.04,
PT-1169,   Mr. Ryan Bullock,2025-04-06,Oncology,11.0,8940.55,
PT-2828,John Barajas,2026-08-18,Pediatrics,28.0,14740.63,
PT-2481,James Bolton,2026-07-15,Oncology,17.0,513.61,
PT-4082,Mark Garza,2026-05-05,Neurology,26.0,2886.04,
PT-7494,Michelle Petersen,2025-12-09,Cardiology,10.0,2657.47,
PT-2117,George Cain,2026-03-30,   Cardiology,19.0,"$2,147.71",
PT-1977,Stephanie Bowers,2026-04-17,Neurology   ,23.0,"$10,878.91",
PT-5738,Sarah Alvarez,2026-01-31,Neurology   ,13.0,13089.22,
,Dustin Mitchell,2026-04-24,Neurology,13.0,3712.79,
PT-9136,Henry Douglas,2026-02-13,Neurology,15.0,,
PT-8112,Michael Miller,2024-10-18,Pediatrics,1.0,6609.39,
PT-2611,Lindsey Lopez,2025-12-14,Oncology,,12998.17,
PT-5862,   Veronica Mora,2026-05-07,Oncology,6.0,2126.53,
PT-6058,Tammy Mccarthy,2025-01-12,Oncology,20.0,12500.76,
PT-3627,Elizabeth Keller,2026-04-07,Neurology,5.0,"£14,801.63",
PT-6761,Dennis Howard,2025-08-06,Cardiology,16.0,11011.99,
PT-3181,   Gregory King,2026-08-30,Cardiology,9.0,14615.1,
PT-2752,Colin Howe,2026-03-11,Pediatrics,17.0,"£6,233.54",
PT-8155,William Barnett,2025-03-29,Oncology,16.0,8628.55,
PT-9426,John Miller,2025-02-13,Oncology,22.0,11139.64,
PT-8363,Andrew Hull,2026-02-14,Oncology,11.0,520.69,
PT-3029,Anna Lawson,2026-08-10,Cardiology,27.0,2403.34,
PT-8170,Mary King,2025-10-08,,4.0,9718.42,
PT-2852,Brian Rose,2026-01-06,Pediatrics,1.0,9945.7,
PT-6615,Ashley Brown,2026-01-03,Neurology,,6117.8,
PT-3040,Jessica Maxwell MD,2025-09-01,Cardiology,20.0,5218.12,
PT-4924,Sherri Burgess,2025-03-05,Neurology,,6643.81,
PT-1522,Jasmine Roberts,,Pediatrics,9.0,"£2,510.56",
PT-2302,Laura Cunningham   ,2025-10-11,Pediatrics,6.0,2407.5,
PT-4674,Jill Brown,2026-06-19,,7.0,1366.9,
PT-5153,Meghan Thornton,2025-05-10,Oncology,24.0,13259.7,
PT-5831,Helen Diaz,2025-10-06,Pediatrics,5.0,1841.73,
PT-3855,Kelly Smith,2025-05-11,Oncology,,8256.86,
PT-7100,Scott Buckley DVM,2025-02-12,Neurology,18.0,3334.93,
PT-8331,Lucas Cooper   ,2025-01-20,   Cardiology,18.0,14345.36,
PT-9327,Jillian Gordon,,,7.0,1230.15,
PT-4511,   Cheryl Campbell,2026-04-23,Cardiology,5.0,"$9,118.20",
PT-4258,Mackenzie Ruiz,2025-03-23,   Pediatrics,12.0,"$10,858.14",
PT-6554,Ryan Barajas,2025-08-07,Oncology   ,19.0,"£5,173.63",
PT-9039,Mathew Rosario,2024-09-28,Neurology,2.0,9773.85,
PT-1259,Dana Merritt,2025-06-29,Oncology,18.0,"$7,541.58",
PT-2973,Benjamin Bolton,2025-06-28,,28.0,12452.88,
PT-4610,William Smith,2025-02-27,Neurology,25.0,"$3,441.03",
PT-6934,Danielle Jackson,2024-11-17,Neurology,29.0,7717.66,
PT-1869,Kelly Harrington   ,2024-10-02,Cardiology,18.0,11460.59,
PT-4280,Miguel Matthews,2026-05-11,Pediatrics,25.0,"£3,677.39",
PT-4912,Alexis Garcia,2025-01-19,Cardiology,4.0,"$9,752.15",
PT-8244,Nicole Todd,2025-12-14,Neurology,11.0,"£5,324.02",
PT-4246,Christine Sawyer,2024-12-27,Cardiology,3.0,7112.94,
PT-2079,   Amanda Moss,2024-10-08,Cardiology,16.0,"£3,511.31",
PT-5151,Alec Taylor,2025-03-11,   Oncology,28.0,2061.73,
PT-8100,Kristina Castro,2025-06-03,Oncology,15.0,1542.02,
PT-4842,Dalton Mendez,2024-09-15,Neurology,24.0,"£12,418.84",
PT-5388,Jonathan Thomas,2026-02-17,   Neurology,,7075.85,
PT-9658,Earl Marquez,,Neurology,30.0,13967.54,
PT-9659,Jack Richard,2025-03-30,Oncology   ,16.0,,
PT-8555,George Knox,2025-08-26,Neurology,13.0,13938.29,
PT-1246,Jessica Melton   ,2025-07-01,Oncology   ,17.0,5226.36,
PT-1791,Kayla Murphy,2025-08-19,Neurology,8.0,7591.56,
PT-6181,   Candace Walker,2026-06-15,Cardiology,,"£9,300.19",
,   Sheri Williams,2026-05-09,Cardiology,26.0,4505.15,
PT-8179,Jamie Burns,2024-11-28,Cardiology,26.0,7334.47,
PT-2032,Michael Carson,2024-10-26,Oncology,2.0,12330.15,
PT-5960,Michael Mack,2026-01-16,   Oncology,12.0,"£1,617.42",
PT-7656,Patrick Norman,2025-12-13,Neurology,5.0,10829.22,
PT-8420,   Wanda Miller,2025-06-13,Pediatrics,15.0,856.24,
PT-1660,James Phillips,2026-06-03,Neurology,5.0,,
PT-1434,Maureen Juarez,2024-10-27,Pediatrics,22.0,3561.36,
PT-9853,Nancy Wright,2025-05-24,Neurology,20.0,6454.6,
PT-2804,Krista Small,2025-05-19,Neurology,29.0,14546.43,
,Victoria Hatfield,2025-12-20,Cardiology,11.0,5079.84,
PT-9480,Gregory Manning,2026-02-08,Oncology,14.0,14979.75,
PT-7851,Samuel Melendez,2025-02-04,Cardiology,5.0,14869.51,
PT-6263,Robert Hernandez,2026-06-07,Cardiology,,7296.75,
PT-5297,Kathryn Short,2024-10-23,Pediatrics,30.0,"£9,567.83",
PT-5600,Bruce Burns,2025-06-08,Pediatrics,10.0,3046.77,
PT-5158,Joshua Herrera,2026-03-23,Pediatrics,29.0,"£13,380.84",
PT-2513,Ryan Nelson,2026-02-28,Cardiology,2.0,10851.33,
PT-1571,Alison Whitaker,2026-02-20,Neurology,26.0,13754.53,
PT-2379,James Saunders,2025-03-15,   Neurology,29.0,"$3,613.71",
PT-7020,Ann Barron,2026-02-18,Cardiology,23.0,"£1,759.95",
,Mary May,2024-12-25,Neurology,23.0,8437.96,
,David Gray,2025-05-14,Pediatrics,13.0,8697.08,
PT-9970,Thomas Swanson,2025-10-27,Cardiology,22.0,"$6,873.41",
PT-9943,Jeffrey Parks,,Cardiology,3.0,"$9,509.48",
PT-3150,Stephanie Sanchez,2024-11-12,Neurology,22.0,6090.61,
PT-4790,   Andrew Peterson,2024-09-17,Oncology,30.0,14773.53,
PT-2158,Christopher Williams,2025-07-30,   Cardiology,19.0,7886.51,
PT-6463,,2024-11-25,Cardiology,7.0,1924.89,
PT-2430,Robert Lowe,2026-02-06,Pediatrics,2.0,"£11,595.90",
PT-4599,Kyle Weber,2025-08-23,Neurology,15.0,9335.6,
PT-4744,Jamie Davila,2026-07-18,Neurology,13.0,"$4,777.62",
PT-2674,Michael Reed,2024-10-22,Neurology,12.0,512.79,
PT-8328,Heather Garner,2026-03-25,Cardiology,8.0,6746.42,
PT-3487,Robert Tran,,Pediatrics,26.0,10408.43,
PT-2024,Jose Lee,2026-06-16,Cardiology,6.0,12713.35,
PT-7607,Brittany Pearson,2026-05-27,Pediatrics,20.0,9709.38,
PT-5819,,2025-06-30,Oncology   ,25.0,"$4,731.36",
PT-8698,Jerry Pineda,2026-08-02,Cardiology   ,21.0,13593.85,
PT-9598,Chelsea Bowers,2025-06-12,Oncology,5.0,1177.44,
PT-7678,   Kimberly West,2024-10-28,Oncology,20.0,7708.96,
PT-9187,Martin Weiss,2025-03-27,Neurology,12.0,13065.31,
PT-8569,George Schneider   ,2025-11-28,Cardiology,12.0,4700.29,
PT-9406,Diane Gray,2025-12-04,Neurology,24.0,3181.64,
PT-7962,   Kenneth Harding,2025-01-01,Oncology,4.0,"$4,844.97",
PT-4483,Nathan Hill,2025-04-14,Pediatrics,20.0,803.92,
,Rachel Jefferson,2026-03-17,Pediatrics,24.0,7127.38,
,Andrew Johnson   ,2025-09-15,Pediatrics,12.0,2631.25,
PT-7813,Matthew Davis,2024-11-15,Cardiology,20.0,11757.02,
PT-7427,   Anthony Henderson,2025-03-01,Neurology,28.0,"£4,706.98",
PT-1672,Edwin Johnson,2025-01-07,Oncology,2.0,4915.61,
PT-2479,Karen Frazier,2025-08-24,,3.0,4230.58,
PT-9794,Ashley Jimenez,2026-07-13,Neurology,27.0,"$1,205.03",
PT-1083,Jennifer Richardson,,,22.0,13244.49,
PT-6742,Steven Ramos   ,2025-08-17,Oncology,21.0,10551.49,
PT-8088,Lisa Holloway,2025-08-18,   Pediatrics,12.0,10983.3,
PT-1408,Danielle Jones,2026-02-21,Oncology   ,23.0,"$14,685.81",
PT-1301,Alicia Fisher,2026-05-14,Neurology,3.0,10946.14,
PT-8896,Joshua Martinez,2025-10-26,Oncology,17.0,7085.62,
PT-9849,   Lisa Taylor,2025-08-02,Oncology,5.0,6819.64,
PT-2299,Diana Lopez,2025-06-09,   Pediatrics,12.0,9077.58,
PT-4664,Steven Hunter,2025-02-12,Pediatrics,28.0,12512.18,
PT-8427,,2025-08-12,Oncology,9.0,5500.53,
PT-9357,Thomas Hebert,2025-05-26,Oncology,9.0,6352.65,
PT-3548,Kelly Randolph,2026-06-13,,12.0,14113.92,
PT-8561,Lauren Flores   ,,Oncology,5.0,5998.32,
PT-4503,Peter Wilson,2025-06-11,Neurology,21.0,"£1,403.96",
PT-7179,Ricky Salazar,2025-01-24,Pediatrics,,"$3,862.56",
PT-8496,Scott Gibson,2026-05-22,Pediatrics   ,19.0,1789.01,
PT-8417,Robert Thomas,2025-10-27,Neurology,17.0,5709.36,
PT-5900,Benjamin Mack,2026-03-13,Pediatrics,16.0,$546.06,
PT-4944,Rachel Blair,2025-04-08,Neurology,7.0,6960.69,
PT-4370,Elizabeth Schmidt,2026-01-27,Oncology   ,10.0,"$4,418.45",
PT-5434,Susan Warren,2025-09-11,Pediatrics,26.0,4026.16,
PT-6709,Jordan Allen,2026-02-17,Cardiology,19.0,3693.61,
PT-4964,John Davis   ,2025-05-19,Neurology,28.0,"$14,906.26",
PT-9220,Patrick Salazar,2024-10-31,Pediatrics,1.0,"$4,340.92",
PT-2896,Erika Brown,2024-12-04,Pediatrics,26.0,12707.4,
PT-3943,Dawn White,2026-01-09,Oncology,15.0,"£8,946.84",
PT-5831,Roberto Williams,,   Cardiology,9.0,11585.26,
PT-7699,Haley Jackson,2025-08-16,Pediatrics,16.0,9519.56,
PT-3013,Jennifer Bell,2026-07-20,Pediatrics,20.0,11126.56,
PT-4158,Ashley Haas,2026-07-20,Oncology   ,2.0,3135.05,
PT-6658,Megan Garcia,2026-02-10,Neurology,20.0,5780.12,
PT-1263,   Cheyenne Singh,2026-03-28,Cardiology,8.0,10160.1,
PT-7068,Claudia Hawkins,2026-05-29,Oncology,28.0,13141.24,
PT-2624,Katherine Garcia,2025-11-15,Neurology,29.0,12324.58,
PT-1925,Amy Chan,2026-05-30,Oncology,25.0,9182.47,
PT-4993,Katie Saunders,2025-01-06,Cardiology,1.0,7720.31,
PT-7976,,2026-04-19,Oncology,22.0,1002.95,
PT-2352,   Carlos Lee,2026-06-20,Pediatrics,29.0,4598.87,
PT-3357,Joshua Kelley,2026-04-03,Pediatrics,21.0,14569.52,
PT-2418,Michael Coleman PhD,2026-03-03,   Neurology,14.0,"$8,843.52",
PT-9710,Craig Hicks,2025-08-31,Neurology,10.0,8185.2,
PT-4063,Donna James,2025-09-12,,4.0,6807.88,
PT-7853,Theresa Hamilton   ,2025-02-18,Oncology,27.0,11261.12,
PT-4996,   Scott Blankenship,,Pediatrics,27.0,11138.94,
PT-2738,Mary Robinson,2026-07-02,Oncology,14.0,7426.84,
PT-7022,Jessica Chambers,2025-07-08,Oncology,14.0,8456.43,
PT-4856,,2024-09-19,Pediatrics,30.0,11944.82,
PT-9509,Jennifer Duffy,2026-06-13,Oncology,3.0,11881.28,
PT-4489,Jason Chavez,2026-08-16,   Cardiology,,"$5,746.40",
PT-6688,   Sarah Smith,2025-03-06,,20.0,5704.93,
PT-5969,Jesse Davidson,2025-11-24,Oncology,2.0,1031.43,
PT-1796,Judith Baker,2026-07-18,Oncology,2.0,1104.88,
PT-6315,Jill Ward,2026-01-14,,20.0,9878.27,
PT-2932,Connor Shepard,2026-06-05,Oncology,26.0,3099.54,
PT-9271,Alexandra Bryant,2026-04-07,Cardiology,16.0,811.57,
PT-7421,Janet Romero,2026-06-10,Neurology,29.0,3424.35,
PT-4481,Benjamin Cox,2025-09-08,Pediatrics,9.0,,
PT-8765,Vanessa Maxwell,2025-01-22,Oncology,23.0,11892.27,
PT-4417,Joseph Smith,2025-06-26,Cardiology   ,7.0,10883.56,
PT-2716,Alexis Rodgers,2025-04-29,Neurology,26.0,1075.56,
PT-8371,Cory Ray,2025-08-06,Cardiology,,1078.61,
PT-6175,Lauren Johnson,2026-05-07,Pediatrics,28.0,5889.81,
PT-7362,Elijah Perez,2026-08-25,Oncology   ,21.0,9230.41,
PT-9098,Lynn Little,2025-06-23,Cardiology,30.0,5377.29,
PT-5246,Natasha Mcgee,2025-02-04,Neurology,14.0,12228.34,
PT-1987,Matthew Singleton,2026-03-18,Oncology,20.0,3867.78,
PT-5832,Randy Vazquez,2024-12-15,Neurology,20.0,9267.97,
PT-5238,Nicole Roberts,2024-11-24,Cardiology,29.0,13131.37,
PT-2930,Donald Sandoval,,Cardiology,14.0,"£1,862.84",
PT-9589,Christopher Glass   ,2026-07-12,Cardiology,28.0,12366.76,
PT-8634,Edward Nash   ,2026-01-26,Neurology,5.0,14101.63,
PT-4456,Erica Garcia,2026-02-22,   Neurology,18.0,"$1,212.14",
PT-2889,Shawn Roberts   ,,Cardiology,2.0,5623.34,
PT-9749,Paul Jones,2026-05-26,Oncology,23.0,9644.88,
PT-6037,Christopher Flores,2025-01-20,Pediatrics,,2539.02,
PT-6942,Karen Flores,2025-02-25,Pediatrics   ,11.0,6512.95,
PT-5393,Brian Mendez,2025-03-15,Cardiology,13.0,9743.97,
PT-9014,Timothy Phillips,2025-05-08,Pediatrics,5.0,7504.28,
PT-1005,Amy Taylor,2025-12-16,Neurology,10.0,"$10,078.02",
PT-9687,Howard Calderon,,Neurology,4.0,6206.71,
PT-8972,Phillip Coleman,2026-06-15,Oncology,18.0,1737.87,
PT-6054,Seth Santana,2026-03-25,Pediatrics,10.0,14861.19,
PT-9125,Rebecca Khan   ,,Neurology,29.0,8196.72,
PT-5930,Linda Mejia,2025-09-22,Neurology,6.0,11690.35,
PT-5824,Daniel Levine,2025-01-06,Oncology,,8880.89,
PT-1741,Daniel Caldwell,2025-12-08,Oncology,26.0,1936.07,
PT-5407,,2026-02-24,Cardiology,1.0,,
PT-4031,Emma Garrett,2025-02-28,   Cardiology,,10326.95,
PT-7092,Tara Sherman,2026-07-22,Oncology,20.0,2426.89,
PT-9425,Steven Taylor,2026-01-21,Neurology,21.0,5913.51,
PT-3766,Paul Wheeler,,,17.0,2411.39,
PT-2010,Kathleen Hall,2024-09-23,Neurology,11.0,"£4,487.52",
PT-4299,James Lewis DDS,2025-01-05,Neurology,25.0,743.38,
PT-5908,,2025-10-28,,23.0,799.78,
PT-6338,Dorothy Stanton,2024-12-17,Neurology,22.0,2175.16,
PT-7488,Crystal Larson   ,2026-08-31,,16.0,"£7,112.03",
PT-2539,Amy Washington,2025-09-07,Cardiology,1.0,"£3,442.67",
PT-5623,Tracy Curtis,2026-03-21,Cardiology,27.0,11310.41,
,Adam Simon,2025-05-09,   Pediatrics,15.0,13699.01,
PT-6337,Anita Schmidt   ,2025-08-18,Oncology,19.0,10190.28,
PT-8899,Sydney Allen,2026-09-05,Oncology,12.0,1635.35,
PT-1350,Nicholas Davis,2025-03-01,Cardiology,7.0,1184.52,
PT-6073,Jesse Zamora,2025-09-27,Oncology,3.0,13343.09,
PT-1727,Debra Jacobson,2024-09-12,Cardiology,13.0,14284.22,
PT-2756,   Albert Burton,2025-05-19,   Pediatrics,16.0,5414.41,
PT-5894,Darren Lopez,2025-01-28,Cardiology,29.0,11766.65,
PT-4833,Betty Anderson,2025-08-03,Oncology,19.0,3218.77,
PT-4041,Elizabeth Silva,2024-12-16,,27.0,5469.23,
PT-6523,Joshua Chapman,2026-03-05,Oncology,21.0,14320.36,
PT-8979,Victoria Davis,2025-07-03,Cardiology,24.0,7469.24,
PT-5237,,,Oncology   ,3.0,5679.27,
PT-6416,Andrew Williams,2025-07-15,Pediatrics,9.0,12927.08,
PT-1546,Jose Harris,2025-03-28,Neurology,9.0,9362.17,
PT-3434,Dana Williams,2026-07-02,Oncology,12.0,7340.41,
PT-7856,Robert Hodges,2026-08-01,Pediatrics,20.0,13104.2,
PT-6126,Jonathan Robinson II,2026-02-22,Cardiology,3.0,10251.22,
PT-3699,Melinda Sanchez,2025-02-05,   Neurology,30.0,9195.56,
PT-3348,William Cook,2026-06-02,Pediatrics,26.0,"£4,576.66",
PT-7245,Tyler Kennedy,2026-07-17,Pediatrics,16.0,5480.95,
PT-5083,Kim Thomas,2024-12-19,Pediatrics,30.0,13062.78,
PT-3924,Nathan Smith,2025-05-30,Cardiology,9.0,7051.86,
PT-7778,Kenneth Willis DDS,2025-01-11,Neurology,30.0,7053.25,
PT-6651,Jeffery Hicks,2026-01-08,Cardiology,1.0,"$5,699.42",
PT-6330,David Guerrero,2025-02-15,Oncology,8.0,3684.93,
PT-8892,Scott Rodriguez   ,2026-03-05,Pediatrics,13.0,3428.21,
PT-3042,Michelle Bennett,2025-11-29,Pediatrics,9.0,14394.44,
PT-2646,Thomas Campbell,2024-10-24,Oncology,4.0,6735.67,
PT-9288,,2025-03-10,   Pediatrics,15.0,10848.2,
PT-2207,Felicia Mcclure,2025-10-17,Oncology,21.0,7299.03,
PT-3434,Tammy Martin,2026-05-25,Oncology,17.0,,
PT-4452,Michelle Hensley,2025-05-11,Oncology,16.0,,
PT-8937,,2025-12-09,Pediatrics,9.0,"£2,972.17",
PT-3980,Sandra Nelson,2025-05-31,Pediatrics,11.0,6247.12,
PT-9346,Stephanie Hobbs   ,2026-03-15,Pediatrics   ,20.0,12525.17,
PT-1357,Steven Martinez   ,2024-11-02,Cardiology,8.0,821.9,
PT-6958,Philip Gonzalez,2026-05-11,Pediatrics,12.0,£958.46,
PT-7612,Christopher Walters   ,2025-03-27,Pediatrics,14.0,12445.2,
PT-5753,Courtney Hanson,2024-11-29,Pediatrics,24.0,13756.8,
PT-3633,Jeffrey Mccall,2025-11-07,Neurology,29.0,8630.35,
PT-4740,Holly Everett,2026-05-15,   Cardiology,6.0,10031.58,
PT-8767,   Mr. Stephen Pace,2025-08-29,Neurology,15.0,14558.58,
PT-9939,Ryan Sexton   ,2025-05-25,Pediatrics,15.0,8320.62,
PT-6821,Stephanie Le,2026-08-26,Pediatrics,24.0,"£2,838.88",
PT-8792,Melanie Davis,2026-01-13,Cardiology,18.0,12868.72,
PT-8810,Carrie Cain,2025-03-04,Cardiology,27.0,"$9,433.92",
PT-9205,Jennifer Castro,2026-04-23,   Cardiology,1.0,2188.6,
PT-7193,   Jessica Aguilar,2025-08-03,Cardiology,21.0,,
PT-5647,Carlos Smith,2026-02-02,   Oncology,30.0,,
PT-4387,Terrance Martinez,2025-08-03,Pediatrics,26.0,1527.4,
PT-9692,Sharon Jackson,2025-06-17,Pediatrics,28.0,5213.18,
PT-4930,   Kiara Hernandez,,Neurology,,"$6,131.61",
PT-7997,Ricardo Reyes,2025-06-18,Oncology,6.0,"$10,471.18",
PT-2876,Patricia Gillespie,2026-03-01,Neurology,3.0,"£10,969.03",
PT-6048,Jason Reed III,2025-09-08,   Neurology,5.0,11201.04,
PT-8339,Christopher Snyder,2025-06-21,Oncology,20.0,7208.37,
PT-8424,Hannah Chavez,2025-09-21,Neurology,25.0,9115.66,
PT-3780,Jennifer Graham,2025-05-01,Oncology,24.0,13088.09,
PT-2808,Mark Garcia   ,2024-09-19,Oncology,30.0,10540.61,
PT-6386,Chad Jones   ,2025-08-23,Cardiology,18.0,"$11,770.93",
PT-8841,Penny Ramirez,2025-04-27,Pediatrics,12.0,10066.15,
PT-8594,Christina Robinson,2026-07-27,Neurology,26.0,"£9,500.54",
PT-9411,Andrew Graham,2026-03-25,Oncology,21.0,"£2,083.26",
PT-3473,Edwin Ferrell,2026-06-15,Oncology,16.0,"£13,414.16",
PT-7998,Jessica Vasquez,2025-11-12,Cardiology,25.0,9961.84,
PT-4142,Zachary Moore,2025-03-22,Cardiology   ,11.0,,
PT-2867,Dennis Powell,2025-01-28,Oncology,4.0,14916.63,
PT-4375,David Garcia,2024-10-13,Pediatrics,11.0,11737.05,
PT-7527,Connie Anderson,2026-03-04,Oncology,9.0,"$10,868.94",
PT-4725,Nicholas Petersen,,Cardiology,10.0,1734.66,
,   Shawn Park,2026-04-11,Neurology,12.0,2590.07,
PT-8984,,2024-11-15,Oncology,11.0,10025.26,
PT-5937,Debbie Davies,2024-11-12,Cardiology,12.0,9585.06,
PT-9255,Renee Thompson,,   Oncology,22.0,"$3,013.08",
PT-2038,Kelly Lane,2026-02-24,Pediatrics,17.0,628.85,
,Steven Moore,2025-06-24,Oncology,7.0,656.62,
PT-9736,Kirk Singleton,2026-01-12,Pediatrics,12.0,,
PT-4496,   Angela Owens,2025-12-25,Neurology,6.0,7025.39,
PT-1691,Monica Johnson   ,2025-02-13,Neurology,15.0,"$3,069.43",
PT-8475,Michael Johnson,2026-06-22,Oncology,26.0,2276.88,
PT-1780,Tracy Davis,2025-08-27,Pediatrics,21.0,10511.55,
PT-9228,Megan Rogers,2026-02-10,Oncology,22.0,2421.24,
PT-9077,Kendra Williamson,2025-12-26,Neurology,6.0,,
PT-7012,   Robert Avery,2026-06-12,   Cardiology,17.0,14659.35,
PT-9409,Stephen Franco,2025-04-19,Cardiology,3.0,7894.24,
PT-9034,Joseph Peterson,2024-11-27,,14.0,"$3,066.58",
PT-9668,Dawn Smith,2025-01-17,Pediatrics,18.0,9696.1,
PT-5209,Teresa Guzman,2025-09-12,Neurology,23.0,13760.33,
PT-6798,,2026-06-14,Oncology,1.0,7757.86,
PT-2955,Shawn Camacho,2026-09-03,Neurology,8.0,11019.94,
PT-5815,Matthew Scott,2026-09-01,,7.0,3782.05,
PT-7299,Cheryl Vega,2025-01-21,Neurology,17.0,7794.61,
PT-8863,Cody Davies,2026-07-19,Oncology,12.0,"£9,953.97",
PT-7034,Justin Morgan,2025-06-21,Pediatrics,10.0,11107.16,
PT-4163,Victoria Martinez,2026-02-02,Pediatrics,13.0,,
PT-7262,Wanda Marshall,2025-10-01,,26.0,13095.99,
PT-1137,,,   Pediatrics,7.0,1657.22,
PT-7342,Zachary Alvarado,2025-06-03,Neurology,,8053.01,
PT-6725,Jennifer Hill,2026-06-23,Cardiology,30.0,"£13,061.88",
PT-4780,,2025-08-03,Pediatrics,12.0,"$12,894.92",
PT-9793,Paul Kelly   ,2026-02-15,Neurology,7.0,7453.62,
PT-9497,Keith Gibson,2026-01-16,Pediatrics,4.0,2936.64,
PT-8902,Phillip Martinez,2026-03-10,   Cardiology,16.0,"£13,349.34",
PT-9685,Michael Tate,2025-01-22,Pediatrics,12.0,8387.06,
PT-9370,Mr. David Sheppard,,Oncology,29.0,14041.94,
PT-6406,Madison Reid,2025-05-02,Pediatrics,14.0,9096.34,
PT-6810,Jennifer Harris,2025-09-24,Oncology,15.0,12453.95,
PT-4716,Martha Soto,2025-08-02,Cardiology,20.0,"$5,223.08",
PT-5699,Christopher Evans,2025-09-17,Cardiology   ,16.0,"$5,852.23",
PT-2850,Nicholas Wright,2026-09-09,Oncology,8.0,14992.4,
PT-8686,Arthur Stewart,2026-01-02,Oncology,19.0,5627.25,
PT-1985,Timothy Marquez,2026-01-13,Neurology,26.0,3949.22,
PT-3264,Jacqueline Wagner,2025-03-31,Cardiology,12.0,14419.26,
PT-8872,Samantha Brown,2025-08-22,Pediatrics,12.0,11047.09,
PT-8487,Thomas Smith   ,2026-03-03,Oncology,23.0,5562.5,
PT-4229,Susan Love,,Oncology,27.0,12478.12,
PT-2269,Shannon Chavez   ,2025-11-16,Pediatrics,20.0,"$6,554.49",
PT-4549,Stephanie Potter,,Pediatrics,,10369.85,
PT-1661,Sandra Downs,2025-04-21,Neurology,12.0,4971.65,
PT-4543,Juan Mcgee MD   ,2025-12-10,Pediatrics,2.0,9346.9,
PT-6325,Katelyn Freeman,2025-05-25,Cardiology,17.0,1609.94,
PT-5423,Michael Rose,2026-03-02,Pediatrics,25.0,,
PT-8062,Dr. Haley Williams,2025-08-02,Neurology,6.0,"£13,697.38",
PT-2105,Jessica Thomas,2025-05-30,Pediatrics,29.0,10342.97,
PT-9705,Clinton Roman,2024-12-25,Pediatrics,1.0,3835.15,
,Sophia Sandoval,,Neurology,24.0,1605.16,
PT-8361,Kimberly Lang,,Oncology,3.0,6707.4,
PT-7138,Edward Rodgers,2025-12-25,Cardiology,29.0,"$6,651.26",
PT-1422,Kenneth Ramsey,2025-04-05,Pediatrics,14.0,"£6,086.45",
PT-7289,Matthew Mckenzie,2024-09-25,Oncology,1.0,"£8,681.73",
PT-8377,,2026-01-20,Oncology,15.0,12804.15,
PT-1514,Jordan Cook,2025-08-16,Pediatrics,17.0,4231.33,
PT-1902,Andrea Mays,2026-01-23,Pediatrics,18.0,5733.49,
PT-9672,Jason Davis,2026-07-29,,29.0,4142.56,
,John Meyer,2026-06-09,Pediatrics   ,18.0,"£10,756.95",
PT-6221,Heather Hill,2025-05-24,   Pediatrics,5.0,13549.46,
PT-7105,,2025-04-09,Pediatrics,5.0,11394.73,
PT-9118,Sergio Ashley,2026-01-07,Neurology,6.0,5894.84,
PT-1460,Kendra Davis,2025-08-20,Oncology,16.0,14477.96,
PT-6473,Sherri Waters,2024-12-14,Neurology,13.0,"£13,487.89",
PT-8684,Robert Lopez,2024-10-16,Neurology,11.0,2332.88,
PT-5666,Melanie Medina,2025-12-10,Oncology,17.0,5600.77,
PT-4335,David Thompson,2026-02-27,Oncology,19.0,12950.63,
PT-3791,Kelly Murray,2026-03-05,Neurology,20.0,8467.36,
PT-2365,Logan Miller,,Cardiology,20.0,4691.96,
PT-5545,Allison Cooper,2025-06-24,   Neurology,6.0,1392.46,
PT-6952,Edward Parker,2026-07-31,Pediatrics,,14987.15,
PT-3641,Michael Davis,2025-04-13,Cardiology,29.0,9537.41,
PT-8860,Robert Hill   ,2025-04-12,Neurology,4.0,14138.58,
PT-3810,James Myers,2025-08-17,Cardiology,30.0,14630.22,
,Raymond Garza,2025-02-12,Oncology,6.0,"£7,480.73",
PT-3591,   Patrick Griffith,2025-01-19,Oncology,20.0,12288.82,
PT-1135,Jeanette Baker,2026-05-07,Cardiology,28.0,"£1,660.29",
PT-6526,Susan Kemp,2024-09-21,Oncology,17.0,2023.51,
PT-7606,John Acosta,2026-08-26,Cardiology,,13609.37,
,Steven Garcia,2026-06-02,   Pediatrics,5.0,"£2,720.82",
PT-2187,Janice Beard   ,2026-07-12,Neurology,7.0,4609.47,
PT-4452,Jennifer Thomas   ,2025-05-13,Pediatrics,23.0,"£14,912.37",
PT-7015,Adam Aguirre,2024-11-16,Cardiology,30.0,2125.65,
PT-6132,Jenny Estrada,2024-11-09,Oncology,24.0,14632.03,
PT-6668,Margaret Silva,,Pediatrics,21.0,9582.04,
PT-6514,Christine Owens,2025-01-27,Neurology,16.0,2577.94,
PT-9395,Erika Walker,2025-05-10,Cardiology,16.0,,
PT-9698,Mrs. Brandy Johnson,2026-01-16,Cardiology,7.0,13131.5,
PT-4252,Linda Jackson,2025-06-05,Neurology,8.0,"$1,729.74",
PT-1294,Kyle Hurst,2025-09-20,Cardiology,13.0,4778.13,
PT-7029,Jennifer Morgan,2025-10-04,   Neurology,22.0,10600.51,
PT-5497,Andrew Ayers,2025-06-26,Neurology,12.0,7644.75,
PT-5677,Mitchell Flynn,2025-06-10,Neurology,13.0,,
PT-6654,Lauren Parsons,2026-01-15,Pediatrics,11.0,14218.21,
PT-9032,Cory Keller,2024-11-08,Neurology,19.0,,
PT-8476,Jaime Taylor,2025-10-06,   Neurology,29.0,14328.26,
PT-3955,Richard Perez,2026-04-13,Neurology,5.0,13017.93,
PT-4519,,2024-12-21,Cardiology,14.0,8261.04,
PT-5750,Christopher Henderson,2026-02-16,Neurology,,6868.16,
PT-4108,Rebecca Ballard,2026-01-13,   Pediatrics,1.0,1980.76,
PT-1807,Stephen White   ,2025-10-19,   Neurology,29.0,,
PT-5890,Cassandra Farmer,2026-07-23,Pediatrics,16.0,10329.83,
PT-2191,Wesley Wallace,2024-12-12,Pediatrics,3.0,705.59,
PT-6646,Nicholas Villarreal,2025-01-30,   Neurology,22.0,,
PT-4066,Kenneth Stokes,2025-03-28,Neurology,20.0,3582.33,
PT-4866,Paul Kline,2025-07-31,Cardiology,11.0,8432.44,
PT-1960,   Brian Conway,2026-04-29,,22.0,"$9,379.15",
PT-8360,   Amanda Gray,2025-05-06,Neurology,24.0,4072.86,
PT-7948,Samantha Glover   ,2026-03-17,Neurology,9.0,998.3,
PT-6656,Ronald Beard,2024-11-13,Oncology,27.0,1363.61,
PT-5781,Aaron Floyd,2025-11-16,Pediatrics,18.0,6403.34,
PT-3774,Rebecca Cox,2025-02-28,Neurology   ,6.0,11241.89,
PT-8872,Grace Booth,2024-09-24,,22.0,6321.61,
PT-7016,John Berry,2025-09-21,,23.0,4073.27,
PT-6334,Ronald Baker,2025-04-02,Pediatrics,23.0,13470.53,
PT-6655,Deborah Harper,2025-03-11,Oncology,18.0,8194.25,
PT-1538,David Jacobs,2026-02-14,   Cardiology,16.0,4255.68,
PT-3052,Abigail Herrera,2026-04-18,Oncology,22.0,6115.25,
PT-5241,Dustin Nguyen,2025-10-21,Cardiology,23.0,9152.0,
,Crystal Moreno,2026-02-07,Pediatrics,1.0,1157.82,
PT-6201,Michael White,2026-02-03,Oncology,20.0,3647.62,
PT-3169,Joseph Davis,,Pediatrics,1.0,14130.48,
PT-5591,Renee Rich,2026-03-24,,9.0,2466.36,
PT-4149,Natasha Andersen,2026-05-08,Pediatrics,1.0,3774.88,
PT-3713,Madison Shaffer MD,2026-05-24,Oncology,7.0,13878.15,
PT-4741,Crystal Garcia,2025-07-18,   Pediatrics,21.0,3715.43,
PT-9295,Cheryl Schmidt,2026-05-01,Oncology,19.0,5613.51,
PT-6668,Michael Cochran,2026-02-22,Cardiology,20.0,7507.24,
PT-2661,Sierra Randall,2026-05-28,Neurology,29.0,3626.27,
PT-1908,Dustin Fowler,2026-03-25,Neurology,18.0,13889.89,
PT-4379,Joshua Palmer,2025-10-19,Pediatrics,4.0,1652.03,
PT-4863,Logan Goodman,2026-06-02,Cardiology,21.0,14605.43,
PT-3179,   Jonathan White,2025-09-29,Neurology,16.0,616.23,
PT-3730,Eric Williams,2025-10-10,Cardiology,11.0,"$4,420.85",
PT-1149,Nicole Williams,2025-01-11,Pediatrics,23.0,"£6,217.89",
PT-5428,Kimberly Smith,2025-10-03,Cardiology   ,12.0,1282.49,
,Michael Rowe   ,2025-03-05,,11.0,"£10,701.58",
PT-6510,Jennifer Carroll,2026-02-15,Pediatrics,18.0,13772.91,
PT-1093,,2024-10-15,Pediatrics,24.0,5095.62,
PT-5673,Lorraine Trevino,2025-06-04,Oncology,19.0,5109.91,
PT-5121,   Erica Ruiz,2025-11-02,Cardiology,29.0,9366.84,
PT-7609,Melissa Smith,2024-10-13,Cardiology,27.0,1063.37,
PT-6849,Billy Mooney,2025-11-16,Cardiology,21.0,"£6,017.16",
PT-9602,   Kari Norman,2025-09-14,Cardiology,,"$8,222.91",
PT-8917,Joseph Harding,2026-04-20,   Oncology,1.0,5447.51,
PT-1823,Sandra Simpson,,Neurology,23.0,2281.4,
PT-9132,Angie Blackwell,2025-01-03,   Pediatrics,11.0,1203.95,
PT-4045,Caleb Johnson,2025-12-27,,18.0,2339.3,
PT-5005,Kristen Gonzalez,2025-06-12,Oncology,11.0,4390.67,
PT-2967,Robert Bailey   ,2026-01-10,   Cardiology,4.0,,
PT-8471,   Katherine Harrison,2026-05-20,Pediatrics,29.0,9012.29,
PT-1112,Amber Valdez,2025-06-09,Oncology,16.0,1951.47,
PT-6053,Ryan Fox,2025-04-28,Pediatrics,22.0,11982.43,
PT-3807,Nancy Sanders,2026-03-27,Pediatrics,26.0,11851.61,
PT-5648,Stephanie Williams,2025-11-27,   Cardiology,16.0,"$9,289.46",
PT-5294,Micheal Quinn   ,2026-03-03,Neurology,13.0,3661.69,
PT-4856,Dwayne Peterson,2026-02-23,,,6025.09,
PT-4848,Casey Wood,2026-05-24,Oncology   ,,11655.12,
PT-9801,Brooke Lin,2024-12-09,Oncology   ,30.0,6232.72,
PT-8596,,2025-10-25,   Oncology,,7781.6,
PT-9281,Daniel Brown,2026-01-31,Cardiology,26.0,"$13,762.95",
PT-3641,Christine Mitchell,2025-01-08,,4.0,,
PT-2488,Katie Ramirez,2026-03-06,Pediatrics,22.0,"$6,223.25",
PT-3286,Diane Dixon,2024-12-16,,24.0,12100.38,
PT-2228,Tiffany Cook   ,2024-12-20,Pediatrics,23.0,"£1,042.63",
PT-3537,Kimberly Stevenson,2024-09-24,Cardiology,6.0,,
,Allison Kelley,2026-01-12,   Neurology,15.0,9813.85,
PT-3722,Natasha Travis,2026-03-11,Pediatrics,1.0,13112.89,
PT-4231,William Young,2024-09-14,Neurology,,"£14,330.71",
PT-7030,Alexandra Smith,2025-12-25,,19.0,13330.0,
PT-9185,Alex Brown,2026-03-09,Neurology,30.0,5602.32,
PT-8874,   Jeff Turner,2024-11-23,Neurology,28.0,6488.08,
PT-5341,Jacob Flowers   ,2025-10-16,Pediatrics,4.0,"$3,183.49",
PT-7046,Alvin Walker Jr.,2025-08-30,Pediatrics,25.0,2532.47,
PT-8760,Wanda Clarke,2025-06-01,Neurology,24.0,3832.16,
PT-3564,Sandra Branch,2025-09-01,Neurology,25.0,14765.57,
PT-7191,Parker Diaz,2024-12-22,   Oncology,1.0,6637.0,
PT-2407,Courtney Keller,,Pediatrics,,7660.46,
PT-9513,   Natalie Perry,2026-05-07,Oncology,24.0,4301.8,
PT-1350,Tina Daniels,2026-03-30,Oncology,18.0,"£1,722.06",
PT-2158,Lori Morris,2024-10-27,Oncology,25.0,13376.07,
PT-9573,Erica Smith,2025-07-16,Neurology,26.0,14087.14,
PT-8356,Jesse Hernandez,2025-12-03,Neurology,15.0,8067.78,
PT-1857,William Kim,2026-04-03,Pediatrics,9.0,1191.13,
PT-2179,Kyle Wheeler,2026-03-30,Cardiology,22.0,13177.11,
PT-4329,Alexandra Hines,2025-03-26,Neurology,18.0,6651.62,
PT-7864,   John Hernandez,2026-04-27,Pediatrics,15.0,10627.41,
PT-9341,Richard Lozano,2026-02-01,Oncology,27.0,3576.98,
PT-6698,Paul Estes,,Pediatrics,8.0,10964.98,
PT-7548,Destiny Johnson,,Cardiology,2.0,10593.67,
PT-6744,   Ryan Gentry,2025-05-19,Neurology,7.0,8672.55,
PT-7847,Monica Myers,2025-09-19,   Pediatrics,16.0,10057.14,
PT-7585,Craig Johnson,2025-05-11,Pediatrics,26.0,9154.04,
PT-5761,Mary Skinner,2026-08-17,Cardiology,2.0,,
PT-2500,Jasmine Dawson,2025-10-23,Pediatrics,21.0,3968.53,
PT-6952,Isaac Riddle   ,2026-07-10,Cardiology   ,29.0,7429.58,
PT-6640,Erin Weaver   ,2025-02-07,Pediatrics   ,25.0,"£10,585.39",
PT-2580,Gary Hall,2025-10-12,Oncology,3.0,503.13,
PT-3715,Brian Hughes,2025-12-31,Pediatrics   ,24.0,3367.18,
PT-7104,Daniel Smith,2024-09-20,Oncology,30.0,3839.81,
PT-1243,Jacqueline Mclaughlin MD,2024-12-18,Oncology   ,24.0,"$4,875.28",
PT-3710,Daniel Swanson,2025-07-21,Cardiology,3.0,6415.56,
PT-6166,Scott Schaefer,2025-12-11,Neurology,20.0,12156.41,
PT-1495,Beth Soto,2026-04-27,Oncology,17.0,9306.25,
PT-3076,James Wolfe,2025-09-29,Pediatrics,28.0,11452.8,
PT-5137,Kristi Peterson,2025-06-22,Cardiology,24.0,14769.58,
PT-4411,Jorge Sandoval,,Pediatrics,15.0,11243.76,
PT-5891,Amanda Pena,2026-05-08,Pediatrics,12.0,12602.9,
PT-6970,Christine Olson,2026-01-09,Neurology,5.0,14832.24,
PT-8206,Emily Ferguson DDS,2025-09-28,Neurology,9.0,14690.96,
PT-4879,Paula Velasquez,2026-07-29,Cardiology,5.0,9872.81,
PT-4049,Ricky Mckinney   ,2025-07-01,Pediatrics,22.0,1822.89,
PT-9591,,2025-05-23,Pediatrics,28.0,10306.66,
PT-5718,Judith Martinez,2026-04-21,Oncology,12.0,1962.63,
PT-4866,Robert Grant,2024-11-16,Pediatrics,21.0,11436.58,
PT-7118,Evelyn Brown,2026-01-30,Oncology,19.0,"£5,453.33",
PT-3016,,2026-06-01,Cardiology,,10104.98,
,Joseph Campbell,2025-07-19,Neurology   ,2.0,14125.85,
PT-9218,Lisa Gill,2025-09-30,Oncology,,,
PT-3155,   Kenneth Escobar,2026-01-03,Cardiology,27.0,3497.95,
PT-8439,Mark Nelson,2025-12-28,Pediatrics,4.0,11092.87,
PT-7496,Robert Lewis,2026-04-17,   Cardiology,28.0,3522.64,
PT-1839,Robert Chavez,2026-01-04,Cardiology,14.0,2366.53,
PT-8532,Jacob Richardson,2024-10-12,   Cardiology,12.0,3536.34,
PT-4835,Sean Swanson,,Cardiology,21.0,7803.25,
PT-2851,Martha Walters,2024-11-15,Oncology,5.0,8545.54,
PT-5982,Connie White,2025-08-31,Cardiology,17.0,2391.12,
PT-7364,,2026-05-09,Oncology,7.0,"£13,732.61",
PT-8797,Brittany Holloway,,Cardiology,18.0,7229.58,
PT-5350,Kimberly Garrett,,Cardiology   ,20.0,"$7,927.11",
PT-2007,Jason Cardenas,2024-11-02,Oncology,17.0,,
PT-5858,Holly Erickson,2025-05-01,   Pediatrics,2.0,5042.57,
PT-9588,Sean Harris,2024-11-01,Cardiology,28.0,1211.23,
PT-4472,Mark Short,2025-04-03,Oncology   ,22.0,998.76,
PT-7194,Jeffrey Murphy,2025-02-19,Neurology   ,22.0,,
PT-5958,Sarah Olsen   ,2025-11-18,Oncology,30.0,"$8,944.21",
PT-4601,Mrs. Rebekah Salazar MD   ,,Neurology,25.0,6426.19,
PT-8091,Terry Johnson,2025-12-22,Oncology,20.0,"$13,220.85",
,   Eric Smith,2026-06-14,   Cardiology,28.0,7211.13,
PT-9367,Christian Carter,2026-07-30,Oncology,7.0,"£11,551.23",
PT-4143,   Joseph Martinez,2025-02-20,Oncology,4.0,12091.14,
PT-1164,Kenneth Walter,2025-07-18,Cardiology,23.0,3402.0,
PT-1416,Janet Armstrong   ,2026-03-06,Cardiology,1.0,11445.69,
PT-1465,Matthew Daniels,2025-10-01,Cardiology,17.0,7793.63,
PT-9478,Samantha Hart,2026-04-11,Oncology,2.0,1825.49,
PT-9664,Jennifer Harding,2026-08-06,Pediatrics,17.0,"$14,269.74",
PT-8020,Kimberly Ferguson,,Pediatrics,25.0,"$7,226.52",
PT-3103,Lauren Page,2025-01-03,Neurology,,12091.39,
PT-7564,Terry Mitchell,2024-12-19,Cardiology,23.0,"$9,873.65",
PT-5259,Keith Cohen,2026-02-04,Neurology,22.0,"$5,277.15",
PT-1709,   Shannon Sanchez,2026-02-14,Cardiology,30.0,7113.59,
PT-7724,Raymond Bird,2026-07-27,Cardiology,13.0,,
PT-9635,Rachel Romero,2026-06-18,Oncology,9.0,4724.67,
PT-8444,Jorge Graham,2025-07-03,Cardiology,4.0,6018.65,
PT-5394,Becky Phillips,2025-11-08,Cardiology,17.0,8460.89,
PT-2887,   Madison Todd,,Neurology,30.0,2179.48,
PT-9323,   Lisa Williams,2025-02-09,Oncology,29.0,3560.79,
PT-2483,Charlotte Potter,2026-01-07,Pediatrics,28.0,7477.3,
PT-5895,Jeffrey Figueroa,2026-05-04,Pediatrics,9.0,11478.56,
PT-1939,Melissa Terrell,2026-08-11,Pediatrics,17.0,4705.91,
PT-2627,Kelly Lawson   ,2026-05-13,Neurology,11.0,"$14,673.44",
PT-4664,Sara Pitts,,Neurology,20.0,4989.38,
PT-7960,Nathan Griffin,2026-06-01,Cardiology,27.0,14515.1,
PT-1312,David Howell   ,2026-03-06,Oncology,10.0,9060.69,
PT-4898,James Meyer,2026-02-27,,9.0,2983.86,
PT-1796,Olivia Bennett,2025-04-29,Pediatrics,14.0,13412.68,
PT-7585,Kerry Carter,2024-09-27,Neurology,12.0,13940.38,
PT-7343,   Janice Lewis,2024-12-21,Pediatrics,25.0,548.95,
PT-9460,Anthony Casey,2026-07-24,   Cardiology,8.0,3943.64,
PT-4047,Clifford Hammond,2026-08-25,Oncology,20.0,6129.09,
PT-2034,Jeffrey Rodriguez,2025-05-04,Oncology,15.0,6319.03,
PT-4816,Christine Reed   ,2026-02-17,Cardiology   ,30.0,5447.44,
PT-6207,Michelle Wagner,2026-06-24,Pediatrics,11.0,14603.49,
PT-3802,Christopher Perez,2024-12-23,Oncology,23.0,10103.36,
PT-4494,Crystal Prince,2025-01-17,Oncology,6.0,8886.11,
PT-5922,,,Oncology,25.0,1684.94,
PT-7553,Tony Murray,2025-01-08,Cardiology,11.0,4314.06,
,Austin Wallace,2025-09-10,Oncology,17.0,8870.38,
PT-3766,Michelle Smith,2025-04-19,Neurology,12.0,12690.84,
PT-6167,   Bryan Duncan PhD,2026-01-29,   Pediatrics,,"£5,371.44",
PT-8177,Amanda Baldwin   ,2026-03-17,Oncology,10.0,11548.5,
PT-4138,Mary Adams,2025-06-09,   Cardiology,23.0,3332.13,
PT-4311,Joshua Johnson,2026-07-16,Neurology   ,4.0,4601.7,
PT-1973,Elizabeth Gillespie,2025-10-09,Neurology,19.0,14284.79,
PT-3794,Stephanie White,,Pediatrics,8.0,9819.41,
PT-2639,Maria Swanson,2026-04-01,Neurology,7.0,11597.5,
PT-3819,Keith Jones,2025-01-18,Pediatrics,18.0,"£13,652.33",
PT-2262,Nathan King   ,2025-08-27,Oncology,5.0,£552.15,
PT-4433,David Jones   ,2026-01-29,Pediatrics,10.0,4749.63,
PT-8694,Jeffrey Johnson,2026-07-29,Oncology,,14731.1,
PT-7805,James Jacobs,2025-11-16,Cardiology,4.0,8973.19,
PT-6517,Gregory Spencer,2025-07-24,Oncology,16.0,6308.04,
PT-1952,Christina Adams,,   Cardiology,11.0,"£12,226.03",
PT-6601,Justin Mccoy,2025-07-28,Pediatrics,18.0,8593.03,
PT-1598,Tyler Schwartz,2025-11-21,Neurology,18.0,5655.83,
PT-3323,   Justin Fields,2025-03-22,Oncology   ,19.0,2126.89,
PT-2689,   Teresa Hernandez,2025-07-25,Cardiology,20.0,"$13,359.98",
PT-1224,Stacie Thomas,2026-08-25,Neurology,2.0,6835.81,
PT-9321,David Taylor,2026-01-29,,16.0,12474.9,
PT-1822,Karen Tapia,2025-11-22,Neurology,8.0,13630.81,
,Kevin Anthony,2025-03-11,Neurology,1.0,3536.24,
PT-3566,Nicholas Jones,2026-02-25,Cardiology,21.0,10398.73,
PT-8040,Evelyn Robinson,2024-09-21,Cardiology,3.0,12759.7,
PT-9747,   Stacey Ruiz,2026-08-26,Neurology,22.0,12566.23,
PT-4308,Tim Davis,2025-07-17,Cardiology,2.0,8464.84,
PT-4398,Rachel Barnes,2025-08-18,Oncology,11.0,,
PT-5725,Kevin James,2025-11-21,   Pediatrics,7.0,"$14,935.57",
PT-4426,   Victoria Peck,2025-08-27,Pediatrics,21.0,4333.34,
PT-7877,Patricia Bell,2025-11-26,   Oncology,15.0,3971.26,
PT-4740,Sabrina Garcia,2025-03-26,Neurology,5.0,"$10,462.95",
PT-5203,Michele Garcia,2024-11-14,,16.0,"$5,862.33",
PT-5973,Sally Leach,2025-11-23,Oncology,5.0,4031.95,
PT-5656,Thomas Gonzalez   ,2025-05-06,Neurology,11.0,4683.15,
PT-5304,Joe Anderson,2024-09-14,,16.0,4211.59,
PT-1141,John Gonzales,2025-12-21,Oncology,19.0,2947.52,
PT-1639,Connie Garcia,2025-03-21,Cardiology,21.0,,
PT-3947,Christina Jackson,2026-08-09,Neurology,30.0,12236.2,
PT-9184,Lisa Thompson,2025-06-06,Oncology,18.0,6115.82,
PT-2587,,2025-10-13,Pediatrics,25.0,9239.79,
PT-7968,Erica Brown,2024-09-26,Cardiology,11.0,14012.59,
PT-7280,Taylor Cruz,2025-11-30,Pediatrics,26.0,10925.18,
PT-3380,Dr. Taylor Stevens,2025-12-17,Neurology,10.0,6660.8,
PT-7140,Susan Hill,2026-08-20,Cardiology,,1615.59,
PT-2794,Lauren Casey,2025-12-30,Cardiology,16.0,6346.36,
PT-5211,Kelly Anderson,2025-05-17,Pediatrics,30.0,2557.66,
PT-9004,Melinda Barber,2026-02-12,Cardiology,12.0,12154.54,
PT-1757,   Rebecca Stewart,,Pediatrics,,8638.41,
PT-3537,Jennifer Cardenas,2025-09-07,Neurology,16.0,2392.54,
PT-6579,Russell Morales,2025-05-07,Neurology,3.0,14612.92,
PT-8644,Elijah Holland,2024-10-20,Cardiology,25.0,10703.94,
PT-3119,Ralph Sloan,2025-06-04,Cardiology,22.0,12967.04,
PT-5226,Beth Adams,2026-04-05,Pediatrics,3.0,,
PT-2295,   Paul Howard,2025-12-01,Cardiology,29.0,"$4,317.30",
PT-1929,Aaron Maddox   ,2024-10-06,   Pediatrics,20.0,11754.48,
PT-7499,Brian Brown,2024-11-20,Oncology,10.0,"$12,828.53",
PT-7805,Emily Rivera,2026-01-03,Cardiology,12.0,7561.28,
PT-8830,Mr. Daniel White,2026-07-23,Pediatrics,6.0,7369.18,
PT-5601,Sarah Evans,2026-03-23,Oncology,10.0,,
PT-7608,Jordan Wright   ,2025-07-12,Pediatrics,,"$9,477.11",
PT-3887,Julie Jordan,2026-02-01,Oncology,28.0,1304.89,
PT-9664,Robert Murillo,2025-08-13,Pediatrics,8.0,3387.02,
PT-9398,Samuel Frazier,2025-09-29,Neurology,4.0,8379.33,
PT-1588,Jodi Saunders,2025-03-08,Pediatrics,27.0,14557.49,
PT-1910,Michael Robertson,2026-04-08,Pediatrics,19.0,6523.05,
PT-5292,Paula Mitchell,2026-02-08,Pediatrics,19.0,"£4,021.74",
PT-2275,Michael Glenn,2026-04-27,Neurology,2.0,8637.16,
PT-8527,Lisa Greer,2026-07-01,Pediatrics   ,12.0,10709.86,
PT-4972,April Wright,2025-11-24,,1.0,"£8,694.11",
PT-7558,Patricia Hayes   ,,Pediatrics,8.0,12496.66,
PT-4873,Willie Mcconnell,,Neurology,11.0,4683.41,
PT-3095,Lindsey Smith   ,2025-12-19,Pediatrics,12.0,7611.69,
PT-5020,Kendra Stevenson,2026-04-12,Oncology,30.0,12452.78,
PT-4317,Crystal Hudson,2026-06-09,   Neurology,23.0,12345.34,
PT-3554,Erik Tate   ,2025-08-14,   Oncology,25.0,5830.95,
PT-1222,Susan Jones,,Oncology,3.0,,
PT-4245,Alexis Hancock,2025-04-14,Neurology,24.0,"$11,242.78",
PT-4783,John Collins,2025-04-22,Oncology,25.0,514.46,
PT-1054,Robert Cook   ,2025-05-08,Neurology,14.0,3556.19,
PT-8075,Joshua Hampton,2026-06-29,   Neurology,25.0,5940.86,
,Brittany Patel,2024-10-03,Cardiology,9.0,9703.67,
PT-6204,,2025-06-06,Neurology,11.0,13691.38,
PT-8285,,2025-07-27,   Cardiology,10.0,4599.84,
PT-1135,Sean Bell,2025-04-05,Cardiology,4.0,6161.52,
PT-2047,Natalie Castillo,2025-04-20,Oncology,26.0,1912.21,
PT-3062,James Carroll,2025-01-15,Pediatrics,7.0,10189.14,
PT-5511,Dorothy Leon,2025-12-12,Pediatrics,1.0,14219.39,
PT-6583,Julia Henderson,2025-03-27,Cardiology,,"£5,112.69",
PT-2473,   Jacqueline Erickson,2025-05-28,Neurology,3.0,1774.02,
PT-9995,Martin Martinez,2025-06-13,Cardiology,8.0,,
PT-3944,Patricia Gibson,2025-06-15,Oncology,29.0,13535.71,
PT-4594,Deborah Waters,,Oncology,5.0,14832.41,
PT-2762,Alicia Lang   ,2026-05-31,Oncology,18.0,13832.16,
PT-3561,Jamie English,2026-07-09,Pediatrics,23.0,1565.48,
,Christina Jacobson,2026-01-05,Cardiology,14.0,"$5,469.72",
PT-1295,Kenneth Strickland,2025-08-23,Pediatrics,22.0,10152.83,
PT-3633,Daniel Elliott,2025-12-09,Neurology,17.0,,
PT-2410,John Monroe,2025-08-29,,14.0,,
PT-7682,Craig Pugh,2026-02-20,Cardiology,12.0,"£7,389.96",
PT-1500,Richard Schultz,2026-06-08,Pediatrics,18.0,11524.26,
PT-3293,Erin Juarez,2026-08-05,Cardiology,15.0,6139.82,
PT-6810,Lisa Anderson,2025-01-28,Pediatrics,21.0,10522.55,
PT-8647,John Moore   ,2026-08-04,Neurology,13.0,1317.54,
PT-2965,,2026-05-23,   Oncology,19.0,13595.69,
PT-1550,Jeanette Montoya,2024-12-26,Cardiology,25.0,"$7,822.21",
PT-8179,Debra Gomez,2025-10-12,Pediatrics,20.0,10977.48,
PT-9986,Jason Marquez,,Cardiology,19.0,1554.63,
PT-6643,Amy Mcgrath,2025-10-08,Pediatrics   ,12.0,12165.75,
PT-4517,Douglas Hoffman,2026-08-10,Cardiology,,4538.82,
PT-5756,Caitlin Flores,2025-08-14,,13.0,11245.28,
PT-1234,Jeff Bond,2025-05-14,Oncology,7.0,,
PT-9623,Jessica Thompson,2026-09-09,,4.0,"£9,775.00",
PT-8523,Richard Greene,,Neurology,29.0,1645.54,
PT-7343,   Henry Logan Jr.,2024-11-01,Pediatrics,26.0,"£6,841.15",
PT-5929,Scott Carter,2026-02-04,Neurology,,6159.69,
PT-4648,Carlos Bowman,2025-10-31,   Oncology,16.0,12571.59,
PT-5906,Tanya Stout,2024-10-10,Pediatrics,13.0,"£6,484.89",
PT-8386,Christina Baldwin   ,2026-03-06,Cardiology   ,21.0,10351.72,
PT-4910,   Jasmin Lopez,2026-05-07,Cardiology,18.0,"$12,239.27",
PT-7318,Dawn Bradley,2025-11-12,Neurology,5.0,12611.97,
PT-1415,Connie Gonzalez,2025-08-15,Neurology,2.0,3488.81,
PT-4894,Albert Andrews,2025-12-16,   Pediatrics,15.0,513.3,
PT-8349,   Jonathan Garcia,2026-08-13,Oncology,30.0,"$11,093.75",
PT-4769,Michelle Boyle,2025-09-14,Cardiology,,9701.62,
PT-7524,Christopher Weber,2025-05-16,Cardiology,7.0,8895.64,
PT-4262,Michael Grimes,2025-04-08,Pediatrics,11.0,1752.08,
PT-4657,Annette Koch,2025-07-24,Neurology,,8781.62,
PT-7210,Jennifer Jackson,2026-02-14,Neurology,15.0,14010.59,
PT-8495,,2025-09-24,Neurology,14.0,1119.82,
PT-3040,Anthony Thomas,2026-06-15,Pediatrics,16.0,9838.8,
PT-1011,David Matthews,2025-10-05,Oncology,27.0,815.63,
PT-3894,Brian Evans,2025-05-12,Neurology,3.0,"£3,072.30",
PT-1951,Tracy Johnson,2025-07-30,Pediatrics,16.0,,
PT-7071,Mackenzie Vazquez,2025-08-27,Oncology,1.0,9006.67,
PT-6658,Christian Martin   ,2025-01-23,Pediatrics   ,12.0,"£5,225.37",
PT-8468,Robert Johnson   ,2025-05-11,Cardiology,7.0,11068.67,
PT-1400,Ryan Beasley,2026-08-01,Pediatrics,18.0,12023.76,
PT-4955,Frank Hayes MD,2025-09-03,Neurology,27.0,11119.28,
PT-1241,Kevin Klein,2025-07-11,Neurology,2.0,2174.63,
PT-2299,Amanda Hayes   ,2025-11-07,Oncology,22.0,11302.33,
PT-4764,Charles Brock,2026-06-04,Pediatrics,10.0,7362.64,
PT-2334,Rebecca Alvarado,2026-05-01,Cardiology,19.0,10575.05,
PT-6743,Michelle Stewart,2026-05-31,Oncology,10.0,1984.64,
PT-4735,Emily Leblanc,2025-02-07,Neurology   ,24.0,$806.39,
PT-2321,   Jennifer Fowler,2024-12-21,Pediatrics,4.0,11537.0,
PT-6165,Javier Martinez,,Pediatrics,15.0,6264.7,
PT-8239,Jonathan Benson,2025-07-03,Cardiology,19.0,14651.7,
PT-2265,Jessica Novak,2025-04-27,   Pediatrics,30.0,9179.89,
PT-5310,Linda Graham,2025-09-21,Neurology,2.0,12654.64,
PT-6158,Timothy Jones,2025-06-09,Oncology,1.0,3890.59,
,Michelle Nichols   ,2026-04-08,,5.0,14365.36,
PT-9576,Christopher Barrett,2025-10-03,Oncology,20.0,,
PT-6009,Keith Willis,2026-01-21,Pediatrics,25.0,14206.48,
,Brittany Maxwell,2026-08-18,Cardiology,25.0,813.48,
PT-4393,Melissa Ramirez,2026-02-11,Pediatrics,9.0,8254.31,
PT-8118,Kyle Thompson,2026-01-28,,21.0,1322.15,
PT-5914,Patrick Walker,2025-03-07,Neurology   ,,"£5,841.11",
PT-2050,Ronald Barron,2026-07-08,Pediatrics,8.0,4003.36,
PT-6811,Mark Choi,2026-04-15,Oncology,9.0,10008.28,
PT-3124,Alyssa Bruce,2025-10-12,Cardiology,24.0,9851.82,
PT-2475,Jacob Townsend,,Neurology,,3330.96,
PT-3549,Kari White,2024-10-16,Pediatrics,16.0,3103.17,
PT-6440,Dana Smith,2025-07-28,Oncology,28.0,"$1,791.61",
PT-9775,Christopher Walker,2025-08-07,   Neurology,1.0,14091.38,
PT-2958,Kevin Rose,2024-12-27,   Cardiology,28.0,3991.38,
PT-8967,Maria Payne,2025-12-22,Pediatrics,11.0,12804.47,
PT-7509,Brian Huang   ,2026-05-25,,6.0,12223.34,
PT-6428,Brittany Hanson,,Neurology,29.0,607.16,
PT-3296,Shane Tucker,2026-02-23,Oncology,22.0,10665.29,
PT-5148,Geoffrey Jones,2026-05-21,Cardiology,13.0,5775.98,
PT-4312,,2025-11-20,Oncology,20.0,10021.51,
PT-3879,Bryce Cordova,2024-11-07,,21.0,9671.27,
PT-4453,Michael Leonard,2024-11-16,Pediatrics,17.0,"£7,199.85",
PT-2630,Meghan Zuniga,2026-08-20,Cardiology,30.0,12805.08,
PT-3017,Megan Rodriguez,2026-01-31,Cardiology,13.0,9745.73,
PT-7404,Kathleen Mason,2026-04-12,,12.0,9267.31,
PT-5040,   Lisa Gay,2025-07-28,Pediatrics,12.0,8857.88,
PT-9693,Aaron Swanson,2025-05-19,Cardiology,25.0,,
PT-2241,Martin Foster,2025-09-27,Oncology,28.0,857.24,
PT-9186,Terry Vargas,2025-11-02,Pediatrics,15.0,13613.11,
PT-4155,Lisa Chen,2025-10-25,Cardiology,18.0,6211.78,
PT-5177,Jacqueline Savage,2025-09-17,   Neurology,29.0,"$1,613.75",
PT-1636,Rebecca Padilla,2025-06-14,Oncology,13.0,"$6,760.36",
PT-2230,Ruth Smith,2025-07-25,Oncology,,"$10,059.50",
PT-5240,Kenneth Miller,2026-08-07,Pediatrics,25.0,"£10,331.91",
PT-6274,Daisy Reynolds,,Pediatrics,20.0,1837.71,
PT-5395,Christine Huffman,2026-02-23,Pediatrics,2.0,12203.68,
PT-8037,Amanda Howard,2025-06-25,   Neurology,13.0,4937.45,
PT-6798,Jasmine Kaufman,2025-03-23,Neurology,26.0,,
PT-8401,Lisa Johnson,2025-08-21,Pediatrics,22.0,13086.35,
PT-9085,   Ryan Reynolds,2026-02-01,Neurology,9.0,13343.02,
PT-6081,Carrie Ruiz,2025-07-27,Cardiology,23.0,"£4,709.93",
PT-8463,Brian Harris,2025-02-27,Pediatrics,6.0,10513.65,
PT-3529,Scott Curry,2024-09-10,Cardiology,24.0,7872.83,
PT-6991,Michael Callahan   ,2026-07-27,,27.0,14503.25,
PT-3991,Zoe Atkins,2025-01-15,Pediatrics,25.0,4510.09,
PT-6374,Alexis Calhoun,2026-02-04,Pediatrics,22.0,"$10,681.84",
PT-9929,Bobby Manning,2025-03-31,Cardiology,2.0,11936.2,
PT-7963,Brian Black,2025-07-27,Cardiology,18.0,5933.94,
PT-4109,Troy Tate,2026-01-04,Cardiology,22.0,"$8,458.30",
PT-1288,,2024-10-16,Oncology,2.0,"£7,715.59",
PT-9196,Jennifer Newman   ,2025-05-27,Neurology,29.0,"£1,217.90",
PT-2819,Albert Joseph,2026-03-15,Neurology,8.0,4150.55,
PT-7265,Jamie Moore,2026-05-01,Oncology,11.0,9247.26,
PT-6971,Gary Torres,2026-02-21,Cardiology,6.0,12482.74,
PT-9390,,2024-09-17,,24.0,1570.52,
PT-5918,Lisa Lopez,2026-03-16,Cardiology,1.0,9056.53,
PT-1807,Melanie Wilson,2025-02-23,Oncology,18.0,2475.09,
PT-1092,Kelly Jackson,2025-10-02,Oncology,17.0,,
PT-7580,Rachel Dixon,2026-09-01,Pediatrics,21.0,4577.99,
PT-9012,Lisa Jones,2025-07-15,Neurology,4.0,"$8,879.30",
PT-9654,Ryan Ortega,2025-10-23,Cardiology,7.0,"$2,145.98",
PT-9110,   Curtis Knapp,2025-04-15,Cardiology,18.0,3389.9,
PT-6602,Stephanie Mora,2026-07-04,Cardiology,2.0,"£2,839.80",
PT-4882,Dustin Jones,2026-01-03,,22.0,14023.47,
PT-7706,John Jones,2025-11-30,Pediatrics,23.0,"$4,157.12",
PT-6948,Pamela Brown,2025-02-15,,3.0,"$6,535.42",
PT-7666,Jacob Stewart,2025-02-23,Pediatrics,12.0,7802.22,
PT-2446,Mark Edwards,2024-11-28,Oncology,1.0,2910.84,
PT-3420,   Yolanda Brown,2026-06-06,Neurology   ,26.0,12196.61,
PT-6511,Jeffrey Jones,2025-02-17,Oncology   ,,13743.33,
PT-5950,Kyle Miller   ,2024-10-24,Oncology   ,23.0,11855.53,
PT-7118,   Lindsay Henson,2026-08-23,Neurology,16.0,8488.87,
PT-9429,Matthew Chavez   ,2026-07-06,Pediatrics,8.0,8442.86,
PT-7337,Lisa Nelson   ,2025-01-03,Oncology,2.0,"$4,670.93",
PT-6963,Erik Poole,2026-01-14,Neurology   ,13.0,10832.14,
PT-3122,Andrew Bush,2025-03-09,Cardiology,28.0,10391.64,
PT-6324,Kimberly Long,,Cardiology,12.0,13860.21,
PT-6199,Timothy Carter,2026-02-26,Oncology,23.0,7063.29,
PT-1934,Daniel Lewis,2025-01-25,Cardiology,25.0,10724.64,
PT-6973,Kristi Compton,2025-07-30,Oncology,28.0,,
PT-2643,Carrie Howard,2024-12-10,Cardiology,12.0,8076.74,
PT-6427,Chad Yu,2024-10-10,Oncology,23.0,6728.83,
PT-8301,Christopher Hodges,2024-10-03,Pediatrics,,740.14,
PT-3549,Brian Smith,2026-01-07,Pediatrics,9.0,13056.05,
PT-2991,Kari Johnson,2025-04-15,Oncology,30.0,4826.14,
PT-9248,Katherine Collins,2025-04-04,Neurology,4.0,10906.9,
PT-1436,Samuel Neal,2025-12-06,Oncology   ,5.0,12793.62,
PT-7399,Theresa Hoffman,2025-04-24,Pediatrics,17.0,9406.95,
PT-4627,Kimberly Gutierrez,2026-04-29,Neurology,18.0,11454.51,
PT-2394,Christina Stokes,2025-09-25,Cardiology,14.0,6147.01,
PT-3260,Kevin Anderson,2024-10-22,Neurology,15.0,7642.95,
PT-8792,Benjamin Walker,2026-09-09,Neurology,28.0,9427.01,
PT-9146,Jeremy Edwards,2026-05-25,Neurology,30.0,5589.05,
PT-3739,James Austin,2025-04-11,Neurology   ,21.0,611.34,
PT-1093,,2025-01-23,Neurology,23.0,13037.66,
PT-5177,   Anthony Hill,,Oncology,10.0,13650.54,
PT-2668,James Warren   ,2025-11-28,Pediatrics,4.0,13221.64,
PT-8209,Lori Ramos,2024-10-01,   Pediatrics,,10595.48,
PT-4829,Jill Miller,2024-12-02,   Cardiology,11.0,5611.89,
PT-3309,David Hernandez,2025-08-14,Cardiology,8.0,658.13,
PT-8419,Jennifer Franklin,2026-01-23,Oncology,7.0,10812.49,
PT-1769,Brandon Keller,2025-08-28,Cardiology,6.0,3050.92,
,Elizabeth Rice,,Neurology,4.0,1606.83,
PT-1863,Wesley Daniels,2025-01-31,Neurology,21.0,,
PT-1274,Scott Cooper   ,2025-08-18,   Cardiology,6.0,8947.45,
PT-6834,Cynthia Martinez,2024-12-05,   Cardiology,30.0,11334.3,
PT-6610,Johnny Ward,2025-08-16,,25.0,"£2,560.22",
PT-4123,Jordan Rios,2026-08-09,,10.0,"£13,685.34",
PT-5034,Jeremy Wilson,2025-12-13,Pediatrics,18.0,10718.15,
PT-6823,   Michelle Knox,2024-12-29,Pediatrics,7.0,3606.76,
PT-6189,Ryan Figueroa   ,2025-04-20,Neurology,15.0,3997.39,
,Kimberly Davis,2026-03-11,Cardiology,5.0,11508.79,
PT-2836,Robin Cameron,2026-08-23,Neurology   ,18.0,12770.68,
PT-5916,Joseph Hernandez   ,2025-01-22,Cardiology,20.0,14803.24,
PT-6590,Sherri Dixon,2026-07-29,Neurology   ,6.0,10532.06,
PT-3419,Heather Flores,2024-09-27,Cardiology,23.0,7738.71,
PT-5653,Sherry Ashley   ,2025-09-25,Cardiology,22.0,14138.43,
PT-4507,David Tanner,2025-12-31,Pediatrics,12.0,"$1,433.82",
PT-2166,Angel Smith   ,2024-11-10,Oncology,14.0,3856.09,
PT-2747,   Stacey Cruz,2024-11-14,Oncology,4.0,"$9,612.70",
PT-9094,Mathew Murphy,2025-12-31,Pediatrics,24.0,9289.96,
PT-8426,,2026-02-04,,28.0,4635.89,
PT-8031,Kevin Chambers,2024-10-22,Oncology,29.0,"£12,308.86",
PT-2296,Oscar Meyer,2025-10-31,Neurology,7.0,4575.8,
PT-9489,Jasmin Scott,2026-09-01,Pediatrics,4.0,3932.37,
,Tara Hall,2025-04-05,Cardiology,17.0,11330.63,
PT-2203,Brandon Fisher,2025-06-17,Pediatrics,22.0,8210.2,
PT-9301,Christine Macias,2025-02-20,Oncology,14.0,9781.58,
,Robert Cox,2025-11-09,Neurology,17.0,14984.26,
PT-6335,Angelica Smith,2026-06-14,Pediatrics,2.0,11439.53,
PT-7140,Dennis Johnson,2024-11-24,Pediatrics,2.0,"$14,236.31",
PT-7248,Edward Reyes,2026-07-14,Neurology,7.0,14312.79,
PT-2919,Stacey Barber,2025-03-11,Pediatrics,6.0,,
PT-8649,Donna Hall,2025-08-13,Pediatrics,12.0,13933.16,
PT-7102,Tracy Dickerson,2024-12-11,Oncology,4.0,11591.48,
PT-1772,James Gutierrez,2025-03-21,Neurology,5.0,3478.7,
PT-2005,Jonathan Bryant,2024-11-27,Oncology,10.0,11558.91,
PT-3590,Shawn Hess,2026-04-13,Pediatrics,3.0,7709.16,
,Mrs. Brooke Montgomery,2026-06-19,Neurology,26.0,"£13,442.58",
PT-1405,Tony Lowery,2025-05-28,Oncology,4.0,8988.13,
PT-2030,Donna Johnson,2024-09-27,   Pediatrics,30.0,"$13,518.73",
PT-1285,Timothy Waller,2025-04-05,Neurology,15.0,2163.09,
PT-3472,Casey Clements,2025-07-21,Oncology,7.0,,
PT-7933,Robin Snyder,,Cardiology,23.0,14727.01,
PT-2284,Emma Johnson,2026-08-24,Cardiology,9.0,11288.01,
PT-8191,Michelle Hunter   ,2026-04-09,Cardiology,11.0,13789.58,
,Elizabeth Meyers,2024-09-29,Cardiology   ,4.0,5296.19,
PT-9607,Kayla Sutton,2026-03-27,Oncology,17.0,"$1,842.84",
PT-8586,Danielle Strong,2024-11-25,Pediatrics,10.0,5041.97,
PT-6868,Phillip Phillips,2026-01-30,Cardiology,9.0,14942.82,
PT-3580,Victoria Hamilton,2025-08-06,Pediatrics,18.0,9515.25,
PT-4741,Travis Cook,2026-08-15,Pediatrics,28.0,5341.49,
PT-6190,Alex Daniel,2024-12-31,,,"$13,424.98",
PT-9494,,,Neurology   ,10.0,3329.64,
PT-4934,Katie Hall,2026-07-19,Cardiology,28.0,6159.28,
PT-6155,,2025-07-19,   Cardiology,,5069.66,
PT-4819,Hayley Clark,2025-09-19,Neurology,7.0,14335.94,
PT-1363,Kim Cuevas,2026-01-29,Pediatrics,7.0,3957.74,
PT-6966,   Dr. Dean Greene,2026-08-04,Cardiology,12.0,"$7,111.87",
PT-4081,Gabriel Thompson,2026-06-03,Neurology,16.0,565.52,
PT-9828,Michael Scott   ,2026-06-12,Cardiology,,4984.46,
PT-7688,Deanna Sanchez,2024-12-23,Cardiology,25.0,11578.44,
PT-8366,Nathan Martinez,2025-12-10,Oncology,2.0,9390.23,
PT-5931,   Julia Roman,2026-06-07,   Pediatrics,8.0,3240.36,
PT-1371,Austin Green,2026-08-19,   Neurology,26.0,2094.74,
PT-1341,Kenneth Lee   ,,Oncology,22.0,9457.11,
PT-9549,Laura Morrow,2024-11-09,Neurology,1.0,4412.04,
,   Miranda Johnson,2024-11-21,   Cardiology,23.0,14153.03,
PT-9776,   Kevin Reid,2025-05-24,Cardiology,10.0,2994.78,
PT-7577,   John Wu,2026-03-14,Cardiology,13.0,5068.45,
PT-5224,,2026-05-19,Oncology,6.0,9363.99,
PT-9540,Mark Richardson,2025-11-01,Pediatrics   ,18.0,"$11,272.13",
PT-6980,John Patterson,2026-04-08,Cardiology,23.0,3776.32,
PT-9368,Christine Cohen   ,2024-09-20,Neurology,21.0,6767.95,
PT-4392,Jennifer Rice,2026-03-16,Oncology,3.0,13991.47,
PT-4124,Alexander Mata,2025-07-28,Pediatrics,17.0,6075.93,
PT-3197,,2025-04-12,   Cardiology,13.0,2782.97,
PT-7736,Samantha Rocha,2025-10-16,Neurology,13.0,1393.94,
PT-5684,Zachary Smith,2025-03-27,,11.0,14254.66,
PT-2806,Tiffany Wagner,,Oncology,,4521.55,
PT-7327,Ryan Coleman,2025-12-13,Neurology,,4301.99,
PT-4618,,2024-10-18,Pediatrics,12.0,"$8,142.07",
PT-1761,Richard Burns,2025-04-05,Cardiology   ,20.0,14861.62,
PT-1090,Sherry Lucas,2026-05-22,Neurology,20.0,12072.38,
PT-3708,Cristian Rodriguez,,Pediatrics,23.0,7176.92,
PT-8021,Scott Tyler   ,2025-08-28,Cardiology,5.0,8137.29,
PT-2828,Angela Webster,2025-02-05,Oncology,16.0,11193.78,
PT-7246,Maria Carney MD,2026-06-21,Cardiology   ,20.0,"$3,736.42",
PT-2978,Nicole Lynch,2025-08-11,Cardiology,17.0,7836.8,
PT-5724,Dean Olson,,Oncology,2.0,9643.28,
PT-2622,Christopher Garza,2025-01-05,Pediatrics,20.0,14228.96,
PT-2863,John Bailey,2026-04-03,   Neurology,1.0,1588.82,
PT-5783,Edward Saunders,2025-01-04,Neurology,,13699.52,
PT-7974,   Diane Holden,2026-05-20,Pediatrics,,12678.43,
PT-2676,Todd Leon   ,2024-12-23,Pediatrics   ,26.0,,
PT-2280,Richard Hahn   ,2024-11-14,Neurology,30.0,9673.71,
PT-7420,Michael Cherry,2026-06-10,Cardiology,10.0,"$13,451.96",
PT-8829,Mr. Benjamin Smith,2025-08-10,Pediatrics   ,16.0,11204.61,
PT-8430,Jonathan Sanchez,2025-06-26,Neurology,12.0,"£1,902.67",
PT-4333,,2025-09-08,Cardiology,6.0,6296.87,
PT-8788,Adam Shaw,2026-05-04,Oncology,4.0,13610.29,
PT-7178,Jason Griffin,2025-05-28,Neurology,5.0,9132.96,
PT-7056,Kaitlin Elliott,2025-09-23,Oncology,26.0,"$3,306.47",
PT-9322,Isaiah Wyatt,2026-05-27,Neurology,15.0,12940.9,
PT-4766,   Omar Downs,2025-10-30,Cardiology,16.0,966.86,
PT-9213,Bradley Villa,,Neurology,13.0,10542.61,
PT-3941,Mary Hunt,2025-07-15,Pediatrics   ,23.0,"£8,301.42",
PT-2769,Frank Smith,2025-01-29,Pediatrics,6.0,9238.46,
PT-6160,Elizabeth Dickson,2025-07-10,Neurology,12.0,"£14,385.20",
,Lisa Rivera,2025-12-25,Neurology,6.0,12408.8,
PT-9501,Meredith Snow,2025-09-28,Pediatrics,15.0,"$4,867.27",
,John Medina DDS   ,2026-01-17,,27.0,14360.07,
PT-4309,Manuel Rodriguez,2024-09-15,,10.0,11040.21,
,Melinda Roman,2025-12-18,Oncology   ,26.0,"£13,858.88",
PT-3682,Erica Mcdonald   ,2026-03-20,,3.0,7145.8,
PT-4837,Carlos Mendoza,2026-01-11,Neurology,27.0,2489.91,
PT-5885,Michael Chen,2025-02-14,Oncology,7.0,13002.83,
PT-4127,,2025-01-11,Cardiology,,6343.97,
PT-9229,Ms. Melissa Fields   ,2025-05-25,Cardiology,20.0,9298.04,
PT-2192,Tamara Perez,2025-07-28,Oncology,1.0,4587.11,
PT-2521,Laura Richards,2025-08-08,   Neurology,6.0,12979.65,
PT-6248,Andrea Oneal,2024-10-20,Pediatrics,28.0,3820.76,
PT-9186,Michael Vargas,2026-05-23,Cardiology,10.0,"£4,656.51",
PT-4742,Jessica Johnson,2026-01-17,,28.0,8142.11,
,Gail Spencer,2024-10-07,Oncology,21.0,3184.0,
PT-3216,Justin Sparks,2025-08-24,Cardiology,30.0,,
PT-7859,Christian Hayes,2026-02-14,Cardiology,19.0,13020.93,
PT-4548,Makayla Cook,2024-09-22,Pediatrics,17.0,6213.81,
PT-3287,Zachary Martin,2024-10-29,,29.0,10310.78,
PT-4721,Shawn Hayes,2025-09-25,Neurology,25.0,6121.27,
PT-2669,Amy Mathews,2025-06-28,Pediatrics   ,3.0,"$14,757.85",
PT-2967,Gwendolyn Dalton,2026-08-28,Neurology,27.0,10008.08,
PT-4902,Sarah Garner,2026-07-10,Neurology,12.0,7907.75,
PT-1756,William Lewis,2026-01-17,Oncology,12.0,4149.4,
PT-3472,David Lewis,2025-09-23,Neurology,2.0,7905.7,
PT-7825,Eric Harrison,2024-10-07,Pediatrics,18.0,11711.43,
PT-3768,Jennifer Garcia,2026-01-11,Cardiology,8.0,2658.91,
PT-7245,Kevin Morris,2025-03-24,   Neurology,,1476.46,
PT-5090,Natalie Clark,2026-06-11,Neurology,22.0,"$4,386.33",
PT-2369,Shawn Ross,2024-09-27,Pediatrics,17.0,9601.26,
PT-5571,Adam Jenkins,2026-08-01,Neurology,17.0,2215.21,
PT-1367,Jeffrey Haney,2026-05-29,Pediatrics,29.0,6881.49,
PT-6450,Catherine Reynolds,2025-04-17,Neurology,5.0,2161.93,
PT-2195,Douglas Hall,2026-07-14,,5.0,"£12,374.00",
PT-7727,Patricia Henry,2025-07-01,Cardiology   ,13.0,11243.85,
PT-1715,Sherri Keith,2026-08-24,Cardiology,20.0,"$2,918.41",
PT-8407,Darryl Johnson,2025-11-01,Pediatrics,29.0,10657.7,
PT-3417,Margaret Brooks,2026-03-16,Cardiology,10.0,5361.53,
PT-4389,Anthony Collins,2024-11-17,Cardiology,19.0,12409.85,
PT-7315,,2024-11-13,Cardiology,26.0,6938.58,
PT-7217,David Sullivan,2026-05-16,Neurology,1.0,11014.77,
PT-2800,Kyle Schultz,,,7.0,5569.07,
PT-5244,Kevin Rasmussen,2025-03-17,Pediatrics,,12458.87,
PT-5162,Jeffrey Wade,2025-08-06,Pediatrics,29.0,"$10,547.48",
PT-6692,Antonio Wright,,Oncology,15.0,987.38,
PT-9623,Cory Mann,2026-04-30,Cardiology,3.0,,
PT-9171,Timothy Green,,Neurology,26.0,"£13,373.43",
PT-5328,Matthew Flores,2026-05-13,Cardiology,18.0,9310.81,
PT-7238,Haley Lewis,2025-07-08,Oncology,21.0,4063.31,
PT-7453,Andrew Bowman,2024-10-11,Cardiology,30.0,,
PT-3839,Grace Williams,2025-03-10,Oncology,23.0,"$9,754.20",
PT-4987,Michaela Clark,2026-02-17,Cardiology,23.0,11367.6,
PT-2127,Brian Costa,2024-12-18,   Oncology,24.0,5977.49,
PT-9879,Carlos Davenport,2026-06-12,Oncology,4.0,8742.47,
PT-3133,Christine Jenkins,2025-08-27,Neurology,5.0,13249.62,
PT-7888,Deborah Griffith,2025-06-15,Pediatrics   ,7.0,,
PT-7268,Mary Brown,2024-09-13,   Cardiology,2.0,14412.92,
PT-3451,   Lisa Rivera,2026-05-26,Pediatrics,11.0,3208.69,
PT-9420,Dr. Douglas Webster,2025-05-02,Neurology,11.0,9309.35,
PT-5383,Melissa Kelly,2026-08-04,Oncology,27.0,10080.78,
PT-1643,Jennifer Miller,2025-06-04,Neurology,14.0,2592.33,
PT-6538,   Kristina Garcia,2025-12-30,Cardiology,5.0,6880.76,
PT-9838,Holly Mcguire   ,2025-05-14,Neurology,28.0,9683.31,
PT-3485,,2025-01-12,Cardiology,1.0,5196.75,
PT-6680,Jordan Hickman,2026-06-29,Neurology,16.0,13464.29,
PT-9541,Mrs. Brittany Blackburn,2025-05-04,Neurology,10.0,1865.23,
PT-1484,Felicia Mann,2025-11-15,Pediatrics,8.0,12870.52,
PT-9156,Jeremy Smith,2025-05-05,Neurology,27.0,"$4,986.49",
PT-8861,Jeffery Pruitt   ,2026-01-16,Pediatrics,9.0,"$1,910.08",
PT-2016,Kayla Keith,2026-07-26,Oncology,6.0,,
PT-9896,Anthony Wilson,2025-06-30,Cardiology,17.0,9225.25,
PT-7996,,2026-07-02,Neurology,27.0,12495.81,
PT-7797,Russell Cohen,2026-05-29,Pediatrics,1.0,12528.4,
PT-4901,Seth Gilbert,2026-06-29,Oncology   ,9.0,9780.45,
PT-6777,Lydia Morgan,2026-06-13,   Pediatrics,16.0,5812.26,
PT-5912,Michael Mccoy,2026-01-21,   Oncology,10.0,6261.73,
PT-6880,Robert Moore,2026-06-30,   Oncology,2.0,14054.07,
PT-2897,,2025-04-13,Cardiology,28.0,"£8,053.79",
PT-6793,Sylvia Johnson,2025-11-03,,10.0,5909.06,
PT-1836,Dr. Kathleen Phillips DVM,2026-04-06,Pediatrics,1.0,2518.67,
PT-1090,James Taylor,2024-11-26,Cardiology,27.0,"£9,199.04",
PT-5092,John Nguyen,2024-11-10,Neurology,6.0,"£13,667.73",
PT-7901,Tiffany Baker,2025-04-11,Neurology,11.0,14368.53,
PT-2164,Samantha Lindsey   ,2025-01-18,Neurology,,"$13,823.17",
PT-9317,Gregory Key,2025-08-31,Oncology,7.0,13366.95,
PT-2797,Jessica Baker   ,2026-07-12,Cardiology,8.0,8152.98,
PT-5898,Dr. Wayne Choi,2025-01-28,Pediatrics,22.0,"£9,007.68",
PT-8150,Ryan Rivers,2025-03-27,Pediatrics,29.0,"£14,464.34",
,Katie Mendoza,2026-01-02,,2.0,2377.18,
PT-2615,Adrian Blake,2026-02-12,Neurology,7.0,6125.53,
PT-6697,Ronald Leach,2024-12-22,Oncology,10.0,11681.24,
PT-5511,Kelly Juarez,,Cardiology,2.0,1324.01,
PT-2276,Kelly Clark DVM,2026-06-04,Neurology,20.0,8170.74,
PT-4353,Jamie Powers,2025-08-09,Cardiology,13.0,8311.48,
PT-2253,,2026-05-02,,18.0,"$12,493.63",
PT-4252,Brittany Neal,2025-07-30,Neurology,10.0,11932.63,
PT-8430,Kathleen Tate   ,2026-01-05,Pediatrics,6.0,"£7,268.40",
PT-1367,Rebecca Hammond,2025-07-21,Neurology,25.0,"$7,570.04",
PT-2936,,2024-10-05,,23.0,11904.16,
PT-6083,Donald Ramos,2025-09-02,Oncology,2.0,3662.8,
PT-1644,Michael Willis,2025-10-09,Oncology,17.0,8667.49,
PT-8464,Sarah Kennedy,2025-01-05,Cardiology,24.0,1152.36,
PT-2355,Toni Hahn,,,18.0,"£5,478.53",
PT-5222,Julie Fernandez,2025-04-05,Neurology,27.0,5508.92,
PT-6877,,2024-11-23,Pediatrics,18.0,1420.55,
PT-9007,Robin Coleman,2024-11-16,Oncology,29.0,13615.77,
PT-3525,Christian Lowery,2026-08-06,Pediatrics,6.0,2398.98,
PT-4857,,2025-03-06,Cardiology,6.0,6808.38,
PT-3745,James Garcia,2026-05-24,Oncology,4.0,2501.83,
PT-5549,   Gregory Ross,2025-10-30,Pediatrics,21.0,11731.98,
PT-5594,Daniel Espinoza,2024-12-02,Pediatrics,3.0,9787.28,
PT-1361,Julia Walters DDS,2026-07-17,Cardiology,28.0,10961.35,
PT-4429,Peter Smith,2026-09-01,Oncology,28.0,6562.77,
PT-1556,Steven Andrade,2026-02-16,Cardiology,6.0,10469.5,
PT-3681,Mrs. Kathleen Aguilar   ,2026-01-22,Pediatrics,29.0,"$12,259.12",
PT-8064,   Debra Perry,2025-10-30,Oncology,21.0,12234.76,
PT-2928,Bryan Smith   ,2025-12-23,Pediatrics,5.0,14302.2,
PT-5426,Sarah Mcmahon,2026-05-28,   Oncology,,14065.19,
PT-1364,Matthew Yates,2025-11-13,Oncology,17.0,3878.58,
PT-1821,Madison Jordan,2025-05-20,Pediatrics,17.0,6515.28,
PT-8595,Cheryl Hernandez,2026-03-14,,13.0,"$11,802.30",
PT-5266,   Christopher Tate,2025-07-21,   Cardiology,27.0,"$13,541.43",
PT-2985,Debbie Roberts,2025-07-17,Pediatrics,5.0,10103.0,
PT-6885,Ashley George,2025-06-13,Pediatrics,17.0,2532.82,
PT-9935,Jeff Perez   ,2025-12-15,Oncology,5.0,13460.11,
PT-1056,   Jonathan Tyler,2026-08-07,Oncology,,1258.86,
PT-7217,Samantha Johnson   ,2024-12-18,Neurology,,"£7,941.49",
PT-8214,,2025-05-01,Neurology,22.0,7430.04,
PT-8073,   Raymond Watkins,2025-05-14,   Cardiology,17.0,12906.22,
PT-6469,Anna Stewart,2024-12-05,Neurology,4.0,14502.79,
PT-2927,Emily Martin,2025-11-13,Cardiology,21.0,1785.94,
PT-5393,Gregory Wilcox,2025-04-10,Pediatrics,,13955.81,
PT-4934,Michael Anderson,2025-09-22,Pediatrics   ,9.0,14395.0,
PT-6751,Marisa Martinez,2026-01-11,Oncology   ,,6207.67,
PT-1403,Michele Nunez,2025-11-10,Cardiology,21.0,"$8,989.08",
PT-2469,,2025-04-17,Oncology,27.0,£566.07,
,Amber Lewis,2025-01-16,Cardiology   ,,10752.26,
PT-4029,,2024-09-21,Oncology,25.0,"£3,325.12",
PT-5026,Taylor Bryant,2026-02-05,Neurology,10.0,"£11,834.35",
PT-3207,Mrs. Alexandra Villegas,2025-03-08,Oncology,9.0,1126.18,
PT-6130,Tracy Brown,2024-10-06,Pediatrics,27.0,12306.47,
PT-1316,Kathryn Shields,2024-11-27,Neurology,8.0,1364.12,
PT-8367,Scott Hampton,2024-12-26,Oncology,7.0,1603.85,
PT-6990,Brianna Walters,2026-04-20,Cardiology,24.0,2035.46,
PT-7644,Leah Silva,2025-12-18,Oncology,3.0,13290.56,
PT-7366,Elizabeth Mosley,2025-09-23,Oncology,9.0,713.28,
PT-1270,Allison Torres,2024-12-19,Cardiology,22.0,785.8,
PT-4052,,2025-11-24,Oncology   ,2.0,"$5,988.12",
PT-6947,Haley Robinson,2026-04-24,Cardiology,18.0,,
PT-9698,Vanessa Rosario,2026-06-19,Neurology,30.0,"$14,010.84",
PT-4200,Hayden Pope,2025-12-21,Cardiology,25.0,14916.45,
PT-5709,Candice Spence,2025-01-31,Neurology,8.0,1983.02,
PT-5488,Brian Snyder,2025-10-02,Pediatrics,10.0,"£3,665.12",
PT-4618,Anthony Schaefer,2025-04-22,Pediatrics   ,4.0,14579.37,
PT-3539,Walter Mendoza,2025-11-05,   Oncology,30.0,5625.59,
PT-3999,Kari Anderson,2025-02-05,Oncology,,9050.56,
PT-2001,Adrian Gamble,,Neurology   ,9.0,5246.57,
PT-3518,Jennifer Perez,2026-07-09,Oncology,21.0,"£6,467.44",
PT-4924,Lisa Foley,2025-08-22,Neurology,6.0,4328.6,
PT-9662,   Rachel Edwards,2025-10-28,Neurology,3.0,6196.86,
PT-7356,Michael Olsen,2026-05-22,Cardiology,,12141.69,
PT-7024,Rebecca Donaldson,2024-10-09,,29.0,4600.13,
PT-1566,Mercedes Harris,2025-05-24,   Pediatrics,4.0,14945.16,
PT-5685,   William Brennan,2025-03-05,Pediatrics,13.0,10286.83,
PT-8175,Denise Fowler,2026-05-06,   Oncology,5.0,11066.95,
PT-5438,Christopher Rubio,2025-04-17,Neurology,,5128.53,
PT-2817,Stacy Conley,2025-10-26,Oncology   ,,"$1,537.20",
PT-8577,Brandon Navarro,2025-06-15,Cardiology,1.0,3848.86,
PT-5719,,,Cardiology,,2014.98,
PT-9467,Melissa Smith,2024-11-29,Cardiology,3.0,"£8,656.06",
,Richard Bishop,2025-11-13,Pediatrics,21.0,12784.11,
PT-7594,Stephanie Lee,2025-04-15,Neurology,1.0,13942.09,
PT-6388,Monica Sullivan,,,18.0,10781.88,
PT-6312,Paul Banks,2026-01-13,Pediatrics,13.0,13277.15,
PT-4256,   Shirley Rojas,2025-04-11,Neurology,2.0,6489.08,
PT-7062,Valerie Carpenter,2026-04-27,   Pediatrics,17.0,7713.06,
PT-3024,Daniel Lee,2026-02-01,Pediatrics   ,15.0,11598.57,
PT-2223,Jacqueline Wiggins   ,2026-02-03,Oncology,19.0,"$1,519.22",
PT-4544,Jennifer Castaneda,2025-04-10,   Neurology,27.0,"$1,946.95",
PT-8902,Stephen Sherman,2026-08-10,Neurology,22.0,6592.03,
,Troy Moore,,Oncology,13.0,1162.45,
PT-2884,Zachary Cooke,2026-01-14,Neurology   ,30.0,3130.48,
PT-5901,Bryan Tucker   ,2025-04-07,Oncology,23.0,13776.03,
,Alexandra Harris,2024-11-28,Cardiology,6.0,10679.75,
PT-9245,Ann Cook,2025-07-22,Pediatrics,2.0,8550.24,
PT-1085,Matthew Oconnell   ,2025-01-23,Oncology,24.0,11176.74,
PT-8014,Edwin Bradley,2026-03-07,Cardiology,30.0,"$12,450.80",
PT-6427,Nathan Blevins,2026-05-01,Cardiology,10.0,6174.14,
PT-3102,John Sharp   ,2026-09-05,Pediatrics   ,30.0,3169.7,
PT-6887,Tiffany Navarro,2026-01-13,Pediatrics,30.0,9604.86,
PT-7341,Debbie Stephens,2025-07-18,Neurology,24.0,11109.86,
PT-1536,Robert Garcia,2026-02-04,Oncology,15.0,7681.62,
,,2025-01-26,Oncology,21.0,2004.76,
PT-4139,Richard Rodriguez,2025-09-27,Cardiology   ,2.0,"£14,602.48",
PT-7592,Ronnie Brown,2026-02-16,Neurology,6.0,"£3,778.10",
PT-3046,   Philip Allen,2026-02-01,Pediatrics,24.0,14020.84,
PT-9128,Robin Schmitt,2026-01-06,   Oncology,30.0,4477.82,
PT-5892,Monica Irwin,2025-11-19,Cardiology,29.0,"£6,757.08",
PT-3162,Aaron Harrison,2024-10-01,Neurology,25.0,2438.64,
PT-1719,Kevin Stanton,2025-07-18,Pediatrics,30.0,2321.54,
PT-3327,Jeffrey Miller,2026-01-08,,28.0,8847.83,
PT-9524,Cynthia Patel,2026-05-11,   Pediatrics,30.0,500.2,
,Richard Fowler,2026-05-05,Pediatrics,21.0,3506.33,
PT-7219,Hannah Howell,2025-01-05,Neurology,,4324.6,
PT-2652,William Patterson,2025-12-17,Neurology,4.0,8099.42,
PT-9828,Jasmine Rodriguez,2024-10-01,Cardiology,24.0,£630.92,
PT-5146,Amber Scott,2026-01-10,Neurology,26.0,,
PT-6613,Andrew Rodriguez,2026-05-04,Oncology,17.0,14920.39,
PT-1119,Emily Lewis,2026-08-13,Oncology,25.0,"$14,063.73",
PT-5903,Stephen Strickland,2024-12-17,Pediatrics,7.0,12701.57,
PT-3295,Ms. Pamela Dawson,2025-07-24,   Oncology,15.0,5093.7,
PT-5388,Brenda Moreno,2025-04-24,Pediatrics,15.0,9302.35,
PT-3750,Dustin Marshall,2026-02-01,Cardiology,29.0,,
PT-1423,Brandon Alvarez,2025-04-19,Neurology,12.0,6387.69,
PT-6506,   Melissa Johnson,2026-04-02,Pediatrics   ,10.0,,
PT-7839,Madeline Gonzales,2025-06-24,Pediatrics,28.0,9166.17,
PT-2999,Janet Hudson,2024-11-30,Cardiology,8.0,"£1,353.29",
PT-6772,Bonnie Hodges,2026-03-22,Cardiology,26.0,13933.3,
PT-8073,Elizabeth Hernandez,2026-08-30,Cardiology,26.0,"£5,145.46",
PT-6924,Erica House,2025-08-04,Oncology,15.0,11554.77,
PT-7826,Joshua Bell,2025-06-10,,25.0,4522.31,
,Troy Sloan,2025-11-22,Neurology,18.0,"£5,471.72",
PT-6682,David Horne,2026-01-06,Pediatrics,15.0,"£12,470.55",
PT-3419,Jonathan Hill,2026-04-25,Pediatrics,15.0,11120.7,
PT-3822,Amber Smith,,Neurology,11.0,9863.74,
PT-3056,Tyler Green,2025-07-04,Pediatrics,6.0,12281.68,
PT-5097,Kristen Johnson,2025-02-19,Pediatrics,4.0,,
PT-2175,Wesley Yu,,Cardiology,22.0,,
PT-5419,Roberta Moore,2025-10-15,Oncology,11.0,10978.98,
PT-5819,   Vincent Garcia,2025-01-08,Cardiology,17.0,5570.63,
PT-7698,Justin Anderson   ,2025-07-18,   Oncology,20.0,7591.23,
PT-8655,Daniel Sherman,2026-07-20,Oncology,15.0,4024.75,
PT-8488,Samantha Carr,2024-12-06,Pediatrics,30.0,"$1,440.16",
PT-2320,Jeanne Martinez,2024-12-10,Neurology,7.0,"£14,269.07",
PT-6434,Brian Shaw,2025-02-18,Neurology,30.0,4545.65,
PT-1385,Andrew Rowe,2024-12-31,Oncology,7.0,"$8,807.84",
PT-5090,Elizabeth Webster,2025-10-27,Oncology,18.0,8804.51,
PT-9637,,2025-06-03,Pediatrics,27.0,4191.27,
PT-2374,Marie Fleming,2026-04-24,Oncology,19.0,8410.11,
PT-7399,Fernando Brown,2025-07-07,Pediatrics,11.0,£760.98,
PT-7763,Eric Barron,2025-08-21,Neurology,5.0,4757.68,
PT-1249,,2026-06-10,Neurology,28.0,9436.94,
PT-2439,Matthew Castaneda,2025-03-11,Oncology,26.0,4214.84,
PT-7494,Veronica Gibson   ,2025-10-21,Oncology,22.0,7408.31,
,Levi Houston,2024-12-11,Neurology,20.0,8515.82,
PT-9964,George Lewis,2025-10-05,Pediatrics,6.0,3213.38,
PT-3437,William Flores,2026-07-12,Cardiology,24.0,,
PT-2009,Gerald Abbott,2025-03-18,Pediatrics,10.0,1461.54,
PT-8528,,2025-02-27,   Cardiology,17.0,1382.48,
PT-9132,Matthew Ross,2024-09-19,Oncology   ,22.0,"$8,042.15",
PT-2524,Amy Brown,2026-08-19,Cardiology,10.0,6635.98,
PT-9174,   Christopher Hammond,2024-11-20,Oncology,9.0,5829.39,
PT-3985,Brandon Sandoval,2025-06-16,Cardiology   ,6.0,9099.96,
,Julia Mcdowell,2025-02-17,Oncology,,4822.05,
PT-9022,Thomas Kim,2026-09-07,Neurology   ,4.0,3919.18,
,Charles Lopez,2025-03-03,Oncology   ,20.0,"$10,625.27",
PT-3351,Keith Rosales,2024-11-21,Pediatrics,18.0,6291.21,
PT-2887,,2025-02-04,Pediatrics,1.0,14401.48,
PT-4596,Austin Robles,2026-09-06,Pediatrics,22.0,"£8,918.62",
PT-5014,Juan Roy,2025-02-04,Neurology,3.0,723.98,
PT-2818,Kelly Castro,2026-04-05,Neurology,21.0,12666.76,
PT-4036,Ann Hobbs,,,20.0,12015.99,
PT-7727,Sydney Aguilar,2025-08-13,Pediatrics,17.0,6533.13,
PT-2409,Shawn Camacho,2025-03-11,Oncology,10.0,935.15,
PT-2289,Melissa Ochoa,2025-08-20,Cardiology,19.0,12566.2,
PT-6528,Kimberly Lara,2025-01-30,Pediatrics,27.0,"$14,467.25",
PT-9278,Jennifer Perez,2026-01-21,Oncology,2.0,12433.46,
PT-6858,Gary Zimmerman,2024-09-27,Oncology,9.0,"$12,817.74",
PT-5268,Craig Henry,2025-12-12,Cardiology,30.0,7057.53,
PT-6284,George Page,2025-03-04,Pediatrics,12.0,"$6,538.85",
PT-4138,Dominique Dominguez,2025-03-07,Neurology,7.0,3765.82,
PT-2740,Eric Hanson,,,8.0,5104.62,
PT-4844,Daniel Lawson,2025-08-25,Pediatrics,28.0,"$13,207.94",
PT-9335,,2025-09-08,Pediatrics,27.0,"$9,653.06",
PT-7859,Sarah Martin,2026-01-18,Neurology,14.0,12895.72,
PT-2188,Ashley Phillips   ,2025-03-01,Oncology,7.0,725.02,
PT-6961,Elizabeth Rodriguez,2026-04-12,Oncology,7.0,,
PT-4948,Stephanie Wong,2026-08-20,Neurology   ,19.0,2503.21,
PT-6826,Brenda Hardin,2026-04-02,   Neurology,7.0,5113.87,
,   Michael Smith,2026-05-24,Pediatrics,,"£3,044.24",
PT-5246,   Leslie Boyd,2025-12-10,Oncology,21.0,12008.72,
PT-6669,   Stephen Rivas,2025-12-19,Cardiology,20.0,6568.03,
PT-9849,Stacy Gay,2025-10-31,Neurology,20.0,"$14,613.78",
PT-1181,Michelle Chavez,2025-05-16,Cardiology,11.0,10495.96,
PT-2255,Angela Nelson,2024-10-29,Oncology,12.0,12400.76,
PT-8535,Doris Gross,2025-10-10,Cardiology,8.0,4817.87,
PT-5289,Joseph Thomas,2024-11-22,Neurology,15.0,5306.7,
PT-1548,   Shannon Simpson,,Pediatrics,,7997.03,
PT-5370,Anne Hebert   ,2024-11-18,Neurology,2.0,9781.0,
PT-3238,Mariah Gutierrez,,Neurology,17.0,"£7,669.58",
PT-1300,   Lisa Smith,2025-05-08,Oncology,8.0,12924.34,
PT-3481,Jeremy Grimes,2024-12-17,Oncology,30.0,6834.39,
PT-7754,Erik Wilkins,2025-10-04,Neurology,29.0,14058.13,
PT-4947,Kara Green,2025-09-17,Neurology,17.0,2928.88,
PT-2151,Matthew Watson,2024-12-06,Oncology,24.0,14087.97,
PT-9573,Joseph Edwards,2025-06-20,Oncology,10.0,5155.84,
PT-2710,Daniel Jones,2025-01-01,Pediatrics,3.0,10581.96,
,Mary Morgan,2026-08-25,Neurology,15.0,10748.41,
PT-4222,Kyle Jackson   ,2025-11-28,Neurology,6.0,,
PT-9937,Cory Lopez,2025-06-17,Cardiology,23.0,14651.83,
PT-7834,Amber Herrera,2026-01-22,,15.0,8914.13,
PT-3801,   Robin Mays,2025-10-04,Cardiology,22.0,6414.34,
PT-3180,Michelle Jackson,2024-09-30,Pediatrics   ,,5820.57,
PT-5650,   Allen Flynn,2024-09-17,Neurology,22.0,9210.58,
PT-9245,Destiny Ramirez,2026-04-30,Cardiology,9.0,"$13,120.84",
PT-1511,Crystal Foster,2025-10-12,Neurology   ,14.0,2251.52,
PT-2835,Barbara Thomas   ,2025-12-16,Cardiology,15.0,10813.86,
PT-6782,,2026-01-08,Cardiology,21.0,2511.99,
PT-9670,Katherine Fox,2024-11-10,Oncology,11.0,7301.72,
PT-2848,Megan Ellis,2026-03-20,Oncology,12.0,9032.38,
PT-6018,Amy Cordova,,Oncology,11.0,"£10,151.30",
PT-4122,Christina Mcpherson,,Oncology,21.0,8503.66,
PT-4665,Brittney Bonilla,2026-04-17,Neurology,14.0,12787.97,
PT-3185,Julie Johnston,2024-12-16,Cardiology,26.0,"£4,839.98",
PT-7441,Daniel Meyer,2025-12-01,,4.0,14649.56,
PT-8015,Angela Murphy,2025-11-27,Cardiology,21.0,,
,   Hannah Wilson,2025-01-25,Pediatrics,25.0,11703.78,
PT-7134,Todd Brown   ,2025-12-20,Neurology,14.0,3612.56,
PT-2685,Samantha Ramirez,2025-08-01,Pediatrics   ,10.0,"£8,984.68",
PT-4150,Megan Griffin   ,2026-06-07,Oncology,26.0,12173.79,
PT-2896,David Williams,2025-12-01,Cardiology,,5115.11,
PT-4117,Rebecca Smith,2026-08-17,Oncology,30.0,,
PT-8776,Mark Burns,2024-09-14,Cardiology,24.0,,
PT-1439,   Nicholas Sandoval,2025-12-26,Oncology,29.0,12409.69,
PT-2652,Rebecca Snow MD,2025-11-08,Pediatrics,23.0,12494.94,
PT-8130,Steve Robinson,2025-09-17,,2.0,2494.73,
PT-3983,Andrew Wright,2025-10-12,Oncology,20.0,4760.91,
PT-5925,,2025-06-03,Cardiology,8.0,"£11,546.55",
PT-7577,Megan Travis,2024-09-09,Pediatrics,22.0,"£7,936.88",
PT-4771,Joe Allen,2025-12-25,Oncology,9.0,11183.33,
PT-2337,George Price,2026-04-08,Neurology,2.0,2635.7,
PT-8069,Adam Edwards,2024-10-19,   Pediatrics,9.0,8822.38,
PT-4434,Christopher Higgins,2025-07-15,,15.0,,
PT-7390,Kimberly George,2025-04-08,Neurology,3.0,1872.11,
PT-6158,Rhonda Lopez,2024-10-28,,14.0,2694.8,
PT-9443,   Jennifer Torres,2025-01-05,Neurology,22.0,6034.81,
PT-8583,Darrell Martinez,,Oncology,17.0,2479.69,
PT-3665,   Mary Rowe,2024-09-27,Oncology,18.0,2249.96,
PT-7008,Melanie Bush,2025-08-16,Oncology,18.0,3072.13,
PT-3636,Dr. Elizabeth Jones,2026-03-20,   Cardiology,10.0,9279.26,
PT-5842,Wendy Phillips,2025-12-06,   Pediatrics,27.0,8565.73,
,Kristie Peterson,2026-08-05,Neurology,15.0,"$4,443.87",
PT-9963,Dr. Melvin Howard,2025-01-29,Oncology   ,19.0,10171.78,
PT-6900,Jessica Jones,2025-01-24,Cardiology,27.0,8882.19,
PT-6204,William Davies,2025-12-20,   Oncology,6.0,11877.77,
PT-3997,David Wolf,2025-12-21,Pediatrics   ,2.0,10828.21,
PT-1388,Keith Baldwin,2025-12-05,Cardiology,18.0,8045.04,
PT-3348,Christopher Carlson,2024-11-28,Neurology,2.0,6866.18,
PT-9207,Tiffany Coffey,2026-05-08,Cardiology,8.0,4617.91,
PT-1558,Zachary Love,2025-04-23,Cardiology,10.0,12401.21,
PT-4539,Desiree Tran,2025-07-31,Oncology,29.0,11927.16,
PT-3015,Paul Burton,2026-01-18,Cardiology,16.0,,
,Sherry Phillips,2024-10-17,Cardiology,27.0,7568.48,
PT-8299,William Martin,2026-08-01,Cardiology,7.0,,
PT-5436,Jennifer Hale,2026-02-11,Cardiology,7.0,"£9,475.22",
PT-4251,Jonathan Kelly,2025-11-30,Oncology,20.0,3938.71,
PT-6983,   Mark Adams,2025-04-15,Cardiology,1.0,10533.58,
PT-5580,Corey Mclean   ,2025-07-03,Neurology,12.0,5712.48,
PT-4826,Nathan Banks,,Pediatrics,1.0,4591.99,
PT-3259,Terry Hicks,2026-04-27,Oncology,18.0,"£12,873.95",
PT-3122,   Joseph Parks,2025-02-24,Neurology,17.0,10188.26,
PT-4073,Leah Hart,2025-01-10,Neurology,,11964.74,
PT-8074,Ethan Collier,2026-01-23,Oncology,1.0,11160.81,
PT-3287,   Paul Mendez,2026-05-09,Neurology,27.0,3126.16,
PT-3108,Kelly Mitchell,2026-02-19,Oncology,17.0,"£9,862.37",
PT-3345,Dr. Amanda Craig,2025-09-14,,17.0,11588.8,
PT-4502,   Robert Jackson,2024-12-17,Pediatrics,14.0,,
PT-5671,Gregory Reed,2024-11-25,Pediatrics,27.0,10294.15,
PT-4065,Brittney Sherman,2025-11-22,Neurology,20.0,"$3,908.74",
,Gerald Cuevas,2024-11-29,Oncology,3.0,14878.08,
PT-4413,Patrick Thomas,2026-02-01,   Oncology,16.0,14642.62,
PT-4500,Julie Morgan,2026-06-18,Pediatrics,11.0,9807.04,
PT-1641,Kenneth Cobb,2025-02-18,   Pediatrics,15.0,5096.59,
PT-3244,Cynthia Hayes,2026-05-12,Neurology,11.0,10737.39,
,Jacob Davis,2024-12-01,Neurology,15.0,10425.46,
PT-1328,Gregory Randall,2025-08-11,Pediatrics,11.0,12839.83,
,Stephen Wilson,2024-12-01,Pediatrics,23.0,,
PT-7497,Emily Tate,2025-04-22,Pediatrics,19.0,11114.87,
PT-5956,Steven Gonzalez   ,2026-03-02,Oncology   ,13.0,,
PT-8971,Michael Vaughan,2026-02-02,Pediatrics,19.0,"£14,063.06",
PT-9546,   Paul Williams,2026-06-26,Cardiology,,14195.84,
PT-3792,Christopher Berg,2025-03-15,Neurology,16.0,"£14,572.84",
PT-8938,Randall Hartman,2026-08-09,Oncology,28.0,"$3,538.76",
PT-5385,Matthew Rodriguez,,Neurology,24.0,"$9,501.73",
,Mr. Paul Lewis,2024-12-14,Cardiology,6.0,"£5,697.06",
PT-1358,Raymond Johnson,2024-11-23,,18.0,4108.95,
PT-3170,Jeffrey Parsons,2026-06-05,Oncology,11.0,3704.9,
PT-3850,Kurt Lee,2026-05-07,   Cardiology,6.0,6271.4,
PT-4738,Melanie Crosby,2026-01-12,Neurology,17.0,3977.28,
PT-5658,Andrew Summers,2025-05-28,Pediatrics,18.0,"£7,862.60",
PT-4466,Jake Rogers,2025-10-30,Oncology   ,20.0,14847.16,
PT-1200,Timothy Koch,2025-10-19,   Cardiology,7.0,10416.32,
PT-3481,Dana Blevins   ,2026-08-20,Neurology,24.0,615.87,
PT-2569,Kristina Bean,2026-01-21,Neurology,18.0,,
PT-2236,Paul Young DDS,2024-09-19,Oncology,17.0,11511.15,
PT-8167,Cassidy Payne,2025-06-27,Neurology,25.0,,
PT-5289,Douglas Crawford,,Cardiology,,8044.03,
PT-2143,Margaret Cooper,2025-07-04,Cardiology,17.0,8027.58,
PT-7655,Amber Harding,2025-03-16,Oncology,21.0,532.8,
PT-5058,Haley Harris,2025-11-03,Neurology,10.0,13394.1,
PT-7159,Erin Guzman,2026-06-16,Neurology,19.0,9738.33,
PT-5298,Michael Boyd,2025-12-28,Neurology,24.0,9662.32,
PT-8567,Linda Elliott,2025-07-11,Oncology,,4061.6,
PT-4416,Richard Freeman,2025-06-27,,26.0,11211.15,
PT-5014,George Briggs,2024-09-16,Oncology,12.0,1718.95,
PT-7137,Dana Simmons,2025-01-30,Oncology,21.0,1910.25,
PT-2687,Eric Watson,2024-11-20,Oncology,25.0,7945.8,
PT-1975,Edwin Hall,2026-08-12,Oncology,23.0,12106.26,
PT-7578,Vincent Mccann   ,2025-12-10,Neurology,2.0,1430.72,
PT-8840,Kristen Holden,2026-09-03,Pediatrics,23.0,"$4,433.23",
PT-5813,Patrick Baker,2024-11-15,Cardiology,15.0,12381.33,
PT-9408,Melvin Oliver,2025-04-01,Oncology,11.0,9922.04,
PT-7657,Jonathon Jackson,2026-08-09,Cardiology,20.0,"£13,228.35",
PT-1752,   Joshua Mckee,2026-07-30,Neurology,30.0,5114.57,
PT-6267,Keith Hinton   ,2025-04-22,Cardiology,6.0,8777.52,
PT-2143,Paul Gordon,2025-07-14,Cardiology,29.0,5858.07,
PT-7977,Judy Flores,2025-07-03,Pediatrics,25.0,12467.94,
PT-8702,Kayla Phillips,2024-11-03,Pediatrics,12.0,4320.41,
PT-6425,   Julia Green,2024-11-09,   Oncology,3.0,"$4,878.56",
PT-8246,Daniel Holt,2025-04-23,Pediatrics,5.0,"$7,150.46",
PT-4384,Jennifer Cox,2026-01-06,Cardiology,29.0,,
PT-5185,Samantha Bell,2024-09-16,Neurology,18.0,"$10,974.34",
PT-5875,Sarah Anderson,2025-01-17,Oncology,19.0,5388.78,
,Amber Curtis,2026-06-06,Pediatrics,14.0,10931.65,
PT-1238,Eric Reese,2024-10-28,Oncology   ,4.0,,
PT-1198,Dana Marshall,2025-06-21,Oncology   ,12.0,"£4,163.49",
PT-7407,Robert Lawson,2024-12-20,Cardiology,19.0,"£5,344.32",
PT-2063,   Mr. James Terry DDS,2025-06-02,Oncology,27.0,9548.5,
PT-9095,Crystal Franco,2024-11-07,Cardiology,5.0,3031.03,
PT-8212,Jeremy Washington,2024-12-06,Pediatrics,6.0,8706.51,
PT-1740,Heather James,2026-07-29,Oncology,23.0,6543.73,
PT-6437,Kathleen Campbell,2025-06-24,Neurology,22.0,"£4,750.49",
PT-4012,Kimberly Stanton,2026-05-06,Oncology,15.0,10925.89,
PT-2541,   Rebecca Hayes,,Cardiology,1.0,"$8,196.20",
PT-1616,Mark Jones,2025-01-15,Pediatrics,,5154.13,
PT-4154,Meredith West DVM,2024-12-16,Neurology,11.0,14334.52,
PT-3391,Catherine Evans,2025-02-18,   Neurology,22.0,,
PT-1353,Katherine Vance,2025-03-11,Pediatrics,11.0,11827.08,
PT-4629,   Nathaniel Hunt,2025-05-21,Cardiology,26.0,6041.89,
PT-7680,Christopher Thomas,2026-09-09,   Neurology,8.0,1938.04,
PT-3292,Derrick Wade,2026-01-14,Oncology,18.0,11177.6,
PT-1388,Mark Lopez,2025-04-22,Oncology,2.0,11856.17,
PT-3046,Alexander Lucero,2025-08-20,Oncology,13.0,"£2,944.98",
PT-7091,Shannon Jacobs   ,2025-01-09,Cardiology   ,7.0,8088.91,
PT-4471,Gloria Howard,2024-12-25,Pediatrics,26.0,12731.59,
PT-3673,Valerie Lee,2026-09-09,Oncology,22.0,2613.64,
PT-6349,Brittany Rhodes,2026-05-15,Pediatrics,28.0,12101.1,
PT-7180,,2025-09-23,Neurology,30.0,2225.95,
PT-6206,Kimberly Holmes,2026-07-27,Neurology,11.0,8789.53,
PT-1937,Lisa Lopez,2025-10-18,,16.0,8621.62,
PT-6848,Jorge Morris,2025-01-21,,3.0,"£5,690.10",
PT-5000,Kelsey Lopez,2026-01-20,Cardiology,18.0,14016.89,
PT-5082,Gina Chase,2025-10-16,,20.0,4857.77,
PT-4771,Christopher Fitzgerald,2026-06-24,Oncology,,3123.15,
PT-5036,Richard Phillips,2026-07-26,Oncology,11.0,4539.2,
PT-6887,Robert Maldonado,2025-11-22,Neurology,6.0,13991.23,
PT-9547,James Wood,2026-07-27,Pediatrics,27.0,4724.79,
,Erin Robles,2025-03-18,Pediatrics,,10336.14,
PT-1643,Matthew Harrell   ,2025-05-11,Neurology   ,29.0,4621.82,
PT-6573,,2025-09-13,Cardiology,21.0,13105.55,
PT-9633,Austin Robinson,2026-03-04,Cardiology,9.0,3567.76,
,Ann Lopez,2026-02-09,Pediatrics,13.0,"$10,999.91",
PT-8802,,2025-04-30,Cardiology,13.0,"$6,287.23",
PT-3829,Kimberly Madden MD,2025-04-05,Oncology,26.0,"£11,562.92",
PT-6337,   Tony Oconnor,,Neurology,10.0,2425.59,
PT-1406,,2026-04-11,Neurology,14.0,"£13,430.62",
PT-6861,Joseph Gray Jr.,2025-05-13,Oncology,24.0,9542.93,
PT-2501,William Mendoza,,Oncology,3.0,12937.12,
PT-9713,Aaron Reid,2026-02-19,   Neurology,16.0,9074.48,
PT-9468,   Allison Bryant,2025-10-08,Pediatrics,19.0,6659.18,
PT-3559,   Sandra Sullivan,2025-10-06,Oncology,25.0,5917.08,
PT-8349,,2025-07-04,Neurology,22.0,1884.12,
PT-5004,Jerry Owens,2026-08-25,Cardiology,17.0,10061.1,
PT-4586,   Christopher Mcintyre,2025-03-21,Oncology,20.0,"£11,315.80",
PT-3057,Bradley Ryan,2025-05-10,Neurology,29.0,9455.19,
PT-4304,   Daniel Lewis,2026-03-08,Oncology   ,28.0,10406.62,
,Leslie Wilkins,2025-12-12,Pediatrics   ,24.0,14195.33,
PT-9092,Alison Stokes,2026-09-03,Pediatrics,1.0,2641.08,
PT-6935,Paul Garcia,2026-02-07,Pediatrics,3.0,"$10,324.88",
PT-5942,   Seth Velez,2026-04-25,Oncology,,10972.01,
PT-5918,Carmen Rose,2024-12-25,Neurology,4.0,,
PT-4193,Jonathan Hartman,,Oncology,28.0,5893.87,
PT-1462,Helen Berg,2024-11-05,   Cardiology,15.0,10156.06,
PT-6798,   Anthony Clark,2025-07-03,Neurology   ,27.0,5309.43,
PT-7667,Ashley Carroll,2026-07-31,Neurology,26.0,,
PT-6622,Jeremy Williams,2026-05-14,Neurology,12.0,1756.41,
PT-3752,Connor Stephenson DVM,2026-07-27,Pediatrics,,4381.52,
PT-5792,,2026-01-07,Pediatrics,16.0,11858.43,
PT-1975,Patricia Moore,2025-01-09,Pediatrics,10.0,"$2,500.14",
PT-5296,Cynthia Santiago,2025-07-16,Cardiology,24.0,14794.32,
PT-4461,Theresa Wood,2024-09-18,   Neurology,15.0,"$8,160.72",
PT-7532,,2026-07-13,Neurology,1.0,,
PT-1948,Pamela Dudley,2025-11-13,Neurology,,,
PT-3751,Ruth Evans,2026-09-06,Pediatrics,29.0,5336.2,
PT-1803,Robin Alexander,2025-10-16,Neurology,,11364.76,
PT-4643,,,Neurology,27.0,11365.92,
PT-7867,Anita Patton,2024-12-22,Cardiology,,2461.2,
PT-4111,Paul Bruce,2026-09-07,Oncology,21.0,7211.42,
PT-8338,Brett Edwards,2025-09-19,Pediatrics,10.0,1446.23,
PT-6765,Matthew Gonzalez,2024-11-09,Oncology,7.0,2068.03,
PT-3054,Michael Schmidt   ,2025-02-20,Oncology,6.0,"$2,466.36",
PT-6566,,2025-06-25,Neurology,28.0,6617.47,
PT-4150,Jon French,2025-12-20,Neurology,27.0,11090.38,
PT-1249,Tonya Barker,2025-12-09,Neurology,30.0,14461.74,
PT-8268,   Bradley Hill,2026-01-21,Cardiology,20.0,"£3,622.60",
PT-7861,Jacqueline Brewer,2026-01-02,Oncology,23.0,4756.56,
PT-7417,   Miranda Roberts,2025-03-27,Cardiology,,804.73,
,Chelsea Byrd,2025-02-16,Oncology,2.0,1082.73,
PT-7771,Kimberly Frey,2025-03-20,Cardiology   ,11.0,1309.84,
PT-4147,Katrina Turner,2025-01-24,Neurology   ,8.0,"£7,045.06",
PT-8501,Amy Warren,2026-05-30,Cardiology,28.0,2691.08,
PT-3583,Logan Cruz III   ,2025-05-24,Pediatrics,18.0,9372.86,
,Megan Anderson,2025-03-14,Cardiology,29.0,3628.88,
PT-4901,Shawn Kelly PhD,2024-11-15,Cardiology,26.0,"$9,867.26",
PT-8284,Stephen Davis,2026-02-04,Oncology,28.0,"£5,547.86",
PT-9630,Kevin Snyder,,Cardiology,22.0,"$13,708.74",
PT-4786,,2025-06-29,Oncology,25.0,11552.79,
PT-5178,Gabriella Malone,2026-01-27,Oncology,5.0,5106.11,
PT-1039,David Reynolds,2025-10-08,Oncology,5.0,5968.36,
PT-2995,Karen Taylor,2025-09-14,Oncology,1.0,"$13,141.02",
PT-3119,Jennifer King,2025-02-26,Cardiology   ,22.0,14170.85,
PT-1243,Alex Neal,2026-03-22,Cardiology,28.0,"£10,340.12",
PT-8822,Matthew Stone,2024-10-04,Pediatrics,30.0,2801.51,
PT-3839,Steven Jones   ,2025-09-13,Cardiology,26.0,11928.54,
PT-7152,   Joseph Baker,2025-12-17,Pediatrics,21.0,14746.85,
PT-4933,Nicholas Kim,2025-08-29,Neurology,10.0,13301.91,
PT-2365,   Amanda Orozco,2024-09-18,,1.0,13973.7,
PT-4811,Heather Simmons,2026-06-04,Oncology,24.0,2715.87,
PT-6189,Timothy Orozco   ,2025-04-30,Oncology,29.0,809.98,
PT-1616,   James Torres,,Oncology,30.0,"£6,977.35",
PT-3428,Jennifer Morris,2026-06-17,Neurology,3.0,14322.24,
PT-7825,Angela Caldwell,2025-10-31,Cardiology,24.0,5988.98,
PT-9849,Mason Mills,2026-04-22,,12.0,1489.19,
PT-1686,Derrick Moreno DDS,2025-11-29,Neurology,29.0,7086.84,
PT-6099,Jacob Myers,2025-06-10,Oncology,13.0,4465.29,
PT-9115,Danielle Gonzalez,2026-09-07,Neurology,6.0,5337.29,
PT-7033,Brent Valdez   ,2025-06-24,Neurology,8.0,8035.94,
PT-1651,Gina Luna,2025-01-28,Pediatrics   ,25.0,,
PT-5376,Linda Burton,2025-11-01,Pediatrics,11.0,11094.2,
PT-2123,Angela Marshall,2025-12-11,Cardiology,24.0,13160.13,
PT-6499,Austin Mcdonald,2025-08-19,Neurology,7.0,9027.42,
PT-9711,Krystal Davis,2025-02-19,Pediatrics,15.0,13617.87,
PT-4859,Shari Jimenez,2024-11-16,Pediatrics,20.0,"$3,754.20",
PT-8407,James Floyd,2024-09-10,Oncology,4.0,11064.33,
PT-4592,Michael Erickson,2024-11-09,Neurology,29.0,"$5,704.78",
PT-5044,Robin Griffin,2025-06-17,Neurology,19.0,"$11,527.21",
PT-8340,Wesley Daniel,2026-05-14,Oncology,11.0,"£11,972.83",
PT-1579,Tyler Nichols,2025-05-28,Oncology,10.0,13725.01,
PT-2630,Courtney Ayala,2026-02-21,   Oncology,14.0,7346.61,
PT-3462,Kristen Parker,2026-04-24,Cardiology,2.0,11326.56,
PT-4855,Alan Dean,2026-07-03,Cardiology,10.0,14181.82,
PT-1811,Kelly Sanchez,2026-03-17,Oncology,6.0,7523.06,
PT-6668,Marvin Moore,2025-02-13,Oncology,1.0,14363.54,
PT-8562,Ralph Arnold   ,2024-12-06,,20.0,12798.85,
PT-1733,   Ashlee Harris,2026-08-16,Pediatrics,27.0,13928.62,
,Aaron Meyers,2025-01-26,Oncology,20.0,12286.22,
PT-2880,Randy Wilson,2025-04-21,Cardiology,11.0,"$1,725.84",
PT-4421,Kathleen Russo,2025-11-30,Pediatrics,8.0,4950.58,
PT-1263,Martin Ramos,2025-07-14,Cardiology,,"£14,994.32",
PT-6152,Marie Olson,2025-11-04,Oncology,26.0,12012.04,
PT-2842,   Matthew Davis,2025-09-09,Oncology,2.0,14907.06,
PT-7036,Daniel Cunningham,2024-10-29,Cardiology,17.0,2244.01,
PT-2978,   David Knight MD,2026-06-18,Pediatrics,,790.94,
PT-4296,Philip Keller,2026-02-01,Pediatrics,11.0,14602.37,
PT-2736,Jasmine Spence,2026-04-16,Pediatrics,13.0,"$1,075.23",
PT-4689,Michael Gomez,2026-02-07,Pediatrics,,14653.21,
PT-7643,Shawn Hernandez   ,2025-05-10,Neurology,26.0,"$10,943.48",
PT-4883,Jacob Stewart,2026-09-03,Cardiology,25.0,6230.41,
PT-2331,Lori Freeman,2026-02-21,Neurology   ,1.0,"£4,525.55",
PT-1048,Maria Scott,2024-09-27,Neurology,21.0,14082.75,
PT-2394,Riley Gaines,2025-08-30,Oncology,7.0,9657.97,
PT-2855,Danny Mcintosh,2025-08-17,Cardiology,22.0,3452.57,
PT-8806,   John Sullivan,2025-03-11,Neurology,30.0,3900.26,
PT-6084,Nicholas Holmes   ,2026-07-23,Neurology,27.0,3598.31,
PT-3624,Vanessa Reyes,2025-03-17,Pediatrics,17.0,1592.34,
PT-7873,Joshua Robles,2025-04-19,Oncology,5.0,11539.99,
PT-2682,Matthew Davis,2026-03-28,Neurology   ,29.0,6730.52,
PT-4204,   Wayne Ray,2024-12-02,Neurology,19.0,3406.37,
PT-3412,,2026-06-22,Cardiology,11.0,"$6,084.76",
PT-3242,Jacob Long   ,2026-09-02,Oncology,23.0,"$2,169.30",
PT-8132,Aaron Cummings,2025-12-29,Cardiology,16.0,"$14,986.50",
PT-4239,Kathy Wall,2026-06-19,Oncology,3.0,"$4,202.34",
PT-7795,Gary Mcneil,2025-11-03,Neurology,8.0,1212.42,
PT-1121,Karen Sanchez,2026-04-02,Cardiology,4.0,12302.16,
PT-9291,,2025-04-07,Neurology,29.0,4834.99,
PT-2436,Travis Christensen,2025-01-06,   Pediatrics,13.0,13882.04,
PT-7495,Michael Lee,2025-08-04,Pediatrics,,"$2,735.88",
PT-2571,Robin Owens,2025-09-18,Pediatrics,7.0,2503.07,
PT-2016,Jason Marshall,2026-05-30,Oncology,17.0,"£3,026.48",
PT-5791,,2024-11-20,Cardiology,8.0,11835.1,
PT-8916,David Golden,2025-12-01,Neurology,3.0,"£12,531.65",
PT-4490,Chad Alvarez,2026-03-02,Pediatrics,21.0,"$14,483.57",
,Andrew Collins,2026-08-25,Neurology,4.0,1811.1,
PT-4389,Elizabeth Vasquez,2026-04-01,Oncology   ,13.0,8015.83,
PT-4352,Mary Daniels,2026-02-17,Cardiology,29.0,5326.08,
PT-5342,Justin Jenkins,2024-10-23,,17.0,9635.83,
PT-6764,Frank Ramirez,2025-01-17,Neurology,24.0,3489.31,
PT-6200,Jacob Henderson,2025-11-05,Pediatrics,12.0,8933.3,
PT-6340,Gregory Clements   ,2026-03-27,Oncology,18.0,4286.06,
PT-3632,Angel Barr,,Neurology,25.0,10614.25,
PT-3044,Francisco Williams,2025-11-04,Cardiology,2.0,"£6,252.40",
PT-1403,Angela Meyer,2026-03-08,Oncology,17.0,11607.78,
PT-4809,,2024-09-28,Oncology,20.0,8516.04,
PT-1998,Andrew Whitney   ,2025-02-22,Neurology,5.0,14216.27,
,   John Nash,2025-07-24,Pediatrics,26.0,"£5,364.23",
PT-6970,Shirley Stewart,2026-02-08,Cardiology,2.0,11778.44,
PT-9790,   Judith Crawford,2026-06-19,Neurology,7.0,"$13,477.14",
PT-2595,Mario Brown,,   Oncology,27.0,9137.25,
PT-7094,Tanner Meyer,2025-03-27,Oncology,11.0,11857.24,
,   Sharon Gray,2025-01-06,Neurology,5.0,9825.0,
PT-9329,Alan Scott,2026-01-20,Neurology,20.0,2652.19,
PT-7686,Jessica Foster   ,2026-01-29,Oncology,24.0,857.79,
PT-2609,Mr. Bryce Kelly,2026-08-25,Cardiology,5.0,5819.75,
,   Brent Francis,2025-05-13,Oncology,29.0,4252.03,
PT-9011,James Cooper,2025-09-18,Neurology,18.0,"$3,305.27",
PT-4040,Alexander Rice,2026-01-28,Oncology,25.0,2233.77,
PT-8499,Dean Thompson,2025-06-03,Cardiology,22.0,"£7,345.43",
PT-4008,Kyle King,2024-11-01,Cardiology   ,,3984.9,
PT-5699,Steven Snyder,2026-03-02,   Cardiology,25.0,12518.3,
PT-5369,Theodore Woods,2024-09-29,Pediatrics,16.0,6148.89,
PT-1017,Melanie Walters,2025-09-08,Pediatrics,3.0,9122.02,
PT-5278,Doris Mason   ,2025-01-16,Oncology,25.0,14706.62,
PT-8612,Jack Hartman,2026-06-09,Pediatrics,28.0,1987.86,
PT-3932,Teresa Thompson,2025-06-07,Oncology,30.0,11834.13,
PT-1668,Jacob Pierce,2026-01-03,Oncology,26.0,8928.44,
PT-5725,Robin Thomas,2026-08-01,Pediatrics,26.0,1590.55,
PT-1830,Catherine Rivera,2026-06-09,Pediatrics,1.0,"$4,364.54",
PT-2305,Debra Allen,2026-07-17,Cardiology,19.0,"£10,380.11",
PT-7293,Michael Hanson,2025-10-25,Neurology,26.0,9002.48,
PT-7104,Gary Johnson,2025-02-18,Pediatrics,28.0,"$14,475.81",
PT-6879,,2025-01-16,   Oncology,18.0,2295.59,
PT-6482,Dr. Ryan Hebert,2026-03-06,Cardiology,17.0,4561.67,
PT-5011,Anthony Brown,,Oncology,5.0,6405.38,
,Autumn Schultz,2026-05-12,Oncology   ,7.0,£833.93,
PT-5532,David Stanton,2024-11-06,Neurology,21.0,12741.23,
PT-2051,Kenneth Evans,2026-04-02,Oncology,5.0,"$4,258.38",
PT-1895,Justin Jacobson,2026-02-09,Cardiology,6.0,8475.92,
PT-1081,Jackson Mcdonald,2025-12-14,Cardiology,1.0,"$1,109.24",
PT-6974,David Davis,2026-05-29,Neurology,18.0,6053.2,
PT-7057,   Edward Mcdaniel,2025-06-08,Neurology,26.0,8470.8,
PT-6259,Steven Wright,2025-05-17,Cardiology,5.0,10642.2,
PT-5411,Jack Williams   ,2026-06-07,,28.0,7792.92,
PT-9407,Peter Hardy,2025-10-05,Cardiology   ,,2097.25,
PT-8817,Jeremy Brown,2026-04-22,Oncology,21.0,"£2,830.96",
PT-3499,Andrew Wang,2025-03-26,   Oncology,3.0,5275.41,
PT-3296,Amy Day,2025-01-19,Neurology,13.0,"$6,230.45",
PT-2423,Monica Hernandez,2026-02-02,Oncology,20.0,2152.66,
PT-8123,Taylor Wheeler,2025-03-16,Pediatrics,13.0,8629.57,
PT-2198,Travis Sampson,2025-09-09,Neurology,25.0,7023.74,
PT-4456,Stephen Reyes,2025-10-31,   Cardiology,8.0,4003.37,
PT-9601,Nancy Taylor,2025-11-07,Cardiology,20.0,4665.31,
PT-5918,Katherine Padilla,2025-12-24,Neurology,3.0,1921.84,
PT-6586,Barbara Olsen,2024-09-21,Cardiology,19.0,£786.34,
PT-4370,Mr. Timothy Blankenship,2025-03-06,Cardiology,22.0,"$10,335.93",
PT-4261,John Weber,2026-02-26,Cardiology   ,13.0,"£13,162.77",
PT-8687,Sheena Smith,2025-02-21,Oncology,9.0,1572.27,
PT-7767,Mark Rivera,2025-08-31,Cardiology,14.0,,
PT-2942,Katrina Dunn,2026-02-01,   Oncology,9.0,10941.8,
PT-9979,,2024-11-09,Oncology,25.0,14231.52,
PT-4910,Isaiah Robbins,2026-04-21,Pediatrics,25.0,"$11,521.32",
PT-2403,Trevor Moss,2024-12-05,,24.0,6939.52,
PT-7607,Theodore Bennett   ,2024-09-29,Oncology,26.0,"£5,769.81",
PT-1678,Ryan Kennedy,2025-06-02,   Oncology,10.0,"$5,682.10",
PT-5059,Robert Ramos,2024-12-18,Pediatrics,1.0,2416.03,
,Carl Rowe,,Cardiology,17.0,2117.62,
PT-4832,Wendy Brown,2025-10-11,Pediatrics,26.0,"£9,488.55",
PT-1039,Alexis Christensen,,Oncology,6.0,3112.38,
,Luke Johnson,2024-10-26,Oncology,8.0,"$5,011.28",
PT-1078,Alice Mcconnell,2025-09-21,Oncology,20.0,6938.8,
PT-2008,Andrea Evans,2025-06-02,Oncology,20.0,"£14,107.61",
PT-1220,   Hannah Jones,2025-09-13,,8.0,6634.52,
PT-1738,Jacqueline Morgan,2025-02-16,Pediatrics   ,7.0,14503.95,
PT-7452,Anne Russell,,Cardiology,4.0,13370.17,
PT-4851,Claudia Garcia,2025-08-16,Oncology,5.0,12147.78,
PT-8975,Tammy Jacobs   ,2026-07-19,,19.0,3484.75,
PT-3441,Rachel Sandoval,2025-04-14,Neurology,22.0,6801.49,
PT-7041,Melissa Duncan,2026-03-26,Oncology,21.0,7747.77,
PT-8450,Maria White,2025-07-09,Oncology,13.0,1350.23,
PT-1384,Christopher Schmidt,2026-08-23,Pediatrics,25.0,13169.63,
PT-8745,Patricia Thompson DVM,2025-10-02,   Cardiology,19.0,"£2,735.47",
PT-1185,Ashley Butler,2026-01-30,Neurology,9.0,5473.98,
PT-4675,Thomas Duran,2025-06-04,Pediatrics,26.0,"$11,700.16",
PT-4171,Charlene Clark   ,2026-06-27,Oncology,20.0,14033.41,
PT-5721,Sandra Greene,2025-12-13,Neurology,13.0,4844.83,
PT-9609,Matthew Moore,2026-05-28,Oncology,8.0,9609.03,
PT-7673,John Johnson,2026-07-30,Pediatrics,3.0,3559.92,
PT-2588,Melinda Alexander,2026-07-23,Cardiology,10.0,13675.65,
PT-3056,Teresa Wood,2026-05-15,Pediatrics,19.0,4539.58,
PT-6013,Lucas Woods,2024-12-14,Oncology   ,,"£4,626.90",
PT-2264,Judy Hayes,,Cardiology,,6755.58,
PT-5376,   Ashley Schmidt,2025-04-09,Pediatrics,21.0,8882.44,
PT-3203,Anthony Keller,2025-05-22,Oncology,28.0,582.5,
PT-1806,Victoria Jones,2025-08-04,Neurology,20.0,"£5,214.66",
PT-7661,Angela Schroeder,,Neurology,7.0,12815.06,
PT-6728,Joseph Stewart,2026-06-24,Oncology,11.0,600.06,
PT-3285,Holly Hawkins   ,2026-03-04,Oncology,5.0,5529.7,
PT-7430,Ryan Mosley   ,2025-09-19,Oncology,17.0,10176.86,
PT-9006,Brandon Brown,2025-11-01,Cardiology,6.0,"£4,909.10",
PT-6180,Grant Mclaughlin,,Neurology,24.0,8446.54,
PT-7469,Jesse Cabrera,2025-03-10,Pediatrics,22.0,5768.97,
PT-1629,Michelle Henry,2025-09-16,Cardiology,23.0,2285.47,
PT-2493,Andrew Hall,2026-03-24,Oncology,4.0,14949.03,
,Jonathan Howell,2025-04-12,   Neurology,5.0,2353.29,
PT-9131,Casey Alvarado,2026-07-06,Neurology,25.0,,
PT-3575,David Johnson,2026-01-09,,29.0,10282.94,
PT-6710,Nathan Terrell,2025-03-04,Oncology,12.0,2768.29,
PT-7178,Caitlin Patrick,2026-06-03,Neurology   ,16.0,3725.04,
PT-2842,Michelle Lynn   ,2025-02-09,Cardiology,,4797.27,
PT-2557,Michelle King   ,2025-04-07,   Oncology,6.0,6894.16,
PT-5454,Erin Rivera,2025-09-03,Cardiology,17.0,14300.7,
PT-3920,Mr. Austin Wilcox,2026-08-25,Neurology,23.0,"£8,596.93",
PT-7979,James Baker,2026-05-21,Pediatrics,5.0,8687.35,
PT-6722,Stephen Gordon,2025-03-13,Oncology,,"$8,211.41",
PT-2983,Gregory Sweeney,2026-08-18,Neurology,10.0,11174.59,
PT-7271,James Perkins,2026-03-11,Pediatrics,10.0,,
PT-1387,Emily Tate,2026-01-12,Oncology,23.0,12702.13,
PT-3006,Amy Humphrey,2025-09-12,Neurology,13.0,,
,Grant Stewart,2025-04-22,,11.0,1408.56,
PT-7845,   Mary Barton,2025-10-22,Cardiology,15.0,4457.76,
,Marc Young,2025-03-05,Neurology,17.0,14217.44,
PT-4632,Diane Nicholson,2025-01-08,Oncology,9.0,"£14,914.92",
PT-2128,Christina Patton,2024-10-14,Cardiology,12.0,3071.41,
PT-3989,Nicholas Thomas,2024-10-08,Cardiology,15.0,9133.66,
PT-2003,Gabriel Campbell,2025-10-09,Neurology,7.0,10872.07,
PT-3794,Jenna Rodriguez,,Neurology,7.0,9003.08,
PT-8679,Regina Rivera,2025-07-10,,22.0,2825.15,
PT-4751,Phillip Cook,2026-08-06,Cardiology,22.0,5298.99,
PT-9732,Patricia Flores,2026-07-06,Oncology   ,26.0,12314.33,
PT-1176,Michelle Hale,2026-01-18,   Oncology,9.0,3769.42,
PT-6070,Claudia Jefferson,2026-07-25,Pediatrics,6.0,4035.52,
PT-3337,Stephanie Carpenter,2025-02-26,Cardiology,25.0,4720.68,
PT-8461,Sandy Smith,2025-09-06,Oncology,18.0,"$8,212.49",
PT-7409,Robert Lin,2025-03-08,   Oncology,13.0,"£9,843.64",
PT-8286,Christopher Wells,2025-04-14,Neurology,21.0,12653.15,
PT-3339,Marc Reynolds,2024-10-14,Oncology,30.0,£625.71,
PT-7303,Michael Jackson,2025-05-26,Pediatrics,7.0,4837.32,
PT-7404,Todd Booth,2025-09-17,Oncology,5.0,13337.83,
,Ann Butler,2026-05-26,Cardiology,8.0,591.59,
PT-1409,Jonathan Stewart,2025-08-19,Cardiology,13.0,"£9,914.13",
PT-3108,Brandon Kidd   ,2026-08-04,Oncology,20.0,12855.34,
PT-6011,Randy Woods,2025-06-20,Oncology,21.0,5103.92,
PT-1814,Ashley Jones,2026-04-01,Cardiology,,,
PT-3471,Thomas Kelly,2026-06-13,Cardiology,13.0,12989.65,
PT-6227,Ian Martin,2024-09-30,Cardiology,24.0,4795.12,
PT-9024,Cathy Spencer,2025-10-04,Neurology,1.0,"$13,348.69",
PT-2929,David White,2024-10-02,Oncology,15.0,14342.56,
PT-7874,Seth Stevens,2024-10-09,Cardiology   ,20.0,4003.75,
PT-7864,Jennifer Cochran,2026-07-10,,28.0,12425.91,
PT-6394,Joshua West,2024-09-10,Neurology,3.0,9099.94,
PT-6220,Robyn Patel,,Cardiology,18.0,4161.49,
PT-8046,Katie Garcia,2025-10-14,Pediatrics,15.0,11306.26,
PT-6144,   Melissa Baker,2025-08-27,Oncology,23.0,11281.0,
PT-4455,Donna Curtis,2025-06-11,Cardiology,24.0,9760.47,
PT-2109,William Thompson,2026-08-19,Oncology,14.0,11451.28,
PT-4292,Rebecca Francis,2024-12-17,Pediatrics,24.0,1705.81,
,,2026-05-05,   Neurology,17.0,8088.61,
PT-3083,James Murray,2026-02-24,Cardiology,28.0,14877.79,
PT-5119,Daniel Barnett,2026-08-27,Neurology,10.0,11319.37,
PT-5014,Christopher Davis,2026-09-09,Neurology,18.0,14846.49,
PT-5171,Angela Parker   ,,Pediatrics,14.0,8749.45,
PT-1120,Sandra Hoffman,2025-08-28,Cardiology,22.0,7953.85,
PT-1011,Michael Walsh,2026-03-21,Pediatrics,15.0,"$13,608.16",
PT-3478,Kimberly Scott,2025-12-02,Pediatrics,15.0,3272.87,
PT-7641,Jose Watts,2026-02-27,Neurology,21.0,"£10,821.50",
PT-8964,Shannon Melton,2025-08-12,Pediatrics,20.0,"£2,170.77",
PT-3668,,2025-08-11,Pediatrics,25.0,10580.13,
PT-1759,Jacob Peterson,2025-05-24,Cardiology   ,19.0,11827.97,
PT-8115,Maria Davis,2025-02-28,Cardiology,15.0,"$11,305.03",
PT-2471,Robert Smith   ,2025-08-28,Pediatrics   ,23.0,9698.02,
PT-4049,,2025-11-18,Cardiology,15.0,9981.5,
PT-9085,   Brian Morris,2024-12-24,Neurology,7.0,2397.63,
PT-8413,Tara Rose,2025-12-30,Neurology,11.0,6000.28,
PT-2624,Sandra Mcdaniel   ,2025-09-07,Oncology,23.0,3975.47,
PT-7438,Scott Schwartz,2026-03-25,Oncology,22.0,4665.5,
PT-3938,Margaret Orozco,2025-05-21,Pediatrics,1.0,"£3,439.79",
PT-6788,Charles Campos,2024-09-24,Pediatrics,11.0,4014.03,
PT-4952,Debra Davis,2025-03-10,Pediatrics,1.0,13568.05,
PT-2064,Karen Williams,2025-04-21,Cardiology,26.0,"£5,605.02",
PT-9570,Austin Williams,2026-06-17,Neurology,8.0,3163.05,
PT-3571,Dale Warner,2024-10-21,Cardiology   ,14.0,11840.96,
PT-5347,   Brenda Gibson,2024-09-22,Pediatrics,21.0,10694.54,
PT-8057,Elizabeth Morton,2025-12-01,Neurology,24.0,3205.4,
PT-5351,Michael Moreno   ,2026-08-30,Cardiology,21.0,12005.68,
PT-2894,Jodi Herman,2026-06-06,Oncology   ,21.0,"$1,396.58",
PT-2297,   Amy Sherman,2026-09-02,Pediatrics,22.0,12132.53,
PT-8334,Scott Cummings,2025-02-08,Cardiology,10.0,655.89,
PT-6290,Andrea Howell,2025-03-17,Oncology,10.0,12030.26,
PT-5723,Alison Hill   ,2025-09-19,Neurology,6.0,2693.3,
PT-8206,Wesley Hines,2024-09-22,Oncology,21.0,751.52,
PT-2852,Pamela Jensen,2025-04-19,Oncology,9.0,10316.87,
PT-8706,Samantha Mendez,2025-12-06,Pediatrics   ,25.0,4255.51,
PT-8308,Thomas Butler,2024-12-19,Neurology,18.0,8000.95,
PT-3403,Charles Williams   ,2026-05-22,Neurology,17.0,"$11,563.70",
PT-9529,Amber Stevens,2025-05-29,Oncology,6.0,3952.12,
PT-1250,Samantha Thomas,2025-08-26,Oncology,16.0,,
PT-7697,Marc Robbins,,Oncology,7.0,8769.91,
PT-9050,Steven Rivera,2026-03-22,Oncology,22.0,6177.04,
PT-6157,Andrew Reed,2025-06-22,Pediatrics,,8546.71,
PT-2360,Kenneth Benjamin,2026-08-27,Neurology,,7637.51,
PT-9516,,2025-12-14,Neurology   ,11.0,13521.16,
PT-8040,   Jennifer Phillips PhD,2025-11-04,Oncology,19.0,"£4,041.92",
PT-3433,   Kevin Rodriguez,2024-09-30,Pediatrics   ,8.0,4809.07,
PT-9025,Robert Thomas,2024-11-01,,17.0,7786.48,
PT-3012,Alexandra Simpson,2026-01-14,Cardiology,17.0,2360.66,
PT-2448,John Parrish,2025-01-07,Cardiology,28.0,"£9,904.18",
PT-7324,,2024-12-31,Neurology,27.0,11048.25,
PT-3970,Kathleen Mccall,2024-10-18,Neurology   ,23.0,1634.53,
,Justin Murphy,2024-10-29,Pediatrics,30.0,,
PT-8291,Karen Webb,2025-07-27,Pediatrics,24.0,2921.14,
PT-8167,Joshua Henry,2026-06-20,Neurology,12.0,"$14,771.63",
PT-3828,Austin Long,2025-07-01,Neurology,12.0,7177.9,
,Cathy Johnson,2025-09-10,Cardiology,28.0,,
PT-5958,Paula Bradley,2025-10-12,Oncology,2.0,7282.65,
,Elizabeth Hinton,2026-01-04,Pediatrics,22.0,"£11,088.41",
,Michael Wolf,2025-08-31,Neurology,3.0,3377.97,
PT-1759,   Patrick Freeman,2025-04-16,Oncology,21.0,13885.19,
PT-8028,Cynthia Gaines,2026-02-27,Cardiology,11.0,3561.02,
PT-7047,Michael Gates,2026-08-25,Oncology,,10107.27,
PT-5593,Jane Franco,2026-03-26,Pediatrics,26.0,12214.93,
PT-3062,Dr. Sarah Ware   ,2025-01-21,Cardiology,24.0,"£10,787.77",
PT-4283,Mrs. Kathleen Gay,2025-08-15,Oncology,10.0,1470.18,
PT-8194,   Jessica Stewart,2024-10-13,Neurology   ,1.0,6506.96,
PT-4430,Sarah Fernandez,2026-08-05,Oncology   ,22.0,7651.18,
PT-9940,Shawn Ellis,2026-05-12,,29.0,2634.76,
PT-1099,Nicholas Melton,2025-10-23,Oncology,28.0,12637.55,
PT-3129,David Smith,2026-01-28,Neurology,19.0,"£3,355.11",
PT-7382,Cindy White   ,2026-07-31,Cardiology,7.0,14620.61,
PT-6298,Rachel Stone,2026-04-18,Oncology,16.0,"$14,514.03",
,Eric Gould,2025-12-25,Cardiology,6.0,6786.72,
PT-2150,Tracy Baker   ,2025-06-10,Oncology,20.0,11841.62,
PT-4585,Kenneth White,2024-10-19,Cardiology,24.0,2465.47,
PT-8292,Traci Davis,2025-09-05,Oncology,12.0,"£1,905.35",
PT-3437,Stacy Harrell   ,2025-10-31,Pediatrics,20.0,"£5,904.13",
PT-7576,Judy Fowler,2026-09-05,Cardiology,21.0,5401.48,
PT-9228,Steven Jones,2025-10-04,   Oncology,5.0,13972.72,
PT-4764,William Jones,2025-01-05,Cardiology,,7939.93,
PT-4448,Michael Hayes   ,2026-02-01,Oncology,30.0,,
PT-7988,Teresa Morris,2024-12-18,Oncology,13.0,1528.7,
PT-7958,Aaron Jones,,Neurology,16.0,7271.63,
PT-9704,John Parker,2025-09-12,Pediatrics,1.0,14612.46,
PT-3184,Zachary Sharp,2025-06-22,Pediatrics,3.0,558.16,
PT-7975,Amanda Young,2025-12-11,Cardiology,29.0,"£11,069.01",
PT-3645,Kimberly Richardson,2024-09-29,Neurology,22.0,6631.67,
PT-2052,Mary Smith,2025-10-21,Cardiology,13.0,1546.48,
PT-7828,William Martin,2026-07-05,   Neurology,26.0,7944.93,
PT-1777,Anthony Lopez   ,,   Pediatrics,6.0,2200.97,
PT-2541,Austin Aguirre,2025-12-23,Oncology,10.0,6459.78,
,   Raymond Ferguson,2025-01-08,Cardiology,7.0,3200.78,
PT-3476,Gordon Martin,2024-12-17,   Neurology,17.0,10763.21,
PT-6121,Manuel Golden,2025-01-27,Neurology,29.0,"$10,431.38",
PT-4783,Robin Warren,2026-02-03,Neurology,18.0,2420.58,
PT-5157,Jorge Knight,2025-07-09,Neurology   ,3.0,4470.52,
PT-6819,   Christopher Thomas,2025-05-07,Neurology   ,20.0,10948.75,
PT-4166,Wanda Mejia,2025-04-29,Cardiology,18.0,6686.92,
PT-8269,Taylor Johnson,2026-07-22,Neurology,29.0,9249.24,
PT-4747,Samuel Fisher   ,2026-03-20,Oncology,9.0,1523.93,
PT-4069,Michael Coleman,2025-11-01,Neurology,14.0,5568.79,
PT-1228,Sarah Brown,2025-02-15,,24.0,"£12,174.03",
PT-6931,Erica Cohen,2025-02-07,Neurology,5.0,5677.81,
PT-1305,Jamie Black,,Neurology,6.0,"£5,362.58",
PT-1969,   Julie Tate,2024-11-04,Oncology,18.0,8202.5,
PT-9777,Michael Brooks,2026-08-02,Cardiology,8.0,13279.74,
PT-7899,Patricia Brady,2026-07-20,Pediatrics,25.0,3277.57,
PT-1113,,2025-05-19,Oncology,23.0,12023.6,
PT-9163,Christopher Combs,2024-12-25,Cardiology,4.0,"£11,033.76",
PT-8429,Edward Harding,2025-12-05,Oncology,1.0,7029.38,
PT-9860,Ross Flynn,2024-12-19,Neurology,16.0,"$1,897.07",
PT-2086,David Murphy,2025-12-11,Cardiology,8.0,949.68,
PT-4024,Jessica Johnson,2025-11-25,Cardiology,21.0,10430.68,
PT-6098,Laura Whitaker,2026-08-21,Cardiology,29.0,11094.59,
PT-2498,Charles Lang,2025-04-29,Oncology,21.0,12449.99,
PT-7528,Mrs. Marissa Morales MD,2025-12-01,Oncology,24.0,,
PT-8284,Erika Myers,2026-05-26,Oncology,16.0,13819.01,
PT-7653,Maureen Mcgrath,,   Neurology,6.0,12312.1,
PT-6638,John Jones,2025-04-28,Pediatrics,26.0,6401.59,
PT-1459,Michael Shelton,2025-07-18,Neurology   ,16.0,14693.09,
PT-1195,Charles Short,2025-03-16,Oncology,18.0,14924.68,
,,2025-05-28,Pediatrics,10.0,6498.8,
PT-3324,   Devin Lee,2026-07-24,Cardiology,23.0,2179.67,
PT-6725,Gregory Walker,2026-04-01,Neurology,26.0,4234.36,
PT-5226,Rhonda Burke,2025-12-29,Cardiology,13.0,5505.51,
PT-5422,Brianna Smith,2026-08-11,Cardiology,30.0,12821.93,
PT-8253,Richard Martin,2025-05-19,   Neurology,21.0,"$13,818.73",
PT-9420,Michael Lopez,2026-06-23,Neurology,,10351.52,
PT-7402,Scott Ryan,2026-01-06,   Oncology,19.0,6384.33,
PT-5805,Mark Allen,2025-02-12,Pediatrics,20.0,12467.92,
PT-4186,Kim Miller MD,2025-02-11,Pediatrics   ,5.0,,
PT-6449,James Ponce   ,2025-06-23,Cardiology,,"£7,378.35",
PT-2137,Lisa Freeman,2025-03-16,Neurology,23.0,3970.19,
PT-3208,   Justin Jackson,2025-08-03,Pediatrics,13.0,9853.77,
PT-2426,Nancy Shelton,2025-12-20,Cardiology,13.0,2422.38,
PT-3262,Robert Barber,2025-03-09,Pediatrics,20.0,5146.44,
PT-7644,Thomas Duke   ,2026-05-16,Cardiology,23.0,"£11,197.79",
PT-7217,Chad Newman,2024-09-09,Neurology,6.0,14931.2,
PT-6531,,2025-09-14,Pediatrics,11.0,"£13,059.66",
PT-5419,Mary Clark,2025-05-16,Oncology,11.0,3583.78,
PT-8266,Elizabeth Santiago,,Neurology,18.0,4615.0,
PT-6343,   Sabrina Clark,2025-10-22,Cardiology,24.0,,
PT-4491,Erica Brown,2025-10-13,Pediatrics,28.0,9180.49,
PT-7043,Daniel Jordan,2026-02-19,Neurology,17.0,8024.96,
PT-3912,Jessica Santiago,,Pediatrics,25.0,,
PT-2474,Andrew Velez,2026-03-30,Oncology,14.0,8756.88,
PT-8525,Vicki Ramirez,2026-08-24,Pediatrics,10.0,6005.38,
,Kelly Cohen   ,,Pediatrics,12.0,12267.62,
PT-1931,Rhonda Ford,2024-12-14,Neurology,2.0,"£9,373.24",
PT-3229,Jennifer Martinez,2026-02-27,Pediatrics,15.0,6693.79,
PT-4351,Charles Daniels,2025-10-03,Cardiology,4.0,1254.23,
PT-9985,Lee Lopez,2025-10-22,Oncology,11.0,2528.99,
PT-6533,Tony Bradshaw,2025-01-16,Oncology,29.0,10506.42,
PT-4375,Kevin Carey,2026-09-01,Pediatrics,7.0,"$7,061.93",
PT-7701,April Ramirez,2026-06-22,,9.0,14279.02,
PT-9891,Daniel Bentley,2025-02-18,Cardiology,21.0,9772.6,
PT-5615,Dalton Bailey,2025-05-08,,17.0,3148.25,
PT-9921,Scott Taylor,2025-11-10,Neurology   ,22.0,9056.04,
PT-8885,Kimberly Haney,2025-07-09,Oncology,12.0,9025.36,
PT-7362,Annette Johnson,2026-07-04,Neurology,17.0,8999.64,
PT-4697,Kathleen May,2024-12-11,Oncology,23.0,5960.26,
PT-5248,Michaela Shah,,Oncology,,1649.85,
PT-3046,Kristy Rogers,2025-05-07,Neurology,9.0,8514.67,
PT-7489,Robert Thomas,2026-04-24,Pediatrics,28.0,7521.49,
PT-7255,Margaret Moore,2026-05-27,   Cardiology,6.0,8170.0,
PT-1169,,2024-11-23,Oncology,13.0,1684.4,
PT-1827,Janet Gonzalez,2026-02-10,Neurology,7.0,13513.33,
,Christopher Gilbert,,Oncology,3.0,14051.73,
PT-5148,Todd Ayers,2026-03-09,Pediatrics,16.0,"£10,708.28",
PT-9317,Ryan Martin PhD,2026-07-04,Pediatrics,25.0,9410.91,
PT-1956,Gregory Hardy,2026-05-01,Oncology,25.0,6973.82,
PT-9609,Amanda Bell,2025-08-14,Cardiology,,14732.79,
PT-4651,Brent Johnson,2025-09-05,Neurology,17.0,"£4,308.56",
PT-3106,Kimberly Hall,,Cardiology,26.0,"$12,052.79",
PT-7729,Mr. James Smith,2026-07-16,   Pediatrics,6.0,12551.55,
PT-4431,   Darren Bartlett,2026-05-01,Oncology,23.0,13300.18,
PT-3964,Mary Mills,2025-08-05,Cardiology,19.0,1681.94,
PT-2684,   Tricia Powell,2025-12-03,Oncology,29.0,"$1,383.30",
PT-6952,Megan Williams,2026-08-21,   Cardiology,16.0,"£11,604.39",
PT-7059,,2026-04-06,Pediatrics,17.0,,
PT-9213,Amber Hamilton,2024-12-10,Neurology   ,16.0,11238.71,
PT-8705,Rachel Brooks,,Cardiology,18.0,"$2,979.03",
PT-8943,Tracy Reese,2025-06-03,Neurology,15.0,14565.27,
PT-2194,   Brian Roberts,2025-04-17,Neurology,,11290.04,
PT-3685,James Mccann,2024-11-22,Pediatrics,1.0,13855.48,
PT-6027,Judy Gonzales,2026-05-13,Pediatrics,10.0,9628.69,
PT-2171,,2026-06-25,Pediatrics,1.0,"£13,293.05",
PT-6860,Anthony Hall,2026-07-20,Neurology,,13355.43,
PT-4491,,2024-11-05,Oncology,15.0,10777.27,
PT-2664,Jennifer Mayer,,Neurology,27.0,,
PT-3868,Vanessa Hunter,2025-02-05,Neurology,19.0,1443.46,
PT-6983,   Karen Johnson,2025-01-25,Oncology,9.0,8698.25,
PT-4417,Mary Hernandez,2025-08-12,Pediatrics,17.0,12656.12,
,Veronica Liu,2026-05-05,Cardiology,26.0,5572.47,
PT-7940,Susan Bowman,,Neurology,25.0,1797.95,
PT-5276,Daniel Young   ,2026-05-02,Pediatrics,30.0,1417.72,
PT-5625,Benjamin Rivera,2026-03-07,Cardiology,1.0,8131.86,
PT-7642,James Conrad,2025-02-28,Neurology,9.0,12815.61,
PT-5122,Dylan Ray,2025-09-30,Cardiology,16.0,9525.15,
PT-6818,Richard Lopez,2026-04-03,,2.0,1709.27,
PT-7978,Julie Brown,2025-07-19,Neurology,15.0,6105.25,
PT-7505,James Sherman,2025-05-22,Oncology,4.0,8964.43,
PT-5942,Jeremy Taylor,2024-11-23,Pediatrics,13.0,4936.52,
PT-8901,Sandy Vaughan,2026-04-01,Neurology,6.0,9575.87,
PT-6495,Katie Miller,2026-03-06,Neurology,25.0,"$7,767.50",
PT-3637,Diane Greer,2026-06-14,Pediatrics,6.0,12638.48,
PT-7615,Richard Nguyen,2025-12-23,Oncology   ,15.0,"$8,542.42",
PT-4084,Julie Mclaughlin,2024-09-13,,1.0,"£6,638.78",
PT-8442,   Sara Peterson,2024-11-05,Neurology,3.0,2875.91,
PT-3605,Kayla Smith,2026-01-26,Cardiology,2.0,5900.9,
,Mary Delgado,,Cardiology,,3523.88,
PT-5650,Lauren Gomez,2025-11-12,Oncology,25.0,1143.31,
PT-8766,Matthew Potts,2026-08-31,Pediatrics,12.0,6752.25,
PT-4647,Peter Nelson,2026-01-08,Oncology,22.0,4516.69,
PT-3403,Charles Diaz,2026-05-03,Neurology,14.0,6892.75,
PT-4296,   Kevin Pierce,2025-12-20,,7.0,"$10,933.20",
PT-7459,Mr. Robert Gates MD   ,2025-12-22,Oncology,24.0,12822.36,
PT-1944,Kimberly West,2025-09-05,Neurology,27.0,7786.66,
PT-4562,Kerry Smith,2025-04-05,   Cardiology,,2418.24,
PT-9033,Janet Williams,2025-02-26,Oncology,12.0,2392.59,
PT-1008,Sarah Valentine,2025-04-27,Neurology,27.0,14548.2,
PT-2556,Benjamin Grant,2025-10-31,Pediatrics,16.0,5650.77,
PT-6810,Tammy Gentry,2025-07-20,Pediatrics,19.0,11580.7,
PT-7448,Shawn Watkins DDS,2024-11-16,Oncology,16.0,"$13,029.22",
PT-1449,Christopher Ferguson,2025-11-26,Neurology,6.0,7394.13,
PT-6127,Adriana Moore,2024-11-16,Pediatrics,13.0,,
PT-1994,Heather Jackson,2025-04-25,,21.0,14820.31,
PT-8522,   David Juarez,2025-08-12,Oncology   ,26.0,1705.49,
PT-3785,Kevin Watkins,2025-06-26,Pediatrics,1.0,2238.29,
PT-7440,Madison Burns,2026-05-06,Pediatrics,4.0,8682.59,
PT-2145,,2026-07-16,,10.0,13663.52,
PT-2992,Garrett Jenkins,2025-10-06,Pediatrics,19.0,"$3,027.83",
PT-6980,Colleen Smith,2025-01-09,Pediatrics,4.0,5789.35,
PT-7955,Mrs. Tamara Hayes DDS,2026-04-23,Neurology,16.0,3694.1,
PT-8916,Vanessa Perez,2025-01-16,,12.0,,
PT-2200,Melissa Thompson,2026-05-16,,24.0,"£8,168.74",
PT-1009,Stacy Jones,2024-12-16,Pediatrics,28.0,8030.79,
PT-3801,Cheryl Gonzales,2026-04-24,Pediatrics,28.0,3528.37,
,Catherine Moses,,Cardiology,10.0,2300.81,
PT-3610,Regina Henderson,2025-01-30,Oncology,8.0,1005.93,
PT-8705,Rita Melton   ,2025-09-23,Oncology,29.0,3766.3,
PT-1859,   Hailey Salinas,2026-05-05,Oncology,14.0,11740.22,
PT-3237,James Daniel,2025-09-05,Oncology,4.0,"$13,591.79",
PT-1757,George Davis,2025-04-19,Cardiology,14.0,13734.38,
PT-3138,Joseph Wheeler,2024-12-04,Pediatrics,,10397.38,
PT-9407,Laura Jackson,2025-11-15,Pediatrics,5.0,"$11,112.04",
PT-6381,Thomas Stewart,2025-05-16,Pediatrics,2.0,14278.32,
PT-6293,Anthony Snow,2026-01-16,Neurology,6.0,1844.54,
PT-8895,Jorge Gibson,,Neurology,22.0,12047.9,
PT-1618,Kathy Suarez,2026-09-03,Cardiology,2.0,945.92,
PT-5176,Alexandra Jones,2025-12-09,Cardiology   ,29.0,"$4,771.55",
PT-1297,Christina Bradley DDS,2026-04-02,Neurology,28.0,13634.09,
PT-4629,Regina Mata,2024-10-25,Neurology,23.0,2706.14,
PT-3888,Christine Huber,2025-09-19,Pediatrics,1.0,"$12,350.97",
PT-9507,Robert Khan,2026-07-16,Pediatrics,18.0,616.77,
PT-5382,Benjamin Cox,2025-03-17,Oncology,25.0,5802.72,
PT-4601,Bonnie Norris,2026-07-10,Pediatrics,12.0,"$13,910.81",
PT-9226,Evan Wilcox,2026-05-11,Pediatrics,20.0,8860.65,
PT-2629,Ryan Nelson,2025-10-11,   Pediatrics,3.0,8555.26,
PT-9590,Nathaniel Harris,2024-09-29,Pediatrics,25.0,5098.24,
PT-8539,Gregory Jones,2025-10-24,Neurology,29.0,4812.3,
PT-1600,,2025-03-18,Pediatrics,18.0,"£8,035.42",
PT-4996,Edward Williams,2025-07-20,Pediatrics,7.0,6158.56,
PT-4473,Marc Perry,2025-12-17,Oncology   ,4.0,"$14,878.74",
PT-7545,Andre Arnold,2026-02-06,Cardiology,,"£3,965.11",
PT-2795,Jason Miller,2025-02-20,,1.0,7072.36,
PT-1887,Brad Rush,2026-09-03,Pediatrics,11.0,"$5,228.24",
PT-9226,Danielle Young,2024-11-10,Oncology,8.0,9942.77,
PT-5876,Stephanie Glenn,2026-05-30,Pediatrics,23.0,9675.8,
PT-1274,Stephanie Estrada,2025-05-31,Oncology,,6364.91,
PT-6501,Angela Nguyen,2026-01-25,Neurology,26.0,4805.15,
PT-1711,Elizabeth Taylor,2026-01-09,Neurology,12.0,13648.44,
PT-7079,Cindy Robertson,2024-12-12,Oncology,2.0,8452.45,
PT-1068,Regina Rocha,2024-12-12,Pediatrics,29.0,3219.95,
PT-2649,Joshua Watkins,2026-04-30,Pediatrics,20.0,3513.45,
PT-2046,Alexis Smith,2026-02-05,   Pediatrics,20.0,"£1,826.69",
PT-6771,,2025-02-18,Oncology,1.0,"$12,890.58",
PT-1153,   Chelsea Mooney,2025-08-21,Neurology,20.0,"£12,918.01",
PT-3656,Tracy Medina,2026-06-19,Neurology,22.0,14377.96,
PT-8766,Marcus Miller,2026-02-03,Cardiology,20.0,,
PT-3483,Michael Berger,2025-10-02,Cardiology,21.0,3284.53,
PT-9232,,2026-01-03,Pediatrics,13.0,"£12,939.93",
PT-1099,Jesus Munoz,2024-10-25,Oncology,11.0,11892.81,
PT-7109,Brooke Bell,2026-05-08,   Oncology,6.0,,
PT-1595,   Marie Stone,2026-06-19,Pediatrics,6.0,9812.03,
,,2025-12-26,Pediatrics,23.0,2683.57,
PT-1797,   Jacob Taylor,2025-01-07,Neurology,24.0,7147.34,
PT-2412,Amanda Booker,2025-05-20,Neurology,21.0,2886.3,
,   Shannon Lane,2025-11-18,Neurology,19.0,8030.67,
PT-6317,Timothy Pennington,2025-03-03,Neurology,23.0,11214.73,
PT-8812,Mrs. Carolyn Greene   ,2024-10-05,Cardiology,4.0,6219.3,
PT-5608,,2025-09-17,Neurology,5.0,12541.16,
PT-8351,Sheri Hayes,2025-09-01,Pediatrics,7.0,7046.06,
PT-6329,Brittany Short,2026-09-04,Neurology,15.0,,
,Rachel Williams,2025-10-13,Oncology,19.0,"$13,453.70",
PT-5828,,2025-01-05,   Oncology,21.0,"$2,888.51",
PT-5626,Elizabeth Davis,2026-06-14,Oncology,27.0,,
PT-4668,Steve Kennedy,2026-03-01,Neurology,22.0,7293.19,
PT-7374,Jennifer Pierce,2025-06-16,Oncology,4.0,10181.44,
PT-6669,Jennifer Osborn,2026-02-02,Pediatrics,22.0,"$6,109.85",
PT-8010,Jessica Cordova,2024-12-03,Cardiology,27.0,13405.56,
PT-4853,Michael Bowman,2026-05-16,Cardiology,29.0,14876.07,
PT-6114,Daniel Cole,2025-08-07,Neurology,18.0,5320.15,
,Mark Williams PhD,2025-11-22,Neurology   ,27.0,"£13,930.72",
PT-8374,Cynthia Taylor,2025-11-29,Pediatrics,16.0,7389.62,
PT-3063,Karina Ward,2026-04-22,Neurology,24.0,"$8,602.13",
,Edward Martinez,,Neurology,30.0,"£9,662.70",
PT-3138,,2026-04-02,Pediatrics,18.0,13263.66,
PT-2461,Christina Hunt,2026-07-08,Cardiology,18.0,13698.87,
PT-4337,Richard Wilson,2026-05-11,Oncology,14.0,1754.15,
PT-3969,Kevin Medina,2025-01-12,Oncology,12.0,5162.24,
PT-8510,Brenda Moreno   ,2026-03-22,Oncology,23.0,2252.92,
PT-2807,Lisa Evans   ,2025-08-14,Pediatrics,18.0,,
PT-2149,Jill Marshall,,   Cardiology,13.0,14510.22,
PT-4362,Lisa Pratt,2025-09-08,Pediatrics,15.0,"£2,396.14",
PT-5290,,2026-05-19,Pediatrics,26.0,10878.79,
PT-2599,Douglas Lee,2025-05-26,Oncology,9.0,14527.46,
PT-7346,Brian Hatfield,2026-07-20,Oncology   ,13.0,"£1,549.22",
PT-9971,Christine Bailey,2025-08-27,Oncology,16.0,4312.51,
PT-8954,Nichole Santana,2025-12-21,Oncology,25.0,"$12,194.79",
PT-3684,Steven Carter,2026-07-29,Cardiology   ,18.0,"£12,214.12",
PT-3747,Jennifer Hawkins,2025-07-31,Neurology,28.0,6026.97,
PT-6393,,2026-01-08,Pediatrics   ,2.0,9882.25,
PT-6494,Andrew Martin,2025-06-18,Cardiology,4.0,11173.7,
PT-7673,Daniel Moran,2024-11-06,   Oncology,14.0,8621.53,
PT-5437,David Johnson,,Oncology,28.0,"$6,108.58",
PT-7411,Ann Peters,2025-04-23,,27.0,6920.87,
PT-7005,Shelly Bowman,2025-04-02,Oncology,13.0,"$4,922.28",
PT-2006,   Laura Riggs,2025-02-01,Neurology,20.0,13953.87,
PT-1970,   Anthony Meyer,2025-08-11,Pediatrics,4.0,£633.16,
PT-4321,Laura Sullivan,2026-08-08,Cardiology   ,20.0,3177.16,
PT-2300,Eduardo Wagner,2024-12-13,Pediatrics,12.0,"£4,999.60",
PT-9930,Jennifer Morgan,,Cardiology,10.0,14267.26,
,Edgar Harris,2025-06-21,   Neurology,24.0,"£6,307.92",
PT-8153,Joann Jimenez,2026-05-21,Cardiology,8.0,"£11,187.91",
PT-8815,Kyle Valenzuela,2025-10-17,Cardiology,15.0,4880.35,
PT-1546,Frank Ramirez,2025-04-28,Cardiology,3.0,,
PT-1943,Erik Woods,2025-12-18,Pediatrics,24.0,6973.06,
PT-3782,Jeffrey Moore,2025-12-06,   Pediatrics,29.0,1962.87,
PT-6879,James Green,2025-10-23,Neurology,15.0,11452.24,
,Carl Crane   ,2025-01-02,Pediatrics,1.0,13943.84,
PT-7392,Christopher Hernandez,2026-04-02,Neurology,1.0,4420.96,
PT-3127,James Fields,2025-08-08,Cardiology,9.0,1931.79,
PT-8349,,2026-07-27,Oncology,26.0,10862.88,
PT-5901,Tracey Moore,2025-10-28,Cardiology   ,18.0,"£5,226.55",
PT-7290,Cynthia Russell,2024-09-24,Oncology,20.0,8837.35,
PT-1777,Cory Douglas,2025-05-16,   Neurology,15.0,"$11,398.53",
PT-7948,,2024-09-21,Oncology,29.0,12815.65,
PT-5507,Carlos Clark,2026-06-15,Cardiology,13.0,4033.55,
PT-5524,Alexis Smith   ,2025-10-17,Neurology,,"$7,637.23",
PT-9108,Andrew Pham,2026-09-09,Pediatrics,15.0,11787.76,
PT-1875,Nathaniel Hernandez,2026-02-07,   Pediatrics,22.0,11009.11,
PT-4677,   Douglas Yu,2025-05-02,Cardiology,20.0,14080.86,
PT-4159,David Andrews,2026-06-14,Oncology,19.0,,
,Steve Hebert,2026-02-21,Pediatrics,13.0,5931.16,
PT-3408,Alicia Clark,2025-04-19,   Neurology,,12278.99,
PT-2291,Tyler Jones,2026-02-12,,8.0,"$3,692.51",
,Ashley Thompson,2026-04-23,Oncology,10.0,1214.77,
PT-7118,Edward White,2025-07-16,Cardiology,3.0,2561.33,
PT-9652,Beverly Barker   ,2026-06-27,Cardiology,,3501.12,
PT-6125,Robert Burns,2024-09-16,Pediatrics,28.0,"£4,652.73",
PT-7824,Karen Bell,2025-06-23,Pediatrics,27.0,,
PT-5091,Sophia Gonzalez,2026-07-25,Cardiology,3.0,10750.03,
PT-8285,Thomas Hansen,2026-05-23,Pediatrics,4.0,516.02,
PT-3017,Steve Kennedy,2024-11-10,Neurology,7.0,"£2,155.55",
PT-9779,Stephen King,2025-05-17,Pediatrics   ,22.0,"$4,705.27",
PT-7324,,2026-08-18,Oncology,3.0,$649.51,
PT-5848,Karen Whitaker,2025-12-29,Neurology,5.0,14779.22,
PT-4227,Kayla Richardson,2026-05-31,Pediatrics   ,7.0,12021.13,
PT-3621,Ryan Rodriguez,2026-01-31,Cardiology,19.0,12531.29,
PT-8519,Denise Johnson,2025-01-28,,7.0,4884.34,
PT-4512,Jenny Dyer,,Pediatrics,29.0,10847.94,
PT-4113,   Michael Combs,2026-06-18,Oncology,17.0,6049.64,
PT-7792,Mark Logan,2025-03-21,Pediatrics,15.0,"£5,574.86",
PT-3668,Jeremy Davis,2025-10-21,Cardiology,24.0,"$7,833.59",
PT-5932,James Barnes,2025-09-08,Oncology,23.0,14804.47,
PT-5274,Daniel Mills,2025-07-13,Pediatrics,26.0,12380.23,
PT-9724,Jennifer Chavez,2025-06-19,Pediatrics,16.0,6225.05,
PT-4666,Christian Mooney,2026-01-29,,30.0,8641.59,
PT-4974,Andrea Burton   ,2024-11-02,Oncology,10.0,10207.77,
PT-5947,Ethan Cobb,2025-05-06,Neurology,12.0,"£3,049.09",
PT-4929,Sarah Campbell,2024-11-12,Neurology,18.0,9063.28,
PT-6553,Lee Stephens,2025-12-22,Oncology,,8215.26,
PT-3390,Daniel Ortiz,2025-04-20,Pediatrics,9.0,11647.78,
PT-2805,Sydney Thomas,2026-07-05,Pediatrics,28.0,10574.68,
PT-5749,Kaitlyn Garza,2024-12-05,   Cardiology,5.0,6766.5,
PT-2926,Kimberly Parks,2024-12-14,Neurology,3.0,12166.93,
PT-3854,Madison Williams   ,2024-09-13,Neurology,8.0,14780.59,
,Mallory Dixon,2025-07-13,Neurology,6.0,9011.24,
PT-9152,Patrick Anderson,2025-04-04,Oncology,11.0,1451.08,
PT-2491,Mrs. Dominique Jacobs,2026-09-08,Neurology,,"£9,881.90",
PT-9697,Bryan Terry,2025-04-09,Cardiology,17.0,"$12,604.35",
PT-6995,Sierra Oconnell,2025-08-19,Cardiology,23.0,12042.78,
PT-6379,Jessica Rush,2025-06-05,Pediatrics,13.0,"£13,121.35",
PT-8429,Crystal Reyes,2025-11-01,Pediatrics,16.0,11762.14,
PT-6582,Daniel Wyatt   ,2026-01-10,Oncology,13.0,"£7,190.77",
PT-2810,John Erickson,2024-12-08,Oncology,2.0,"$5,611.67",
PT-5664,Adriana Soto,2026-04-23,Oncology,8.0,1860.22,
PT-5137,   William Freeman,2025-11-29,Cardiology,8.0,5076.51,
PT-5599,Jason Hansen,2025-07-14,Pediatrics,30.0,781.01,
PT-4713,Sara Campos,,Cardiology   ,19.0,"$5,307.80",
PT-9547,Tony Garcia,2025-02-05,Oncology,8.0,12768.61,
PT-2425,,2024-10-08,Cardiology,11.0,4445.6,
PT-8683,Melissa Deleon,2026-03-02,Neurology,25.0,1160.69,
PT-4397,Mary Dawson,2024-10-02,Oncology,13.0,,
PT-2560,Stacy Rodriguez,2026-01-05,Cardiology,7.0,"$10,881.19",
PT-2926,Alexis White,2026-06-12,Pediatrics,20.0,"£2,248.61",
PT-6094,Amy Murphy,2026-08-18,Neurology   ,,6147.31,
PT-1599,Devon Neal,2024-11-26,   Pediatrics,1.0,13875.81,
PT-7585,Hector King   ,2024-11-07,Oncology,2.0,3241.69,
PT-4043,Mr. Blake Davis DVM,2026-05-30,Neurology,26.0,10334.43,
PT-8716,Alexis Burton,2026-05-15,,11.0,12125.43,
PT-5735,Sarah Johnson,2025-06-18,   Neurology,25.0,12479.57,
PT-5662,Michelle Bennett,2026-06-16,Cardiology,17.0,6507.71,
PT-7371,Michael Hernandez,2025-10-23,Neurology,21.0,,
PT-9634,Monica Joseph,2024-09-19,Cardiology,6.0,13216.46,
PT-1271,Ricky Walsh,2024-11-23,,3.0,"$7,615.01",
PT-6832,Carl Brown,,Cardiology,9.0,4653.2,
PT-7494,Carla Simmons,2026-04-25,Pediatrics,28.0,1283.13,
PT-6022,Diana Morrison,2025-06-17,   Neurology,23.0,10980.77,
PT-7569,Jeremy Ferguson,2025-03-12,Neurology,25.0,9729.15,
PT-4912,Veronica Williams,2025-11-01,Oncology,9.0,13788.11,
PT-2302,,2026-08-20,Pediatrics,23.0,"£6,183.73",
PT-6638,,2025-12-16,Neurology   ,7.0,10430.07,
PT-5395,   Kevin Lloyd,2025-09-26,Neurology,2.0,"$12,012.59",
PT-5828,Taylor Mills,2026-05-29,Cardiology,15.0,13716.02,
PT-3289,Mark Mills,2026-05-28,Oncology,27.0,,
PT-4615,Frank Johnson,2025-08-09,Pediatrics,3.0,4630.98,
PT-7544,Natalie Carey,2025-12-25,,11.0,1454.78,
PT-4563,Timothy Vega,2026-07-29,Oncology,23.0,11913.82,
PT-6667,Rebecca Skinner,2026-07-27,Neurology,7.0,6065.18,
PT-4061,Lori Garrison,2024-10-26,Neurology,12.0,11083.51,
PT-3257,Richard Sanders,2025-09-09,Cardiology,26.0,14714.71,
PT-9643,Samantha Long,2024-11-21,Pediatrics,1.0,"$6,193.62",
PT-6396,Katrina Marquez,2024-09-13,Cardiology,2.0,4987.29,
PT-7255,Patricia Garcia,2026-01-06,,3.0,,
PT-6137,Brianna Williams,2024-11-23,Pediatrics,10.0,"$8,005.72",
PT-7860,Daniel Rivas   ,2026-02-08,Neurology,22.0,10767.09,
PT-7207,Linda Williams,2025-12-26,Pediatrics   ,30.0,12121.0,
PT-6557,Daniel Le,2026-05-24,Oncology,3.0,2467.55,
PT-6230,Sarah Adams,2026-04-07,   Neurology,24.0,6276.7,
PT-3372,Mary Hawkins,2025-11-20,Oncology,25.0,12432.4,
PT-4370,Christopher Mccoy,2026-04-12,Cardiology,2.0,5891.2,
PT-4274,Matthew Valencia,2025-03-20,Neurology,19.0,,
PT-5138,Kevin Patterson,2025-01-16,Oncology,26.0,,
PT-4724,Caroline Pitts,2025-12-08,Neurology,19.0,6889.26,
PT-6929,Jennifer Daniel,2025-10-10,,23.0,11905.8,
PT-6239,Karen Scott,2026-02-14,Cardiology,3.0,2396.24,
PT-3853,Jake Knapp,2025-08-13,Pediatrics,19.0,6030.76,
PT-3690,Lisa Sanchez,2025-12-22,Pediatrics,30.0,8537.39,
PT-1475,Donna Reed,2025-01-13,Pediatrics,,"$2,770.39",
PT-9917,Alisha Brooks,2024-12-09,Neurology,27.0,5352.64,
PT-1241,,,Oncology,9.0,"£3,778.64",
PT-4005,Kimberly Ramirez,2026-02-21,Oncology   ,18.0,5183.0,
PT-8274,Gregory Swanson,2025-11-25,Cardiology,24.0,"£3,933.30",
PT-3468,Allison Combs,2025-08-21,   Pediatrics,12.0,13396.0,
PT-2460,Cassandra Ramos,2025-10-12,Cardiology,6.0,"$11,841.24",
PT-6904,Ronald Boyd,2026-02-20,Pediatrics,29.0,13757.98,
PT-6881,Brian Mitchell,2026-03-24,Cardiology,5.0,13851.84,
PT-1450,,2026-08-02,Neurology,3.0,"£13,032.61",
PT-4097,Jordan Barr,2025-02-08,Neurology,9.0,7090.51,
PT-1658,Kim Mays,2026-04-22,   Neurology,9.0,,
PT-4939,Ashley Browning,2025-08-02,Pediatrics,30.0,6711.62,
PT-8225,Kevin Mathews MD   ,2026-08-28,Cardiology,6.0,"£9,879.80",
PT-1287,Sean Landry,2025-07-02,Cardiology,30.0,"£6,995.66",
PT-6365,Victor Wright,2026-03-02,Pediatrics,24.0,"£10,651.42",
PT-2041,Joseph Hoffman,2025-03-14,Cardiology,1.0,10463.27,
PT-6786,Charles Gordon,2025-06-01,Oncology,19.0,6451.55,
PT-8535,Danielle Harrison,2025-02-17,Oncology,11.0,13285.75,
PT-4633,Derek Alvarez,2026-04-01,Cardiology,15.0,10411.5,
PT-1401,Anita Glass,2025-06-13,Cardiology,3.0,9955.9,
PT-1084,John Valenzuela,2025-10-24,Pediatrics   ,9.0,,
PT-6484,Julie Mclaughlin,2026-01-05,Oncology,24.0,12905.98,
PT-2773,Kristie Taylor,2025-05-20,Oncology,25.0,9216.6,
PT-3139,Denise Ortega,2025-05-04,Pediatrics,24.0,7893.23,
PT-7519,William Williamson,2026-07-25,,5.0,7282.06,
PT-5094,Shelley Thomas,2026-07-06,Pediatrics,27.0,"$7,085.60",
PT-7918,Wendy Romero,2024-11-08,Oncology,30.0,5800.4,
PT-3149,Matthew Anderson,2025-02-23,Cardiology,21.0,12260.04,
PT-3274,Elizabeth Taylor,2024-12-07,Pediatrics,24.0,12869.06,
PT-4218,Samuel Lindsey,2025-03-07,Oncology,15.0,"$13,869.24",
PT-8730,Kathy Alexander,2026-01-27,Cardiology,22.0,3347.24,
PT-3240,Heather Stark,2026-07-11,   Oncology,26.0,3165.11,
,   Eric Villanueva,2026-01-24,Pediatrics,1.0,14203.86,
PT-7000,Joshua Stone,2025-09-29,Cardiology,25.0,12876.83,
PT-3565,,2026-07-21,Neurology,7.0,6611.85,
PT-4465,Steven Morales,2024-10-29,,21.0,12367.0,
PT-7292,Michelle Ross,,Neurology,1.0,5059.03,
PT-6742,   Michelle Hughes,2026-06-25,Pediatrics,7.0,6070.28,
PT-9201,,2025-08-28,Oncology,12.0,5746.25,
PT-1248,Nichole Waller,2025-08-19,Oncology,8.0,,
PT-4641,Jamie Stevens,2026-07-28,Pediatrics,4.0,13904.25,
PT-9982,   Jennifer Kelly,,Oncology,23.0,"$4,280.39",
PT-2785,Patrick Watts,2025-09-14,Pediatrics,3.0,7261.14,
PT-7412,Alexander Moreno,2024-12-23,Cardiology,29.0,13492.51,
PT-3464,James Best,2026-03-11,Oncology,16.0,13960.37,
PT-3226,Adam Scott,2026-03-03,Cardiology,13.0,13357.62,
PT-5796,George Jenkins,2026-06-21,Pediatrics,18.0,5337.35,
PT-4627,Geoffrey Yang,2026-03-30,Neurology,14.0,"$4,329.98",
PT-1711,Trevor Haynes,2024-12-17,Oncology,15.0,"£5,075.88",
PT-6435,Kevin Haley,2026-07-25,Cardiology,28.0,5706.11,
PT-7046,Cindy Haley,2025-08-01,Pediatrics,5.0,6419.56,
PT-2995,Brian Cole,2025-04-16,Neurology,3.0,7282.65,
PT-1840,Jose Burch,2026-03-30,Oncology,25.0,"£10,105.18",
PT-8272,Caleb Hughes,2026-06-28,Pediatrics,19.0,3682.08,
PT-6300,   Carla Lopez MD,2026-09-09,Cardiology,23.0,13682.82,
PT-6913,Nathan Ford,2026-08-30,Oncology,4.0,9550.9,
PT-3543,,2024-11-10,Neurology   ,9.0,"£11,218.28",
PT-5382,   Ronald Anderson,2026-08-22,,3.0,"$10,461.79",
PT-7624,Justin Hernandez,,Neurology   ,26.0,9106.01,
PT-4779,Kimberly Conley,2026-05-20,Cardiology,15.0,6973.57,
PT-4297,Juan Bowers Jr.,2025-04-18,   Cardiology,17.0,14635.01,
PT-3357,Pamela Wolfe,2026-06-23,   Cardiology,2.0,10950.26,
PT-3166,Jill Anderson,2026-01-08,,5.0,2476.04,
PT-6500,Wanda Price,2025-10-19,Oncology,3.0,10276.69,
PT-3633,Mr. Keith Li,2024-09-27,Cardiology,24.0,"$3,835.83",
PT-3916,,2025-08-29,Neurology,20.0,"$2,401.19",
PT-4834,Lisa Sparks,,Neurology,,9114.98,
PT-7837,Maureen Randall,2025-07-05,Cardiology,19.0,12678.81,
PT-5380,Hunter Underwood,2024-12-14,Oncology,10.0,11367.89,
PT-9613,Melissa King,,Pediatrics,16.0,3443.15,
PT-9422,Brooke King,2024-10-28,   Oncology,6.0,"$6,866.04",
PT-5254,Brooke Blevins,2026-04-27,Neurology,3.0,9699.19,
PT-9043,Jorge Chapman,2024-10-06,   Neurology,11.0,9698.8,
PT-4022,Mary Wilson,2025-06-09,Oncology,14.0,,
PT-1293,Rebecca Davis,2026-03-15,Neurology,18.0,773.25,
PT-1280,Wayne Fernandez,2025-12-20,Oncology,25.0,2648.75,
,Sarah Thomas,2026-04-16,Neurology,11.0,9611.49,
PT-2182,Lee Rice,2025-06-02,Cardiology,26.0,10915.96,
PT-3857,Aaron Duran,2026-01-13,Pediatrics,9.0,11524.39,
PT-6407,Jennifer Ramsey,2026-01-23,Pediatrics,4.0,8854.82,
PT-8091,Mr. Christian Moore DDS,2025-08-05,Pediatrics   ,13.0,"$10,215.33",
PT-5557,Stephanie Ross,2026-08-14,Neurology,8.0,14308.14,
PT-8532,Lisa Anderson,2025-11-08,Oncology,4.0,1300.5,
PT-7941,Gloria Cooper,2024-11-28,Cardiology,27.0,6096.79,
PT-1873,Gregory Turner,2025-02-15,Oncology,24.0,"£11,141.26",
PT-2912,Nicole Thompson,2025-03-19,Oncology,19.0,7169.86,
PT-8888,Willie Shaffer DDS,2026-07-27,Pediatrics,,2153.85,
PT-5202,Kristen Harper,2025-06-07,   Pediatrics,28.0,1277.8,
PT-7881,Heidi Gonzalez,2025-09-14,Pediatrics,30.0,"£2,331.81",
,,,Oncology,21.0,"$9,805.75",
PT-1903,Sandra Henderson,2025-08-09,Cardiology,23.0,14136.04,
PT-8413,Michelle Patel,2025-10-26,Pediatrics,17.0,6493.54,
PT-2057,Jesse Mann,2025-08-07,Cardiology,6.0,7703.86,
PT-9966,,2025-09-17,Oncology,16.0,1998.94,
PT-4975,Bianca Miller,2026-07-26,Cardiology,13.0,3991.52,
PT-5598,,2026-03-14,Cardiology,28.0,7692.55,
PT-7886,Noah Johnston,2025-05-31,Oncology,2.0,7976.92,
PT-2169,Jeffrey Figueroa,2025-06-07,   Oncology,18.0,14069.48,
PT-5410,Jennifer Randall,2024-11-28,Cardiology   ,27.0,"£12,390.71",
PT-2211,Danielle Mccullough,2026-02-17,Cardiology,12.0,12454.5,
PT-9479,Katie Khan,2026-03-25,Pediatrics   ,25.0,12901.3,
PT-2975,Paul Daniel,2025-10-27,Cardiology,10.0,13458.34,
PT-3611,Justin Santos,2026-08-26,Cardiology,1.0,12670.58,
PT-8347,Diana Norris,2025-03-03,Cardiology,4.0,"£13,255.39",
PT-9673,Vicki Kidd,2026-02-02,Cardiology,14.0,"$1,461.37",
PT-8068,Crystal Carter,2025-11-25,Oncology,8.0,9756.71,
PT-7853,Seth Baker,2026-09-03,Oncology,27.0,8554.89,
PT-3228,Misty Graham,2026-05-05,Pediatrics   ,24.0,13570.19,
PT-1291,Nichole Davis,2024-12-26,Cardiology,2.0,12271.16,
PT-6726,Rebecca George,2025-11-04,Cardiology,11.0,"$14,576.71",
PT-1239,Samuel Ross   ,2025-03-16,Neurology,1.0,8705.58,
PT-5734,Robert Ryan,2025-02-25,Neurology,27.0,1453.21,
PT-3228,Ms. Ebony Stone,2024-11-11,Neurology,29.0,,
PT-1802,Ethan Webb MD,2025-03-28,,21.0,9762.41,
PT-1587,Erica Boyer,2025-11-09,Cardiology,20.0,"$1,440.15",
PT-6295,Jill Johnson   ,2025-12-06,Pediatrics   ,26.0,13465.72,
PT-4943,William Brown,2026-08-04,Oncology,11.0,5664.57,
PT-1959,Jason Smith,2025-07-01,Pediatrics,13.0,10938.96,
PT-2360,Rebecca Hahn,2025-08-31,Oncology,2.0,"£11,852.32",
PT-4074,Dawn Campbell,2025-05-08,,27.0,6525.24,
PT-8586,Nichole Herrera,,Oncology,1.0,11609.68,
,Kristen Mitchell,2025-08-13,Neurology,13.0,7558.51,
,Melinda Young,2026-07-06,Cardiology   ,10.0,7756.2,
PT-4119,Bryan Webster,2025-11-01,Pediatrics,9.0,7503.24,
PT-8928,Sara Miller,2026-08-19,Pediatrics,20.0,4927.74,
,Robert Robinson,2025-02-23,Oncology,23.0,14476.34,
PT-2355,Mark Jackson,2025-10-15,Neurology,13.0,"£3,480.49",
PT-1687,Gina Johnson,2024-12-15,Pediatrics,17.0,"$13,327.66",
PT-5911,Ashley Kelley,2026-02-02,Pediatrics,19.0,12179.02,
PT-1468,   Amber Reynolds,2024-12-30,Neurology,24.0,"$5,164.86",
,Bethany Bird,2025-06-14,Neurology,3.0,"£4,308.55",
PT-8867,Peter Foster,2025-08-18,Neurology,25.0,11619.88,
PT-5350,Austin Kaiser,2026-02-22,Pediatrics,16.0,10200.4,
PT-5628,Albert Hernandez,2026-06-25,Pediatrics,28.0,2955.13,
PT-4678,Michael Richard,2025-04-15,Cardiology,20.0,715.58,
PT-9727,Sean Nelson,2025-10-01,Oncology,23.0,2304.22,
PT-3418,John Vasquez,2026-06-23,Cardiology,18.0,8566.85,
PT-9692,   Amy Martinez,2026-01-03,Neurology,28.0,11609.16,
PT-7981,Charles Stout,2025-12-22,,19.0,"£12,271.84",
PT-2066,Morgan Perez,2026-02-09,Oncology,14.0,"£2,003.99",
,Andrew Crawford,2025-02-25,,2.0,9840.01,
PT-9585,Hunter Olsen,2026-06-10,Oncology,20.0,5332.75,
PT-1166,,2025-03-13,Pediatrics,16.0,2172.18,
PT-5783,Anna Mcdonald,2025-03-02,   Neurology,,13083.37,
PT-6267,Alexis Gomez,2026-05-14,Neurology,30.0,8821.25,
PT-5488,Amber Compton,2025-09-25,Cardiology,16.0,"$7,852.08",
PT-8795,Jason Adkins,2025-11-19,Neurology,29.0,"$5,742.23",
,Martin Rodriguez,2025-12-29,Oncology,19.0,"$9,569.55",
PT-6844,Matthew Brennan,2025-02-22,Cardiology,10.0,9030.59,
PT-4918,Rachel Lowery   ,2025-10-04,Neurology,29.0,"£12,296.37",
PT-3743,Keith Graham,,Neurology,23.0,14227.08,
PT-8014,   Anna Mcguire,2026-05-29,Oncology,20.0,2264.42,
PT-8830,Megan Thomas,,Oncology,27.0,2391.09,
PT-3469,Andrea Morgan,2025-10-16,Neurology,10.0,1441.92,
PT-2251,Barbara Harper,2025-01-24,Neurology   ,13.0,14291.33,
PT-3524,Mr. Rodney Krause,2025-12-06,Oncology,11.0,"£8,645.14",
PT-2033,Barbara Roberts,,Pediatrics   ,28.0,"$2,223.54",
PT-9080,   Julie Powers,2026-03-04,Oncology,9.0,11705.06,
,Teresa Clark,2024-11-03,Cardiology,14.0,10488.3,
PT-1553,Jay Stevens,2025-11-19,Oncology,2.0,"$8,134.95",
PT-2282,Heather Harding,2025-06-14,,8.0,10419.35,
PT-6571,Joseph Charles,2026-04-17,Oncology,13.0,2952.72,
PT-1813,Chad Fuentes,2025-10-21,Oncology,4.0,3500.42,
PT-5376,Jamie Gonzalez,2025-03-13,Neurology,13.0,"£14,358.52",
PT-8642,Miguel Beck,,Cardiology,6.0,1103.44,
PT-4039,Alexa King,2025-03-14,Pediatrics,11.0,6664.24,
PT-8907,,2025-11-28,,4.0,"$10,941.55",
PT-2878,Brandon Benitez,2026-06-28,Cardiology,5.0,8648.76,
PT-5501,Christina Boone,2026-01-31,Neurology,,9716.04,
PT-6966,Douglas Reyes,2025-06-02,Oncology,18.0,2016.53,
PT-3196,   Sheila Higgins,2024-11-23,Neurology,25.0,10439.37,
PT-7906,Nathan Barber   ,2025-02-06,Neurology,28.0,8845.74,
PT-9550,Erik Perez,2026-03-27,Oncology   ,10.0,2109.65,
PT-8450,Mark Burnett,2026-01-24,Neurology,24.0,"£1,095.72",
PT-6769,Diane Glass,2024-09-30,Cardiology,14.0,8501.38,
PT-8438,Doris Cameron,2026-01-22,Oncology,,13247.05,
PT-5353,Mary Duran,2024-09-26,Oncology,21.0,2520.64,
PT-4836,Anthony Kelly,2026-02-23,Oncology,30.0,10783.3,
PT-2988,Ryan Townsend,2026-05-25,Pediatrics,16.0,2213.88,
PT-7921,Cheryl Woodward,2025-10-25,Oncology,2.0,5346.41,
PT-5081,Jose Thomas,2025-06-19,Pediatrics,2.0,"£7,818.17",
PT-7780,Kimberly Stafford,2025-08-07,,14.0,,
PT-1456,Anna Barrett,2026-09-02,Oncology,29.0,10447.91,
PT-6901,Yvette Bell,2026-03-14,Oncology,23.0,14653.98,
PT-8566,   Shirley Graham,,Neurology,17.0,10638.12,
PT-3686,Jill Madden,2025-11-13,Oncology,13.0,5748.76,
PT-8503,   Kimberly Todd,2025-05-09,Oncology,11.0,4518.29,
PT-3216,Mikayla Glass,2025-07-09,Cardiology,13.0,4446.43,
PT-8555,Veronica Williams,2025-01-05,Neurology,25.0,6503.84,
PT-8616,Aimee Hughes,2026-03-30,Oncology,20.0,14185.94,
PT-7273,Tammy Martin,2024-09-25,,,"£7,372.37",
PT-2344,Sherry Banks,2025-05-06,Pediatrics,23.0,"$8,412.47",
PT-6722,Lynn Potter,2026-05-22,Pediatrics,26.0,4985.75,
PT-3110,Mr. James Williams DVM,2024-11-03,,30.0,10549.29,
PT-2908,   Faith Leonard,2026-01-22,Pediatrics,,"$6,440.73",
PT-8197,David Reilly,2025-04-18,Neurology,18.0,"£4,015.11",
PT-8344,Vanessa Hernandez,2026-07-08,Neurology,15.0,12048.45,
PT-7741,Joshua Huynh,2025-09-07,Neurology   ,3.0,3013.73,
PT-8352,Shawn Peterson,2025-05-31,Cardiology,26.0,10376.19,
PT-6377,Eric Boyer,2025-12-01,Cardiology,20.0,11888.67,
PT-6078,Jennifer Lee,2024-11-11,Oncology,16.0,"£1,379.65",
PT-1116,,2026-08-23,Pediatrics,23.0,12630.47,
PT-1337,Jared Moore,2026-03-06,Neurology,4.0,,
PT-4519,Rebecca Arroyo,,,4.0,3924.33,
PT-8929,Alicia Norman,2025-07-29,Oncology,,"£4,805.98",
PT-3720,Meredith Martinez,2025-04-27,Oncology,6.0,14394.9,
PT-1710,Mark Andrews,2025-11-03,Cardiology,10.0,6271.38,
PT-6828,Miranda Gordon,2025-08-05,Pediatrics,23.0,2365.13,
PT-4148,Christopher Phillips,,Pediatrics,19.0,4917.07,
PT-5086,James Cruz,2025-10-13,Pediatrics,28.0,3689.77,
PT-9416,Ashley Kim,2025-05-19,Neurology,13.0,12782.04,
PT-8950,Mark Hall,2026-05-07,Pediatrics,24.0,9400.87,
PT-9048,Thomas Wright,2026-01-18,Oncology,25.0,2882.42,
PT-3867,Scott Perez,,Pediatrics   ,12.0,11213.54,
PT-5320,Stacy Martin,2026-04-01,Oncology,18.0,8178.72,
PT-3825,Garrett Roman,2026-01-25,Cardiology,5.0,1517.8,
PT-7313,Mary Powers,2024-10-12,Cardiology,13.0,1945.5,
PT-1835,Nancy Rowland,2026-05-02,Pediatrics,11.0,7994.74,
PT-5809,   Ellen Wilson,2025-11-12,Cardiology,9.0,10687.22,
PT-3829,Charles Malone,2026-03-06,Neurology,23.0,5805.3,
PT-3334,Emily Stewart   ,2026-03-04,Neurology,25.0,6832.17,
PT-1832,Christina Palmer,2026-04-08,Cardiology,30.0,9327.47,
PT-7801,Susan Lopez,2026-01-12,Cardiology,2.0,11163.34,
PT-3552,   Sabrina Norris MD,2024-09-28,Neurology,11.0,8475.94,
PT-6556,Mr. Matthew Watts   ,2025-07-21,   Oncology,26.0,11326.77,
PT-7186,Andrew Martin,2025-02-21,Cardiology   ,2.0,8858.68,
PT-7864,Justin Gates,2025-08-20,Neurology,8.0,13959.38,
PT-4909,Scott Jordan   ,2025-10-18,Pediatrics,3.0,10495.53,
PT-5453,Adam Joseph,2024-10-20,Oncology,17.0,,
PT-7342,Crystal Vance   ,2025-05-21,Cardiology,15.0,2006.19,
PT-5502,Brian Noble,2026-08-14,Oncology,27.0,12935.22,
PT-4776,Jeffrey Wood,2026-02-18,Oncology,12.0,13209.77,
PT-2591,Mrs. Barbara Burke,,Pediatrics,13.0,1110.69,
PT-3960,Ethan Mcdaniel,2025-03-07,Oncology,19.0,"$1,870.97",
PT-8919,Elizabeth Carlson,2026-07-24,Neurology,18.0,6377.86,
PT-9968,Rachel Anderson,,Pediatrics,1.0,"$14,400.14",
PT-1244,Jennifer Anderson,2024-10-19,Oncology,29.0,14378.51,
PT-3596,Sheryl Cooper,2025-05-20,Pediatrics,20.0,12632.03,
PT-5893,Antonio Robinson,2026-03-05,Cardiology,6.0,13689.92,
PT-5070,Amber Lee,2024-12-16,Cardiology   ,7.0,10619.96,
PT-2357,Dawn Knight,2025-06-02,   Pediatrics,18.0,14749.23,
PT-8799,Angela Brown,2026-02-22,Pediatrics,5.0,"£11,164.54",
PT-1947,Cameron Mitchell,2025-04-26,,2.0,"£8,319.67",
PT-4905,Hannah Thomas,2026-04-20,Pediatrics,12.0,2565.67,
PT-1670,Martha Jones,2025-03-27,Neurology,12.0,13532.19,
,Melanie Miller,2026-04-03,   Pediatrics,,4127.4,
PT-4114,,2026-05-29,Neurology,,4065.21,
PT-1111,Thomas Atkins,2025-09-23,Cardiology,29.0,9790.75,
,   Robert Brown DDS,2024-11-10,Neurology,6.0,11556.04,
PT-1608,Rachel Gonzalez MD,2025-02-25,Oncology,10.0,"$2,121.64",
PT-5929,Richard Tran   ,2025-05-03,Neurology,,,
,Ryan Spencer,2025-02-04,Pediatrics,10.0,8417.79,
PT-7270,Kimberly Patel,2025-08-19,,23.0,12318.0,
PT-4990,Hannah Rogers,2024-10-10,Oncology,8.0,,
PT-5775,Monica Chandler,2025-04-07,Oncology,19.0,12176.79,
PT-5556,Brendan Kane,2026-08-27,   Pediatrics,14.0,"$13,288.16",
PT-9574,Stephanie Nichols,2024-12-26,Cardiology,23.0,11267.45,
,Lee Parker,2025-10-08,Cardiology,5.0,"£5,187.63",
PT-7593,Zachary Fitzpatrick,2025-09-30,Neurology,22.0,13075.52,
PT-3464,Daniel Wade,2026-01-23,   Neurology,22.0,2769.86,
PT-9678,Madison Wilkerson,2026-01-26,Oncology,,13435.75,
PT-8447,Nicholas Koch,,Pediatrics,20.0,6535.63,
PT-7467,Kimberly Jefferson,2026-06-23,Oncology,9.0,8107.5,
PT-7168,Carmen Francis,2026-02-07,Pediatrics,20.0,,
PT-9587,Mary Rosales MD,2024-10-18,Pediatrics,1.0,670.47,
PT-7470,Lauren Cantu,2026-08-22,Pediatrics,19.0,"£11,136.29",
PT-2040,Michael Jones,2024-11-14,Oncology,17.0,,
PT-2332,Fernando Collier,2026-09-04,Cardiology,1.0,1604.93,
PT-9090,Michael Ferguson,2025-01-16,Neurology,19.0,5499.88,
PT-8563,Lauren Whitehead,2024-11-25,Neurology,13.0,2358.66,
PT-6214,Chad Cuevas,2026-06-28,Oncology,8.0,4583.88,
PT-4886,John Anderson,2025-12-10,   Oncology,1.0,10041.24,
PT-1610,Justin Parker,2026-04-17,Oncology,20.0,"£1,887.76",
PT-3588,Nichole Walker,,Oncology,14.0,3534.79,
PT-6041,Stephen Fischer,2026-01-17,   Oncology,12.0,11073.45,
PT-9449,Maria Wilkinson,2025-02-11,Neurology,9.0,6172.48,
PT-8805,Chelsea Bates,2025-02-03,Neurology,13.0,8989.85,
PT-7553,,2024-11-09,Neurology,26.0,14321.99,
PT-4131,Jonathon Barker,2026-04-13,Cardiology,10.0,1411.07,
PT-9208,Laura Lee,,Oncology,4.0,8919.57,
PT-9849,James Mcdaniel,,Pediatrics,9.0,12307.42,
PT-5289,Gabriel Lee,2026-06-23,Pediatrics,17.0,1300.18,
PT-1135,Tommy Miller,2025-12-16,Pediatrics,25.0,1182.0,
PT-8238,   Christine Morris,2025-06-21,Neurology,,"$5,618.93",
PT-1662,Heidi Krause,2026-09-07,Neurology,23.0,"£11,879.10",
PT-5120,Hunter Lawson,2024-09-13,Oncology,25.0,3981.88,
PT-5831,Jonathan Dennis,2026-08-08,   Oncology,11.0,9566.28,
PT-4200,Jasmine Wagner,2024-09-22,Cardiology,10.0,8140.11,
,Lindsey Schultz,,Pediatrics,15.0,,
PT-2295,Jose Franco,2024-10-29,   Cardiology,22.0,12249.86,
PT-4849,,2026-07-10,Neurology,7.0,8610.32,
PT-5632,Morgan Smith   ,2026-09-01,Oncology,23.0,11497.43,
PT-9583,Nicholas Leon,2025-04-01,Cardiology,11.0,11671.68,
PT-6743,Hannah Escobar,,Oncology,17.0,5655.58,
PT-6672,Sean Porter,2026-07-20,Oncology,19.0,8169.64,
PT-9912,Joseph Jones,2024-11-22,Pediatrics,25.0,3088.51,
PT-2849,Cynthia Chan,2025-11-01,Cardiology,27.0,11335.26,
PT-9615,Marie Nichols,2025-03-13,,2.0,"$11,458.00",
PT-2470,Melissa Bray   ,2026-04-07,Cardiology,8.0,,
PT-6473,Stephen Robinson,2025-11-17,Oncology,11.0,"$12,611.64",
PT-2566,Zachary Baker,2024-10-24,Neurology,24.0,6282.84,
PT-7701,Christina Craig,2024-12-20,Cardiology,19.0,1704.0,
PT-3692,Heather Morgan,2026-06-14,Neurology   ,19.0,"£3,835.99",
PT-7210,Jason Lopez,2026-03-16,Oncology,,"$7,692.33",
PT-3391,Christina Davis,2025-06-11,Pediatrics,1.0,"$1,722.16",
PT-8069,Vicki Gill,2025-08-11,Neurology,28.0,7631.65,
PT-7380,Maria Gonzalez,2025-02-03,Oncology,7.0,12225.83,
PT-6992,Daniel Daniels,2026-07-15,Oncology,,1257.18,
PT-2313,   Jon Sosa,2025-04-21,Cardiology,15.0,4427.19,
PT-2330,Jeff Williams   ,2025-01-02,Neurology,2.0,"$7,128.09",
PT-7573,Cindy Olson,2025-11-02,Cardiology,9.0,8015.91,
PT-2421,Lori Johnson,2026-08-22,Neurology,20.0,14137.35,
PT-5132,Phillip Barnes,2025-02-25,Cardiology,13.0,13646.37,
PT-2153,Sabrina Ramirez,2025-12-07,Pediatrics,24.0,14424.0,
PT-3179,Laura Velazquez,2026-06-27,,23.0,12356.2,
PT-5369,Kenneth Carey,2026-03-03,Pediatrics,5.0,2458.99,
PT-7491,Amy Blackburn,2025-05-08,Cardiology,6.0,4503.48,
PT-5908,Anthony Cole,2026-02-28,Oncology,5.0,9508.3,
PT-9880,Anna Drake,2025-07-07,Neurology,5.0,706.13,
PT-3737,Joshua Thompson,2025-09-13,Cardiology,26.0,"£1,405.50",
PT-7261,William Kramer,2025-03-27,Oncology,3.0,14805.96,
PT-7631,Morgan Nichols,2026-01-02,Oncology,17.0,9142.06,
PT-3613,Paul Gilbert,2024-11-25,Neurology,24.0,6936.89,
PT-1607,,2026-07-20,Pediatrics,10.0,"$1,553.91",
PT-1163,Wendy Long,2026-07-03,Pediatrics,30.0,,
PT-4959,Danielle Perez,,Pediatrics,9.0,12191.34,
PT-9232,David Foley,2024-10-04,Oncology,23.0,8251.78,
PT-4669,Colleen Faulkner   ,2025-09-24,Cardiology,7.0,937.01,
PT-7193,Shelly Conway,2025-09-21,Neurology,,4953.26,
,Brianna Herman,2026-07-19,Neurology,3.0,,
PT-2897,Justin Murillo,2025-04-05,Cardiology,25.0,14225.52,
,Mary Valentine,2026-06-12,Neurology,10.0,11705.46,
PT-6410,Richard Massey,2024-10-17,Neurology,4.0,7327.41,
PT-9557,,2026-04-10,Oncology,28.0,"£14,727.39",
PT-7399,Dylan Smith,2024-11-06,,13.0,6621.62,
PT-8270,Peter Hernandez,2026-01-08,Neurology   ,9.0,,
PT-3332,Kenneth Santiago,2024-12-30,Neurology,3.0,13968.5,
PT-3582,Frederick Fleming,2026-03-19,Cardiology,26.0,11693.81,
PT-1454,Dr. Jeffrey Vincent,2024-10-24,Oncology,27.0,11939.38,
PT-7055,   Rachel Smith,2024-10-28,Oncology,18.0,4617.92,
PT-3986,Melissa Velazquez,2024-09-18,Pediatrics,10.0,3711.4,
PT-4275,Cassandra Blair   ,2026-07-22,Pediatrics,14.0,9139.04,
PT-1902,Mark Thomas,2026-01-06,Cardiology,19.0,"£8,990.91",
PT-2982,   Courtney Stafford,2026-08-24,Cardiology,17.0,12921.81,
,Cassandra Nelson,2025-12-01,Neurology,30.0,"$14,588.23",
PT-1249,Sarah Howard,2025-07-13,Cardiology,14.0,9303.33,
PT-5582,Tonya Jordan,2025-06-20,Pediatrics,11.0,3569.88,
PT-3552,Yolanda Williamson,2025-12-11,Cardiology,11.0,11524.91,
PT-6661,Fred Wallace,2025-12-01,Neurology,27.0,11719.28,
PT-3128,Emily Lane,2025-11-17,Cardiology,29.0,11498.29,
PT-6435,Alejandro Williams,2026-05-20,Neurology,10.0,£974.20,
PT-2296,Jasmin Burnett,2025-10-23,Cardiology,11.0,"$5,152.40",
,Jessica Zimmerman MD,2025-10-08,Oncology,4.0,13492.22,
PT-6919,David Edwards,2025-02-09,Cardiology,30.0,5290.39,
PT-2861,Mikayla Burton,2026-05-02,Neurology,,5095.96,
PT-1042,   Sydney Jones,2025-11-13,Cardiology,11.0,7555.83,
PT-7770,Jacqueline Duran,2026-02-15,Oncology,25.0,"$12,724.53",
PT-7252,   Lauren Martin,2025-12-01,Oncology,5.0,12340.49,
PT-9283,Gerald Chung   ,2025-01-18,Cardiology,29.0,9193.73,
PT-2755,Whitney Sutton,2025-07-14,Pediatrics   ,6.0,"£9,605.91",
PT-6502,Becky Nicholson,2025-03-28,   Pediatrics,27.0,8185.72,
PT-1839,Brian Salinas,2025-01-25,Neurology,29.0,1997.87,
PT-2399,Joshua Mitchell,2026-05-11,Cardiology,9.0,"£7,176.81",
PT-6218,Monica Bishop,2025-11-16,Pediatrics,13.0,8401.42,
PT-7438,Tonya Kennedy,2025-10-17,Oncology,18.0,"£10,143.41",
PT-1598,   Daniel Howard,2024-09-27,Pediatrics,22.0,12014.99,
PT-3910,Mitchell Brown,2024-09-22,Oncology,28.0,8418.51,
PT-8314,Jason Hubbard,2024-09-10,Neurology,,7672.05,
PT-8057,Kevin Ward,2024-12-08,Pediatrics,30.0,7355.67,
PT-8941,Mary Thomas,2026-03-24,Pediatrics,29.0,3268.45,
PT-9850,Sharon Miller,2025-07-18,Cardiology   ,23.0,10856.8,
PT-6326,Sabrina Santiago,2025-08-07,Pediatrics,27.0,4888.94,
PT-9518,Kristen Ball,2026-01-06,   Pediatrics,22.0,7234.77,
PT-5264,Charles Hansen,2026-07-29,   Oncology,20.0,13402.93,
PT-3027,Rebecca Brandt,2024-10-25,Neurology,24.0,713.27,
PT-5713,Danielle Harmon DDS,2024-12-09,Cardiology,22.0,7277.38,
PT-5595,Charles Pearson,2026-01-03,Pediatrics,11.0,11148.92,
PT-3766,,2024-12-01,Pediatrics,19.0,12929.52,
PT-5675,Heidi Kelly,2026-03-21,Oncology,23.0,813.71,
PT-6603,Meghan Barber   ,2024-12-13,Cardiology   ,20.0,14395.87,
PT-9934,Joshua Fischer,2025-05-27,Neurology,30.0,"£8,679.84",
PT-3007,Thomas Moore,2024-12-18,Cardiology,13.0,9573.16,
PT-2919,Kimberly Gomez   ,2025-08-11,Neurology,8.0,7397.51,
PT-3676,Chad Thomas,2025-11-16,,15.0,9323.53,
PT-8464,Megan Collins,2026-05-20,,21.0,14393.59,
PT-1133,Lisa Alvarado,2024-12-07,Oncology,19.0,8259.79,
PT-1378,Logan Sweeney,2025-07-18,Neurology   ,26.0,8362.75,
PT-1992,   Emily Brooks,2025-06-12,Pediatrics,,2214.36,
PT-4926,Austin Ross,2025-08-25,Neurology,2.0,2846.46,
PT-4917,John Cook,2024-10-03,Pediatrics   ,26.0,"$7,627.66",
PT-1013,Mark Black   ,2025-10-19,Neurology,6.0,14209.35,
PT-2825,Sarah Carlson,2024-09-28,Oncology,16.0,3582.79,
PT-6895,Robert Gutierrez,2026-01-31,Neurology,2.0,12395.35,
,,,Pediatrics,15.0,"$9,076.48",
PT-6433,,2026-04-14,Pediatrics   ,1.0,794.68,
PT-4516,,2024-09-13,Pediatrics   ,24.0,2428.94,
PT-4635,Michael Gonzalez,2025-09-06,   Neurology,13.0,5508.09,
PT-6231,,2025-11-07,   Oncology,14.0,14033.27,
PT-6539,   Theresa Hudson,2026-08-03,Pediatrics,18.0,519.4,
PT-6949,,2025-10-21,Pediatrics,27.0,738.1,
PT-2076,Monique Vasquez,2024-10-24,Pediatrics,,8511.19,
PT-1209,Jeffrey Johnson,2026-06-17,Oncology,17.0,7571.75,
PT-3101,Nathaniel Thomas,2026-03-24,Pediatrics,7.0,950.25,
PT-1330,   John King,2025-04-15,Cardiology,11.0,5059.99,
PT-1161,   Alex Jensen,2024-12-31,,29.0,12338.04,
PT-4739,Vincent Harrison,,   Cardiology,13.0,6861.67,
,Heather Henderson,2025-09-15,Neurology,22.0,7733.33,
,Rhonda Hines,2024-09-17,Neurology,9.0,11461.08,
PT-8766,Mr. Robert Clarke,2025-05-06,Pediatrics,13.0,7314.34,
PT-1287,Linda Fitzgerald,2026-06-06,Oncology,4.0,"$6,324.94",
PT-5477,Trevor Blackwell,2025-06-23,Cardiology,,3577.29,
PT-6458,Emily Jones,2025-01-26,Neurology,3.0,"£8,014.08",
PT-5903,Steven Moore,2024-12-16,Cardiology,1.0,7990.39,
PT-9917,Paul Smith,2024-11-16,Cardiology,20.0,6461.14,
PT-4418,   Kenneth Wilson,2026-07-19,Neurology,30.0,5608.68,
PT-2693,Jason Nguyen,2025-12-25,   Oncology,2.0,4663.36,
PT-5026,   Denise Kaufman,2025-04-26,Neurology,11.0,12263.26,
PT-1140,Patrick Burnett,2025-07-31,Cardiology,13.0,"$10,844.16",
PT-8689,Elizabeth Mckenzie,2025-02-02,Neurology,3.0,12125.37,
PT-1614,Grant Richards,2026-09-02,   Neurology,10.0,3865.27,
PT-4865,Dakota Gilmore,2025-07-30,Neurology,27.0,6325.69,
PT-6790,Cynthia Watkins,2025-11-27,Neurology,2.0,8469.7,
PT-4300,Timothy Wright,,Oncology   ,13.0,5386.92,
PT-8925,Tammy Garcia,,Pediatrics,12.0,13522.62,
,John Kim   ,,Cardiology,5.0,"$10,852.54",
PT-2197,Scott Fitzgerald,2025-03-17,Pediatrics,,8952.02,
PT-6848,Jesse Clark   ,2025-01-09,Cardiology,28.0,6322.81,
PT-3971,Sara Hickman,2025-08-20,Neurology,26.0,1634.51,
PT-6811,   Susan Ferguson,2025-06-28,Neurology,7.0,7169.18,
PT-3830,Robert Koch,2026-04-22,Pediatrics,1.0,14037.11,
PT-7753,John Johnson,2025-09-04,Oncology,,8388.72,
PT-7169,Rachel Mcdaniel,2025-01-29,Oncology   ,12.0,5214.02,
PT-7457,Natalie Powell,2025-06-07,   Neurology,10.0,"£6,730.71",
PT-8347,Ashley Tapia,2025-09-18,Pediatrics   ,10.0,8590.3,
PT-3895,Anthony Brown,2024-11-13,,23.0,2673.03,
PT-5127,Joel Sanders   ,2025-10-09,Cardiology,,5554.29,
PT-4972,Kenneth Ford,2025-10-13,Neurology,23.0,7908.56,
PT-6418,Marcus Evans,2024-10-06,Oncology,,4188.48,
,Janice Davis,,Neurology,4.0,"$5,109.15",
PT-5510,Suzanne Gallagher,2026-04-30,Cardiology,16.0,13500.04,
PT-6263,Mark Bush,2025-06-10,   Cardiology,24.0,10696.68,
PT-6338,Shari Patton,2025-03-17,Cardiology,9.0,13431.66,
PT-9137,Kimberly Allen   ,,Oncology,2.0,4027.65,
PT-9244,Paul Clay,2026-06-15,Oncology,4.0,,
PT-7335,Christopher Scott,2025-08-25,Neurology,20.0,"$14,999.76",
PT-2003,Dawn Contreras,2025-11-16,Neurology,27.0,6604.74,
PT-5615,Shawn Sandoval   ,2024-10-10,Cardiology,20.0,11028.7,
PT-2585,Peter Russell,2026-08-25,Pediatrics,21.0,5327.35,
PT-8680,Shane Petersen,2026-02-26,Cardiology,,"$7,375.41",
PT-7754,Cynthia Roberts,2024-12-15,   Cardiology,21.0,5300.53,
PT-1955,Anita Simon,2026-07-11,Cardiology,1.0,8643.47,
PT-3738,Ronald Smith,2024-11-11,Pediatrics   ,19.0,7932.36,
PT-2204,Brian Contreras,2026-08-14,   Cardiology,18.0,,
PT-8070,Jose Smith,,Pediatrics,13.0,,
PT-5850,Wendy Short,2025-04-04,,10.0,"$7,919.97",
,Austin Ross,2025-04-09,Pediatrics,26.0,3266.56,
PT-2203,Andrea Warner,2025-03-28,,15.0,12800.95,
,Thomas Melton,2026-04-09,Oncology,12.0,5856.16,
PT-9437,Brittany White,2024-11-29,Cardiology,9.0,7387.45,
PT-3254,Stephanie Reynolds   ,2026-02-08,Oncology,5.0,5948.87,
PT-5183,Lori Zuniga,2025-07-19,Cardiology,25.0,8530.34,
PT-8543,   Russell Brown,2026-02-03,Cardiology,,,
PT-9970,Robert Smith,2025-03-08,Oncology   ,7.0,4881.7,
PT-6296,   Sheila Jackson,2024-09-21,Pediatrics,8.0,"$12,756.13",
PT-1812,Eric Gonzalez,2026-06-26,Neurology,16.0,13043.8,
PT-9368,Mr. John Mills   ,,Oncology,20.0,3760.15,
PT-1237,Nicholas Gray   ,2025-10-20,Cardiology,5.0,5749.99,
PT-6954,Dylan Gomez,2025-01-11,,10.0,"£2,084.95",
PT-7820,Kathleen Webb,2026-03-10,Cardiology,22.0,3362.47,
PT-4437,Anna Li,,Neurology   ,27.0,14352.74,
PT-1847,Pedro Small   ,2026-07-31,Oncology,4.0,1441.85,
PT-8957,Linda Wilkerson   ,2025-09-08,Pediatrics,24.0,"£12,300.32",
PT-6600,Jacob Vargas,2025-09-24,Cardiology,17.0,"$7,470.03",
PT-5352,Sara Stevens   ,2024-12-17,Oncology,6.0,1616.92,
PT-3683,Corey Cain,2026-01-22,   Pediatrics,4.0,"$12,745.33",
PT-4753,Ariana Boyd,2025-03-12,Pediatrics,26.0,4909.39,
PT-2120,Brenda Owens,2025-04-19,Neurology,12.0,1990.42,
PT-1922,Joyce Pacheco,2024-11-07,Pediatrics,27.0,4579.05,
PT-5315,Jason Johnson,2026-07-23,Cardiology   ,22.0,"$4,403.28",
PT-2737,Cameron Mcdaniel,2026-01-06,Pediatrics,17.0,7730.41,
PT-4718,Amy Hopkins,2024-10-13,Oncology,11.0,4022.92,
,Brittany Hernandez,2025-01-20,Pediatrics,3.0,7176.28,
PT-9270,Daniel Hughes   ,2026-02-10,Cardiology,20.0,3491.2,
PT-6195,Stephanie Estrada,2025-02-25,Oncology,2.0,620.56,
PT-5704,Taylor Peck,2025-03-12,Oncology,8.0,1724.72,
PT-4411,Cheryl Reilly,2025-02-01,Cardiology,25.0,8462.11,
PT-2279,   Jennifer Dorsey,2024-12-12,Oncology,11.0,5103.64,
PT-8391,Cheryl Mitchell,2025-04-01,Pediatrics,29.0,4247.56,
PT-9996,Joseph Reese,2025-09-13,Neurology,7.0,£935.32,
PT-2081,Michael Taylor,2026-03-13,   Neurology,13.0,"£9,762.36",
PT-9019,Sara Kramer,2025-03-06,Oncology,29.0,14111.54,
PT-4873,Noah Farmer,2026-04-27,Pediatrics   ,16.0,"£3,678.50",
PT-7633,James Hernandez,2025-10-03,Pediatrics,4.0,"$13,992.70",
,Christopher Franklin,2025-03-04,Pediatrics,4.0,,
PT-6593,   Angel Glenn,2024-12-14,Oncology,11.0,9373.63,
PT-2502,Julia Black   ,2026-08-11,Oncology,30.0,14990.47,
PT-1702,Billy Gray,2025-07-10,Neurology   ,27.0,,
PT-5303,Cody West   ,2025-06-27,Neurology   ,15.0,"$11,350.51",
PT-1952,   Eric Lester,2025-09-13,,,10467.42,
PT-7646,Andrew Collins,2025-09-12,Cardiology,22.0,10230.83,
PT-3753,Kim Bradley,2025-03-30,Oncology,26.0,1332.07,
PT-1689,Derek Travis,2026-08-29,Pediatrics,27.0,13459.5,
PT-6178,   Brittany Chang,2026-05-17,Oncology,6.0,13586.15,
PT-4935,Elizabeth Carter,2024-11-22,Neurology,10.0,,
,Michael Torres,2025-02-10,Neurology,10.0,5553.66,
PT-9447,Eric Mcintyre,2025-12-23,   Cardiology,,5975.55,
,Michael Webb,2025-03-11,Pediatrics,19.0,3607.6,
PT-8094,Samantha Ruiz,2025-12-30,   Cardiology,19.0,7776.83,
PT-1628,Stacey Johnston,2025-02-02,Neurology,1.0,3234.38,
PT-2850,   Ricky Hogan,2026-07-18,Cardiology,26.0,9568.72,
PT-2284,Claudia Robbins,2024-11-08,Neurology,29.0,4290.92,
PT-8063,Jeffrey Jones,2024-11-10,   Oncology,20.0,9358.39,
PT-9672,Connie Richardson,2026-03-18,Cardiology,4.0,14410.34,
PT-1429,Sarah Wong,2026-04-04,,16.0,12058.69,
PT-9952,Phillip Smith,2025-03-14,Oncology,5.0,8866.61,
PT-6052,Laurie Weber   ,2026-04-29,Oncology,13.0,12496.01,
PT-5598,Kathleen Wallace,2025-05-14,Oncology,5.0,10327.34,
PT-4561,Bobby Baker,2025-02-26,Cardiology,25.0,12998.67,
PT-5112,Tony Ayers,2024-10-19,Oncology,19.0,12034.4,
PT-4933,Danielle Sanchez,2025-02-24,Pediatrics,10.0,1088.01,
PT-8778,Derek Johnson,,Oncology,11.0,12387.1,
PT-6874,Kathleen Willis,2025-04-25,Oncology,3.0,"£1,363.19",
PT-1439,Judy Barton,2025-04-19,Pediatrics,30.0,13985.28,
PT-7096,Danielle Jackson,2024-09-30,Neurology,3.0,9185.95,
PT-6736,David Erickson,2026-02-22,Cardiology,3.0,"£13,823.70",
PT-1674,Derek Munoz,2026-07-10,Pediatrics,20.0,9039.14,
PT-9100,Ryan Huang,,Oncology,11.0,5336.73,
PT-9360,Jacob Lara,2026-05-12,Cardiology,6.0,8130.65,
PT-5786,Todd Sellers,2025-07-24,Neurology,14.0,9056.67,
PT-6025,Angela Green,2026-04-17,   Cardiology,27.0,12433.28,
PT-2712,Matthew Downs,2025-04-23,Oncology,18.0,2881.01,
PT-6279,   Christine Payne,2025-02-21,Pediatrics,15.0,"£2,396.99",
PT-5545,Dalton King,2026-03-26,   Pediatrics,,14485.21,
PT-9894,   Kevin Colon,2026-02-08,Neurology,,"$3,499.01",
PT-9369,   Calvin Reed,2024-10-14,,23.0,4214.31,
PT-8322,Shannon Mcclain,2026-05-23,Pediatrics,20.0,7556.86,
PT-7983,Dustin Perry,2025-11-13,Pediatrics,13.0,12883.55,
PT-1441,Sandra Thomas,,Pediatrics,1.0,7504.99,
PT-6662,Heather Williams,2026-09-06,Cardiology,11.0,"£9,423.08",
PT-1857,Kyle Davis,2025-10-09,Neurology,,765.38,
PT-5560,Phillip Smith,2025-06-15,Oncology   ,2.0,"£8,308.06",
PT-1768,Sandra Cook,2024-12-03,Pediatrics,13.0,5016.54,
PT-2140,Ricky Roberson,2025-09-23,,5.0,8603.42,
PT-3145,Laura Anderson,2025-04-13,Oncology,1.0,"$6,983.67",
PT-5982,Beth Stone,2025-12-17,Oncology,1.0,"£13,254.94",
PT-4307,Christopher Merritt,,Neurology,13.0,14929.91,
PT-2426,Shelby Price,2025-01-01,Pediatrics,26.0,2177.64,
PT-3624,,2026-08-09,Pediatrics,30.0,6957.03,
PT-7356,Joseph Powell,2025-11-25,Neurology   ,25.0,11829.05,
PT-7449,Karen Miller,,Pediatrics   ,5.0,2709.68,
PT-1707,Gabriel Jones,2025-03-14,Oncology,9.0,2320.28,
PT-6444,David Phillips   ,2026-07-25,Cardiology,9.0,11386.37,
PT-5146,Jermaine Perez,2026-01-10,Pediatrics,1.0,10817.2,
PT-9208,Brandon Johnson,2025-10-24,Neurology,16.0,11298.94,
PT-1672,Lori Wells   ,2025-01-11,Cardiology,10.0,1670.92,
PT-4476,John Brown,2026-07-13,Pediatrics,23.0,9641.98,
PT-3384,Roberto Underwood,2025-09-12,Oncology,4.0,5529.19,
PT-3830,Eric Lewis,2025-03-14,,11.0,7897.83,
PT-2267,Cynthia Hernandez,2026-03-26,Cardiology,13.0,10469.36,
PT-5323,Rachel Aguirre,2026-03-06,Neurology,12.0,,
PT-1104,William Peterson,2025-02-06,Oncology,30.0,4129.83,
PT-5444,Cody Lee,2025-06-13,Pediatrics,8.0,10118.52,
PT-6712,Anthony Ford   ,2024-09-30,Pediatrics,30.0,12850.33,
PT-3995,James Lowe,2025-11-05,Cardiology,18.0,3335.75,
PT-3305,Richard Ramsey,2025-10-27,Neurology,26.0,,
PT-2503,Aaron Hernandez,2025-08-31,Pediatrics,24.0,6880.03,
PT-1484,,2025-07-29,Oncology,3.0,1022.97,
PT-4345,Teresa Hendricks,2025-08-07,Neurology,15.0,4494.4,
PT-6865,,,Pediatrics,,4780.54,
PT-9609,Amanda Scott,2025-05-26,Pediatrics,23.0,958.27,
PT-9726,Tonya Myers,2025-04-09,Pediatrics,15.0,6037.22,
PT-5764,Sarah Arias,2026-05-03,Cardiology,14.0,10542.66,
PT-5231,Christy Mathis,2025-06-06,Neurology,29.0,4387.83,
,Michael Huerta,2026-02-14,Neurology,11.0,7621.33,
PT-7528,William Forbes,2025-11-01,   Neurology,28.0,3881.61,
PT-1460,   Jacob Howard,2026-06-22,Cardiology,6.0,,
PT-7171,,2025-11-08,Pediatrics,30.0,9158.28,
PT-3435,Jerry Nichols   ,2024-11-24,Cardiology   ,16.0,"$6,001.45",
PT-6360,Christopher Gibson,2026-05-20,Cardiology,2.0,9902.68,
PT-4811,Theresa Torres,2025-04-30,Oncology,11.0,8849.91,
PT-9229,Carla Spencer,2024-11-14,Neurology,29.0,"$14,815.14",
PT-6763,Sharon Delacruz,2025-10-03,   Oncology,3.0,631.99,
PT-7843,Mark Maldonado,2025-06-24,Oncology,23.0,7129.05,
PT-7973,   Diana Martinez,2026-05-05,Pediatrics,17.0,14882.69,
PT-1394,Monica Montoya,,Oncology,19.0,13270.13,
PT-4827,Joseph Joseph,2026-07-26,Oncology,6.0,"£10,038.15",
PT-8200,,,   Oncology,3.0,"$13,690.82",
PT-4861,Janice Phillips   ,2025-10-25,Pediatrics,4.0,6181.97,
PT-4211,Matthew Robles,2025-07-23,Cardiology,12.0,602.54,
PT-4746,Donald Cortez,2025-04-27,Neurology,17.0,"$9,799.94",
PT-5706,Kevin Rodriguez   ,2026-03-13,Cardiology,13.0,2086.18,
PT-5295,Raymond Rivers,2025-08-26,,20.0,1149.16,
PT-6075,Andrew Salinas,2024-12-24,Neurology,27.0,"£4,010.49",
PT-4213,Christy Acosta,2026-08-25,Cardiology,11.0,11950.96,
PT-4611,Michael Mejia,2025-06-26,Cardiology,9.0,13296.32,
PT-5623,Michelle Gilbert,2026-06-19,   Cardiology,6.0,11731.61,
PT-4238,Jamie Nguyen   ,2026-01-30,Neurology,12.0,13013.89,
PT-4043,   Amanda Manning,2025-12-21,Cardiology,16.0,"£9,893.07",
PT-8112,Anthony Rodriguez,2026-05-23,Neurology,2.0,2599.31,
PT-9062,Vanessa Koch,2024-12-13,Neurology,20.0,"$14,157.52",
PT-9726,Matthew Noble,2025-04-14,Pediatrics,9.0,,
PT-7010,Michael Chapman,2024-11-20,Oncology,12.0,14978.93,
PT-5861,Samuel Johnson,2026-04-29,Neurology,24.0,11052.71,
PT-8510,,2025-10-15,Cardiology,27.0,14495.42,
PT-8261,Amanda Brown,2025-01-04,   Oncology,7.0,"$3,319.59",
PT-2766,Shawn Gutierrez,2024-11-05,Cardiology,30.0,9601.83,
PT-8021,Becky Rodriguez,2026-02-22,Pediatrics,20.0,,
PT-6569,Dr. David Lopez,2026-06-20,Neurology,29.0,"$1,119.00",
PT-2456,James Thomas,2026-04-19,Pediatrics,22.0,2964.24,
PT-5880,Kenneth Rodriguez,2025-06-17,   Pediatrics,20.0,9036.47,
PT-8132,Shannon Ward,2026-05-03,Pediatrics   ,19.0,"$2,884.33",
PT-6275,Ivan Stokes   ,,Pediatrics,9.0,"£8,234.16",
PT-8706,Samantha Khan,2025-07-16,Oncology,30.0,13769.07,
PT-3169,Logan Clark,2026-04-05,Pediatrics,17.0,"£7,928.00",
PT-3814,Scott Escobar,2026-04-09,Pediatrics,24.0,6607.6,
PT-3784,Marc Wyatt,2025-02-23,Oncology,13.0,"£5,875.81",
PT-8423,Richard Deleon,2024-12-19,,,3856.51,
PT-3162,John Wilson,2024-12-15,Cardiology,28.0,998.68,
PT-9668,Lori Anderson,2026-05-03,Neurology,25.0,3138.96,
PT-2064,Justin Thompson,2025-09-19,Pediatrics,8.0,8246.25,
PT-3589,George Stevenson,2024-09-19,Neurology,19.0,"$10,707.27",
PT-8189,Gary Garcia,2025-06-14,Pediatrics,6.0,12228.56,
PT-2457,Willie Lopez,2026-06-15,Oncology,28.0,8885.91,
PT-1267,,2026-02-21,Cardiology,8.0,14203.03,
,Alan Wagner,2025-02-24,Pediatrics,20.0,14714.46,
PT-7526,Lori Velasquez,2025-10-14,,25.0,9770.5,
PT-6401,Mary Grant,2026-01-22,Neurology,17.0,13484.2,
PT-9609,Joshua Roach,2025-01-01,Pediatrics,8.0,6069.36,
PT-9530,Justin Middleton,2026-08-07,Pediatrics,21.0,,
PT-8876,Robert Mason,2025-10-02,Neurology,14.0,8820.01,
PT-4015,Brandon Stephens,2025-11-07,Cardiology,29.0,13763.49,
PT-5364,,2026-06-11,Pediatrics,4.0,12229.35,
PT-4684,Jason Richardson,2025-07-21,Oncology,11.0,2356.56,
PT-7236,Michael Knight,2026-08-27,Oncology,28.0,12258.08,
PT-8928,   David Gutierrez,2025-05-27,Cardiology,,2614.27,
PT-3826,Lisa Sloan,2025-05-02,Cardiology,21.0,3655.23,
PT-1719,,2026-08-12,,24.0,12995.1,
PT-1286,Kristen Scott MD   ,2026-07-18,Oncology,5.0,7463.24,
PT-9777,,2025-05-24,Oncology,27.0,1203.61,
PT-4712,   Aaron Allen,2026-05-24,Cardiology,2.0,14851.3,
PT-1804,Courtney Gonzales,2025-11-08,Cardiology,13.0,,
PT-2504,Luke Lowe,2026-07-24,Neurology,14.0,2055.15,
PT-3722,,2026-08-22,Oncology,14.0,"£9,662.44",
PT-9795,Brett Davis,2026-07-08,Cardiology,14.0,7277.59,
PT-7725,Jackie Scott,,Cardiology,13.0,2027.17,
PT-3497,Daniel Edwards,2026-08-23,Neurology,5.0,12166.39,
PT-6748,   Michael Herrera,2025-05-08,Neurology,1.0,3117.84,
PT-2380,Jerome Rivera,2025-09-17,Pediatrics,8.0,7093.85,
PT-9479,Amber Walter,2024-11-21,Neurology,25.0,11672.23,
PT-4267,Angelica Cox,2026-05-07,   Neurology,24.0,2435.43,
PT-9868,Benjamin Ferguson,2026-06-15,Pediatrics,24.0,6118.47,
,Ellen Contreras,2026-07-29,Oncology,8.0,6432.99,
PT-4818,Douglas Vargas,2025-07-11,Neurology,29.0,3043.24,
PT-8592,Elizabeth Oliver,2026-06-28,Neurology,14.0,6220.82,
PT-7450,Terry Key,2026-05-13,Neurology,13.0,9805.38,
PT-8122,Donald Hall,2025-03-04,   Pediatrics,19.0,"£1,619.21",
PT-2301,   Ryan Shelton,2025-02-11,Pediatrics,16.0,14346.63,
,Adam Suarez,2025-10-07,Oncology,30.0,"£13,043.57",
PT-7023,Stacey Johnson,2024-12-05,Pediatrics,11.0,"£9,250.35",
PT-5196,Heather Campbell,2025-09-19,Neurology,24.0,5001.95,
PT-6728,,2025-04-06,Pediatrics   ,26.0,"£7,525.22",
PT-5987,Sara Hoover,2025-05-25,Neurology,15.0,3042.62,
PT-1900,Stephanie Rogers,2025-06-28,Oncology,29.0,$992.64,
PT-3461,Pamela Foley,2025-08-23,Oncology,29.0,"£14,680.98",
PT-9630,Timothy Griffin,2025-07-25,Oncology,7.0,,
PT-9272,Julia Lopez,2024-12-23,,29.0,5146.54,
PT-2984,Kelly Hunter,2025-05-22,Pediatrics,14.0,13075.99,
PT-7753,,2025-09-26,Cardiology,1.0,14844.9,
PT-4200,Stephanie Pope,2026-08-27,Pediatrics   ,14.0,"$14,241.67",
PT-6399,Michael Woods,2026-08-03,Pediatrics,11.0,10935.67,
PT-4051,James Gonzalez,2024-10-31,Oncology   ,10.0,10540.03,
PT-1408,Michael Cooper   ,2025-09-21,Cardiology,10.0,11635.87,
PT-6502,Kyle Olsen,2025-07-14,Pediatrics,14.0,"$14,979.42",
PT-6920,Wesley Bates,,Pediatrics,11.0,5779.66,
PT-5971,Katrina Pineda,2025-11-29,Neurology,25.0,3568.63,
PT-4250,Melinda Gray,2025-01-27,Pediatrics,6.0,14720.32,
PT-6022,Michael Johnson,2025-05-12,Pediatrics,20.0,13690.13,
PT-1082,   Michael Bowman,2025-09-20,Oncology,10.0,12075.73,
PT-5032,Phillip Hunter,2025-06-08,Cardiology,7.0,"$6,035.20",
PT-4877,Amanda Wade,2024-12-30,Neurology,7.0,"$13,058.15",
PT-6615,Brian Romero,2025-01-19,   Oncology,26.0,6265.76,
PT-9533,Morgan Valenzuela,2026-01-19,Neurology,12.0,"£10,549.82",
PT-1960,Charlene Herrera,2025-07-10,Neurology,11.0,,
PT-1908,Debra Cross,2025-05-03,Cardiology,4.0,10093.94,
PT-7804,Jasmine Joseph,2024-10-20,Neurology,21.0,8944.31,
PT-1578,William Allen,2026-01-30,Pediatrics,10.0,,
PT-3091,Marilyn Miller   ,2025-09-09,Oncology,29.0,5605.7,
PT-1949,Susan Martin,2026-02-09,Neurology,25.0,8772.5,
PT-4916,Kimberly Osborn,2024-12-09,Cardiology,23.0,4502.82,
PT-7393,Katie Mccall,2025-04-03,Cardiology,2.0,14925.01,
PT-6135,Darius Barton,2025-06-06,Oncology,1.0,12054.4,
PT-3344,Clifford Williams,2025-04-21,Oncology,13.0,14995.7,
PT-6022,Aaron Gonzalez,2025-06-12,Pediatrics,14.0,11104.64,
PT-7784,Samuel Thomas,2024-12-18,Cardiology,26.0,1685.43,
PT-4475,Heather Peterson,2025-06-27,Oncology,26.0,896.92,
PT-8480,Maria Smith,2024-09-11,Pediatrics,29.0,4916.54,
PT-5038,   Michelle Flowers,2025-01-06,Pediatrics,26.0,10197.0,
,Joseph Bishop,2025-03-06,Pediatrics,4.0,9735.2,
PT-6009,Melanie Jackson,2024-10-13,Neurology,18.0,8309.44,
PT-4996,Debbie Torres,2025-03-19,Pediatrics,15.0,11848.59,
PT-2662,Sean Smith,,Oncology,6.0,12248.83,
PT-5448,Reginald Moore,2025-10-10,,11.0,2199.49,
PT-3238,Julie Bush,2025-08-05,Oncology,2.0,10909.56,
PT-5766,Amanda Perry,2026-04-06,Pediatrics,28.0,6857.44,
PT-5857,Christopher Moore,2025-01-27,Pediatrics,25.0,10496.65,
PT-3538,Melissa Rivas,2024-12-04,Neurology,8.0,"$6,945.99",
,Elizabeth Murphy,2026-04-12,Cardiology,25.0,12078.35,
PT-5256,   Richard Caldwell,2025-12-15,Neurology,12.0,14255.86,
PT-9678,Paul Owens,2026-08-31,Cardiology,25.0,8755.43,
PT-7880,Anthony Mccall,2026-05-31,Pediatrics,18.0,"$1,882.48",
PT-3605,Angel Castro,2025-08-03,Oncology,29.0,8018.72,
PT-2656,Heather Marshall   ,2026-08-13,Cardiology,4.0,"$11,546.43",
PT-2324,Jessica French,2026-05-03,,19.0,8709.89,
PT-6485,Colleen Lewis,2026-02-07,Pediatrics,14.0,1945.35,
PT-8601,Brittany Dixon,2025-10-11,Pediatrics,12.0,5714.45,
PT-8114,Taylor Lopez,2025-06-17,Cardiology,1.0,"$9,983.23",
PT-3112,Michael Richardson,2025-08-09,Cardiology   ,2.0,,
PT-8367,Kristen Evans,2024-12-12,Pediatrics,24.0,13910.69,
PT-1746,   Katie Baxter,2025-05-10,Oncology,26.0,2553.71,
,Jonathan Turner,2026-05-29,Pediatrics,30.0,12188.94,
PT-4278,Rhonda Benton,2024-11-04,Cardiology,7.0,14781.22,
PT-4742,Angela Carter,2025-07-12,Neurology,30.0,14466.71,
PT-4414,Anthony Dawson,,Neurology,22.0,1494.44,
PT-1701,Travis Hayes,2025-01-17,Oncology,7.0,5755.37,
PT-3016,Mariah Powers,2024-10-12,Cardiology,7.0,5588.04,
PT-4487,Christopher Diaz,2025-07-18,Cardiology,14.0,3066.84,
PT-3271,Julie Strickland,2026-02-07,Oncology,14.0,9693.26,
PT-4681,,2026-03-23,Oncology,14.0,5116.96,
PT-8332,Edward West,2026-08-16,Oncology,24.0,"$2,414.78",
PT-2516,Damon Simpson,2024-11-25,Cardiology,5.0,13829.33,
PT-3851,Bryan Harris,2025-03-04,Cardiology,6.0,3723.98,
PT-9315,Brian Powers,2026-07-29,Cardiology,7.0,8077.78,
PT-3071,Renee Williams,2026-07-30,Pediatrics,18.0,7328.09,
PT-2495,Vincent Young,2026-03-04,Cardiology,14.0,"£2,049.01",
PT-8994,Mark Hanson,2025-04-16,Pediatrics,26.0,14143.96,
PT-7865,Becky Vaughan   ,2025-12-21,Pediatrics,6.0,12812.48,
PT-5759,Ronald Thomas,2025-02-05,Cardiology,11.0,,
PT-6448,Dawn Barton,2025-04-26,Oncology,16.0,10683.6,
PT-4278,Candace Andersen,2025-05-19,Cardiology,29.0,,
PT-6085,Mrs. Ruth Hubbard,2026-07-03,Cardiology,5.0,"£7,948.55",
PT-3186,Ricky Parker,2025-06-21,Oncology,25.0,8982.84,
PT-4903,David Hall,,Neurology,4.0,9176.78,
PT-7239,Brad Sweeney,2026-08-07,Neurology,,14945.67,
,Marvin Rangel,2025-12-12,Pediatrics,8.0,,
PT-5783,Nathaniel Cobb DDS,,   Pediatrics,3.0,5177.02,
PT-6336,Nathan Williams,2024-11-08,,,4099.39,
PT-2018,Deborah Sullivan,2025-08-16,Pediatrics,3.0,"£2,305.33",
PT-9288,Jeffrey Keith,2025-11-08,Pediatrics,26.0,12417.07,
PT-4584,Ryan Garrett,2025-08-26,Neurology,12.0,"£14,647.43",
PT-9067,Patricia Gill,2025-01-25,Neurology,3.0,"$12,392.50",
PT-5243,Gordon Carter   ,2025-06-08,Pediatrics,30.0,12110.44,
PT-1240,Mary Cook,,   Oncology,1.0,1471.25,
PT-3460,James Hall,2025-10-30,Pediatrics,1.0,"$8,955.64",
PT-7718,Jonathan Nunez,2025-10-16,Oncology,5.0,10108.15,
PT-1036,Ryan Coleman,2025-12-06,Pediatrics,29.0,1502.75,
PT-4958,James Strickland,2024-10-12,Cardiology,27.0,13928.77,
PT-2364,Thomas Barnett,2026-01-24,Neurology,16.0,6516.25,
PT-4337,Bethany Mcdaniel,2025-07-19,Neurology,24.0,4008.42,
PT-7246,Aaron Wood,2025-04-25,Pediatrics,7.0,1011.08,
PT-2097,Taylor Simmons,2025-12-23,Oncology,25.0,2984.4,
,Emily Webb   ,,Pediatrics,24.0,8056.39,
PT-4553,Alexander Peterson,2024-10-01,Oncology,28.0,,
PT-4038,   Rebecca White,2025-04-07,Cardiology,22.0,13353.65,
PT-7036,Timothy Johnston,,Pediatrics,17.0,"£8,337.28",
PT-8889,Jennifer Lopez,2026-08-18,Oncology,23.0,7266.1,
PT-4310,Lauren Miller,,Neurology,29.0,9701.77,
PT-8758,Cynthia Smith,2025-10-06,Neurology,5.0,5958.41,
PT-9790,William Sloan,,Pediatrics,24.0,10577.03,
PT-7482,Kristina Wallace,2025-06-17,Pediatrics,18.0,"£5,973.27",
PT-3900,Roy Garcia   ,2025-09-20,Neurology,4.0,11725.42,
PT-5656,   Ryan Valentine,2026-01-10,Pediatrics,26.0,11505.65,
PT-5958,Cynthia Davis DDS,2025-05-25,Oncology,27.0,"$14,413.55",
,Howard Hunter,2025-08-30,Oncology,20.0,10307.11,
PT-2418,Shannon Schmitt,2026-08-20,Oncology,21.0,"$5,208.46",
PT-8048,,2025-05-19,Neurology,23.0,6951.79,
PT-4958,Jocelyn Frazier,2025-01-06,Oncology,26.0,5598.14,
PT-7452,Shirley Robbins,2026-04-19,Pediatrics,21.0,2049.16,
PT-7022,Toni Oliver,2025-01-17,   Cardiology,10.0,9934.4,
PT-1147,Valerie Mcpherson,2025-05-22,Oncology,10.0,13541.29,
PT-7486,Joshua Lewis,2024-12-30,Pediatrics,1.0,5063.77,
PT-3047,Jennifer Hansen,2026-04-29,Oncology,17.0,13979.45,
PT-7363,Crystal Wilcox,2025-12-28,Oncology,13.0,7305.11,
PT-4729,Amanda Perez,2026-05-29,Neurology,7.0,1039.9,
PT-2513,Mark Murphy,2026-04-26,Neurology,9.0,"$8,527.45",
PT-9898,Steven Kelly,2025-07-28,Oncology,15.0,10040.25,
PT-7300,   Mark Marshall,2025-06-06,Neurology,1.0,6807.71,
PT-6073,Joseph Adams,2025-05-15,Oncology,23.0,"£6,345.09",
,Cristian Shaffer,,Oncology,26.0,4435.01,
PT-9062,Travis Gates,2026-06-22,Pediatrics,28.0,13703.77,
PT-2099,Michael Escobar,2026-04-19,Oncology,11.0,1765.84,
PT-5492,Andrew Villanueva,2026-06-18,Cardiology,14.0,11596.93,
PT-7954,Kathryn Reed,2024-09-27,Cardiology,25.0,9872.78,
PT-7035,Christy Henry,2026-07-11,Neurology,2.0,1214.28,
PT-5317,Deborah Davis,2026-01-26,Cardiology,9.0,"£1,304.42",
PT-8151,   Jose Jones,,   Pediatrics,10.0,1581.41,
PT-1863,Brittney Sullivan,2026-07-14,   Pediatrics,25.0,12564.39,
PT-8150,Felicia Ray,2025-07-02,Oncology,7.0,14737.82,
PT-3444,Michael Sullivan,,,23.0,7061.27,
PT-3016,Larry Franco,,Pediatrics,13.0,4519.88,
PT-3064,Ashley Ward,2025-10-24,Neurology,30.0,6126.09,
PT-7181,Gregory Bullock   ,2024-12-30,Pediatrics,10.0,,
PT-7759,,2025-09-03,,20.0,4114.6,
PT-9982,Keith Herring,2025-07-09,Pediatrics,30.0,11047.29,
PT-5669,Natasha Horn,2026-06-08,Pediatrics,13.0,7818.59,
PT-5293,Scott Rose   ,,Oncology,,4307.47,
PT-6302,Marc Moore,2025-02-03,Cardiology,7.0,12355.12,
PT-5612,Sean Doyle,2026-02-23,Oncology,30.0,8760.86,
PT-6483,Marcia Williams,2025-12-29,Oncology,30.0,,
PT-1431,   Jeffrey Proctor,2025-05-28,Neurology,30.0,10757.42,
PT-7222,Ian Hammond,2024-09-20,Cardiology,3.0,"$3,262.08",
PT-4030,Zachary Brennan,2025-05-15,Pediatrics,30.0,9139.67,
PT-2607,Ashley Pratt,2024-10-18,Cardiology,7.0,14670.33,
PT-5743,Denise Mcdaniel   ,2025-12-14,   Oncology,29.0,4223.03,
PT-7757,   Amanda Mann,2024-12-22,Neurology,17.0,9373.49,
PT-8265,Mark Lopez,2025-06-11,Neurology,22.0,13619.85,
PT-6671,,2025-07-01,Pediatrics,1.0,11727.41,
PT-7059,Jonathan Gordon,2026-06-19,Pediatrics,2.0,12996.27,
PT-3066,   Casey Johnson,2024-09-30,Neurology,13.0,7232.85,
PT-9078,Danielle Douglas,2025-02-15,Oncology   ,10.0,5426.58,
PT-7309,Dustin Herrera,2026-07-15,Cardiology,8.0,8709.99,
PT-5327,Michael Garcia,2026-08-15,Neurology,5.0,,
PT-5911,Ronald Hart,2026-06-05,Pediatrics,17.0,9468.29,
PT-6880,Joseph Barry,2026-06-23,Neurology   ,13.0,9264.52,
PT-7881,Rebecca Morgan,2026-08-21,Pediatrics,16.0,957.23,
PT-1486,Amy Brown,2024-10-13,Oncology,15.0,"$11,176.37",
PT-8004,Tasha Parker,2025-06-19,Neurology,23.0,"$12,879.59",
PT-5240,,2025-07-27,Neurology,8.0,13329.51,
PT-2444,Chad West,2025-07-02,Cardiology,6.0,14894.87,
,Bradley Howell,2025-09-30,Cardiology,18.0,"$2,344.86",
PT-8522,John Smith,2026-05-17,Neurology,25.0,"$4,422.37",
PT-7705,Michelle Davis,2025-03-17,Oncology,9.0,7048.75,
,Wayne Doyle,2026-03-16,Oncology,12.0,2476.91,
PT-4404,Angela Anderson,2026-07-06,Oncology,12.0,11811.57,
,Larry Grant,2025-09-09,   Cardiology,20.0,"£2,931.80",
PT-7053,Joel Hunter,2025-05-07,Oncology,20.0,5095.48,
PT-4296,Lee Larson,2025-02-14,Neurology,15.0,1830.89,
PT-2733,Michele Taylor,2026-08-12,Cardiology,8.0,6066.03,
PT-9829,Carla Carroll,2026-02-12,   Pediatrics,25.0,3523.65,
PT-9857,Stephanie Solis,2025-03-03,Pediatrics   ,17.0,8934.28,
PT-5728,Daniel Silva,2025-12-21,   Cardiology,1.0,"£5,889.51",
PT-3297,Jonathan Curry   ,2025-08-07,Oncology,29.0,13474.1,
PT-1506,   Toni Combs,2026-05-31,Oncology   ,2.0,5395.94,
PT-6844,Jessica Collins   ,2025-02-03,Pediatrics,3.0,6097.02,
PT-2373,Sheena Gonzalez,2025-07-25,Neurology,6.0,9736.31,
PT-2779,Derek Garcia,2026-06-29,Oncology,27.0,2363.73,
PT-1106,Mary Williams,2025-12-03,Cardiology,1.0,12354.39,
PT-5770,Benjamin Brennan,2026-06-09,Oncology,6.0,"$6,181.96",
PT-7876,Christopher Pham,2026-08-11,Pediatrics,21.0,9602.85,
PT-4440,Roy Kelley,2024-10-10,Neurology,7.0,"£13,546.79",
PT-9197,Judith Austin,2025-07-17,Oncology,25.0,,
PT-6067,Erin Underwood,2024-10-27,Oncology   ,14.0,12861.95,
PT-2987,Tiffany Watts,2025-03-13,Pediatrics,2.0,10292.58,
PT-5047,   Michele Hawkins,2025-07-29,Oncology,6.0,"£4,764.08",
PT-8624,Jeffrey Pham,2025-03-10,Pediatrics,13.0,12328.62,
,Michael Robles,2025-09-30,Cardiology,4.0,3905.6,
PT-8113,Mark Thomas,2024-09-25,Pediatrics,5.0,14323.37,
PT-3379,Stacey Perez,2025-03-10,Cardiology   ,10.0,12950.76,
PT-9754,Michael Webb,2024-09-27,   Cardiology,5.0,£669.89,
PT-9132,Jeffrey Martinez,2025-01-30,Oncology,16.0,1100.76,
PT-6093,Sarah Miller,2026-08-10,Oncology,26.0,14245.08,
PT-2489,Heather Jones,2026-07-27,   Cardiology,29.0,9231.36,
PT-9142,Lauren Lewis,2026-01-03,Pediatrics   ,4.0,3979.99,
PT-5932,Regina Curry,2026-08-21,Pediatrics,22.0,14225.82,
PT-6129,Brian Lawson PhD,2024-09-15,Oncology,7.0,1691.5,
PT-5938,Kenneth Cooper,2024-09-17,Neurology,22.0,11497.82,
PT-1912,Kevin Williams,2026-02-07,Cardiology,5.0,2449.27,
PT-9656,Kathryn Wright,2025-12-29,,10.0,9523.84,
PT-5349,Christian Jarvis,2025-01-20,Neurology,16.0,8306.9,
PT-9963,Jasmine Long   ,2025-09-20,Oncology,4.0,12906.91,
PT-2087,Lisa Price,2025-06-29,Oncology,23.0,14602.09,
PT-4157,Amber Jackson,2025-03-02,Oncology,27.0,1354.17,
PT-6287,Tammy Cooley,2025-12-23,Neurology,16.0,1207.87,
PT-8712,Amanda Bell,2026-01-14,Cardiology,11.0,"£5,408.13",
PT-9589,Stephanie Rollins,2026-03-27,Cardiology,11.0,4371.81,
PT-3582,Michele Freeman,2025-04-16,Oncology,4.0,"$4,403.35",
PT-8473,Mark Cordova,2026-06-03,Cardiology,11.0,14977.17,
PT-3318,Bridget Barron,2025-05-25,Oncology,22.0,6716.42,
PT-7571,Alexander Grimes,2025-07-16,Cardiology,4.0,"£4,304.42",
PT-7123,Lisa Hughes,2025-05-07,Cardiology,25.0,7583.18,
PT-6249,Christopher Petty,2026-07-12,Neurology,4.0,1077.22,
PT-3328,Albert Hall,2026-09-02,Neurology,30.0,9062.3,
PT-8404,Jose Pittman,2025-12-02,Neurology,22.0,2974.08,
PT-5193,Gerald Edwards,2025-02-26,Pediatrics,19.0,11773.27,
PT-6053,Kimberly Rush,,Neurology,15.0,7418.37,
PT-9976,Brenda Cook DDS,2025-06-01,Neurology,11.0,5939.97,
PT-9313,Michael Benjamin,2026-05-08,Cardiology,1.0,11633.41,
PT-9396,Alexandra Wilson,2025-11-06,Oncology,1.0,2549.21,
PT-1837,Mark Rodriguez,2026-05-05,Neurology,30.0,"$7,733.14",
PT-5991,Bryan George   ,2025-02-17,,27.0,10180.67,
PT-6916,Wesley Wilkins,2026-07-27,Neurology,28.0,11990.94,
PT-8214,Amanda Roberts,2026-03-16,Neurology,28.0,4798.19,
PT-5312,   Lindsay Nichols,2024-11-28,Oncology,23.0,11038.86,
PT-4678,Keith Cochran,2025-05-31,Neurology,10.0,,
,Jimmy Hernandez,,Oncology,30.0,7592.87,
,Juan Ross,2024-09-28,Oncology,27.0,12820.52,
PT-6617,Sheila Bentley   ,2025-11-28,Oncology,21.0,4383.22,
PT-2154,Tina Torres,2025-12-13,Oncology,9.0,"$9,835.19",
PT-8692,Jeff Reyes,2025-07-12,Pediatrics,6.0,7826.84,
PT-8003,Charles Garcia,2026-03-23,Cardiology,13.0,6616.31,
PT-6283,Morgan Charles MD,2026-08-24,Pediatrics,23.0,10617.57,
PT-1032,Mary Medina,2025-09-02,Cardiology,10.0,"$9,125.17",
PT-7833,Cynthia Cain   ,2026-08-30,,29.0,"£6,695.75",
PT-5368,Eric Owens,2026-08-07,Neurology,21.0,6974.99,
PT-7924,Paul Williamson,2026-04-03,Pediatrics,19.0,758.94,
PT-2378,Melanie Torres,2026-02-19,   Cardiology,11.0,"$10,553.47",
PT-3594,Scott Leonard   ,2026-08-07,Pediatrics,14.0,3294.25,
PT-5038,Renee Hess,2026-08-03,Neurology,11.0,"$13,904.63",
PT-1508,Stephanie Garcia,2025-07-17,Oncology,8.0,14937.87,
PT-4802,Whitney Murillo,2026-06-18,Oncology,24.0,"£7,340.21",
PT-1799,Kristy Wallace,2025-05-14,Neurology,22.0,11743.2,
PT-6536,Hunter Martin,2024-10-09,Oncology,16.0,11576.05,
PT-6027,Daniel Morris,2025-11-11,Pediatrics,4.0,3029.66,
PT-2724,Samuel Lewis,2025-06-14,Cardiology,27.0,5755.21,
PT-2614,Morgan Fischer,,Neurology,27.0,14862.5,
PT-9855,Caitlin Griffin,2024-12-16,,6.0,9680.58,
PT-5279,Dr. Carrie Benton   ,2026-05-27,Pediatrics,15.0,9630.64,
PT-9490,,2025-05-09,Neurology,13.0,12916.35,
PT-3678,Lisa Jones,,,4.0,8912.19,
PT-4809,Erik Hayes,2025-09-13,Oncology,30.0,5875.52,
PT-4034,   Sally Vargas,2026-05-11,Neurology,4.0,5251.06,
PT-2710,Sharon Ware,2026-06-13,Pediatrics,10.0,14260.14,
PT-6473,Larry Hill,2025-03-02,Pediatrics,3.0,8558.78,
PT-8780,Janet Walker,2026-03-19,,7.0,11847.87,
PT-5548,Stacey Norman,2024-12-01,Pediatrics   ,7.0,11108.7,
PT-5588,   Alvin Oliver,,Oncology,29.0,7920.36,
PT-2537,Cheryl Jackson,2025-07-19,Neurology,29.0,13171.83,
PT-5714,Juan Simpson,2026-05-19,Pediatrics,29.0,10729.25,
PT-2206,Brian Davies,2025-01-30,Neurology   ,25.0,7383.81,
PT-8997,Scott Walter,2026-04-09,Cardiology,1.0,"$10,535.94",
PT-9001,Kathryn Mcconnell,2025-02-14,Cardiology,6.0,"£11,927.19",
,Jeff Webb,,Pediatrics,13.0,3782.6,
PT-2817,Willie Mcgee,2025-06-24,Cardiology,28.0,6821.53,
PT-6938,Mr. Michael West,2025-03-28,Neurology,29.0,11717.7,
PT-3209,   Donna Berry,2026-04-20,   Oncology,4.0,"$13,755.77",
PT-8868,Joshua Walker   ,2025-06-16,Cardiology   ,12.0,14801.78,
PT-3881,Leslie Blanchard,2025-10-27,Oncology,29.0,1760.39,
PT-1572,Sergio Harris,2026-01-28,Pediatrics,20.0,3653.63,
PT-5196,Miranda Acosta,2025-11-12,Neurology   ,16.0,8395.32,
PT-2471,Ashley Vega,2025-05-23,Oncology,22.0,14787.69,
PT-4968,Stephanie Miller,2025-01-21,Oncology,14.0,10443.2,
PT-6847,   Cory Duncan,2026-06-13,Pediatrics,27.0,13377.15,
PT-6451,Brian Graham,2026-02-25,Pediatrics,30.0,10801.95,
PT-5012,,2025-03-18,Pediatrics,24.0,9511.64,
PT-5266,Elizabeth Perez MD,2024-09-30,Neurology   ,8.0,"£12,472.98",
PT-5402,Robert Perkins,2025-11-08,Neurology,3.0,3412.79,
PT-4974,,2025-11-23,Neurology,23.0,11137.49,
PT-5201,Joseph Smith,2026-06-21,Oncology,8.0,1760.65,
PT-7623,Abigail Perez,2026-04-21,Oncology,9.0,1138.08,
PT-8804,Kristopher Collins,2025-01-19,Pediatrics,11.0,11645.6,
PT-8618,Meagan Cruz,2025-01-11,Cardiology,28.0,2102.05,
PT-3505,Joshua Garcia   ,2025-10-20,   Oncology,3.0,9698.14,
,Ronald Mayer,2025-09-30,Cardiology,,8707.13,
PT-7997,Nicolas Taylor,2024-10-22,Oncology,,"£8,164.85",
PT-6256,Sean Hubbard MD   ,2026-07-21,Cardiology,16.0,2637.53,
PT-6681,Luis Chandler,2025-12-01,Pediatrics,10.0,1669.34,
PT-6182,Andrew Thomas,2026-02-19,Cardiology,14.0,"£4,467.16",
PT-2183,Mackenzie Bradford,2025-10-16,Neurology,1.0,11367.33,
PT-4783,Melody Lynch,2025-02-04,Pediatrics,1.0,"£12,439.41",
PT-6141,Evan Young,2026-01-07,Pediatrics,6.0,"$10,124.50",
PT-9663,Dustin Curry,2025-03-04,Cardiology,22.0,2631.98,
PT-5529,Jennifer Doyle,2025-04-30,Oncology,6.0,3833.35,
PT-5297,James Cook,2024-09-30,   Pediatrics,9.0,"$4,328.91",
PT-6434,Natalie Hanson,2026-01-16,Neurology,22.0,7282.85,
PT-9044,Randy Vasquez,2026-01-07,Neurology,25.0,10627.18,
PT-6473,Kevin Parker,2025-01-30,Cardiology,23.0,,
PT-2029,Mr. Ronald Watson,2026-04-11,Cardiology   ,15.0,14019.24,
PT-4299,   Kyle Shepard,2025-05-05,Cardiology   ,20.0,1086.32,
PT-4271,Yolanda Montgomery,2026-01-09,Pediatrics,8.0,2475.15,
PT-5618,Andrew Berry,2026-06-11,Pediatrics,1.0,3703.84,
PT-2789,Joyce Graham,,Neurology,3.0,$696.88,
PT-7270,Michael Smith,2025-09-09,Neurology   ,15.0,"£14,027.73",
PT-1259,Jennifer Guerra,2025-06-14,Neurology,,11050.8,
PT-6123,Kyle Sanchez,2025-12-12,Cardiology,3.0,5149.6,
PT-1318,Todd Livingston,2026-07-05,Cardiology,24.0,9931.29,
PT-9950,Janice Mills,2026-09-06,Oncology,27.0,6837.52,
PT-4496,Jackie Hunt,2025-08-03,,3.0,"$8,976.05",
PT-3586,David Williams,2024-12-06,Cardiology,25.0,$668.71,
PT-4136,Angel Hays,2025-09-30,Oncology,18.0,6050.79,
PT-6091,Nicholas Brown,2025-10-02,   Neurology,25.0,7318.33,
PT-2960,Jonathan Duarte   ,2024-12-08,Oncology,17.0,3485.69,
PT-8719,   William Dixon,2025-05-28,   Pediatrics,1.0,3460.34,
PT-8353,Stephanie Diaz,,Oncology,29.0,5037.9,
PT-1334,Louis Brown,2026-03-21,Neurology,28.0,,
PT-9618,Robert Paul,2024-10-18,Neurology,27.0,14727.42,
PT-1151,Todd Palmer,2025-01-13,Oncology,5.0,844.83,
PT-3660,Megan Macdonald   ,2026-06-16,Cardiology,21.0,"$2,297.23",
PT-4417,,2025-04-05,Cardiology   ,28.0,4407.67,
PT-6670,Nicole Nguyen,2025-10-29,Oncology,24.0,1572.89,
PT-5534,Jason Perez,2026-08-27,Cardiology,13.0,1525.83,
PT-3095,Jennifer Li,,   Pediatrics,6.0,8907.4,
PT-7116,Robin Grant,2026-05-05,   Cardiology,1.0,1907.97,
PT-5199,David Moon,2025-09-28,Oncology   ,21.0,3217.87,
PT-2807,Adam Allen,2026-06-26,Neurology,7.0,"£14,565.11",
PT-2265,Tina Newman   ,2024-10-07,Pediatrics,1.0,,
PT-9409,Angel Porter,2026-02-19,Cardiology,4.0,7918.72,
PT-3265,Whitney Kelly,2026-07-15,Cardiology   ,12.0,12978.12,
PT-7425,Stanley Fuentes,2024-11-10,Cardiology,23.0,8671.27,
PT-7608,Jennifer Hall,2025-02-22,Cardiology,28.0,6834.46,
PT-6180,Adam Mitchell,2026-04-15,Oncology,29.0,7214.36,
PT-3783,Rhonda Schneider,2026-08-09,Cardiology,20.0,8838.3,
PT-1812,Destiny Bates,2024-10-01,Neurology,14.0,11730.63,
PT-7654,,,,20.0,6257.29,
,,2025-04-15,   Neurology,14.0,5175.51,
PT-5262,Angie Vega,2026-02-02,Pediatrics,13.0,2938.69,
,Courtney Russell   ,2025-08-11,Pediatrics,7.0,6494.59,
PT-6860,Belinda Smith,2026-06-25,Cardiology,24.0,9707.9,
PT-6581,James Dickson,2026-06-07,Oncology,14.0,8206.69,
PT-8360,Jeremy Castro,2026-07-20,   Neurology,27.0,"$4,551.70",
PT-5455,Donna Jimenez,2026-07-06,,,7176.65,
PT-6351,Darryl Daniel,2026-02-27,Pediatrics,30.0,5374.53,
PT-7002,Vincent Rios,2024-12-05,Cardiology,12.0,4761.87,
PT-4319,Lawrence Thomas   ,2026-03-19,,4.0,"£10,737.33",
PT-8566,Kyle Buckley,2025-04-02,Cardiology,6.0,14335.25,
PT-6235,Adam Pierce,2025-11-22,Pediatrics,4.0,10052.87,
PT-3650,Jessica Dunn,2026-08-31,Cardiology   ,21.0,14865.09,
PT-1084,Andrew Hamilton,2025-11-25,Cardiology,24.0,"$11,232.92",
PT-7040,Margaret Hunt,2026-06-08,Cardiology,7.0,9730.36,
PT-8601,Kelly Woods,2024-11-30,Oncology,29.0,11275.9,
,Allison Johnson,2025-06-28,Cardiology,28.0,2982.67,
PT-4609,Elizabeth Guerrero,2025-09-19,Pediatrics,,12482.36,
PT-2889,Laura Conrad,2025-01-28,Cardiology,17.0,"$10,010.43",
PT-8981,Tyler Flores,2025-10-07,Cardiology,22.0,"£2,757.07",
PT-1583,Brian Miller   ,2025-01-29,Cardiology,3.0,13134.1,
PT-7169,Robert Wise,2024-11-11,   Pediatrics,4.0,"$12,380.48",
PT-2252,,2024-09-22,Neurology,20.0,6430.7,
PT-5826,Sean Garcia,2025-10-31,Oncology,27.0,"$7,377.91",
PT-3097,Margaret Long,2025-05-26,Neurology,30.0,"£11,672.61",
PT-6895,Rachel Martinez,2024-11-24,Pediatrics,20.0,601.8,
PT-9209,Matthew Doyle,2024-11-14,Cardiology,12.0,13189.75,
PT-3692,Joshua Lawrence,2026-08-14,Pediatrics,8.0,1164.77,
PT-9676,Jane Sheppard,2026-05-26,Neurology,11.0,8684.47,
PT-5802,Hannah Fletcher,2026-06-12,Oncology,14.0,11284.18,
PT-9978,Corey Cox,2026-06-13,Neurology,20.0,"£6,053.70",
PT-1706,Robert Miller,2026-02-19,Cardiology,15.0,"£7,832.48",
PT-8587,David Watson,2026-09-06,Neurology,12.0,"£14,372.12",
PT-3257,Mr. Steven Hernandez,2024-10-30,Cardiology,21.0,6552.88,
PT-4404,Sandra Romero,2026-03-16,Oncology,19.0,664.4,
PT-5552,Mia Marsh,2025-02-06,Neurology,26.0,9938.13,
PT-7730,Eric Smith,2026-04-30,Pediatrics,21.0,$824.72,
PT-4276,   April Bauer,2026-08-09,Cardiology,3.0,13971.07,
PT-8315,Jaime Silva,2024-11-20,Cardiology,3.0,,
PT-8944,Nicole Wheeler,2024-10-29,Oncology,12.0,4301.12,
PT-4300,Patricia Jennings,2026-08-27,Neurology,1.0,9506.99,
PT-4137,Lisa Wood,2026-07-12,Cardiology,7.0,"£10,685.66",
PT-1629,Donald Ferguson,2025-01-28,   Cardiology,26.0,,
PT-9925,   Alexis Robinson,2024-12-19,Neurology,30.0,3227.32,
PT-8196,Paul Castillo,2025-12-09,Oncology,1.0,13652.06,
PT-9425,Madison Moore,2026-07-06,Pediatrics,14.0,6625.9,
PT-8377,Jason Blackwell,2026-01-05,Cardiology,23.0,4753.08,
PT-3836,James Cook,2024-09-27,Oncology,24.0,13910.92,
PT-6363,Bryan Lee,2026-06-19,Oncology,,"$8,397.87",
,Danny Sanders DDS,2024-11-10,Pediatrics,16.0,5891.21,
PT-8130,Gary Skinner   ,2025-08-09,Neurology,17.0,6417.95,
PT-6245,,2024-10-04,Pediatrics,18.0,3848.86,
PT-8940,Angela Smith,2025-07-17,Pediatrics,3.0,,
PT-5990,Jacob Hancock MD,2026-06-08,Oncology,3.0,1463.85,
PT-1034,Sara Martin,2025-04-04,Neurology,22.0,8989.18,
PT-3693,Nicole Hansen,2026-04-03,Neurology,13.0,"£12,048.16",
PT-8427,Emily Henderson,2025-07-29,Oncology,19.0,9198.66,
PT-7117,Cheryl Abbott,2026-08-27,Neurology,18.0,1788.07,
,Bradley Elliott,2026-02-15,Oncology,5.0,,
PT-4832,Brenda Garcia,2026-03-16,Oncology,8.0,769.72,
,Regina Caldwell,2025-04-13,   Oncology,,12614.57,
PT-6582,Taylor Simmons,2025-08-17,Cardiology,10.0,,
,Brenda Floyd,2025-11-19,Neurology,28.0,,
PT-5882,Zachary Medina,2025-07-26,Cardiology,18.0,"£2,439.34",
PT-8333,Angela Campbell,2026-08-15,Cardiology,20.0,8428.44,
PT-4003,Jeffrey Rivera,2026-04-05,Oncology,28.0,6657.24,
,Jennifer Patterson,2026-04-05,Oncology,10.0,14152.59,
PT-4596,Crystal Hensley,2025-08-22,Oncology,2.0,,
PT-6766,   Virginia Ryan,2026-04-30,Neurology   ,4.0,"£9,228.37",
PT-9598,   Rachel Ruiz,2024-11-09,,20.0,7467.14,
PT-8049,Megan Diaz,2026-08-24,   Cardiology,18.0,8808.71,
PT-3061,Angela Sanford,2026-04-03,Neurology,7.0,11859.19,
PT-2364,Kurt Walker,2024-09-30,Pediatrics,1.0,3096.23,
PT-3089,Robert Smith,2025-10-30,,18.0,14316.65,
PT-4562,Tyler Caldwell,2025-04-05,Oncology,11.0,12935.59,
PT-3222,   Danielle Sweeney,2025-07-20,Oncology,20.0,,
PT-9548,Jose Howard,2025-07-13,Neurology,27.0,"£14,533.18",
PT-2444,Kari Smith,2025-06-01,Pediatrics,7.0,9812.21,
PT-1470,Dr. Molly Taylor,2026-03-13,Pediatrics,19.0,14219.29,
PT-7101,Robert Myers,2024-11-27,Pediatrics,29.0,3945.61,
PT-8428,Kenneth Clarke,2025-06-12,Pediatrics,9.0,7809.57,
PT-7702,Kelsey Meyer,2026-07-17,Pediatrics,20.0,7643.11,
PT-3792,Nicole Haney,2025-06-11,Oncology,20.0,10476.13,
PT-1692,Tracey Burke,2025-07-22,Pediatrics,24.0,5025.92,
PT-2677,Robert Jackson,2024-12-10,,21.0,12696.12,
PT-5526,Brian Rodriguez,2026-02-26,Cardiology,15.0,10494.94,
PT-3872,Justin Kline,2025-03-05,Oncology,4.0,"£9,740.74",
PT-3337,Melanie Reeves,2026-09-04,Cardiology,11.0,"£5,711.74",
PT-6287,Jon Best,2026-01-19,Pediatrics,3.0,5058.73,
PT-1541,James Gonzalez,2026-06-16,Oncology,18.0,12146.56,
PT-6612,William Miller,2025-09-20,Pediatrics,22.0,13418.94,
PT-6459,Derek Petersen,2025-02-17,Oncology,18.0,2759.78,
PT-2733,Katherine Jackson,2024-09-13,Neurology,5.0,"£4,893.43",
PT-3539,Michael Benton,2026-04-01,Cardiology,25.0,"£2,074.12",
PT-7686,   Marilyn Scott,,Pediatrics   ,16.0,4885.73,
PT-3309,Megan Lucas,2026-04-10,Neurology,15.0,"£13,945.18",
PT-3784,Samuel Osborne,2026-09-07,Pediatrics,27.0,4870.05,
PT-9150,Joshua Hodge,2025-02-06,Cardiology,18.0,9449.46,
PT-4114,Maria Lopez,2024-10-13,Neurology,30.0,1080.78,
PT-1514,Zachary Smith,2025-08-20,Oncology,21.0,2012.62,
PT-6067,Pam Wallace,2025-07-02,Pediatrics,24.0,10904.36,
PT-1278,Joshua Berry,2026-07-11,Oncology,12.0,7937.63,
PT-4656,,2024-10-11,Neurology   ,6.0,13385.79,
PT-8996,Timothy Hughes,2025-09-15,Cardiology,7.0,"$5,986.16",
PT-2717,Amanda Harris,2025-06-13,   Oncology,12.0,5866.23,
PT-4550,Douglas Johnson PhD,2024-10-21,Neurology,23.0,"£5,979.60",
PT-2537,Victoria Robertson,2025-07-06,Pediatrics,30.0,,
PT-9973,Richard Morales   ,2025-09-25,Cardiology,22.0,"£3,495.20",
PT-2066,Howard Keller,2026-02-12,Pediatrics,6.0,3160.48,
PT-5911,Emily Raymond,2026-05-03,Oncology,26.0,12060.61,
PT-5406,Xavier Becker   ,2026-08-23,Cardiology,11.0,8018.41,
,Marissa Kelly,2025-03-16,Cardiology,,9762.63,
PT-5586,Richard Phillips,2025-01-08,Pediatrics,1.0,5592.27,
PT-6413,Brett Lawrence,2026-02-09,   Oncology,29.0,2830.54,
PT-1517,Alison Lee,2025-10-08,Oncology,22.0,1334.79,
PT-7609,Donald Hudson   ,2025-11-10,Oncology,21.0,2613.55,
PT-1961,Laura Obrien,2024-11-08,Cardiology,1.0,840.78,
PT-4704,,2026-02-18,Cardiology,29.0,12591.96,
PT-7810,Michael Moore,2026-06-09,Oncology,13.0,8927.58,
PT-8981,   Adriana Frederick,2026-04-21,Pediatrics,3.0,1015.54,
PT-6179,Danielle Mckay,2025-05-30,Oncology,25.0,"$6,541.95",
PT-3149,,,Neurology,13.0,3559.2,
PT-7038,Sarah Sanchez,2025-03-20,Cardiology,22.0,"$13,629.15",
PT-3929,James Simpson,2025-09-29,Pediatrics,7.0,12988.36,
PT-3789,Kevin Webb   ,2025-08-28,Oncology,20.0,2185.45,
PT-5458,Natalie Cortez,,Oncology,27.0,"£5,870.37",
PT-8051,Emily Frost,2024-11-14,Oncology,4.0,11784.04,
PT-8905,Alyssa Bell,2025-07-16,Cardiology,29.0,"£5,535.70",
PT-3507,Shawna Thomas,2026-03-20,Oncology   ,6.0,611.35,
PT-1246,Carolyn Taylor,2026-04-14,Oncology,15.0,,
PT-3726,,2026-01-13,Cardiology,29.0,3830.59,
PT-5731,Billy Gallagher,2025-11-20,Oncology,11.0,8741.13,
PT-9266,Alan Dean,2024-12-28,Neurology,27.0,9098.6,
PT-6072,Peter Krause,2025-09-24,Neurology,17.0,3653.66,
PT-1329,Casey Stevens,2025-02-23,Pediatrics,2.0,8920.33,
PT-2864,Steven Patel,2026-03-03,Neurology   ,29.0,"£12,984.26",
PT-9329,,2024-09-18,Neurology,,5651.35,
PT-7510,Zachary Gray,2026-07-15,Pediatrics,16.0,2005.16,
PT-9862,   Jennifer Castro,2024-10-13,Pediatrics   ,19.0,"$11,808.65",
PT-5952,Toni White,2026-03-27,Oncology,,11851.3,
PT-1089,Christine Kennedy,2026-02-01,Cardiology,4.0,6538.29,
PT-5288,,2025-01-07,   Cardiology,,14978.75,
PT-3095,Lisa Green,2025-04-02,Pediatrics,15.0,11087.39,
PT-6376,Jacob Mueller,2025-05-30,Cardiology,,12523.6,
PT-4132,Shelby Smith,2025-07-30,Cardiology   ,17.0,8953.2,
PT-8402,Emma Fleming,2024-12-29,Cardiology,23.0,"£9,367.51",
PT-5381,,2024-10-05,Oncology   ,23.0,2823.93,
PT-1249,Veronica Hayes,2026-07-17,Oncology,20.0,13246.99,
PT-1459,Brandon Werner,2025-03-03,Neurology,1.0,5785.2,
PT-3413,James Rios,2026-03-31,Neurology,3.0,1104.03,
PT-1606,Austin Keller,,Cardiology,30.0,9014.24,
PT-6766,Crystal Rose,2025-06-02,Pediatrics,7.0,6041.64,
PT-1693,Amber Williams,2025-05-15,Cardiology,10.0,11831.22,
PT-8542,Thomas Moran,2024-12-07,Oncology,30.0,12604.21,
PT-1722,Kenneth Hughes,2026-07-24,Oncology   ,22.0,7067.75,
PT-8709,Jeffrey Holland,2026-01-25,Oncology,3.0,11686.86,
PT-4377,Brian Jones,,Cardiology,23.0,9817.47,
PT-5146,,2025-05-08,Cardiology,18.0,8913.06,
PT-9057,Paul Schaefer,2026-07-19,Oncology,24.0,3687.15,
PT-9540,Debra Marsh,2025-06-22,Oncology,13.0,14623.4,
PT-7966,Katrina English,,Oncology,2.0,12515.11,
PT-8769,Glenn Garcia,2024-09-24,Neurology,27.0,11589.32,
PT-5894,,2025-05-20,Pediatrics,12.0,812.77,
PT-2877,Mrs. Tina Price,2025-06-07,   Cardiology,13.0,13604.73,
PT-9718,Antonio Adkins,2025-01-13,,7.0,"$10,655.28",
PT-7328,Lee Benjamin,2025-09-26,Oncology,18.0,4862.48,
PT-2144,Felicia Bush,2025-07-29,,22.0,2353.26,
,Lorraine Orozco,2025-07-15,Cardiology,28.0,,
PT-5507,Patricia Bowen,2026-07-18,Cardiology,2.0,6613.31,
PT-8755,Adam Smith,2024-12-31,Pediatrics,20.0,"$9,803.88",
PT-8366,Scott Edwards,2026-08-10,Oncology,28.0,,
PT-7233,Adam Lee,2024-10-20,Pediatrics,5.0,3349.64,
PT-3190,Joseph Martinez,2026-04-17,Oncology,29.0,"$14,274.65",
PT-1367,Deanna Moore,2024-12-16,Pediatrics,26.0,5684.06,
PT-9702,Gregory Davis,2025-05-30,   Oncology,12.0,2943.7,
PT-5381,   Rodney Hancock,2025-05-13,Neurology,14.0,3631.0,
PT-1859,Dustin Jackson,2025-10-16,Cardiology,12.0,10050.03,
PT-9875,Andrea Black,2025-04-27,Cardiology,30.0,6118.15,
PT-6523,Michelle Harris,2025-02-10,Oncology,7.0,"£11,237.24",
PT-5071,   Dana Jordan,,Cardiology,4.0,10521.03,
PT-5006,Misty Knight,2025-08-13,Oncology,2.0,12605.17,
PT-4888,David Murphy,2026-01-24,Neurology,24.0,11623.44,
PT-6660,Robin Jones,2025-12-31,   Pediatrics,,"$4,176.03",
PT-1069,Kristen Hanson,2026-02-05,Cardiology,25.0,9531.52,
PT-6911,Shane Powers,2025-07-02,Neurology,26.0,3210.84,
PT-4460,Sara Huffman,2026-01-04,Pediatrics,4.0,"£12,611.49",
PT-5353,Nicholas Clark,2026-06-20,Pediatrics,15.0,8131.04,
PT-4717,Regina Ruiz,2026-06-26,Cardiology,20.0,8317.85,
PT-3661,   Rachel Baker,2025-08-26,   Neurology,28.0,"$2,654.94",
PT-7724,Dawn Villegas,2026-02-18,Cardiology,3.0,4531.05,
PT-4881,   Eddie Sanchez,2025-05-13,Oncology,30.0,"£6,346.04",
PT-5359,   Linda Payne,2024-10-28,Pediatrics   ,18.0,11663.55,
PT-7017,Jill Lowe,2025-06-13,Oncology,13.0,"$4,770.85",
PT-3140,Robert Flores,2026-07-12,,6.0,1274.82,
PT-3826,Natalie Hansen,2024-12-27,Cardiology,5.0,,
PT-2309,Jonathan Warner   ,2025-07-16,Neurology,17.0,4389.12,
PT-2277,Kathleen Gonzalez,2025-11-13,   Neurology,22.0,4327.36,
PT-8918,Peter Carter,2024-10-29,Cardiology,22.0,8465.35,
PT-7129,Vanessa Sanchez,2025-03-03,Oncology,21.0,7136.34,
PT-5757,Jamie Reese   ,2025-12-25,Neurology,23.0,6776.51,
PT-4140,Deborah Gomez,2026-07-25,Neurology,7.0,12755.39,
,Daisy Curtis,2024-11-30,Cardiology,9.0,6351.84,
,Timothy Malone,2026-03-22,Neurology,5.0,13011.36,
PT-5324,Jamie Wheeler,2025-07-10,Pediatrics,22.0,14081.36,
PT-8042,Angelica Hunt,2026-04-14,Cardiology,,1118.5,
PT-2657,William Gonzalez MD,2026-07-09,Pediatrics,13.0,1071.02,
PT-5785,Richard Gordon,2025-07-29,Oncology,3.0,"£5,830.71",
PT-6184,Frederick Walker,2026-04-15,,15.0,6810.05,
PT-2516,Ashley Greene,2026-03-16,Cardiology,16.0,14948.34,
PT-3657,Brian Smith,2025-08-02,Oncology,23.0,6500.05,
PT-1001,   Linda Frazier,2025-08-18,Pediatrics,27.0,,
PT-9834,Robert Madden,2025-09-19,Pediatrics,2.0,10551.54,
PT-4478,   Laura Weiss,2025-12-01,Oncology,4.0,"$12,836.83",
PT-6850,Matthew Hendricks,2024-09-24,Cardiology,15.0,1306.67,
PT-7359,Jonathan Hamilton,2024-10-01,Cardiology,26.0,"$11,656.85",
PT-1442,Diamond Kelly,2026-05-13,,7.0,546.22,
PT-6977,Patrick Hodges,2026-04-08,   Cardiology,3.0,"£12,242.72",
PT-4440,Vanessa Pham,2025-12-17,Neurology,11.0,3245.43,
PT-7063,Devin Haney,2025-11-28,Oncology,2.0,10894.29,
PT-5376,Crystal Newton,2026-03-23,Oncology,30.0,9163.76,
PT-8220,Mark Sandoval,2025-01-13,Cardiology,21.0,1417.35,
PT-6664,Julie Vincent,2026-07-08,Neurology,27.0,13255.08,
PT-7768,Connie Lee,2026-09-04,Pediatrics,22.0,9561.4,
PT-1709,Peter Anderson,2025-02-06,Pediatrics,25.0,2046.93,
PT-3257,Amy Prince,,Oncology,3.0,4621.09,
PT-8622,   Daniel Hanson,2026-04-26,Pediatrics,15.0,14036.0,
PT-6106,Emily Anderson,,Oncology,8.0,9475.3,
,Stacey Stephenson,,Pediatrics,22.0,"$8,202.47",
PT-9069,Amanda Bowman,2025-05-03,Oncology,22.0,8012.46,
PT-8882,Megan Reynolds,2026-02-11,Cardiology,7.0,8644.96,
PT-4221,Kevin Smith,2026-06-30,Pediatrics,22.0,12360.33,
PT-6521,Jordan Riley,2025-03-30,Oncology,27.0,5023.45,
PT-1121,Jonathan Bailey,2025-02-14,   Cardiology,26.0,13806.97,
,Ashley Delacruz,2024-12-04,Pediatrics,28.0,12553.14,
PT-8395,Christian Cantrell,2024-12-29,Oncology,,3375.48,
PT-2373,Anna Miller,2026-08-10,Pediatrics,4.0,1334.9,
PT-9771,John Ramirez DDS,2025-09-07,Pediatrics   ,22.0,8597.15,
PT-1848,Monique Allen   ,2026-06-03,Oncology,29.0,7525.57,
PT-7141,Robin Shepherd,2025-06-22,Neurology,,10901.06,
PT-3069,Mathew Dawson,2025-02-27,Oncology,5.0,"£2,275.81",
PT-5474,Charles Mata,2026-03-20,Neurology,10.0,3773.61,
PT-3667,Charles Chan,2025-08-11,   Pediatrics,24.0,8271.17,
PT-9446,Larry Williams,2026-09-01,Oncology,12.0,"$1,724.75",
PT-6621,Zachary Woods,2026-03-28,Pediatrics,14.0,"$13,992.00",
PT-6270,Brian Hancock,2025-01-01,Pediatrics,7.0,3960.49,
PT-7810,Justin Myers   ,2025-10-12,Neurology,6.0,"£9,077.22",
PT-7923,Raymond Crane,2025-04-27,Oncology,5.0,3397.45,
PT-1030,Jose Smith,2025-03-17,Neurology,8.0,6286.16,
,Hunter Berry,2025-01-20,Oncology,9.0,"£5,552.95",
PT-3889,Cheryl Sanchez   ,2025-02-25,Oncology,4.0,2410.83,
PT-9226,Linda Pugh,2026-05-06,Pediatrics,12.0,10676.84,
PT-6627,Thomas Gonzales,2026-05-22,Oncology   ,17.0,1568.19,
PT-1845,Cassandra White,2025-02-22,Oncology,25.0,10418.86,
PT-3803,Kristen Coleman,2025-10-18,Neurology,23.0,2464.89,
PT-4984,Thomas Tran,2026-02-16,Oncology,2.0,10453.43,
PT-6696,Kimberly Black,2026-06-23,Cardiology,15.0,5090.41,
PT-7898,Kenneth Duke,2026-02-22,Oncology,29.0,4735.5,
PT-8928,   Carla Wilson,2026-02-05,Neurology,23.0,2553.48,
PT-7143,Michael Black,2025-12-19,Oncology,11.0,13913.81,
PT-4154,Molly Webster,2025-10-17,Neurology,10.0,13036.12,
PT-9678,Katrina Goodwin   ,2025-02-23,Neurology,13.0,9667.27,
PT-8396,Matthew Oliver III,2024-12-23,Neurology,3.0,,
PT-4942,Bianca Taylor,2024-11-10,Oncology,23.0,5996.0,
PT-1853,David Yang,,Cardiology,7.0,"$3,107.81",
PT-5811,Sara Stokes,2025-12-08,Oncology,3.0,"£11,865.97",
PT-5268,,2025-08-27,Pediatrics,29.0,11188.15,
PT-4963,Jeffrey Baker,2026-04-10,Neurology,28.0,"£14,679.45",
PT-7301,Courtney James,2025-07-21,Neurology,11.0,11959.68,
PT-4105,Ryan Shaw,,Pediatrics,23.0,8665.3,
PT-5482,   Mrs. Terry Koch,2026-07-31,Neurology,15.0,7499.98,
PT-9476,Kevin Berger,,,11.0,"$9,032.49",
PT-3460,Adam Ortega,2025-03-13,Oncology,24.0,9182.03,
PT-4117,Carolyn Conner,2024-12-15,Neurology,9.0,9684.45,
PT-8443,Joel Morse,2026-07-26,Neurology,22.0,"$12,378.39",
PT-7551,Virginia Johnson   ,2025-07-31,Pediatrics,12.0,8649.53,
PT-1572,Brian Franco,2025-02-16,Oncology,21.0,2826.2,
,Latasha Leonard,2026-02-19,Cardiology,22.0,4691.96,
PT-5673,Sherri Rodriguez,2026-06-25,Cardiology,8.0,12977.77,
PT-2602,Richard Dixon,2025-01-23,Cardiology,14.0,5649.33,
PT-2133,Kathryn Bruce,2025-12-23,Pediatrics,16.0,12049.73,
PT-6629,Marvin Patel,2025-05-25,Pediatrics,27.0,"£9,353.69",
PT-1647,Monique Brown,2025-11-29,Cardiology,21.0,"$13,044.87",
,Sheena Lowe,2026-03-10,Pediatrics,28.0,3987.4,
PT-5071,Cory Miller,2026-03-14,Neurology,10.0,3529.76,
PT-3552,Ashley Foster,2026-03-23,Oncology,17.0,5977.31,
PT-3665,Christopher Gibson,2025-12-18,Oncology,27.0,8003.87,
PT-5198,Christopher Hall,2026-05-08,Oncology,15.0,12615.91,
PT-3717,   Kimberly Rodriguez,2026-08-21,Oncology,14.0,14069.08,
PT-7883,Richard Henderson,2025-07-27,Cardiology   ,13.0,9664.71,
PT-9910,Wesley Davis,2025-04-25,,19.0,"$12,907.61",
PT-3657,Victoria Houston,2024-10-29,Cardiology,17.0,11125.79,
PT-2519,Rebecca Rodriguez,2025-04-29,Oncology,30.0,2883.98,
PT-8632,   Daniel Cain,2026-01-08,Pediatrics,28.0,6306.86,
PT-7936,Larry Terrell,2026-02-20,Oncology,10.0,13803.93,
PT-2284,Mitchell Trevino,2025-06-22,Neurology,22.0,2995.06,
PT-9453,Carla Davidson   ,2024-10-31,Oncology,10.0,8255.24,
PT-2444,Kimberly Norris,2026-03-09,Oncology,15.0,750.12,
PT-6743,Shannon Gibson,2024-12-03,Pediatrics,24.0,11420.28,
PT-1704,Nancy Rodriguez,2025-04-06,Cardiology,,"$10,059.26",
,Jill Santos,2025-12-06,Oncology,18.0,6155.11,
PT-4143,,2024-09-11,Oncology,24.0,3405.53,
PT-9906,William Hall,2025-01-01,Pediatrics,7.0,14763.59,
PT-1384,Jonathan Wilson,2025-03-16,Cardiology,5.0,2512.25,
PT-2181,Edwin Johns,2025-02-19,Oncology,21.0,2078.37,
PT-7925,Keith Bird,2025-01-18,Neurology,,7417.38,
PT-4682,Edward Wilson,2026-02-08,Cardiology,2.0,9747.5,
PT-9287,Christine Thomas,2025-01-16,Oncology,7.0,12896.61,
PT-6943,Andrew Oliver,2025-01-12,   Oncology,21.0,12109.02,
PT-8377,Kimberly Davis,2025-09-23,Oncology,13.0,"$13,962.63",
PT-2695,Henry Marquez,2025-11-01,,28.0,4962.53,
PT-5455,,2025-03-03,Oncology,10.0,10459.96,
PT-4054,Eric Gonzalez   ,2025-07-04,   Neurology,6.0,1265.26,
PT-2638,Nicholas Garcia,2024-11-08,Neurology,9.0,14615.26,
PT-1401,Cory Small,2025-11-15,Neurology,7.0,"£13,311.87",
PT-3442,   Caroline Frey,,Pediatrics,7.0,13168.94,
PT-4836,Mr. Dylan Miller,2026-05-30,Oncology,21.0,7382.16,
PT-6496,Kimberly Gonzales,2025-05-13,Cardiology,2.0,5575.36,
PT-6586,Terri Long,2026-08-17,Pediatrics,5.0,"£9,815.60",
PT-5103,John Weaver,2024-10-05,Cardiology,26.0,4713.49,
PT-7305,James Williams,2025-09-15,Oncology,30.0,1132.2,
PT-2418,Heather Wade,,Neurology,17.0,2045.57,
PT-8228,Shane Huffman,2026-07-31,Cardiology,9.0,"$11,585.53",
PT-4009,,2025-03-29,Cardiology,8.0,"£3,126.77",
PT-7460,Felicia Monroe,2025-12-16,Neurology,23.0,"£1,812.03",
PT-8434,,2026-01-31,   Neurology,1.0,7494.74,
PT-9590,James Boyd,2026-01-23,,28.0,2688.96,
PT-2221,Maria Brewer,2025-01-17,Cardiology,24.0,,
PT-1071,Seth Dyer,2025-09-11,Cardiology,29.0,14237.21,
PT-2953,Katherine Boone,2025-07-28,   Oncology,16.0,11169.08,
PT-5198,Stephanie Gonzales,2026-09-06,Neurology,2.0,1230.27,
PT-8431,,2025-04-18,Cardiology,6.0,9447.71,
,Alexandra Guerra,,Pediatrics,30.0,14634.59,
PT-3279,Jerome Tucker,2024-10-16,Pediatrics,22.0,9948.77,
PT-3621,Mr. Shannon Freeman,2025-05-16,Cardiology,22.0,1589.37,
PT-8120,Jennifer Rose,2025-11-08,Pediatrics,19.0,12466.02,
PT-5659,Michele Lopez,2026-01-30,Oncology,3.0,3131.42,
PT-3148,Bryan Carr,2024-12-28,Cardiology,19.0,14761.3,
PT-1739,Mr. Jacob Wood,2025-09-15,Pediatrics,23.0,3755.31,
PT-8444,Kara Barry,2026-01-29,Cardiology,27.0,4879.03,
PT-3019,Desiree Lee,2026-02-24,Neurology,22.0,9467.58,
PT-4706,Sarah Johnson,2026-08-09,   Pediatrics,16.0,12615.19,
PT-7010,Ms. Rachel Allen,2026-06-27,Oncology,17.0,5231.71,
PT-5366,Michelle Mclaughlin,2025-09-03,Pediatrics,23.0,8859.32,
PT-8361,Danielle King,2025-08-06,Pediatrics   ,28.0,14495.6,
PT-7862,Joseph Smith,2026-07-08,   Neurology,25.0,14067.29,
PT-6155,Karen Maldonado,2026-03-29,Cardiology,20.0,13627.35,
PT-8258,Joyce Jones,2024-09-11,Pediatrics,8.0,8864.39,
PT-6831,Ashley Norman   ,2025-11-09,Cardiology,11.0,8692.87,
PT-3333,Patrick Fields,2025-01-23,Oncology,15.0,,
PT-9911,Michael Barrett,2025-07-10,Pediatrics,12.0,5608.69,
PT-7075,Stephen Hodges,2025-07-06,Oncology,11.0,7710.22,
PT-7255,Ashley Wilson,2024-11-02,Oncology,6.0,"£3,109.38",
PT-7682,Michelle Harris,2026-04-13,Pediatrics   ,,1776.84,
PT-4012,John Burton,2026-04-05,   Neurology,9.0,"£8,579.99",
PT-6288,,2025-01-25,Oncology,8.0,11682.9,
PT-2546,,2025-05-29,Neurology,16.0,1613.37,
PT-7635,Adam Larson   ,2026-03-05,Pediatrics,30.0,14029.35,
PT-7276,Kelly Graves   ,2025-12-01,Oncology,12.0,10459.06,
PT-3370,Patricia Schwartz,,Pediatrics,9.0,,
PT-8667,Christina Taylor,2026-07-05,Neurology,20.0,4075.31,
PT-7818,Michael Powell,2026-02-22,Cardiology,9.0,13417.83,
PT-3542,Emily Wise,2026-08-31,Neurology,17.0,11264.45,
PT-6808,Kevin Pittman,2026-01-22,Cardiology,7.0,"$2,868.92",
PT-8618,Joshua Morales,2024-11-11,Oncology,7.0,1881.66,
PT-5903,Rebecca Becker,2025-07-26,Neurology   ,29.0,6966.15,
,Michael Skinner,2026-04-10,Cardiology   ,18.0,12630.24,
PT-3109,Sara Mitchell,2024-10-26,Oncology,3.0,6705.49,
PT-7250,Jennifer Marshall,2025-04-22,Neurology,3.0,6257.12,
PT-4644,Robert Curry,,Neurology,20.0,2887.25,
PT-6175,Kayla Wu,2025-11-07,Oncology,26.0,12040.08,
PT-6697,Christopher Taylor,2024-12-02,Neurology,19.0,12517.9,
PT-2553,,2026-01-10,Cardiology,29.0,7638.73,
PT-6727,Gary Hodge,2026-07-11,Neurology,16.0,1264.88,
PT-9363,Dennis Lee MD,2025-06-12,Neurology,30.0,11203.77,
PT-2223,Maria Velez,2024-10-04,Oncology,24.0,5793.93,
PT-2155,   Marcus Martinez,2026-05-05,Pediatrics,18.0,1505.58,
PT-5427,Thomas Faulkner,2025-11-11,Oncology,1.0,4759.89,
PT-7901,Kyle Harris   ,2025-04-11,Pediatrics,19.0,13310.13,
PT-2948,Kathy Smith,2026-03-29,Oncology,15.0,4085.01,
PT-8113,,2026-04-16,Oncology,28.0,2700.33,
,Jeffery Jackson,2024-11-04,   Oncology,28.0,8644.92,
PT-6042,Debra Stephens,2025-02-28,Neurology,,9140.27,
PT-1452,Joanna Carr,2026-05-22,Neurology,17.0,9766.82,
PT-7063,Maria Rodriguez,2025-09-02,Oncology,,11354.07,
PT-8794,Tammy Byrd,2024-12-29,Cardiology,19.0,8184.51,
PT-3027,Christina Bailey,2025-11-02,   Neurology,18.0,10087.02,
,Preston Davis,2024-10-15,Pediatrics   ,17.0,"£14,197.27",
PT-1142,Wendy Norman,2026-07-31,Cardiology,18.0,"£3,921.29",
PT-3179,Emily Wilkinson   ,2025-08-07,Pediatrics,2.0,,
PT-3682,Kevin Cruz,2025-03-20,Oncology,18.0,8677.6,
PT-8179,James Allen,2025-03-15,Oncology,30.0,4863.01,
PT-7844,Thomas Hughes,2026-05-16,Pediatrics,18.0,"$14,675.37",
PT-3472,Scott Howe,2025-09-15,Cardiology,29.0,13493.58,
PT-4804,Katherine Diaz,2025-01-30,Cardiology,1.0,"$8,815.04",
PT-2067,Joshua Cisneros   ,2025-04-11,Oncology,15.0,1370.71,
PT-5156,Brittany Mason,2025-07-11,Neurology,13.0,10836.01,
PT-7467,   Lonnie Nguyen,2024-10-22,   Cardiology,17.0,6973.89,
PT-9863,Jeffrey Duarte,2025-12-02,   Pediatrics,20.0,7339.29,
PT-8501,Gregory Bailey,2025-02-26,Neurology,3.0,"£12,475.37",
PT-6374,Lonnie Charles PhD,2025-05-20,Oncology,9.0,"£6,196.28",
PT-7399,Dennis Baker,2026-05-14,   Oncology,29.0,10559.05,
,Fred Miller,2025-05-16,Neurology,,12445.07,
PT-2698,   Austin Williams,2025-10-16,Neurology,12.0,11866.23,
PT-1273,Tiffany Miller,2025-01-09,Oncology,20.0,10284.96,
PT-1684,Susan Smith,2026-02-14,Cardiology,24.0,9122.51,
PT-9500,Jeffrey Crawford   ,2026-02-17,,,"$13,596.43",
PT-9461,Jared Pena,2024-10-14,Pediatrics,10.0,"£14,914.05",
PT-4511,Steven Spencer,2025-12-06,Cardiology,4.0,4559.55,
PT-3433,Elizabeth Wagner,2025-10-11,Neurology,20.0,12801.79,
PT-8245,William Richardson,2025-11-11,Neurology   ,3.0,,
PT-5151,Latoya Williams PhD,2026-07-29,Oncology,21.0,11756.43,
,Matthew Ayala,2025-12-28,Cardiology   ,,2160.16,
PT-4206,Lawrence Johnson   ,2026-06-28,Neurology,21.0,"$11,560.58",
PT-8419,Sandra Blake,2026-05-20,Neurology,22.0,12366.64,
PT-5707,Michael Madden,2025-09-20,Oncology,23.0,9455.0,
PT-5028,Eric Christensen,2026-07-11,Oncology,19.0,6226.13,
PT-9859,Pamela Ortiz,2025-06-27,Neurology,15.0,,
PT-1145,Mr. John Rose,2025-06-10,Neurology,12.0,7274.52,
PT-9326,Andrew Evans,2024-11-09,   Pediatrics,27.0,"£2,002.32",
PT-7995,Carl Williams,2025-04-27,Neurology,5.0,2038.17,
PT-9179,Michele Best,2024-12-13,Oncology,12.0,6649.51,
PT-5858,Marilyn Holmes,2026-04-15,Neurology,2.0,13246.92,
PT-8069,Amanda Brown,2026-04-11,Cardiology,6.0,12571.98,
PT-7917,Crystal Bradshaw,2025-08-15,Pediatrics,30.0,4444.91,
PT-9679,Michael Cox,2026-04-18,Pediatrics,15.0,"£11,800.20",
PT-9406,John Martinez,2024-09-30,Pediatrics,6.0,"£3,592.92",
PT-5419,,2026-08-01,Oncology,19.0,"£10,994.88",
PT-6102,Albert Howard,2024-12-19,,10.0,4478.66,
PT-1836,   Shawn Lewis,2026-04-26,Neurology,2.0,"$6,631.79",
PT-9974,Robert Mercado,2025-03-25,Pediatrics,13.0,11209.21,
PT-7133,Sara Patterson,2026-06-01,Neurology,14.0,10266.81,
PT-6798,Julie Reed,2025-04-06,Cardiology,11.0,6007.75,
PT-5122,,2025-07-04,Neurology,23.0,11249.32,
PT-5863,   Brent Ferrell,2025-02-07,Neurology,13.0,"£7,170.69",
PT-3525,Ashley Huerta,2025-12-11,Oncology,12.0,7416.3,
PT-9341,Clarence David,2025-07-24,Pediatrics,16.0,"$12,615.44",
PT-5656,Jennifer Martinez,2025-03-07,Neurology,8.0,8347.57,
PT-2511,Emily Fry,2025-07-03,Neurology,19.0,7418.22,
PT-3019,Joe Rogers,2024-09-21,Cardiology,14.0,,
PT-2156,Amy Hall,2025-09-04,Pediatrics,12.0,,
PT-4312,Beth Jimenez,2025-08-01,Pediatrics,5.0,13584.52,
PT-5590,Ricardo Munoz,2026-03-05,Cardiology   ,29.0,13382.44,
PT-1255,Justin Harvey,2024-12-19,Oncology,24.0,5068.43,
PT-2895,,2024-10-01,Pediatrics   ,5.0,7914.6,
PT-9269,James Harmon,2025-02-04,Neurology,9.0,12541.91,
PT-9582,Bethany Brown   ,2025-06-06,Pediatrics,3.0,4417.45,
PT-9733,William Johnson,2026-04-19,Cardiology,2.0,10244.46,
,Crystal Young   ,2025-09-23,   Neurology,16.0,"$10,048.29",
PT-5882,Amanda Espinoza,2024-11-21,Oncology,,"$6,914.21",
PT-2766,   Penny Perez,,Neurology,11.0,13598.11,
PT-4186,David Mason,2025-06-15,Pediatrics,10.0,"$6,073.89",
PT-3353,,,Neurology,8.0,9325.52,
PT-3392,   Joseph Leonard,2025-05-18,Cardiology,15.0,10189.02,
PT-2146,Beverly Nolan,2024-10-29,Pediatrics,7.0,,
PT-2702,Sergio Webb,2025-09-23,Oncology,27.0,,
PT-5554,Lori Raymond   ,2026-01-19,Oncology,1.0,"£14,173.91",
PT-4704,Jose Jones,2024-09-14,Cardiology   ,1.0,,
PT-8091,Joel Hernandez,2025-04-03,Cardiology   ,9.0,8603.57,
PT-3545,Jacob Mcbride,2025-09-15,Neurology,13.0,8514.48,
PT-5714,,2025-08-19,Neurology,13.0,8454.23,
PT-6683,Michael Mitchell,2025-12-27,Oncology,2.0,13574.24,
PT-1053,   Kathleen Johnson,2026-09-08,Neurology,28.0,6372.93,
PT-2258,Jacob Hill,2025-01-05,Oncology,17.0,,
PT-8383,Daniel Austin,2025-03-14,Oncology,5.0,5464.82,
PT-4749,Derek Simpson,2025-10-24,Cardiology,7.0,14576.94,
PT-5794,Aaron Estrada,2025-10-26,Pediatrics,20.0,4193.69,
PT-1809,Kathleen Hall,2026-08-10,,11.0,3464.94,
PT-6336,Cheryl Garcia,2025-10-24,Neurology,5.0,9080.73,
PT-6599,Mr. Jeffrey Cole,2025-05-07,Neurology,10.0,"$1,073.56",
PT-4309,John Alexander,2026-03-28,Pediatrics,9.0,6482.88,
PT-5500,Craig Washington,2025-01-28,Oncology,21.0,12678.65,
PT-5536,Jonathan Lopez,,Neurology   ,13.0,,
PT-8449,Mark Morales,2025-11-15,Oncology,15.0,"£9,099.20",
PT-8757,Christine Simon,2024-09-20,Oncology,27.0,,
PT-2292,Stephanie Roberts,2025-01-06,Pediatrics,21.0,1523.04,
PT-2194,Brandon Mills   ,2026-05-29,Oncology,20.0,£521.01,
PT-4763,Joshua Brown   ,2025-01-19,Oncology,,9959.8,
PT-4547,Roger Lloyd,2025-12-16,Oncology,13.0,,
PT-2239,Amy Lucero,,   Neurology,8.0,10469.94,
PT-7612,Jane Cummings,2026-07-27,Cardiology,12.0,12730.34,
PT-9349,Nicole Torres,2025-03-05,Pediatrics,16.0,3857.06,
PT-2384,Gary Wilson,2025-04-04,Cardiology,1.0,11283.3,
PT-2164,,,,2.0,"£4,633.05",
PT-5425,Tamara Thomas   ,2026-01-07,Cardiology,10.0,"£11,669.00",
,Jenny Gray,2025-05-22,Cardiology,17.0,563.93,
PT-7500,Lisa Yu,2026-06-26,Pediatrics,8.0,14516.38,
PT-4042,Michael Jackson,2025-04-27,Pediatrics   ,6.0,,
PT-1812,Cole Rivera,2024-10-12,Neurology,18.0,11752.24,
PT-3682,   Bradley Miller,2025-10-23,Pediatrics,28.0,"£1,649.78",
PT-1715,Adrian Bell,2025-03-23,Oncology,17.0,,
PT-2685,Jeffrey Moore,2026-04-01,Cardiology,14.0,8055.03,
PT-2356,Sara Harrington,2026-05-08,   Neurology,24.0,4480.97,
PT-8584,   Erin Lopez,2026-07-18,Pediatrics,29.0,12021.13,
PT-2409,Patrick Jones,2025-04-05,Neurology,6.0,13337.94,
PT-4282,Ronald Rice,2025-12-24,   Oncology,24.0,4988.14,
PT-6076,Denise Moore,2024-12-20,Pediatrics,16.0,9584.96,
PT-3043,Stephanie Ward,,Oncology,10.0,13979.1,
PT-9762,Sarah Wang,,Neurology,17.0,9861.47,
PT-8477,Veronica Brown   ,2026-01-19,,25.0,5414.54,
PT-7196,Kaitlyn Kirby,2025-08-24,Neurology,20.0,8894.47,
PT-3851,Amy Melendez,2025-05-14,Oncology,4.0,"$5,611.61",
PT-7258,Stacey Flores,2026-02-09,Neurology   ,19.0,2183.9,
PT-2005,James Johnson,,Pediatrics,15.0,12882.19,
PT-7841,Melanie Robinson,2024-09-26,Oncology,24.0,14309.25,
PT-7784,April Cruz,2026-04-17,Pediatrics,2.0,"£5,607.75",
PT-3987,Heather Long,2025-05-28,Neurology,10.0,12217.76,
PT-1163,Geoffrey Soto,2025-07-05,Pediatrics,24.0,5861.62,
PT-2523,Elizabeth Grant,2025-11-03,   Pediatrics,24.0,9076.39,
PT-4954,Beth Wood,2025-12-21,Oncology,24.0,11483.28,
PT-4675,Anthony Gibson,2025-10-18,Cardiology,15.0,,
PT-2401,Jonathan Garcia   ,2025-01-04,Pediatrics,8.0,"£7,936.12",
PT-9817,Amanda Butler,2026-03-12,Cardiology,13.0,"$6,749.34",
PT-8408,Emily Dillon,2025-10-05,Pediatrics,3.0,"£3,005.34",
PT-6663,Scott Allen,2025-05-18,Neurology,30.0,"£13,957.01",
PT-8332,Jerry Foster,2026-01-03,Pediatrics,22.0,6136.04,
PT-6766,Andre Hines,2025-08-04,Cardiology,9.0,8045.98,
PT-4685,David Rivera,2025-08-12,   Cardiology,11.0,10394.32,
PT-1535,Rhonda Gonzalez,2026-02-01,Pediatrics,19.0,10016.14,
PT-5174,Todd Thomas,2026-06-13,Cardiology,24.0,3218.01,
PT-5474,Sally Gonzalez,2025-11-15,Cardiology,17.0,12867.93,
PT-8646,Curtis Bell   ,2025-11-10,Oncology,24.0,4691.53,
PT-1024,   Katrina Wright,2025-12-28,Oncology   ,12.0,,
PT-8310,Lisa Harris,2026-07-05,Oncology,23.0,13790.25,
PT-9356,Kyle Castillo,2025-02-04,Neurology,26.0,"£4,201.14",
PT-3349,Mariah Chung,2026-05-06,Neurology,20.0,14419.36,
PT-5139,Michael Howard,2025-08-05,   Neurology,4.0,7752.97,
PT-1371,Tammy Mclean,2025-11-02,Oncology,15.0,7578.2,
PT-6745,Nicole Reid,2025-07-03,Oncology,30.0,4619.15,
PT-1019,John Ballard DVM,2025-10-12,Cardiology,24.0,"£2,276.88",
PT-6285,Krystal Chavez,2025-10-31,Neurology,9.0,14759.33,
PT-1726,Daniel Crawford,2026-02-20,   Pediatrics,29.0,14410.52,
PT-2548,Corey Jones MD,2026-07-01,Pediatrics,20.0,13096.44,
PT-8632,Adam Collins,2025-03-05,Pediatrics,28.0,14814.89,
PT-9000,Michele Steele,2025-04-18,Neurology,21.0,"£11,394.72",
PT-8121,Dean Harris,2024-09-26,Pediatrics   ,30.0,"$1,750.87",
PT-3884,Sara Lopez,2025-04-21,Pediatrics,26.0,8705.86,
PT-9410,Christina Miller,2024-09-16,   Cardiology,27.0,3346.69,
PT-1513,Kristopher Washington,2026-07-22,Neurology,,"$10,470.23",
PT-7069,Spencer Bailey,2026-03-01,Neurology,,"£2,294.09",
PT-2434,Kathryn Pierce,2025-04-29,   Oncology,30.0,14443.61,
PT-6215,Eric Fox,2024-11-06,Pediatrics,23.0,3576.3,
PT-6307,Dawn Blevins,2025-09-24,Oncology,23.0,7866.51,
PT-9186,Amanda Hoover,2024-10-02,Pediatrics,22.0,"£14,345.45",
PT-8526,Bonnie Coleman,2025-07-29,Pediatrics,11.0,6231.99,
PT-5190,Ashley Conner,2025-06-11,Cardiology,19.0,"$2,665.06",
PT-7235,Steven Vaughn,2025-07-27,Pediatrics,29.0,"£7,607.16",
PT-9101,Joshua Edwards,2026-06-04,Cardiology,13.0,"£4,079.91",
PT-7251,   Michael Schultz,2025-05-29,Neurology,8.0,13245.81,
PT-6943,Shelly Hunt,2024-12-28,Oncology,24.0,"$4,466.61",
PT-5007,Ronnie Schmidt,2025-09-13,Cardiology,15.0,2659.04,
PT-9097,   Douglas Martin,2026-07-02,Pediatrics,13.0,"$7,872.60",
PT-3791,Rebecca Cooley,2026-06-26,Neurology,4.0,5945.74,
PT-1572,David Allen   ,2025-05-12,,2.0,8641.1,
PT-3192,Jose Smith,,   Neurology,23.0,2577.82,
PT-5776,Scott Harris,2026-04-29,Cardiology,7.0,"£9,084.69",
PT-5037,Brittany Mosley,2026-01-28,Cardiology   ,1.0,5429.27,
PT-5518,Hunter Terry,2026-06-04,Oncology,6.0,"£9,087.75",
PT-1619,Brandy Rodriguez,2025-03-06,Oncology,6.0,6178.01,
PT-3602,Toni Hernandez,2025-09-24,Oncology,25.0,5765.08,
PT-7553,James Watson,2026-09-09,Cardiology,1.0,14713.51,
PT-8162,Corey Moore,2024-11-14,Neurology,28.0,,
,Lauren Johnson,2026-08-07,   Cardiology,9.0,"£14,669.65",
PT-4373,Shane Hudson,2026-08-05,Neurology,5.0,"£4,993.41",
PT-1857,Cynthia Anderson,2025-11-14,Pediatrics,,12162.42,
PT-4835,John Maynard,2024-09-24,Cardiology,7.0,1973.59,
PT-9729,Melissa Wilson,2026-06-14,Neurology,20.0,11448.21,
PT-8978,Morgan Dominguez,2025-01-14,Pediatrics,10.0,"£3,203.64",
PT-7779,Anthony Frost,,Pediatrics,18.0,4616.5,
PT-9305,Heather Johnson,2025-12-22,Neurology,22.0,11967.07,
PT-6326,   Shawn Oliver,2025-12-12,Neurology,8.0,14524.53,
PT-3641,   David Nguyen,2025-01-29,Neurology,14.0,"$1,755.95",
PT-3360,Mr. Michael Farmer,2026-01-19,Pediatrics,,"$8,951.10",
PT-4149,Kenneth Smith,2026-07-12,Pediatrics,3.0,672.62,
PT-2947,Austin Snyder,2024-11-14,Oncology,10.0,9434.74,
PT-2665,Andrew Thompson DDS,2026-03-18,Pediatrics,13.0,"£3,420.98",
PT-4037,James Davis,2025-10-20,Pediatrics,27.0,1913.07,
PT-8426,Danielle Vazquez,2026-08-26,Neurology,23.0,4926.96,
PT-8221,Madison Murphy   ,2024-10-31,Neurology,21.0,14881.31,
PT-5595,   David Coleman,2025-02-24,Pediatrics,1.0,6185.63,
PT-5556,Jennifer Patterson,2026-03-14,   Pediatrics,15.0,13640.12,
PT-6896,Emily Riley,2026-01-02,Neurology,8.0,11135.13,
PT-1489,Charles Jimenez   ,,Cardiology   ,14.0,5097.69,
PT-6786,Christina Jones,2024-09-28,Neurology,1.0,"$10,218.93",
PT-9330,   Daniel Rosales,2025-08-27,Oncology,10.0,9580.73,
PT-4877,Deborah Sandoval,2026-06-10,,2.0,14674.17,
PT-8761,   Jeremy Davis,2024-10-30,Cardiology,30.0,10278.2,
PT-3723,Elizabeth Mccarthy,2024-11-09,Pediatrics,30.0,"£11,147.32",
,,2024-12-26,Neurology,15.0,3607.94,
PT-5860,Mary Porter,2025-02-27,Cardiology,26.0,"£2,718.71",
PT-6346,Sandra Davila,2025-06-23,Oncology,20.0,"$14,668.12",
PT-4651,Danielle Hill,2026-01-08,Cardiology,15.0,"$2,734.86",
PT-6298,Margaret Lopez,2026-06-29,Cardiology,1.0,11968.14,
PT-9815,Caitlin Hayes,2025-12-15,Neurology,7.0,13950.28,
PT-2328,Catherine Thompson,2026-06-02,Pediatrics,29.0,5165.42,
PT-1161,Kimberly Coleman,2025-02-02,Oncology,28.0,1272.02,
PT-7171,Christina Bryant,2026-02-07,Oncology,2.0,9195.21,
PT-3037,Tracy Bray   ,2025-08-23,Pediatrics,5.0,890.75,
PT-3167,Nicholas Gonzalez,2026-08-27,Neurology,18.0,7454.67,
PT-5466,William Deleon   ,2026-07-24,,10.0,4299.72,
PT-6078,,2025-01-22,Oncology   ,11.0,12092.29,
PT-9500,Robert Jenkins,2025-03-11,Neurology   ,11.0,"$5,046.90",
PT-5505,Ricardo Morales,2026-03-18,Cardiology,19.0,"£12,318.10",
PT-3113,Nicole Vance,2025-06-13,Oncology   ,19.0,14549.54,
PT-6388,Monica Myers,2025-08-22,Pediatrics,10.0,4627.71,
PT-6716,Latoya Nelson,2025-06-24,Cardiology,3.0,7246.09,
,,2025-06-26,Pediatrics   ,15.0,"$11,003.66",
PT-9762,Kim Strong,2025-04-09,Cardiology,23.0,10363.61,
PT-3348,Charles Elliott,2024-11-16,Oncology,25.0,5310.12,
PT-7688,Robert Shelton,2026-03-06,,,"$11,422.67",
PT-2962,Steve Miller,2024-10-04,Cardiology,16.0,"£6,218.63",
PT-5905,Kayla Walker,2025-09-15,Oncology,16.0,7491.86,
PT-8350,Bryan Cruz,2025-11-30,Cardiology,7.0,3234.17,
PT-2738,Jessica English,2026-09-07,,16.0,"£4,299.78",
,Sabrina Smith,2025-06-10,Neurology,7.0,752.39,
PT-5760,Stephanie Watts,2025-08-20,Pediatrics   ,13.0,14284.11,
PT-5355,   Erik Cooper,2025-08-04,Cardiology,30.0,1986.13,
PT-6250,Bonnie Sandoval,2024-10-26,Neurology,14.0,10184.53,
PT-2759,Elizabeth George   ,2025-08-01,   Cardiology,,14349.79,
PT-8372,Amy Curtis,2024-10-08,Neurology,12.0,4054.22,
PT-1976,Katie Robinson,,Neurology,6.0,2996.58,
PT-9564,Christopher Torres   ,2026-01-09,Oncology,5.0,6785.15,
PT-5565,Summer Farmer,2024-09-10,Cardiology,21.0,14035.52,
PT-6344,Lance Sanders,2026-05-20,Oncology,5.0,5966.59,
PT-8143,Tina Quinn,2025-10-14,,3.0,"$10,206.40",
PT-4054,Angelica Carpenter   ,2024-11-26,Oncology,15.0,"$5,366.64",
PT-9864,Jacob Williams,2025-08-12,   Pediatrics,21.0,13040.05,
PT-9068,Jennifer Johnson,2024-09-14,Neurology,27.0,"£1,165.72",
,Tiffany Brooks,2026-07-03,Oncology,30.0,13749.01,
PT-6065,Ryan Brooks,2026-05-07,Pediatrics,10.0,6351.64,
PT-8562,Samantha Copeland,2026-01-24,   Neurology,11.0,"£12,101.64",
PT-1823,Deborah Torres,2025-01-28,Pediatrics,18.0,"£11,114.45",
PT-6498,Grace Cooper,2025-03-10,Cardiology,21.0,"$5,564.34",
PT-5473,Joseph Fisher II   ,2026-07-06,Neurology,20.0,"$2,609.11",
PT-3043,Lori Kelley,2026-04-21,Oncology,1.0,8728.61,
,,2025-09-13,Neurology,11.0,10606.37,
,Brandon Brewer,2025-12-11,Pediatrics,4.0,1408.4,
PT-3911,Jessica Wilson   ,2025-07-01,Cardiology,14.0,"$11,234.84",
PT-2638,Haley Bennett,2025-02-09,Cardiology,4.0,11012.42,
PT-5947,Jennifer Shelton,2026-02-08,Pediatrics,17.0,5841.1,
PT-5665,Sandra Garrison,2026-04-23,Oncology,18.0,13948.16,
PT-7858,Latoya Patterson,2025-08-08,Pediatrics,17.0,561.81,
PT-7416,Trevor Lee,2025-11-09,Oncology,15.0,13346.73,
PT-6169,Stacy Johnson,2025-08-16,Pediatrics,16.0,12548.33,
PT-6868,Mary Wilson,2025-03-06,Cardiology,7.0,9381.6,
PT-3881,Cheryl Miller,2026-05-23,,27.0,7123.71,
PT-8925,Stephanie Johnson,2024-11-24,Pediatrics,22.0,7548.38,
,Sara Walker,,Neurology,3.0,"£11,391.87",
PT-2817,Samuel Thomas,2025-11-01,Cardiology,11.0,9654.04,
PT-9676,Jeffrey Johnson,2024-11-06,Pediatrics,5.0,1228.01,
PT-8999,   Marcus Lopez,,Pediatrics,15.0,5453.91,
PT-8870,Jeffrey Martinez,2024-12-09,Pediatrics,14.0,"$13,746.93",
PT-3252,Krista Olson,2025-09-02,Neurology,4.0,11917.79,
PT-4065,Connie Lang,2025-06-13,Cardiology,23.0,7928.6,
PT-1000,Brian Jackson,2026-02-14,Oncology,19.0,3419.85,
PT-4212,Nicholas Patterson,2026-06-01,Oncology,24.0,"£7,166.20",
,Jeffrey Brewer,2024-11-14,Neurology,,"£5,848.61",
PT-2400,Christina Adams,2025-06-15,   Oncology,17.0,9801.94,
PT-6764,Gloria Olson,2026-08-14,Cardiology,24.0,10545.2,
PT-9979,Michael Coleman,2024-09-21,Pediatrics,17.0,6371.41,
PT-5307,Angelica Mills,2024-11-14,   Oncology,13.0,13048.66,
PT-7932,   Dr. Jamie Paul,2025-02-05,Neurology,19.0,7861.02,
PT-4875,Pamela Sweeney,2025-05-09,Neurology,13.0,,
PT-6311,Amy Torres,2026-06-29,Pediatrics,15.0,14789.97,
PT-2433,Michelle Moreno,2025-12-06,Pediatrics,19.0,"£11,163.01",
PT-5008,Alejandra Castillo,,Oncology,4.0,7747.25,
PT-6910,Jonathon Lowe,2024-12-31,Cardiology,21.0,4962.56,
PT-1527,Michael Harris,2025-06-18,Cardiology,28.0,"£1,476.31",
PT-9368,   Joe Jenkins,2025-05-17,,14.0,7775.32,
PT-5901,Barbara Williams,2025-10-15,Cardiology,8.0,"$6,656.43",
PT-7954,Heather Payne   ,2025-02-24,Neurology,5.0,1318.37,
PT-5073,Curtis Simmons,2025-08-28,Neurology,15.0,2371.13,
PT-3379,Adrian Snow,2026-04-28,Pediatrics,24.0,13309.97,
PT-5612,Shane Lewis,2025-08-11,Oncology,26.0,7656.53,
PT-9340,Cindy Kennedy,2026-02-19,Neurology,17.0,7045.94,
PT-1775,David Carrillo,2026-09-03,Pediatrics,23.0,13764.67,
PT-7021,Catherine Howell,2026-05-12,Neurology,29.0,9671.95,
PT-5870,Patrick Williams,2024-10-18,Cardiology   ,23.0,9642.86,
PT-2242,William Parker,2025-05-19,Oncology,14.0,8505.54,
,Jill Howard,2025-02-22,Neurology,1.0,5448.2,
PT-4361,Brittany Hill,2025-03-04,Pediatrics,22.0,7708.4,
PT-9917,Andrew Cox,2025-12-21,Neurology,19.0,596.67,
PT-5108,Elizabeth Young,,Pediatrics,8.0,1750.5,
,David Vazquez,2025-10-31,Oncology,28.0,"$3,329.34",
PT-4370,Marissa Kennedy,2025-10-28,Oncology,,11522.71,
PT-1189,David Blankenship,2026-06-11,Pediatrics,13.0,7964.37,
PT-1869,Jacqueline Ellis,2025-10-30,Cardiology,28.0,10464.31,
PT-1117,Troy Lopez,2025-11-27,Oncology,25.0,13154.31,
PT-4460,,2025-05-28,Oncology,9.0,"£8,316.23",
PT-8071,Samuel Shepard,2025-12-12,Pediatrics   ,17.0,14105.0,
PT-3560,,2024-10-04,Oncology,18.0,5709.86,
PT-9910,Angela Ramsey,2025-12-08,Pediatrics,25.0,5307.58,
PT-5767,Brian Moody,2024-09-26,Pediatrics,19.0,7219.25,
PT-9442,Courtney Martin   ,2025-11-29,Pediatrics,21.0,"$3,859.17",
PT-4623,Michael Gill,2025-05-31,Cardiology,23.0,7092.67,
PT-4781,Shelly Mills,2025-03-20,Oncology,16.0,13400.81,
PT-3366,Amy Jennings,2025-12-11,Oncology,13.0,5667.45,
PT-3249,Linda Stone,2024-11-05,Neurology,15.0,"$9,202.52",
PT-6185,Michele Obrien,2025-05-06,Cardiology,,2329.67,
PT-4420,Ashley Vargas,2024-09-10,Pediatrics,27.0,14372.39,
PT-2037,Kevin Perez,2025-01-30,Pediatrics   ,10.0,14673.08,
PT-9395,   Kevin Diaz,2025-05-15,Cardiology,22.0,1693.01,
PT-9324,Shannon Cross,2025-05-15,Pediatrics,29.0,2308.1,
PT-6930,Wesley Robinson,2025-05-13,   Neurology,23.0,"£2,668.39",
PT-8058,Marissa West,2025-11-07,Oncology,24.0,6619.28,
PT-4032,Jason Oliver,2026-03-03,   Pediatrics,3.0,"£11,825.66",
PT-3088,Victor Gregory,2024-11-05,Cardiology,2.0,7766.25,
PT-7178,,2025-10-11,Oncology,12.0,11706.15,
PT-7201,Robert Baker,,Cardiology,29.0,13133.68,
PT-4876,Sandra Miller,2025-04-24,Cardiology,24.0,14632.16,
PT-1510,Kevin Riley,2026-05-24,Cardiology,9.0,9054.13,
PT-5059,Dr. Donna Perez PhD,2024-12-04,Pediatrics,9.0,13449.64,
PT-3831,Christine Perkins,2024-09-29,Neurology,2.0,12283.41,
PT-9983,,2025-08-24,   Pediatrics,5.0,"$4,884.56",
PT-4875,Kristina Wright,2026-01-11,Oncology,6.0,9365.22,
PT-1524,Reginald Hudson,2025-04-10,,21.0,13447.71,
PT-4847,,2026-07-04,Pediatrics,15.0,3645.46,
PT-1946,David Leonard,2025-04-03,Cardiology,27.0,,
PT-3916,Shelly Jacobson,2025-11-07,Pediatrics,24.0,4789.64,
PT-3686,Sharon Stephenson,2025-05-13,Oncology,19.0,"$1,648.57",
PT-5007,Dr. Dawn Jones,2025-07-12,Neurology,3.0,6541.16,
PT-9036,Dustin Holden,2026-04-10,Neurology,10.0,11072.5,
PT-5557,Francis Poole,2025-10-12,Cardiology,1.0,1245.85,
PT-2488,Kelly Hanna,2025-09-23,Neurology,15.0,14908.52,
PT-5067,Natalie Nelson,2025-06-12,Cardiology,21.0,"£3,821.23",
,Victoria Armstrong,2025-12-24,   Pediatrics,20.0,9773.62,
PT-8335,Mary Mooney,,   Cardiology,6.0,,
PT-9145,James Wilson,2025-12-02,Neurology,14.0,3523.53,
PT-4157,Terri King,2025-07-27,Neurology,1.0,"$11,898.88",
PT-1695,Daniel Vaughn,2025-01-26,Neurology,19.0,"£3,928.08",
PT-4122,Candace Taylor   ,2025-03-16,Cardiology   ,7.0,3956.0,
,Kathleen Pacheco,2024-10-03,Pediatrics,15.0,8743.03,
PT-9318,Nicole Walton   ,2026-05-29,Neurology,10.0,9869.99,
PT-9956,Patrick Hahn,2026-05-03,Pediatrics,4.0,8344.12,
PT-1935,Dale Richards,,Neurology,3.0,"£11,962.96",
PT-6770,Mrs. Kimberly George,2025-10-19,Neurology,19.0,"£6,417.17",
PT-2478,Joshua Alexander,,,21.0,"£6,189.70",
,Todd Mcdaniel,2025-09-02,Pediatrics,12.0,3141.62,
PT-9862,Lisa Ortega,2026-04-13,Cardiology,19.0,2644.41,
PT-8355,Jill Glover,2024-10-16,Oncology,25.0,"£6,734.53",
PT-1462,Rachel Morrison,2026-07-16,Oncology,12.0,9059.45,
PT-3797,Trevor Winters   ,2025-06-04,Neurology,21.0,4809.26,
PT-9114,Joshua Green,2025-06-12,Cardiology,25.0,8726.17,
PT-1064,Yesenia Johnson,2024-12-18,Oncology,19.0,4522.44,
PT-7242,Joseph Brown,2026-07-28,Oncology,20.0,8813.31,
PT-3835,Melissa Harrell,2025-05-26,Neurology,20.0,3408.28,
PT-8754,Dakota White,2025-11-30,Cardiology,7.0,"$6,535.59",
PT-2632,Stephanie Oliver,2025-03-20,Pediatrics   ,5.0,£973.91,
PT-9803,Mary Eaton,2025-09-22,Pediatrics   ,16.0,6171.65,
PT-3983,   Robert Bullock,,Pediatrics,30.0,8200.01,
PT-5052,Melissa Morris,2024-12-30,   Neurology,12.0,6647.93,
PT-4862,Peter Smith,2025-12-27,Oncology,7.0,5912.35,
PT-2502,Amy Griffith,2025-11-26,Cardiology,24.0,11925.68,
PT-6396,David Johnson,2026-05-18,Cardiology   ,29.0,673.47,
PT-1210,   Patrick Wagner,2025-09-12,Pediatrics,17.0,6763.74,
PT-5735,Philip Jefferson,2026-04-07,Pediatrics,,13467.21,
PT-4304,   Sharon Bell,2026-05-15,Oncology,9.0,5717.91,
PT-3635,Joshua Riddle,2025-10-07,Pediatrics   ,4.0,,
PT-4121,Daniel Webster,2024-10-04,   Cardiology,12.0,4463.12,
PT-9518,Natalie Martin,2024-10-10,Cardiology,30.0,13399.74,
PT-8219,Mark Estes,2025-04-28,Neurology   ,23.0,9836.88,
PT-3876,Tina Randall,2025-10-08,Neurology,1.0,8625.98,
PT-4257,James Andersen,2024-10-30,Cardiology,11.0,"£14,009.82",
PT-6279,Tina Harris,2024-09-15,Pediatrics,15.0,4448.03,
PT-6224,Laura Morris   ,2025-06-28,   Cardiology,27.0,8651.24,
PT-2948,Taylor Rocha,2025-04-25,Neurology,15.0,9615.49,
PT-1160,Paula Fisher   ,2024-10-30,Neurology   ,30.0,"£8,168.89",
PT-4041,Teresa Brown,2026-01-30,Pediatrics,21.0,14175.61,
PT-5448,Rodney Howell,2026-06-30,Neurology,3.0,3582.98,
PT-2843,Meghan Phillips,,Pediatrics,14.0,"£3,644.92",
PT-1181,Jeffrey Bryant,2025-09-08,   Neurology,19.0,,
PT-3399,Kathryn Cain,2024-12-18,Cardiology   ,26.0,6624.63,
PT-7294,Sean Day,2026-03-15,Cardiology,23.0,1594.77,
PT-6691,Ann Jimenez,2026-03-14,Cardiology,25.0,6924.42,
PT-5385,Janet James,2024-09-16,Neurology,28.0,7786.56,
PT-8532,Jesse Benitez,2025-02-22,Pediatrics,14.0,"£5,430.22",
PT-6158,   Erik Williams,2024-10-26,Neurology,6.0,11467.59,
PT-8414,Jennifer Grimes,2025-09-29,Pediatrics,2.0,,
PT-1363,Misty Knight   ,2026-06-19,Neurology,23.0,12446.65,
PT-5445,Jennifer Ramirez,2024-09-13,Pediatrics,15.0,5976.13,
PT-5531,Brooke Garcia,,Neurology   ,21.0,874.64,
PT-7260,Gina Herrera,2026-07-03,Oncology,17.0,12176.16,
PT-7518,   Dawn Keith,2026-05-17,   Pediatrics,21.0,11048.12,
PT-7807,Dr. Thomas Davis Jr.,2024-10-11,Neurology,2.0,"£5,025.61",
PT-7776,Drew Singh,2025-01-13,Neurology,24.0,13635.16,
PT-9196,Jason Petty,2024-11-02,,13.0,5659.97,
PT-5421,Nicholas Harris,2025-03-16,   Neurology,20.0,3994.92,
PT-7644,Samantha Griffin,2026-08-28,Oncology,30.0,6641.63,
PT-5829,Cole Fisher,2025-08-29,Neurology,7.0,7728.32,
PT-2334,Amanda Brown   ,,Pediatrics,16.0,12471.95,
PT-4134,Christopher Schmidt,2026-07-04,Pediatrics,27.0,4821.32,
PT-1371,Laura Watkins,2025-04-04,Pediatrics,5.0,4136.12,
,Heidi Nicholson,2026-08-14,Cardiology,26.0,"£6,390.25",
PT-5103,Stephen White,2025-08-19,Cardiology,,12385.03,
PT-3991,   David Montoya,2024-10-26,Pediatrics,5.0,4439.3,
PT-3363,Amanda Pruitt,2026-03-22,Pediatrics,,2430.9,
PT-1375,Aaron Garcia,2024-09-29,Oncology   ,14.0,2684.33,
PT-6777,,2026-02-22,Pediatrics,21.0,1060.08,
PT-5136,Aaron Stephens,2025-05-14,Pediatrics,17.0,"£4,193.12",
PT-9227,Sean Garcia,2025-12-24,Oncology,18.0,5881.96,
PT-6532,Samantha Gonzalez   ,2026-04-22,Oncology,7.0,2271.0,
PT-3310,Michael Romero,2026-01-17,   Oncology,24.0,"$1,153.99",
PT-7900,Tommy Lopez,2025-04-12,Neurology,9.0,5846.63,
PT-8442,Kristina Gonzalez,2026-02-19,Oncology,22.0,3312.88,
PT-1132,Victor Small,2026-08-16,Oncology,30.0,"£11,724.52",
PT-5749,Michael Gutierrez,2024-10-21,Pediatrics,4.0,1016.91,
PT-9684,Erika Thomas,2026-02-17,Pediatrics,29.0,9095.92,
PT-8403,Amber Horton,,,28.0,2459.2,
PT-2426,,2025-12-16,Pediatrics,2.0,5626.8,
,Thomas Jensen,2025-06-12,   Cardiology,15.0,570.16,
PT-9823,Lori Reyes,,Pediatrics,30.0,4402.22,
PT-3220,Mary Espinoza,2025-08-06,Cardiology,19.0,14927.45,
PT-9957,Kevin Bernard,2026-03-14,Oncology,11.0,10626.27,
PT-2594,David Gay,,Neurology,30.0,9680.12,
PT-5044,William Rivera,2026-07-10,Oncology,28.0,13915.87,
PT-8773,   Megan Mitchell,2025-03-21,Oncology,24.0,3682.0,
PT-6829,   Andrew Williams,2025-11-30,Pediatrics,2.0,6731.07,
PT-4080,Christine Adams,2024-10-18,Neurology,11.0,4536.28,
PT-7395,Lindsey Barber   ,2025-08-25,Neurology,3.0,14933.51,
PT-2965,Brittany Hoffman,2025-06-30,Oncology,16.0,9127.91,
PT-8976,Nicholas Parker,2025-07-06,Cardiology   ,6.0,1771.85,
PT-8795,Jennifer Jones,2025-01-28,Oncology,,"$5,835.54",
PT-5930,Nicholas Fisher,2025-04-27,Oncology,18.0,13552.47,
PT-4004,Michelle Chavez,2025-11-20,Neurology,19.0,1469.1,
,   Kenneth Salazar,2025-03-11,   Pediatrics,6.0,8041.19,
PT-9313,Bryan Fields   ,2025-03-14,Cardiology   ,26.0,11202.94,
PT-5083,William Cruz,2025-03-02,Cardiology   ,5.0,5925.8,
PT-5783,Joseph Hall,2025-10-24,Neurology,20.0,,
PT-7328,Margaret Espinoza,2025-03-19,   Pediatrics,10.0,"£10,205.97",
PT-1214,   Joshua Fernandez,2026-09-04,Pediatrics,27.0,12503.87,
PT-3740,Meghan Romero,2026-02-27,Cardiology,9.0,558.14,
PT-5987,Karen Harris,2025-12-22,Pediatrics,7.0,8069.73,
PT-3650,Carl Wilson,2025-12-10,Oncology,13.0,"$2,512.34",
PT-3674,Christopher Collier,2024-10-05,Neurology,21.0,6832.45,
PT-8679,Charles Jones,2026-03-31,Pediatrics,28.0,14402.96,
PT-4978,Joseph Vaughn,2026-05-03,Neurology,16.0,7648.54,
PT-4538,Amber Blackwell,2026-07-15,   Oncology,27.0,"$5,728.10",
PT-2163,Jeremy Cortez,2025-07-06,Pediatrics   ,20.0,12627.91,
PT-2014,Eric King,2026-04-23,Pediatrics,20.0,4356.89,
PT-6839,Jonathan Rogers,2026-08-28,Oncology,1.0,"£3,398.96",
PT-8856,Ann Levy,2025-07-16,Neurology,16.0,7855.24,
PT-5856,Michael Smith,2025-06-16,Oncology,16.0,4956.27,
PT-9906,Anthony Warren,2026-04-23,   Cardiology,23.0,6601.52,
PT-5293,,2025-10-09,Pediatrics,,10508.52,
PT-8066,Rebecca Daugherty,2025-01-18,Neurology,,7952.84,
PT-5035,Abigail Livingston,2025-03-11,Pediatrics,30.0,"£7,791.75",
PT-6423,Jason Garcia,2024-12-06,Oncology,1.0,,
PT-3152,Dr. Joshua Campbell,2025-02-17,Oncology,6.0,5040.0,
PT-4642,Jacob Smith,2024-12-13,Cardiology,4.0,7394.09,
PT-2350,Maureen Campbell,2024-09-10,Pediatrics,6.0,3229.56,
PT-7812,   Matthew Hoover,2026-01-31,Oncology,9.0,11932.71,
PT-5287,Sierra Ramirez,2026-06-27,Oncology   ,4.0,925.28,
PT-1035,James Hess,2026-03-02,Pediatrics,3.0,14175.32,
PT-7722,Joseph Hughes,2025-02-26,Cardiology,18.0,"£5,461.18",
PT-2014,Steven Wilson,,Pediatrics,14.0,3166.02,
PT-6374,Andrew Wright   ,2024-11-06,Oncology,20.0,3117.82,
PT-9273,,2026-04-30,Oncology   ,3.0,5627.82,
PT-3372,,2024-11-14,Pediatrics,9.0,"$12,418.22",
PT-2247,Ian Murphy,2025-06-22,Oncology,22.0,"$2,860.21",
PT-3020,Pamela Evans,2026-01-29,Cardiology,8.0,9231.91,
PT-8723,Brittany Young,2026-07-02,Cardiology,10.0,,
PT-5044,Andrew Cooke,2026-02-05,Cardiology,15.0,6622.37,
PT-8604,Donna Acosta,2026-05-03,Cardiology,30.0,5537.2,
PT-4801,   Anthony Dunn,2026-02-16,Neurology,4.0,1768.89,
PT-3635,Mckenzie Torres,2025-05-30,Oncology,27.0,12857.93,
PT-9487,,2025-03-05,Oncology,22.0,,
PT-1008,Alexandra Johnson,2025-08-28,Cardiology,12.0,12871.54,
PT-4203,Jacob Allen   ,2025-04-09,Cardiology,16.0,"£14,876.01",
PT-5180,Timothy Murphy,2025-10-02,Neurology,26.0,6458.95,
PT-2055,Curtis Sherman   ,2025-11-11,Oncology,3.0,7392.35,
PT-7911,Christina Hood,2024-11-28,Oncology,8.0,"£6,686.31",
PT-9156,James Terry,,   Oncology,22.0,11880.91,
PT-4150,Jennifer Garcia,2024-09-13,Cardiology,30.0,1004.71,
PT-6189,Eric Jones,2026-05-20,   Cardiology,8.0,"£9,720.74",
PT-5196,Katherine Robbins,2025-03-02,Oncology,27.0,9690.56,
PT-7183,Peter Thomas,2026-01-27,Oncology,12.0,9064.96,
PT-5653,Jeremy Hughes,2026-04-15,Oncology,,"£9,478.91",
PT-8943,Thomas Hoffman,2025-03-24,Cardiology,16.0,6340.95,
PT-3969,Ronald Jones MD,2026-04-30,Neurology,28.0,5974.67,
PT-8053,Matthew Thomas,2025-11-24,Oncology,23.0,8854.19,
PT-1436,Paul Thompson,2026-04-30,   Neurology,19.0,13129.94,
PT-6717,John Russell,2026-09-08,Cardiology,25.0,578.56,
PT-2094,Erika Mckenzie,2025-07-22,Oncology,25.0,1924.44,
PT-8644,Steve Freeman,2025-07-09,Neurology,4.0,3073.25,
PT-8225,Noah Wheeler,2026-08-11,Oncology   ,1.0,1515.09,
PT-2384,Marcus Hunter,2026-07-04,Pediatrics,23.0,6294.91,
PT-3836,Rachel Shields,2025-10-01,Oncology,25.0,3466.69,
PT-3108,Mark Padilla,2025-02-18,Cardiology,13.0,8339.75,
PT-5543,Megan Morrison,2025-08-11,Oncology,10.0,676.69,
PT-3898,Valerie Garcia,2024-10-05,Cardiology,16.0,3157.56,
PT-6998,Samantha Mercado,2025-01-22,Pediatrics,,12399.46,
PT-3903,   Regina Branch,2025-01-10,,2.0,,
PT-1476,Savannah Evans   ,2024-09-29,Pediatrics,10.0,1697.6,
,Cameron Alvarado,2026-05-05,Cardiology,11.0,2113.83,
,Dr. Steven Flores,2024-11-29,Pediatrics,29.0,2846.04,
PT-9514,Dana Garcia,,Oncology,12.0,7107.85,
PT-5150,Martha Wagner,2025-08-02,Cardiology,22.0,8541.02,
PT-9544,Jeffrey Harding,2025-08-11,Pediatrics,24.0,12478.26,
PT-3622,Tina Dyer,,Oncology,8.0,12565.16,
PT-5881,Joshua Wilkerson,2025-03-20,Cardiology,16.0,"$6,368.61",
PT-3589,Shawna Choi,2025-07-23,Pediatrics,24.0,5459.63,
PT-2451,Thomas Berry,2025-02-23,Pediatrics,28.0,4029.42,
PT-4518,George Griffin,2024-09-12,Oncology,7.0,9719.88,
PT-5303,Mr. Brandon Macdonald DDS,,Pediatrics,20.0,7566.05,
PT-8995,Justin Moore,2025-03-07,Pediatrics,27.0,1117.64,
PT-5473,Kristine Hernandez,2024-10-21,   Oncology,7.0,"£4,158.19",
PT-5780,Steven Terry,2026-07-27,Oncology,6.0,10449.24,
PT-3148,Grant Cole,2024-10-09,   Pediatrics,14.0,5809.01,
PT-7861,Steven Gould,,Neurology,29.0,7540.88,
PT-5733,Kevin Wagner,2025-02-11,Neurology,12.0,11674.34,
PT-3890,Cassandra Howard,,Cardiology,21.0,"£11,458.27",
PT-7271,Ronnie Barnett,2024-12-23,Neurology,1.0,14417.1,
PT-2711,Frank Vega,2026-06-06,Neurology,16.0,8868.61,
PT-1184,Manuel Stevenson,2025-10-16,Cardiology,5.0,3168.7,
PT-4639,Brett Riggs,2024-12-31,Pediatrics,5.0,14698.83,
PT-3170,Franklin Lyons,2025-01-04,Cardiology,16.0,"$14,191.67",
PT-4663,Latoya Strong,2024-10-27,Neurology   ,7.0,"£3,699.80",
PT-2389,Daniel Cole   ,2025-02-17,Neurology,7.0,4340.73,
PT-2875,Danny Walton,2025-03-03,Oncology,7.0,,
PT-9552,James Buck,,   Oncology,18.0,2817.39,
PT-7119,Jordan Valenzuela,2026-07-20,Oncology,9.0,9060.94,
PT-4975,Jorge Lindsey,2025-04-03,Cardiology   ,5.0,3393.45,
PT-9280,Tonya Moon,2026-02-27,Cardiology   ,20.0,"£4,849.76",
PT-2309,   Nicole Coffey,2025-04-17,,26.0,2636.91,
PT-8147,   Jordan Sanders,2026-06-25,Cardiology,3.0,6665.85,
PT-8205,Brian Smith,2026-01-15,   Neurology,,4336.06,
PT-2570,Anita Galvan MD,2026-04-19,Oncology,11.0,8361.79,
PT-9580,Tyler Miller,2026-07-14,   Cardiology,6.0,14841.49,
,Linda Bush,2024-09-29,Cardiology,12.0,8896.22,
PT-1880,Chelsea Scott,2025-12-17,Oncology,16.0,14079.66,
PT-8001,Susan Knight,2024-12-23,Neurology,1.0,14838.88,
PT-2632,Darrell Schmidt,2025-05-13,Cardiology,30.0,11747.79,
PT-1435,Rachel Boyd,2024-09-28,Pediatrics,,"$2,703.61",
PT-4066,,2025-04-24,Cardiology,9.0,4248.47,
PT-1224,Sarah Hill,2025-05-25,Oncology,22.0,10596.85,
PT-1293,Teresa Fitzgerald,,Pediatrics,14.0,7498.16,
PT-1492,,2025-12-10,Pediatrics,19.0,1378.96,
PT-7648,Nicholas Norris,2026-04-25,Neurology,28.0,13447.58,
PT-9712,Jodi Davis,2026-08-29,Cardiology,3.0,1715.19,
PT-8628,Latoya Hahn,2026-09-02,   Cardiology,21.0,4334.62,
PT-5269,Michael Myers   ,2025-04-04,Cardiology,26.0,12791.26,
PT-8647,Mariah Sullivan,2026-03-14,Pediatrics,6.0,535.34,
PT-4065,Stephanie Booker,2025-11-29,Pediatrics,16.0,"£14,584.05",
,Alexandra Ramirez,2024-11-10,,10.0,11269.72,
PT-7329,Nancy Barnett,2025-02-08,Oncology,15.0,"$10,612.81",
PT-5057,Joseph Perez   ,2026-07-31,Neurology,27.0,4741.64,
PT-1079,Cheryl Mejia,2026-08-27,Neurology,18.0,"£3,932.61",
PT-8198,Timothy Long   ,2025-08-18,Oncology,15.0,"$1,468.29",
PT-4312,John King,,Cardiology   ,,2304.51,
PT-3027,Adam Hubbard,2026-08-19,Cardiology,26.0,4371.85,
PT-4857,Jeffrey Davis,2025-12-19,Cardiology,23.0,2350.76,
,Stephanie Lewis,2026-08-25,Neurology,24.0,"$6,118.28",
PT-2398,Marcus Burns,2025-03-06,Pediatrics,19.0,5824.92,
PT-6046,Maria Lopez,2025-04-23,Neurology,30.0,,
PT-3867,Deanna Hudson,2025-11-22,Oncology,26.0,4530.68,
PT-7207,Jennifer Thompson PhD,2025-09-01,Cardiology,14.0,14729.28,
PT-5913,Lawrence Smith,2026-04-23,,16.0,6479.01,
PT-3742,Sean Cherry,2025-04-20,   Cardiology,12.0,11362.26,
PT-6962,Brenda Jacobson,2026-08-13,Neurology,8.0,10076.89,
PT-9986,Abigail Stevenson,2024-10-24,Oncology,14.0,3963.75,
PT-4517,Samuel Coffey,2026-08-25,Pediatrics,14.0,7434.18,
PT-6618,,,Neurology,28.0,3937.73,
PT-7508,   Derrick Jackson,2026-06-16,Neurology,8.0,3565.23,
,Matthew Davis,2025-12-09,Oncology,27.0,1295.68,
PT-9652,   Ms. Angela Green,2025-10-03,Oncology   ,21.0,9808.61,
PT-9874,Lauren Gonzalez,2025-03-01,   Oncology,12.0,2199.51,
PT-2369,Lisa Watts,2026-04-13,Cardiology,25.0,"$6,593.40",
PT-8440,William Byrd,2026-01-14,Oncology,23.0,7662.76,
PT-8082,,,Cardiology,30.0,"$12,574.72",
PT-2569,Kevin Perez,2025-02-17,Neurology,30.0,"$13,431.83",
PT-5504,Cheyenne Jennings,2024-12-22,Pediatrics,30.0,"$9,567.20",
PT-8926,Keith Burton,2024-12-11,Oncology,24.0,9502.66,
PT-1744,Edward Barnes,2026-03-27,Oncology,20.0,10918.5,
PT-5175,Thomas White,2024-11-21,Neurology,20.0,7529.91,
PT-4338,Yvette Cummings   ,2025-07-17,Neurology,,,
PT-8357,April Scott,2024-12-07,,8.0,,
PT-4230,Pam Wilson,2026-01-20,Oncology,15.0,1811.11,
PT-2854,Dawn Morgan,2024-12-17,Cardiology,26.0,6252.45,
PT-6409,Kenneth House,2025-03-05,Neurology,,12290.06,
PT-4097,Kelly Chen,2025-01-01,Pediatrics,26.0,"$3,709.89",
PT-7039,Joseph Gill,2026-04-17,   Oncology,8.0,14022.98,
PT-9951,Sherry Myers   ,2026-07-20,Cardiology,17.0,"£4,577.61",
PT-6898,Kenneth Johnson,2024-12-24,Pediatrics,6.0,3292.16,
PT-5767,Gregory Snyder,2025-02-02,   Neurology,13.0,13301.26,
PT-4387,Maureen Young,2025-03-01,Oncology,7.0,6883.26,
PT-9281,   James Chavez,2024-09-27,,24.0,13992.68,
PT-3719,Andrew Pena,2026-05-04,Oncology   ,7.0,7813.01,
PT-8141,Jonathan Le,2026-01-26,Pediatrics,19.0,5131.66,
PT-6622,Leslie Young   ,2024-10-04,,27.0,4688.2,
PT-3928,Carmen Bryant,2024-09-28,Cardiology,29.0,"£10,933.34",
PT-7979,Jeremy Scott,2024-12-10,Oncology   ,15.0,5578.28,
PT-2854,Nancy Smith,2024-10-12,Cardiology   ,,9322.41,
PT-1640,Julie Mitchell,2025-11-27,Cardiology,5.0,6967.91,
PT-7130,Carol Hernandez,2025-05-05,Oncology   ,1.0,7144.8,
PT-2380,George Lara,2024-10-18,Neurology,11.0,"£14,701.33",
,Cynthia Kline,2025-03-17,Cardiology,15.0,3194.81,
PT-8452,Karen Mueller,2026-05-07,Pediatrics,22.0,"£14,262.42",
PT-3929,Regina Davis,2025-04-02,Cardiology,15.0,1711.73,
PT-7471,Fernando Thomas,2025-10-21,Oncology,23.0,11143.42,
PT-1067,Rebecca Brady,2025-09-10,Pediatrics,14.0,1633.32,
PT-5058,Danny Perry,2024-10-27,Cardiology,4.0,"$11,466.05",
PT-1091,Matthew Garcia,2024-09-15,Pediatrics,,,
PT-6267,Johnny Morgan,2026-07-14,Cardiology,1.0,"$6,571.19",
PT-6627,Robert Washington,2026-05-05,Oncology,26.0,3442.04,
PT-5113,Laura Parks,2026-01-25,Oncology   ,24.0,4573.64,
PT-2147,Jamie Mclaughlin,2025-10-12,Cardiology,6.0,3504.19,
PT-5546,Gregory Porter,2024-10-24,Pediatrics,14.0,7077.63,
PT-6415,William Hunt   ,2026-01-15,Cardiology,,13234.91,
PT-4284,Robert Contreras,2025-06-03,Cardiology,30.0,1641.04,
PT-6406,Rhonda Mcdonald,2025-10-27,Oncology,29.0,3236.93,
PT-3711,Brian Anderson,2024-10-18,Cardiology,29.0,,
,Laura Maldonado,2025-06-23,Cardiology,16.0,9158.57,
PT-5397,Chris Bowen,2026-07-19,Oncology,26.0,6131.04,
,Diana Sloan,2025-10-11,Oncology,22.0,6695.52,
PT-4247,Richard Edwards,2026-04-13,Oncology,26.0,8642.8,
PT-7889,Brandi Gregory,2026-05-01,   Oncology,29.0,11027.74,
PT-9086,Vincent Houston,2026-01-07,Pediatrics,7.0,12124.44,
PT-5445,Matthew Knapp,2026-01-04,Pediatrics,21.0,8974.78,
PT-8969,James Padilla,2024-12-07,Cardiology,19.0,13735.38,
PT-1932,Danny Erickson,2026-06-07,Pediatrics,11.0,"£8,358.05",
,Paul Rice,2026-08-06,Oncology,4.0,8608.02,
PT-4348,   Timothy Cook,2025-08-01,,2.0,"$12,622.27",
PT-3295,Kara Rubio,,Pediatrics,24.0,12819.91,
PT-8125,Melissa Miranda,2025-07-31,,5.0,9807.94,
PT-9038,Natasha Marshall,2026-03-22,Pediatrics,29.0,7049.92,
PT-6196,Dr. Martha Miller,2026-07-06,Cardiology,26.0,11886.33,
PT-1847,Patricia Beard,2026-08-24,Oncology,19.0,"$13,423.73",
PT-3166,Katherine Webster   ,2026-01-04,,16.0,7493.86,
PT-1798,Summer Martin,2026-05-28,Oncology,,"$5,075.14",
PT-5381,Cynthia Knox,2025-07-27,,10.0,4984.53,
PT-4248,Kristen Nguyen,2025-04-28,Pediatrics,8.0,5867.18,
PT-5783,Danielle Shaffer,2024-12-29,Pediatrics   ,27.0,7843.71,
PT-1156,Jill Lewis   ,2025-06-28,Neurology,1.0,5553.2,
PT-6375,John Warren,2024-11-21,Cardiology,10.0,12862.83,
PT-2290,Jeffery Evans,2026-01-28,Neurology,27.0,12679.97,
PT-3736,   Brandi Hill,2026-04-02,Pediatrics,8.0,9293.23,
PT-1199,Mark Shaffer,2026-03-25,Neurology,26.0,12745.77,
PT-5639,Michele Walton,2026-05-06,   Pediatrics,,7818.35,
PT-6852,Natalie Thomas,2025-08-02,Oncology,20.0,7134.49,
PT-1513,Kim Hernandez,2025-02-18,Pediatrics   ,30.0,9957.69,
PT-2879,James Kennedy,2025-12-02,Neurology,1.0,13497.5,
PT-9041,John Hill,2025-10-07,Neurology,5.0,5127.7,
PT-7516,Heather Cooper,2026-02-01,Cardiology,,10265.49,
PT-8468,Jennifer Thompson,2025-09-03,   Cardiology,23.0,1016.64,
PT-2199,Valerie Cochran,2026-05-17,Pediatrics,12.0,12044.42,
PT-1545,Brian Bender,2025-07-02,Pediatrics,,7045.86,
PT-8404,Dennis Kirby,2024-10-24,Cardiology,22.0,2053.8,
PT-6138,Sean Fowler,2026-05-07,Neurology,15.0,10496.01,
PT-1427,Sean Jackson,2025-07-20,Oncology,21.0,3255.13,
PT-5396,   Eric Butler,2025-09-05,Pediatrics,2.0,12680.76,
PT-2601,Timothy Edwards,2026-02-26,Neurology,14.0,925.24,
PT-1804,Jessica Atkinson,2025-02-09,Neurology,3.0,,
PT-8479,Vanessa Burgess   ,2026-01-27,Neurology,5.0,1052.56,
PT-7853,Debra Davis   ,2025-03-31,Cardiology,9.0,7056.86,
PT-9782,   Ellen Martin,2025-04-09,Neurology,16.0,7365.61,
PT-9588,Barbara Lee,2024-12-01,Neurology,23.0,5356.0,
PT-5955,Eric Fitzpatrick,2026-04-15,   Pediatrics,10.0,9187.7,
PT-1230,Angela Cook,2025-09-23,,21.0,"$4,406.70",
PT-8431,   Chad Morgan,2026-07-04,Oncology,16.0,4877.75,
PT-5395,   Susan Wallace,2025-12-08,Oncology,23.0,14011.37,
PT-6366,Tom Miller,2025-08-26,,2.0,1564.0,
PT-2140,Stephen Sherman,2026-02-05,,29.0,4462.1,
PT-1988,Michael Barrett,2025-07-09,Pediatrics,12.0,1531.56,
PT-1168,Alicia Whitney,2026-08-16,Cardiology,3.0,"$13,291.32",
PT-6634,Tiffany Cardenas,2026-03-30,   Cardiology,4.0,,
PT-1745,Mary Wyatt,2025-04-01,Cardiology,1.0,5828.64,
PT-2202,,2026-04-02,Pediatrics,11.0,"£7,739.19",
PT-1657,Rita Wilkinson,2026-01-12,Oncology,5.0,,
PT-1845,Jennifer Gross,2024-12-13,Oncology,19.0,4764.81,
,Glenn Bailey,2025-06-16,Neurology,27.0,3518.97,
PT-5215,Glenda Thomas,2026-08-20,,15.0,1833.64,
PT-3719,Sarah Lane,2024-11-16,Cardiology,12.0,"$9,769.69",
PT-4557,Ashley Meza,2026-04-23,Pediatrics,30.0,14930.57,
PT-3403,Patricia Gilmore,2025-09-25,Cardiology,21.0,"£10,426.85",
PT-1498,   Laurie Gardner,2025-07-14,Neurology,25.0,1614.1,
PT-4016,Ann Graham,2026-04-19,Cardiology,16.0,,
PT-8450,Katherine Huff,2026-07-10,Pediatrics,10.0,"$12,316.92",
PT-8106,Mackenzie Valdez   ,2026-05-28,Cardiology,17.0,1341.44,
PT-7262,Charles Henry,2025-07-31,Oncology   ,4.0,4649.91,
PT-4157,Mr. Jason Norman,2026-07-12,Pediatrics,1.0,10358.25,
PT-4334,Rachel Ramirez,2025-10-28,Oncology,8.0,7712.8,
PT-3304,Dwayne Davis,2026-06-29,   Oncology,18.0,2290.96,
PT-1436,Sheila Gibbs,2026-08-02,Pediatrics,19.0,10860.9,
PT-1693,Andrea Baker,2024-10-18,Neurology,16.0,13157.77,
,Christine Melendez,2025-08-05,Pediatrics,25.0,11151.42,
PT-8161,Patrick Francis,2026-06-21,,3.0,2338.84,
PT-1415,Ashley Griffin,2025-05-10,Oncology   ,11.0,"$3,507.82",
,Michelle Sandoval,2025-03-29,Cardiology,28.0,,
,Rachel Morrison,2024-10-09,Pediatrics,5.0,1250.58,
PT-9556,Anthony Mills,2026-03-17,Oncology,10.0,11397.77,
PT-4597,Sean Santiago,2025-07-17,Neurology,9.0,"£8,983.79",
PT-7099,Brian French,2026-03-15,Neurology,11.0,4756.44,
PT-4512,Natasha Silva   ,2025-12-30,Oncology,5.0,12934.58,
PT-2834,,2026-03-02,Oncology,,11745.51,
,Suzanne Jones,2025-01-21,Pediatrics,30.0,3213.12,
PT-6310,James Barnes,,Neurology,14.0,"£8,801.65",
PT-1131,Danny Pacheco,2025-09-14,   Cardiology,2.0,8704.39,
PT-4022,Andrew Thomas,2025-11-22,Neurology   ,13.0,5417.64,
PT-8235,   Julie Alexander,2026-01-26,Cardiology,22.0,1920.82,
PT-4310,Jay Ortiz,2026-03-16,Pediatrics,12.0,"£1,147.85",
PT-1517,Debra Branch,2026-07-31,Neurology,23.0,522.84,
PT-4533,   Peter Hayes,2025-04-20,Oncology   ,25.0,1465.64,
PT-7591,David Garcia,,Cardiology,22.0,11351.49,
PT-2246,Madison Clark,2024-10-12,Neurology,20.0,4660.39,
PT-1548,Victor Aguilar,2026-07-09,Cardiology,7.0,"$3,517.72",
PT-4026,Maxwell Chapman,2026-02-16,   Cardiology,26.0,13403.31,
PT-2374,Francisco Evans,2024-11-20,Pediatrics,18.0,3222.79,
PT-5087,Tiffany Kirk,2025-08-26,Neurology,14.0,8191.86,
PT-4027,Lauren Morgan,2025-04-23,Cardiology,20.0,£942.77,
PT-8822,Patrick Wright,2025-03-21,Pediatrics,27.0,12739.42,
PT-8487,   Christopher Wright,2025-12-05,Pediatrics,28.0,8296.4,
PT-6196,Michael White,,Cardiology,5.0,3964.22,
PT-2129,Thomas Perkins,2026-04-25,Neurology,21.0,14809.98,
PT-9348,Angela Richardson,2025-05-02,Oncology,21.0,10572.06,
PT-3316,Katherine Barrera,2025-06-12,Pediatrics,28.0,"$5,042.98",
PT-5717,Victoria Price,2024-11-14,Cardiology,3.0,13322.28,
PT-6337,Katherine Reeves,2026-07-29,Oncology,15.0,5568.71,
PT-6480,Sarah Wilson,2025-04-20,Pediatrics,21.0,"£12,067.70",
PT-9137,Mike Lewis,2025-04-08,Neurology,24.0,"$7,525.76",
PT-7771,James Wood,2024-11-28,Cardiology   ,6.0,11711.17,
PT-1141,Jennifer Young,2025-03-13,Cardiology,29.0,12907.63,
PT-1587,Patrick Brooks,2025-06-05,Cardiology,9.0,8527.68,
PT-2683,Fernando Jacobs,,Cardiology,25.0,7700.47,
PT-7314,   Melanie Huber,2025-12-11,,9.0,6589.92,
PT-6985,Joseph Leach,2026-07-05,Cardiology,1.0,4458.52,
PT-4022,Jennifer Wright,2024-12-25,Oncology,12.0,8104.33,
PT-9957,Kimberly Edwards,,Pediatrics,4.0,12621.93,
PT-6413,Susan Jones,2026-05-20,Pediatrics,24.0,5000.12,
PT-1676,Brittany Lynch,2026-03-02,Pediatrics,27.0,12289.76,
PT-3234,Colleen Gonzalez,2026-06-04,Cardiology,,14048.43,
PT-2467,Katrina Campbell   ,,Neurology   ,14.0,14530.47,
PT-2422,Xavier Richards,2024-12-13,Cardiology,17.0,8630.61,
PT-8144,Jonathan Duke,2025-08-09,Cardiology,6.0,12575.74,
PT-5801,Ebony Moreno,2026-05-13,Oncology,25.0,13421.09,
PT-5255,Michael Williams   ,2026-03-17,Oncology,29.0,3019.66,
PT-2244,Lisa Rodriguez,2026-04-02,Pediatrics,,6752.42,
,Benjamin Holt   ,2024-11-23,Cardiology,9.0,9835.39,
PT-6530,   Anna White,2025-09-26,Oncology,10.0,9205.52,
PT-6539,   Rebecca Barron,,Cardiology,23.0,"$1,513.32",
PT-6258,Joseph Herrera,2025-08-28,Pediatrics,10.0,5959.18,
PT-4861,Laura Sampson,2025-05-23,Neurology,22.0,13654.4,
PT-7187,Charles Moore   ,2026-09-01,Pediatrics,8.0,,
PT-9029,Jeremy Peterson,2025-03-21,,15.0,"£1,885.01",
PT-6240,Carl Chen,2026-01-03,Cardiology,6.0,,
PT-7794,Robert Rodriguez,2024-12-14,Neurology,24.0,7298.59,
PT-6649,Richard Williams,2025-05-15,Oncology   ,29.0,6640.92,
PT-3813,Mrs. Donna Moore,2026-04-20,Pediatrics,10.0,5954.55,
PT-8228,Ronald Walker,2025-07-20,Oncology,7.0,13432.01,
PT-9660,Jeremy Ferguson,2026-08-28,Pediatrics,24.0,3097.32,
PT-5997,Bryce Hurst,2025-06-17,Pediatrics,30.0,3496.14,
PT-3610,Alexis Mcclure,2025-11-08,Pediatrics,23.0,12879.37,
PT-1177,James Rogers,2025-10-21,Oncology,10.0,3371.28,
PT-7637,Michelle Simpson,2026-09-07,Oncology,14.0,13966.9,
PT-3474,Bernard Banks,2025-07-15,   Pediatrics,4.0,8060.68,
PT-8911,Elizabeth Lindsey,2025-03-28,Oncology,18.0,5477.22,
PT-3909,Donald Miller,2025-10-12,Cardiology,7.0,10800.49,
PT-8721,Richard Patterson,,Pediatrics,25.0,11725.21,
PT-9247,Elizabeth Boyle,2026-08-30,Neurology,3.0,11362.99,
PT-5462,Sharon Keller,2026-08-24,Pediatrics,1.0,2100.18,
PT-2669,Mark Banks,2025-10-18,Pediatrics,,5061.29,
PT-8352,,2024-09-17,Neurology,10.0,7602.36,
PT-6206,Peter Fox,2026-08-18,Oncology,22.0,10158.75,
PT-6758,,2026-01-05,Oncology,2.0,"£10,754.90",
PT-4854,Brian Dunn   ,2025-03-24,Cardiology,11.0,4034.64,
,Kyle Reeves,2026-06-14,Pediatrics,2.0,14992.67,
PT-7325,Jeff Harper,2025-03-20,Pediatrics,,12858.85,
PT-3086,Jason Francis,2024-11-22,Neurology,24.0,5192.86,
PT-1385,Tina Peterson,2025-11-02,Neurology,16.0,8131.43,
PT-3410,Gabrielle Long,2025-11-12,Cardiology,8.0,"$5,457.17",
PT-4922,Caroline Dunn   ,2026-07-03,Pediatrics,25.0,8899.67,
PT-1499,Laura Schwartz   ,2024-11-09,Oncology,,1197.76,
PT-1041,Christopher Esparza,2026-06-06,Oncology,25.0,"£3,947.94",
PT-4528,,2025-02-09,Oncology,23.0,2398.79,
PT-5365,Shelly Medina,2025-06-05,Pediatrics,23.0,,
PT-2773,Jennifer Sherman,2025-04-30,Pediatrics,16.0,,
,Madison Kane,2025-04-17,Neurology,7.0,10341.62,
PT-8016,Richard Gates,2026-08-25,Oncology,11.0,"£12,512.53",
PT-2498,   Jasmine Hartman,2026-02-15,Oncology,16.0,"£6,271.38",
PT-8754,Zachary Tate,2025-01-31,Pediatrics,17.0,14160.52,
PT-5478,Adrienne Williams,2025-04-02,   Oncology,29.0,10167.05,
PT-9114,Rachel Griffin   ,2025-04-07,,11.0,6920.87,
PT-4261,Douglas Daugherty   ,2026-03-25,Cardiology,22.0,13671.84,
PT-6356,Aaron Cross,2026-07-19,   Oncology,22.0,4186.38,
PT-2141,Michael Mcdonald,2024-10-02,Oncology,13.0,13239.6,
PT-7836,Ryan Thompson,2025-01-14,Cardiology,12.0,8054.78,
PT-6529,Kathy Zamora,2025-12-06,Cardiology,12.0,9870.42,
PT-3275,Jesus Hawkins,2025-06-25,Neurology,27.0,,
PT-5963,Lisa Taylor,2025-08-04,Pediatrics   ,26.0,12290.22,
PT-2418,Derek Dunn,2025-05-18,Pediatrics,28.0,9358.88,
PT-5781,Amanda Romero,2026-03-19,Oncology,27.0,"£6,883.12",
PT-7406,Chase Burke,2025-04-29,Oncology,24.0,6504.37,
PT-8045,Heather Lewis,2026-08-27,Cardiology,,"£2,048.09",
PT-4355,Scott Martinez,2026-04-15,Oncology,24.0,13907.7,
PT-2808,Kenneth Deleon   ,2025-01-05,Oncology,28.0,8812.54,
PT-1415,Monica Carrillo,2024-09-23,Cardiology,6.0,$926.91,
PT-8901,Wayne Scott,2025-12-22,Pediatrics,11.0,11035.5,
PT-4636,Michael Carroll   ,2025-07-18,Cardiology,21.0,"$8,721.87",
PT-1011,Charles Smith   ,2024-10-24,   Oncology,10.0,6354.69,
PT-9400,Kayla Beasley,2026-04-02,Neurology,,4170.1,
PT-9667,Valerie Jones,2026-05-16,Oncology,4.0,1631.32,
PT-4437,Michael Johnson,2024-10-29,Cardiology   ,11.0,13219.61,
PT-5126,Jeffery Tucker,2025-01-22,Oncology,1.0,11492.57,
PT-1777,Nicole Mata,,Cardiology,2.0,2178.96,
PT-4980,Christopher Ruiz,2026-07-12,Pediatrics,,1842.98,
PT-4775,Timothy Aguilar,2025-02-25,Pediatrics,14.0,"£6,273.44",
PT-6130,Jennifer Carr,2026-03-14,,26.0,7604.67,
PT-2823,Jerry Williams,2025-10-01,Oncology   ,22.0,6490.74,
,Jennifer Salazar   ,2026-04-27,Pediatrics,15.0,2258.91,
PT-4877,,2024-10-25,Neurology,,"$13,575.62",
PT-4804,Scott Brewer,,,21.0,"£13,732.88",
PT-6449,Phyllis Juarez,2025-12-30,Oncology,3.0,10812.85,
PT-8609,Bradley May,2025-09-14,,13.0,14370.72,
,Jesse Braun DVM,2025-06-20,Pediatrics,25.0,"$10,290.87",
PT-2768,Christopher Pierce,2026-01-17,Oncology,10.0,875.59,
PT-7088,Kristen Hamilton,2025-02-09,Oncology,12.0,1769.5,
PT-1708,Elaine Austin,2026-04-04,Pediatrics,25.0,"$11,046.18",
PT-8903,Stephen Lee,2025-02-18,Cardiology,1.0,"£5,593.01",
PT-1497,Ricky Foster,2026-04-23,Pediatrics,8.0,677.35,
PT-5473,,2026-04-09,Pediatrics,30.0,12222.15,
PT-3549,James Todd,2025-04-11,Oncology,19.0,"£5,367.10",
PT-4077,Gary Holder,2026-08-18,Oncology,8.0,"$5,557.56",
PT-5895,   Amber Archer,2025-04-13,Pediatrics,10.0,7440.12,
PT-3122,Kevin Nelson IV,2026-01-17,Oncology,10.0,8447.27,
PT-9919,,2024-10-21,   Pediatrics,25.0,1359.98,
PT-5683,Dalton Mcdowell,2024-11-05,Cardiology,28.0,4469.46,
PT-3700,Laura Harris,2025-06-25,Neurology,10.0,9754.38,
PT-6749,   Micheal Clark,2025-10-29,,13.0,,
PT-1779,Jessica Nunez,2026-03-15,Neurology,,14737.62,
PT-8108,Richard Williams,2025-10-24,Pediatrics,20.0,,
PT-7384,Martin Young,2025-04-06,Pediatrics,30.0,2274.39,
PT-7418,Zachary Pitts,2026-03-05,Oncology,3.0,11777.28,
PT-1084,Kristin Townsend,2025-03-25,Oncology,23.0,5881.67,
PT-4213,Joseph Washington,2026-07-04,,15.0,8391.53,
PT-5657,Sandra Jones PhD,2025-07-13,Oncology,30.0,9919.32,
PT-6154,Jessica Soto,2025-05-17,Cardiology,20.0,14058.68,
PT-4575,Daniel Roberson,2025-10-25,Oncology   ,1.0,5347.34,
PT-7770,Brittany Wilson,2025-11-05,Cardiology,27.0,4757.56,
PT-5404,Monica Brooks,2026-04-28,Pediatrics,2.0,,
PT-2590,Travis Flowers,2024-12-16,Pediatrics,25.0,,
PT-5992,   Reginald Avila,2026-04-22,Pediatrics,17.0,6421.12,
PT-2382,Daniel Hines,2026-06-23,Cardiology,15.0,"$3,874.61",
PT-3808,Charles Warner,2026-06-09,Pediatrics,6.0,1337.91,
PT-3451,Sara Delacruz,2025-06-27,Oncology,22.0,3714.65,
PT-3772,Julie Gonzalez,2026-07-12,Pediatrics,9.0,"$2,875.18",
PT-9018,Melvin Hensley,2025-05-26,Oncology,13.0,12334.9,
PT-8293,Autumn Gay,,Oncology,29.0,3389.6,
PT-9244,Ronald Spencer,2025-06-11,Cardiology,14.0,1923.65,
PT-1129,   Kimberly Hendricks,2025-11-07,Cardiology,20.0,3828.75,
PT-8401,Chelsea Barnes,2025-02-13,   Oncology,10.0,13834.2,
PT-2152,Meredith Reed,2025-04-17,   Pediatrics,29.0,"$2,552.64",
PT-5995,Joseph Taylor,2026-02-16,Cardiology,30.0,14785.9,
PT-3066,Victor Cruz,2026-03-06,Pediatrics   ,14.0,"$14,742.62",
PT-1142,Albert Williams,2025-02-01,Oncology   ,5.0,6577.83,
PT-3173,Mike Martin,2024-10-25,Cardiology,22.0,"$4,666.36",
PT-8753,Elizabeth Moore,2025-07-14,Cardiology,2.0,,
PT-3311,Jenny Herring,2025-04-08,Pediatrics,29.0,7532.32,
PT-3906,Jacob Moore,2025-04-26,Pediatrics   ,30.0,7763.71,
PT-7554,Diane Richardson,2025-10-09,   Oncology,18.0,"£12,981.10",
PT-8069,Jacqueline Garcia,2024-10-11,Cardiology,14.0,11454.58,
PT-1934,William Davis,2025-05-28,Neurology,8.0,12828.62,
PT-8618,Jessica Walton,2025-06-01,Neurology,27.0,14524.93,
PT-3482,James Mitchell,2024-12-16,Oncology,24.0,6543.12,
PT-9664,Jane Evans,2024-09-27,   Pediatrics,21.0,1290.79,
PT-4395,Karen Giles,2025-01-21,Neurology,10.0,"$12,070.58",
PT-5413,Tyler Jones,2026-06-03,Pediatrics,,"$10,168.90",
PT-1637,Laurie Brown,2025-12-15,Neurology,22.0,10859.5,
PT-4879,Fernando Solomon   ,2024-12-09,   Pediatrics,,"£5,392.34",
PT-7082,John Wright,2026-01-08,Pediatrics,8.0,6835.3,
PT-4936,Jeremy Bishop,2026-03-22,Pediatrics,18.0,5017.51,
PT-7850,Morgan Hayden,2026-01-18,Neurology,14.0,11895.89,
PT-9282,Erik Williams,2024-12-09,Pediatrics,18.0,7979.21,
PT-7928,   Allen Pruitt,2025-04-30,Pediatrics,9.0,2775.98,
PT-8215,   Katelyn Guzman,2025-08-25,   Oncology,4.0,13976.41,
PT-6611,Stacy Randall,2026-06-27,Cardiology,1.0,7494.17,
PT-3355,Katherine Ward DVM,2025-01-08,Neurology,12.0,"£7,207.76",
PT-8720,Cameron Rogers   ,2026-03-10,   Oncology,11.0,7955.62,
PT-7548,Christopher Li,2025-07-03,Oncology,7.0,10977.86,
PT-4720,,2026-01-19,Cardiology,14.0,4566.51,
PT-5317,Richard Patel II,2024-12-28,Cardiology,20.0,11177.13,
PT-6060,Mitchell Wong,2026-03-16,,12.0,11847.64,
PT-8247,   Bradley Stevens,,Pediatrics,2.0,4339.3,
PT-9848,Tiffany Greer,2026-06-07,Cardiology,14.0,7998.42,
PT-5219,Katherine Harris,,Oncology,19.0,7609.49,
PT-7131,Jennifer Gray,2026-03-20,Pediatrics,10.0,"£12,870.69",
PT-9421,Debra Bennett,2026-08-07,Cardiology,14.0,12928.44,
PT-8096,Norman Carson DVM   ,2024-09-27,Cardiology,20.0,11475.35,
PT-7376,,2025-06-18,Oncology,20.0,1792.96,
PT-3464,James Juarez,2025-09-15,Neurology,10.0,1136.25,
PT-7773,Michelle White,2025-02-21,Pediatrics,8.0,8943.42,
PT-5820,Teresa Duffy,2025-05-31,Oncology,1.0,1814.03,
,Melinda Davis,2025-04-05,Neurology,16.0,12025.62,
PT-7295,Mario Fitzgerald,2025-10-19,Cardiology,10.0,4815.23,
PT-1815,Amber Martin,2026-04-02,Cardiology,9.0,"£4,431.86",
PT-1137,Mary Ward,2026-06-09,Neurology   ,23.0,11038.15,
PT-6529,Gloria Mack,2026-07-21,Cardiology,29.0,"£6,450.69",
PT-4467,   Shawn Johnson,2024-12-27,Cardiology,2.0,3624.22,
PT-6687,Todd Green,2026-06-03,Oncology,6.0,1452.53,
PT-5936,Kevin Olsen,2026-01-19,Oncology,30.0,8464.37,
PT-6651,   Brian Meyer,2025-04-27,,,14474.97,
PT-8137,,2026-02-04,Cardiology,6.0,,
PT-7556,Jessica Sampson,2024-12-01,Cardiology,24.0,11247.02,
PT-8241,Destiny Oliver,2025-01-24,   Pediatrics,24.0,14630.74,
PT-8224,Michael Pena,2025-10-23,Pediatrics,8.0,7457.73,
PT-4172,Kathryn Alexander,2025-03-03,,28.0,"$13,759.16",
PT-9067,Brittany Larson,2024-10-29,Neurology,11.0,13374.94,
PT-3821,William Johnson,2024-10-26,Cardiology,5.0,5396.67,
PT-7003,Angela Bradley,2025-01-05,Pediatrics,4.0,"$7,774.43",
PT-5473,Raymond Hardy,2025-01-12,   Pediatrics,23.0,1872.08,
PT-8350,Christine Thornton   ,2025-03-11,Pediatrics,21.0,,
PT-4777,Jennifer Tucker   ,,Oncology,23.0,7202.5,
PT-4319,Robert Love,2025-08-20,Neurology,3.0,7534.17,
PT-3338,   Whitney Jones,2026-03-24,Neurology,28.0,"£12,349.85",
PT-6465,Crystal Matthews,2026-03-02,Pediatrics,17.0,,
PT-7441,Teresa Russell,2025-11-05,   Neurology,21.0,13315.82,
PT-5542,Debra Carter,2026-02-12,Oncology   ,17.0,"£7,813.05",
PT-4594,Kelsey Hunt,2026-01-16,Cardiology,17.0,8703.88,
PT-9951,Kyle Preston,2025-03-06,Oncology,12.0,1950.14,
PT-2425,Brian Lin,2025-12-11,Pediatrics,30.0,10549.37,
PT-2923,Vincent Brown,2026-01-09,Oncology   ,28.0,12820.41,
PT-5500,Bryce Ford,2025-09-07,Cardiology   ,5.0,"$11,618.27",
,Amanda Eaton,2025-02-07,Pediatrics,13.0,12120.9,
PT-5984,,2024-11-13,Pediatrics,,"£3,123.68",
PT-4944,Valerie Coleman,2026-05-29,Neurology,24.0,12716.75,
PT-3039,Juan Padilla,2025-07-03,,15.0,11955.47,
PT-9799,Justin Bell,2026-02-15,Pediatrics   ,27.0,6483.77,
PT-5222,Hunter Clarke,2025-09-27,Oncology,7.0,14194.5,
PT-8037,Samuel Ruiz,2025-08-27,Pediatrics,21.0,"£3,009.37",
PT-7882,Donna Adams,2026-06-10,Cardiology,3.0,1659.5,
PT-2178,   Regina Oliver,2025-01-06,Oncology,23.0,12457.32,
PT-6987,Kenneth Torres,2026-01-04,Pediatrics,,10646.48,
PT-5322,Christopher Collins,2025-01-26,Oncology,20.0,"$10,000.10",
PT-2361,Rebecca Jackson,2025-12-04,Pediatrics,4.0,6357.56,
PT-6726,Lisa Durham DDS,2025-06-22,   Pediatrics,8.0,11245.56,
PT-7418,Tracy Freeman,2025-09-29,Oncology   ,28.0,"$13,318.10",
PT-3845,   Jared Ellison,2026-01-20,,18.0,"£5,592.01",
PT-2468,Michael Brown,2025-05-20,Neurology,13.0,1830.24,
PT-5287,Jeffrey Odonnell,2025-11-21,Cardiology,2.0,"£6,314.53",
PT-5276,Anthony Garrett,2025-12-31,Oncology,23.0,10496.69,
PT-3816,Erin Moreno,2025-12-31,,2.0,2535.4,
PT-6607,Edward Bird,2025-12-31,Neurology,10.0,14158.16,
PT-4812,   Martin Rodriguez,2024-12-06,Oncology,,9927.01,
PT-3432,   Jasmine Mack,2025-10-11,Oncology,18.0,9820.49,
,Mitchell Avila,2025-07-29,Cardiology,2.0,"£14,463.02",
PT-3274,Jason Boyd,2024-09-29,Oncology,29.0,4273.03,
PT-3720,Ryan Choi,2025-04-18,Oncology,24.0,6998.55,
PT-4700,Felicia Mccall,2025-09-26,   Neurology,1.0,1124.33,
PT-6167,Seth Smith,2026-04-10,Pediatrics,8.0,7860.52,
PT-5452,David Marks,2025-04-29,Pediatrics,10.0,8194.62,
PT-9897,Rebecca Gonzalez,2025-06-14,   Neurology,13.0,1609.0,
PT-9224,Duane Wilson,2025-06-21,Neurology,13.0,,
PT-5872,Maria Kelly,2026-09-05,Neurology,4.0,1016.71,
PT-8692,Hannah Alvarado,2026-01-25,Pediatrics,23.0,1861.65,
PT-8237,   Sara Nelson,2025-03-14,Neurology,27.0,942.0,
PT-6872,Andrew Fuller,2025-12-22,Neurology,20.0,13836.06,
PT-7571,Nathaniel Hale,2024-11-02,Neurology,13.0,6836.96,
PT-9469,Joshua Hawkins,2025-01-30,Pediatrics,29.0,11970.0,
PT-2582,Samuel Levine,2025-03-25,Oncology,6.0,1174.74,
PT-3512,Morgan Wilkinson,2024-09-11,Cardiology,1.0,4036.45,
PT-3740,Brenda Riley,2026-01-31,Oncology,7.0,11657.52,
PT-3538,Troy Clarke,2025-06-24,   Neurology,16.0,2386.38,
PT-7033,   Mckenzie Morgan,2026-01-14,   Cardiology,4.0,13115.44,
,Joseph Moore,,Neurology,8.0,6531.56,
PT-2719,Richard Schwartz,2025-12-28,Neurology,13.0,"£10,048.55",
PT-2831,Roger Robinson,2026-04-12,   Pediatrics,6.0,"$14,913.63",
PT-2426,   Teresa Patterson,2025-06-09,Pediatrics,15.0,12096.65,
PT-2587,Kenneth Scott,2026-01-04,Oncology,16.0,12567.93,
PT-4017,Michael Young,2026-01-18,Oncology,21.0,1824.69,
PT-5350,Julie Miller,2025-07-19,   Oncology,1.0,,
PT-4490,George Gonzales,2024-11-14,Pediatrics,24.0,7444.07,
PT-6495,Tiffany Valdez,2024-10-04,Cardiology,30.0,4300.75,
PT-1880,Gregory Webb,2024-11-27,Cardiology,28.0,10488.2,
PT-2596,Angela Williams,2026-07-27,Oncology,10.0,2203.7,
PT-1437,Daniel Powers,2024-11-20,Cardiology,,13965.81,
PT-2381,Larry Myers,2026-04-08,Cardiology,30.0,8643.63,
PT-8663,Angela Holmes,2025-04-23,Pediatrics,24.0,2666.87,
PT-7594,Madison Rodriguez,2026-04-09,Neurology,10.0,3362.51,
PT-9780,Donna Glover,2025-03-01,Cardiology,27.0,13306.87,
PT-8154,Ryan Ferguson,2025-08-26,Neurology,22.0,5404.78,
PT-3178,Sarah Evans,2026-08-27,Neurology,11.0,"£8,875.96",
PT-6025,Tonya Bruce,2026-03-02,Oncology,2.0,10090.82,
PT-6932,   Paul Lee,2026-07-18,   Cardiology,17.0,"£7,024.52",
PT-7202,Timothy Guzman,2025-11-02,Neurology,4.0,2531.82,
PT-8926,Amber Diaz MD,2026-06-19,Pediatrics,6.0,"£13,041.68",
PT-8225,Kristin Brown,2025-09-08,Pediatrics   ,4.0,10011.79,
PT-3018,Teresa Martin,2026-05-28,Neurology,18.0,6106.56,
PT-1415,Chelsea Hernandez,2024-11-12,Oncology,6.0,2158.17,
PT-7134,Dennis Douglas,2025-06-30,   Pediatrics,1.0,14058.21,
PT-8578,Brett Cherry,2026-07-24,Oncology,16.0,13290.84,
PT-4137,Tracy Oneill,2024-11-18,Cardiology,14.0,13381.63,
PT-8247,Joseph Reid,2025-06-05,Neurology,2.0,3823.23,
PT-6555,Rebekah Nelson,2025-07-02,Oncology   ,29.0,6799.47,
PT-3705,Matthew Gonzalez,2024-10-20,Pediatrics,18.0,"$6,984.05",
PT-5404,Hunter Rhodes,2026-07-21,Cardiology,7.0,6369.45,
PT-9615,Matthew Weiss,2025-02-07,Cardiology,18.0,11154.55,
PT-5077,Ariel Green,2026-04-22,Pediatrics,11.0,5445.58,
PT-1488,Larry Tran,2025-04-05,Oncology,29.0,1458.89,
PT-7292,Ricardo Coleman,2025-02-21,Neurology,28.0,11341.63,
PT-2603,Michael Evans   ,,Pediatrics,19.0,6250.53,
PT-8863,Jeffrey Glover,2026-03-14,   Cardiology,7.0,3621.43,
,Ashley Chapman,2025-12-22,Cardiology,27.0,7836.3,
PT-6896,Mary Melendez   ,2026-06-11,Neurology   ,10.0,12104.41,
PT-9056,Heather Butler,2026-01-03,Neurology,26.0,"$4,360.48",
PT-9497,Rebecca Graham,2025-02-12,Pediatrics,27.0,3785.55,
PT-7836,James Henderson,2025-11-16,Neurology,12.0,5353.68,
PT-8399,Eric Cortez,2026-07-26,Neurology,7.0,3354.86,
PT-8011,Richard Vargas,2026-05-24,Cardiology,10.0,"$7,093.44",
PT-8447,James Mata,2025-10-21,Oncology,5.0,12130.61,
PT-5518,Eric Gonzalez,2025-06-17,Neurology,7.0,4699.28,
PT-6635,Jessica Davis,2026-09-07,Pediatrics,8.0,5016.93,
PT-6825,Kimberly Douglas,2026-06-29,Oncology,6.0,6413.39,
PT-2210,Donna Nelson,2025-03-25,Cardiology   ,18.0,4934.47,
PT-3917,Angel Brock,2025-06-04,Pediatrics,4.0,"$11,408.84",
PT-5484,Jason Foster,2024-10-30,Pediatrics,11.0,11871.41,
PT-9183,Brian Davis,,   Neurology,12.0,"£12,951.53",
PT-2963,John Cardenas,2025-08-02,Oncology,25.0,5411.54,
PT-4611,Philip Jones,2026-06-25,Cardiology,9.0,9124.36,
PT-7182,   Todd Castillo,2025-07-25,Neurology,17.0,3358.88,
PT-2174,Kathryn Schwartz,2025-03-01,Neurology,20.0,"$1,358.06",
PT-6368,Christopher Murphy,2025-11-05,Cardiology,27.0,,
PT-6800,Anna Poole   ,2026-07-09,Neurology,29.0,12763.92,
PT-4055,Bradley Fisher,,Pediatrics   ,17.0,13734.96,
PT-4349,Kelly Porter,2026-05-17,Pediatrics,25.0,8293.83,
PT-2299,Nicole Castaneda,2026-02-13,Neurology,19.0,6013.85,
PT-8126,Laura Harrison,2025-04-05,Cardiology   ,1.0,"$9,713.12",
PT-1246,Howard Grant,2025-03-01,Neurology,28.0,6256.76,
PT-7877,Kristen Clements DDS,2026-01-02,Oncology,11.0,"£5,712.41",
PT-9357,   Shawn Mills,2026-07-01,Neurology,2.0,9869.26,
PT-7666,Anthony Rodriguez,2026-06-22,Cardiology,24.0,8534.62,
PT-4793,,2025-10-01,Cardiology,19.0,6130.41,
PT-8615,James Holloway,2026-09-06,Pediatrics   ,21.0,6071.26,
PT-4288,Derrick Baker   ,2025-12-28,Pediatrics,23.0,4801.24,
PT-1090,Bonnie Hart   ,2026-08-27,Pediatrics,25.0,"$10,860.90",
PT-7909,Randy Strickland,2025-09-15,,11.0,7845.78,
PT-2277,Peter Marshall,2025-05-27,Neurology,23.0,4711.67,
PT-6379,,2025-01-20,Oncology,12.0,"$1,060.18",
PT-8547,Kimberly Glass,2025-01-22,   Oncology,5.0,12544.39,
PT-2027,Kimberly Mason,2024-12-21,Oncology   ,10.0,12613.67,
PT-8801,   Larry Chapman,2025-09-26,   Oncology,7.0,4314.0,
PT-9529,Matthew Wilson,2026-07-20,Neurology,6.0,"$14,773.35",
PT-4621,Allen Martinez,,   Pediatrics,20.0,,
PT-6099,Lisa Hernandez,2025-03-05,,29.0,2138.4,
PT-9531,Thomas Foley,2026-07-30,Neurology,19.0,"£7,467.61",
PT-2985,James Pittman,2025-02-08,Neurology,5.0,13567.27,
PT-2193,Victoria Garner,2026-02-17,Oncology,19.0,14706.33,
PT-2136,Christina Johnson,2026-04-12,Oncology,13.0,"$6,988.74",
PT-6470,Richard Fox,2025-07-10,Neurology,5.0,2904.61,
PT-9826,Christine Sanders,2025-08-09,Oncology,10.0,1247.56,
PT-5731,Elizabeth Jones,2025-08-16,Oncology,30.0,10642.86,
PT-5422,Eric Frost,2026-08-08,Neurology   ,13.0,8413.55,
PT-5910,Joy Russell,2025-06-22,Cardiology,5.0,702.89,
PT-4408,Daniel Cameron,2025-11-15,   Cardiology,3.0,1139.04,
PT-5440,Cynthia Duffy MD,,Cardiology   ,12.0,"£13,533.59",
PT-2651,Tracy Rodriguez,2025-12-20,Cardiology,27.0,"$3,156.15",
PT-1274,John Perry,2025-12-21,   Oncology,28.0,8266.03,
PT-7339,Whitney Moon   ,2026-03-11,Oncology,19.0,4052.21,
PT-6311,Matthew May,2025-11-03,Cardiology   ,21.0,13134.42,
PT-8840,Kelly Lopez,2024-10-31,Oncology,19.0,2426.99,
PT-7972,Christopher Morales   ,2024-11-16,,,5987.35,
PT-8075,Matthew Davis,2025-02-08,Neurology,12.0,2029.34,
PT-2093,   Brian Bailey,2025-07-13,Neurology,20.0,1528.37,
PT-8815,Joseph Brown,2026-08-16,Oncology,6.0,"£6,019.33",
PT-5686,Kathryn Johnson,2024-10-02,Cardiology,16.0,12101.31,
PT-9621,Wendy Vance   ,2026-04-18,Oncology,27.0,12261.46,
PT-1343,Robert Becker,2025-11-18,,5.0,,
PT-5778,Brandon Jones,2025-12-12,Neurology,3.0,2185.79,
PT-6485,Angela Foster,2026-03-15,Cardiology,23.0,1197.83,
PT-7585,Luis Alvarez,2024-12-16,Cardiology,18.0,8543.27,
PT-1710,Emily Blackburn   ,2025-11-10,,14.0,12884.72,
PT-2503,Jean Marshall,2025-10-17,Neurology,29.0,13617.41,
PT-2624,Jesse Ellis   ,2025-09-26,Neurology,19.0,4467.61,
PT-8225,   Robyn Reed,2025-02-24,Cardiology,8.0,12331.83,
,Mrs. Charlene Dunn,2025-06-07,Neurology,30.0,14935.13,
PT-3180,Monica Gomez,2025-08-20,,,10572.61,
PT-9569,Barbara Brown,2025-07-14,Cardiology,25.0,9224.26,
PT-9308,Mr. Andrew Wright,2025-04-24,   Cardiology,3.0,11757.17,
PT-7995,,,Oncology,30.0,9014.96,
PT-2638,Sharon Mora,2026-07-28,   Neurology,14.0,8177.73,
PT-8325,Regina Perez,2025-12-01,Oncology,17.0,"£4,405.13",
PT-8531,Dominique Hatfield,2025-06-08,Neurology,25.0,4015.63,
PT-9236,Carmen Lamb,2026-07-13,Oncology,16.0,7901.2,
PT-8531,John Garcia,2025-11-10,Pediatrics,22.0,11404.78,
PT-8783,Jacob Rodriguez,,Neurology   ,13.0,,
PT-1712,Joseph Rogers,2026-06-30,Neurology,5.0,8225.48,
PT-2902,George Hunter,2024-10-15,Neurology,25.0,"$3,129.75",
PT-6610,,2025-09-15,,27.0,5853.81,
PT-9529,Karen Wilcox,2024-10-26,Oncology,29.0,12273.79,
PT-8238,Hunter Gordon,,Neurology,14.0,11112.43,
PT-4506,Kelly Black,2026-08-19,Pediatrics,9.0,"£14,737.32",
PT-3787,Robert Horton,2025-04-03,Cardiology,19.0,1161.33,
PT-5813,Alexander Payne   ,,Pediatrics,8.0,3010.61,
PT-3506,Gary Torres,2025-08-13,Neurology,11.0,7605.36,
PT-7319,Alyssa Valencia,2025-06-09,Pediatrics,17.0,"£13,113.17",
PT-8077,   Kyle Rogers,2026-09-02,Neurology   ,10.0,13265.37,
PT-6503,Scott Carter,2025-11-25,Neurology,1.0,3085.21,
PT-7664,Edward Navarro,2025-01-20,Oncology,19.0,2919.01,
PT-3205,Lisa Thomas,,,11.0,10670.19,
PT-9085,   Patrick Johnson,2026-02-08,Oncology,10.0,3494.34,
PT-3649,Brandon Olson,2026-08-03,Neurology,,12345.99,
PT-4971,Deanna Chen,2026-07-14,,10.0,1048.46,
PT-9635,Jeffrey Ball,2024-09-22,,13.0,4264.37,
PT-6340,Misty Jones,2024-11-08,Neurology,11.0,"$9,355.22",
PT-5361,David Thomas   ,2026-01-08,Oncology,14.0,12906.67,
PT-1959,   Christopher Humphrey,2024-11-08,Cardiology,,10150.09,
PT-2976,Yolanda Young,2025-12-01,Cardiology,23.0,3060.21,
PT-6285,Megan Mccoy,2026-08-04,Neurology,24.0,,
PT-2420,Laurie Singleton,2026-08-05,Oncology,4.0,11520.74,
PT-1347,Mark Scott,2025-06-17,   Pediatrics,14.0,8017.33,
PT-2619,Tiffany Bailey,,Neurology,29.0,"£5,723.64",
PT-4519,Keith Harris,2026-03-26,Cardiology   ,16.0,7507.54,
PT-4131,John Peterson,,Oncology,9.0,"$11,742.26",
PT-9141,Vanessa Jackson,2024-10-17,Cardiology,21.0,"£2,937.49",
PT-9987,Travis Brown,2024-12-19,Neurology,30.0,8505.59,
PT-3950,Dana Bright,2025-01-16,Cardiology,30.0,10268.89,
PT-7347,Rachel Little,2025-01-22,Oncology,7.0,8417.78,
PT-6361,Alec Marks,2026-01-27,Neurology,5.0,11241.47,
PT-6237,,2025-12-11,,21.0,14505.29,
PT-9598,Denise Weber,2024-11-26,Oncology,12.0,"£2,593.44",
PT-7703,Marcus Lee,2025-07-31,,7.0,12669.21,
,Megan Wolfe,2026-04-26,Cardiology,3.0,9413.43,
PT-1516,David Curry,2026-02-08,Oncology,23.0,1338.0,
,Robert Conner,2025-12-24,Neurology,30.0,10889.14,
PT-9682,David Wallace,2025-09-09,Pediatrics,18.0,7096.72,
PT-6972,Raymond Ingram,2024-11-20,,16.0,"£3,008.17",
PT-7445,   Nicholas Austin,2024-12-30,Neurology,2.0,"$4,105.97",
PT-5769,Amber Thompson,2025-05-14,Pediatrics,9.0,13842.8,
PT-6667,Jonathan Richard,2026-01-21,Pediatrics,24.0,4505.59,
PT-4683,,2026-08-28,Cardiology,4.0,1661.88,
PT-3834,Cindy Molina,2026-01-30,Cardiology,17.0,"£12,465.68",
PT-2563,Alexis Edwards,2026-03-23,Oncology,15.0,694.36,
PT-6791,Elizabeth Cunningham,2024-10-15,Pediatrics,4.0,4817.55,
PT-9607,Catherine Robertson,2026-01-10,   Cardiology,5.0,2342.32,
PT-9489,Candice Medina,2024-11-03,Pediatrics,9.0,1546.88,
PT-3574,,2026-03-20,,2.0,"£4,170.84",
PT-3358,Matthew Sampson,2026-08-07,Pediatrics,28.0,3596.68,
PT-4686,Michael Armstrong,2025-11-02,Cardiology,22.0,8538.03,
PT-8181,Leslie Prince,2025-12-23,Cardiology,26.0,9126.28,
PT-7473,Sheena Ellis,2025-09-30,Neurology,12.0,6013.31,
PT-2042,Samuel Sanders,2026-01-14,Pediatrics,19.0,"£7,596.52",
PT-3194,Joshua Lane,2026-06-04,Pediatrics,18.0,4419.18,
PT-1817,Jessica Werner,2025-12-11,Cardiology,8.0,11038.83,
PT-1466,Lisa Perez,2025-10-12,   Pediatrics,17.0,"$7,404.64",
PT-3666,Melissa Webb,2025-11-30,   Oncology,6.0,1238.49,
PT-4738,Lindsey Oconnor,2024-12-16,Cardiology,,3982.28,
PT-8036,Patricia Williams,2025-01-18,Pediatrics,26.0,13229.86,
PT-2782,Margaret Arnold,2025-02-18,Oncology,15.0,12200.19,
PT-5195,Joseph Steele,2025-10-31,Oncology   ,20.0,14916.0,
PT-6942,Michelle Ramos,2025-11-15,   Pediatrics,29.0,12552.14,
PT-4626,Crystal Price,2026-05-03,,16.0,4024.9,
PT-5242,Mark Rogers,2024-12-30,,22.0,13683.17,
PT-1500,Lisa Brown,2025-10-25,Pediatrics,30.0,6347.44,
PT-2478,Isaiah Collins,2024-09-14,Cardiology,13.0,3525.84,
PT-5841,Patricia Anderson   ,2024-10-28,Cardiology,2.0,6926.79,
PT-3347,David Rivera,2026-07-03,Oncology,,6370.88,
PT-8459,Devin Perkins,2026-09-05,Pediatrics,26.0,14637.28,
,Sara White,2024-09-18,Neurology,11.0,,
,Ashlee Howard   ,2026-04-10,Cardiology,16.0,5670.51,
PT-1086,Elizabeth Hale,2025-05-01,Oncology,22.0,5680.09,
PT-2210,Jesse Daniels,2025-09-08,Cardiology,17.0,4107.18,
PT-6850,   Randall Blanchard,2024-11-27,Pediatrics,25.0,11645.07,
PT-4003,Melinda Hayes,2024-10-29,Pediatrics,30.0,7596.35,
PT-6472,David Gay Jr.,2025-05-04,Neurology,23.0,4290.35,
PT-3079,Michael Pacheco   ,2026-08-06,Cardiology,18.0,5192.91,
PT-4927,Jonathan Ortiz,,Oncology,29.0,5484.36,
PT-4366,   Kevin Shepherd,2025-03-25,Pediatrics,6.0,2162.3,
PT-3043,Kimberly Acosta MD,2024-10-31,Oncology,,7782.03,
PT-7039,Brian Gamble,2024-12-13,Cardiology,6.0,"$12,378.90",
PT-6998,Cynthia Graves,2024-11-23,Neurology,17.0,7588.63,
PT-8585,Amanda Blake,2024-11-02,Oncology,13.0,"$8,596.34",
PT-6880,Justin Lambert   ,,Pediatrics,29.0,,
PT-2716,Christina Andrews,2026-08-20,Pediatrics,3.0,"$11,300.26",
PT-5881,Alexander Lam,2026-04-26,Neurology,29.0,8094.62,
PT-7256,Ricky Crawford,2025-12-28,Oncology,1.0,1833.15,
PT-7793,Melanie Green,2025-04-11,Oncology,16.0,,
PT-1072,,2025-09-05,Neurology,26.0,"$9,599.73",
PT-2458,Thomas Carroll,2024-11-14,Pediatrics,8.0,2134.62,
PT-7319,   Andrew Davis,2026-06-23,Neurology,17.0,4025.24,
PT-8717,Joshua Aguilar,2026-04-14,Oncology,11.0,6606.75,
PT-2446,Veronica Walker,2025-05-17,Oncology,22.0,"£4,889.03",
PT-6850,Mary Hicks,2025-11-25,Cardiology,3.0,1223.9,
PT-6343,Steven Houston MD,2025-05-04,Neurology   ,9.0,"$11,234.33",
PT-2755,Patrick Martinez,2026-01-24,Pediatrics,28.0,1653.2,
PT-7521,,2024-10-16,Pediatrics,13.0,981.52,
PT-1931,Troy Perez   ,2025-09-28,Pediatrics   ,7.0,6488.33,
,Eric King,2026-03-28,Neurology,4.0,4767.16,
PT-5376,Jean Chambers,2025-04-04,Pediatrics,23.0,12352.01,
PT-8368,   Anthony Walker,2025-08-06,Pediatrics,3.0,1643.63,
PT-4647,   Russell Bryant,2025-08-24,Neurology,25.0,1241.38,
PT-3369,Mary Miller MD   ,2025-03-28,Oncology,,"$1,273.69",
PT-9768,Brianna Marks,2025-04-02,Cardiology   ,5.0,10965.96,
PT-2438,Brenda Garcia,2025-01-15,Neurology,19.0,"£7,312.67",
,Dean Miles,2026-06-28,Pediatrics,17.0,"$2,430.30",
PT-1196,Shawn King,2025-05-23,Pediatrics,1.0,2450.79,
PT-9570,Hannah Sandoval,2024-11-21,Neurology,19.0,8746.8,
PT-6449,   Mark Bowman,2024-09-26,Neurology,18.0,11842.55,
PT-5743,   Lori Carter,2025-07-23,Neurology,22.0,14916.6,
PT-4365,Michael Nichols,2025-06-13,Oncology,18.0,13567.45,
PT-5368,Guy Valencia,2026-05-02,Oncology,17.0,"£3,177.70",
PT-6759,John Bryant,2026-02-23,Oncology,12.0,8459.39,
PT-9182,Luis Weaver,2026-03-05,Oncology,3.0,13747.32,
PT-6720,Justin Rice,2025-02-16,   Neurology,26.0,4277.23,
PT-9914,Brian Nelson,2025-10-12,Oncology,18.0,12351.35,
PT-5303,Brent Bell,2024-12-22,,27.0,1065.72,
PT-4115,Mark Day,2025-05-13,Cardiology,24.0,10381.41,
PT-8911,John Townsend,2025-02-11,Oncology,5.0,5090.63,
PT-4497,Benjamin Horton,2026-06-22,,30.0,542.63,
PT-6876,John Williams,2026-06-23,Oncology,20.0,2733.76,
,Megan Miller,2025-12-13,Cardiology,22.0,14054.77,
PT-9198,Alexandra Mcintyre,2025-03-18,   Oncology,17.0,,
,Jesus Peterson   ,2024-09-30,Neurology,7.0,11761.65,
PT-6600,Monica Harris,2026-05-06,Pediatrics,29.0,13582.92,
PT-5721,Nicole Davis,2026-04-25,Pediatrics,15.0,12997.13,
PT-3277,   Gary Brown,2025-11-25,   Oncology,11.0,8698.86,
PT-1313,Kelly Shaffer,2026-05-26,Pediatrics,15.0,"$13,892.64",
PT-1094,Marissa Frank,2024-11-10,Cardiology,10.0,,
PT-3686,Rita Finley,2025-05-14,Neurology,29.0,1445.29,
PT-1148,   Brady Walls,2025-02-12,Cardiology,14.0,5363.11,
PT-7428,Mariah Mays,2026-08-30,Pediatrics,29.0,"£3,265.89",
PT-2620,,2025-12-21,Neurology   ,5.0,5686.11,
PT-3945,Joyce Garner,2026-03-22,Pediatrics,13.0,5473.84,
PT-6895,,2026-03-31,Oncology,16.0,1605.16,
PT-1293,Michael Friedman,2024-12-12,Cardiology,24.0,14663.52,
PT-5438,David Jackson,2026-04-28,Cardiology,24.0,12608.13,
PT-8399,Brittany Murphy,2025-01-18,Pediatrics   ,19.0,12261.7,
PT-2159,Heidi Fisher,2025-02-14,   Pediatrics,30.0,"$14,652.63",
PT-2324,Carlos Hawkins,2026-01-19,Oncology,10.0,"£8,770.13",
PT-2578,Steven Galloway,2024-11-10,   Pediatrics,2.0,1413.91,
PT-1428,Dawn Schroeder,2025-06-27,,15.0,10753.85,
PT-8671,Jonathan Snyder,2025-12-22,Cardiology,29.0,11762.65,
PT-4032,Amanda Nguyen   ,2026-07-20,Pediatrics,16.0,3977.93,
PT-4842,Kellie Baker,2024-12-07,Pediatrics,14.0,,
PT-6378,Joshua Clark,2025-01-01,Oncology,5.0,5603.28,
PT-2076,Julie Mata,2025-01-01,Cardiology,,8616.53,
PT-3507,Monica Lopez,2026-03-06,Neurology,13.0,"$2,697.12",
PT-2809,Howard Roberts,2025-06-23,Neurology,19.0,13675.58,
PT-2651,Mariah Shannon,2026-08-09,Neurology,23.0,5086.72,
PT-6470,Angel Oconnor,2025-01-14,,23.0,13237.33,
PT-1077,Linda Miller,2025-06-15,Oncology,9.0,5686.76,
PT-3333,Jeremy Martin,2024-09-29,Oncology,18.0,1044.68,
PT-4183,Nicholas Burns,,Pediatrics   ,28.0,13570.15,
PT-1276,John Ross,2024-12-08,Neurology   ,23.0,4092.75,
PT-8399,   David Villegas,2025-05-01,Cardiology,12.0,5411.27,
PT-7847,Matthew Turner,2026-01-23,Oncology,27.0,7025.82,
PT-1471,Charles Burnett,,Neurology,27.0,"$8,769.30",
PT-6808,Ian Brewer,2025-08-20,Oncology,24.0,7226.71,
PT-5975,Sarah Evans,2025-01-09,Cardiology,23.0,8998.09,
PT-3623,Bryan Turner,2025-09-18,Oncology,19.0,4946.88,
PT-1580,Ashlee Anderson,2026-05-29,Neurology,10.0,600.76,
PT-5804,Henry Smith   ,2025-12-06,Cardiology,23.0,11266.41,
PT-8579,Trevor Wilcox,2025-06-30,Oncology,25.0,4900.03,
PT-1813,Martin Short,2026-07-07,Pediatrics,2.0,2736.37,
PT-6061,Holly Molina,,Neurology,16.0,"£12,715.85",
PT-6547,Lauren Campbell,2026-04-18,Cardiology,,9355.13,
PT-6257,Thomas Nielsen,2026-07-06,Cardiology,9.0,5501.49,
PT-4438,Lauren Webb,2026-03-11,Neurology,27.0,12080.18,
PT-2259,Gwendolyn Park,2025-03-11,Cardiology,28.0,12535.3,
,Barbara Henderson,2024-11-08,Neurology,11.0,14163.1,
PT-4740,Allen Barnes,2025-03-08,Oncology,8.0,520.84,
PT-8239,Breanna Munoz,2025-04-26,Pediatrics   ,9.0,1199.04,
PT-3489,Joshua Smith,2025-08-03,Pediatrics   ,4.0,"£14,540.96",
PT-6460,Courtney Dixon   ,2025-01-15,Pediatrics,2.0,,
PT-3459,,2025-10-23,Neurology,6.0,1287.3,
PT-1447,James Fernandez,2024-09-15,Pediatrics,12.0,10694.8,
PT-5458,Eileen Meadows,2026-07-25,Pediatrics,28.0,7517.72,
PT-6098,   Christopher Walker,2025-09-11,Oncology,20.0,13123.05,
PT-2079,Bobby Reid,2026-06-09,Oncology,20.0,4095.51,
PT-8139,Dawn Baird   ,2026-01-28,,28.0,11693.18,
PT-2432,Patrick Love,2026-05-12,Oncology,30.0,531.98,
PT-9746,   Meghan Haynes,2026-09-04,Cardiology,11.0,2357.7,
PT-7620,Justin Powell,2026-08-22,Neurology,18.0,"$13,676.59",
PT-3162,Christian Brewer,2024-09-22,Neurology,29.0,11117.51,
PT-6336,Pamela Vincent,2026-05-17,   Pediatrics,24.0,"£13,215.38",
PT-6408,Oscar Olson,2025-11-24,Cardiology,27.0,6691.19,
PT-5081,Sara Carr DDS,2025-02-27,Oncology,26.0,2445.08,
PT-1771,Jessica Campbell,2024-12-19,,9.0,14048.05,
PT-1159,Brian Phillips,2024-10-15,Pediatrics,29.0,"£7,438.58",
PT-7515,Chris Thomas,2025-01-05,,12.0,7980.98,
PT-4867,,2026-02-17,Cardiology,1.0,8950.99,
,Steven Parker,2025-12-05,Cardiology,11.0,£571.59,
PT-5206,Karen Mcknight,2026-05-16,Neurology,11.0,2793.91,
PT-6655,Steven Baldwin,2024-11-17,Oncology,2.0,10313.77,
PT-8412,David Wolf,,Pediatrics,25.0,13611.03,
PT-6575,Stephanie Carr,2024-11-03,Cardiology,,3215.72,
PT-7403,April Bowman,2026-03-20,Neurology,18.0,8071.85,
PT-1526,Richard Davidson,,Pediatrics,4.0,14061.23,
PT-4113,Mr. Jonathan Brown,2026-02-09,Neurology   ,27.0,1620.96,
PT-6747,,2025-03-15,Neurology,1.0,,
PT-1853,Annette Phillips,2024-10-18,Pediatrics,19.0,9699.39,
PT-4327,Michael Armstrong,2026-04-25,Cardiology,25.0,"£4,223.37",
PT-6443,Frank Lee,2026-03-29,Oncology,11.0,1961.77,
PT-3326,Benjamin Hall,2026-08-19,Cardiology,15.0,8384.97,
PT-9729,Bryan Glover,2025-11-04,Pediatrics,10.0,14343.06,
PT-2122,Lisa Solis,2026-06-19,,,2234.67,
PT-7769,Amber Yates,2024-12-26,Oncology,20.0,1172.92,
PT-1545,Ian Morris,2026-07-15,Pediatrics,21.0,8836.63,
PT-1536,William Mccormick,2026-08-09,Neurology   ,17.0,5939.14,
PT-6832,Deborah Woodard,2025-02-14,Oncology,10.0,1216.1,
PT-6685,Kristen Gomez,2025-08-30,Pediatrics,16.0,11773.0,
PT-9657,Rachel Wheeler,2025-06-18,Neurology,26.0,9651.19,
PT-9662,Kevin Ferrell Jr.,2026-04-15,Neurology,1.0,"£5,169.33",
PT-3177,Kimberly Graham,2025-09-17,Pediatrics,8.0,9374.63,
PT-1777,Christine Hamilton   ,,Oncology,14.0,5427.49,
PT-7629,Brian Phillips,2026-03-30,Cardiology,26.0,4044.15,
PT-8904,Dustin Navarro,2025-09-27,Oncology,28.0,12111.8,
PT-6224,Sara Ford,2026-01-27,Pediatrics,28.0,3996.21,
PT-9113,Martha Mann,2026-05-02,Oncology,5.0,"£7,107.68",
PT-7114,April Contreras,,Pediatrics,6.0,4141.7,
PT-7410,Brett Parker,2025-12-22,Oncology,28.0,691.23,
PT-9093,Carol Davis,2025-12-03,Pediatrics,14.0,4891.01,
PT-6788,John Olsen,2026-01-31,Oncology,,14880.58,
PT-1205,James Miller,2025-07-21,Neurology,21.0,5373.03,
PT-9049,Tara Mitchell,,Cardiology,27.0,10852.27,
PT-9596,Brenda Lee,2025-09-30,Pediatrics,23.0,11417.98,
PT-6156,Dawn Rodriguez,,,6.0,10528.79,
PT-2310,Glenn Hamilton,,Neurology,2.0,3414.81,
PT-5590,Tony Ayers,2024-09-13,Cardiology,16.0,4944.17,
PT-1832,Barbara Johnson,2025-05-24,Pediatrics,12.0,1532.6,
PT-5803,Scott Rivera   ,2026-02-07,Pediatrics,26.0,7745.27,
PT-3880,Gerald Castillo,2024-11-06,Neurology   ,6.0,14664.6,
PT-3322,Jason Chang,2026-08-04,Cardiology,7.0,12505.77,
PT-8406,Jennifer Mosley,2025-05-23,Pediatrics,29.0,3281.61,
PT-1333,Mary Peterson,2025-11-29,Cardiology,2.0,7286.89,
PT-5330,Faith Hall,2025-06-06,Pediatrics,21.0,6725.51,
PT-9757,,2025-05-31,Oncology,30.0,13075.96,
PT-7078,Devin Schmidt,,Oncology,13.0,"£6,557.62",
PT-5624,Diana Hernandez,2025-06-25,,10.0,2629.04,
PT-6164,Nicole Hunt,2025-10-28,Oncology,4.0,9539.43,
PT-9825,Carrie Clayton,2025-12-23,Oncology,10.0,8474.31,
PT-9201,Ashley Craig,2025-07-08,Neurology,18.0,,
PT-2379,Danielle Goodwin,2026-05-30,Cardiology,6.0,5724.18,
PT-6742,Stephen Murray,2025-02-11,Pediatrics,5.0,"$2,971.63",
,Paul Brown,2026-01-26,Neurology,11.0,8582.47,
PT-9817,Jay West,2025-08-26,,6.0,5350.51,
PT-1684,Jennifer Schmidt,2025-03-21,Pediatrics,10.0,8930.22,
PT-2788,Kristen Navarro,2025-05-04,Pediatrics,9.0,577.65,
PT-8504,William Little,2024-09-12,Neurology,,6856.31,
PT-7766,   Samuel Rogers,,Cardiology,19.0,8823.87,
PT-4043,Carolyn Thompson,2025-12-20,Pediatrics,25.0,3267.9,
PT-3228,Eric Torres,2025-02-17,Pediatrics,17.0,3257.14,
PT-6094,William Thomas,2025-09-29,Neurology,,12638.64,
PT-5885,Jessica Leonard,2025-07-06,Oncology,15.0,1578.89,
PT-4944,Michael Jacobs,2026-07-15,Oncology,28.0,1104.54,
PT-7194,Jesse Brown,2025-07-12,Oncology,4.0,,
PT-5060,Michelle Wood,2024-10-25,Pediatrics,29.0,"$9,323.31",
PT-3188,Rachel Medina,2024-12-15,Cardiology,30.0,774.42,
PT-6199,   Misty Cooley,2026-05-02,Cardiology,3.0,2950.7,
PT-1775,Alicia Wright,2025-12-01,,3.0,6853.95,
,Lori Mccann,,Pediatrics   ,14.0,"£7,775.70",
,Molly Alexander,2025-06-28,Oncology,20.0,11767.24,
PT-9087,Alicia Quinn,2026-04-20,Pediatrics,28.0,9942.34,
PT-4518,Daniel Blanchard,2026-03-04,Pediatrics,30.0,12874.14,
PT-3862,Kelly Duran,2026-08-06,Neurology   ,26.0,"$14,386.91",
PT-1773,Monica Jones,,Pediatrics,3.0,8501.71,
PT-8344,,2026-02-16,Pediatrics   ,23.0,7512.08,
PT-4209,   Cassandra Johnson,2024-12-30,Oncology,14.0,"£11,953.93",
PT-1172,Rachel Austin,2025-11-16,Cardiology,7.0,12718.65,
PT-7743,Jose Morrow,2025-03-29,Pediatrics,29.0,5812.7,
PT-2487,Jeremy Jones,2025-08-01,Oncology   ,20.0,8871.37,
PT-5013,Samuel Harris,2026-05-18,Oncology,3.0,12065.4,
PT-6935,Charles Taylor,2025-03-28,Pediatrics,,9113.72,
PT-2156,Katrina Sparks,2026-02-28,Oncology,2.0,"$3,072.50",
PT-6455,Chelsey Murphy,2025-03-14,Cardiology,6.0,"$12,774.48",
PT-8631,Erik Lewis,2025-06-12,Neurology,8.0,12367.88,
PT-6635,Nicole Cortez,2025-10-21,Cardiology,13.0,"$10,010.70",
PT-4651,Natalie Davis,2026-07-17,Oncology,11.0,11302.17,
PT-5366,Steven Russell,2025-12-03,Cardiology   ,15.0,13399.07,
PT-6415,Christopher Matthews,2026-04-08,Neurology   ,27.0,,
PT-9704,Krista Smith,2026-08-04,Cardiology,24.0,6285.16,
PT-3313,Jennifer Day,2026-08-28,Neurology,27.0,12425.66,
PT-9952,Charles Coleman,2025-03-18,Cardiology   ,4.0,7782.49,
PT-8774,Benjamin Mendez,2024-09-16,Oncology,10.0,4349.81,
PT-8774,Ryan Ferrell   ,2026-01-31,Neurology   ,11.0,"$13,662.78",
PT-5128,Rachel Ruiz,2025-04-15,Pediatrics,4.0,10037.8,
PT-8150,Derek Smith,2024-10-21,,6.0,"$8,290.07",
PT-4177,Amanda Martinez,2024-10-28,   Oncology,2.0,"$6,559.86",
,Andrew Holt,2024-10-26,Oncology   ,26.0,11037.26,
PT-6388,Jeremy Moody,2025-10-03,Oncology,14.0,14659.01,
PT-2103,Kimberly Brown,2025-02-08,   Neurology,26.0,13281.32,
PT-1131,Patricia Romero,2025-10-30,Cardiology,21.0,729.88,
PT-4360,,2025-06-04,Pediatrics,20.0,2653.06,
PT-3137,Marcus Roberts,2026-06-29,,15.0,2794.87,
PT-8318,Alexander Medina,2025-05-03,,8.0,,
PT-5714,Andrew Long,2025-03-13,Pediatrics,6.0,10612.75,
PT-1445,Timothy Cherry,2025-10-18,Pediatrics,27.0,"$5,806.42",
PT-2064,Erin Baker,2024-11-18,Pediatrics,3.0,"£14,796.76",
PT-8353,Allison Nichols,2025-01-02,Oncology,22.0,7961.4,
PT-9324,Heather Clark,2026-08-17,Cardiology,,,
PT-3464,Sandra Morris,2024-11-14,Oncology,1.0,5424.81,
PT-7008,Brenda Black,2024-12-27,Neurology,20.0,4288.31,
PT-4548,Calvin Bailey   ,2025-12-06,Pediatrics,14.0,12752.09,
PT-5568,   John Lopez,2026-01-18,Oncology,19.0,3520.89,
PT-5917,James Martin,2025-10-04,Cardiology,18.0,"£4,543.19",
PT-4679,Barry Jones,2024-10-31,Pediatrics,14.0,12183.63,
PT-8105,Chase Johnson,2026-06-06,Neurology,27.0,14784.11,
PT-2351,Randy Haynes,2024-10-17,   Pediatrics,2.0,"$13,302.44",
PT-9701,David Thomas,2024-11-05,Oncology,10.0,,
PT-9320,Clarence Mcdowell,2026-06-06,Cardiology,20.0,5746.39,
PT-9771,   Angela Rodriguez,2026-07-30,   Neurology,22.0,"£2,858.87",
PT-9826,Samantha Robinson,,Cardiology,18.0,"£13,882.52",
PT-3943,Valerie Carter   ,,Pediatrics   ,21.0,6269.39,
PT-2042,Whitney Deleon,2024-11-11,Pediatrics,18.0,4113.06,
PT-2302,Christine Smith,2026-04-20,Pediatrics,22.0,5023.08,
PT-7770,Joanna Donaldson,2024-11-08,Oncology,20.0,"$3,565.38",
PT-7200,April Vang,2026-08-26,Cardiology   ,9.0,11956.57,
,   William Chaney,2026-03-27,Oncology,11.0,6014.39,
PT-2930,Rachel Moss,2025-08-04,Cardiology,20.0,"£5,115.58",
PT-5270,Matthew Johnson,2026-08-15,Neurology,5.0,"$13,320.79",
PT-4109,James Valdez,2025-05-10,Pediatrics,11.0,14493.8,
PT-3798,Anthony Adams,2026-05-20,Neurology,9.0,14346.86,
PT-6071,Veronica Jensen,,Cardiology,22.0,4979.54,
PT-9870,   Philip Porter,2025-11-18,Neurology,4.0,5099.18,
PT-6848,Jerry Mcgee,2026-02-05,Cardiology,15.0,906.09,
PT-3574,Cindy Parks,2025-10-15,Cardiology,,,
PT-3657,Jeremy Flores,2026-07-11,,19.0,,
PT-7863,Miguel Brown,2026-05-26,Neurology,21.0,8568.21,
PT-4332,Brittany Thomas,2025-10-05,Neurology,7.0,9062.43,
PT-1515,Felicia Garcia,2025-09-23,   Cardiology,8.0,3603.36,
PT-2137,David Hatfield,2026-05-07,Cardiology,16.0,3182.56,
PT-3382,,2026-07-06,   Cardiology,4.0,13107.76,
PT-2651,Michael Hernandez,2024-10-05,Oncology   ,10.0,4743.77,
PT-6666,Tammy Ballard,2024-12-12,   Cardiology,8.0,10974.04,
PT-2267,Brian Cross,2026-02-10,Neurology,1.0,"£7,162.87",
PT-9105,Lisa Hubbard,2024-11-01,Neurology,1.0,11375.34,
PT-1379,Brianna Floyd,2025-09-08,Pediatrics,7.0,6757.15,
PT-7528,Heidi Richards,2025-08-01,Cardiology,26.0,9410.73,
PT-9493,Darrell Mccarthy,2026-07-28,Oncology,,508.11,
PT-8697,Aaron Weeks,2026-03-14,Oncology,8.0,11055.99,
PT-9970,Katherine Martinez,2026-03-20,Cardiology,16.0,,
,Brendan Sanchez,2026-09-04,Cardiology   ,2.0,4833.04,
PT-3323,William Clark,2026-04-05,Neurology,5.0,9935.94,
PT-7584,Matthew Ortiz,2025-08-31,Cardiology,12.0,"£9,893.76",
PT-9659,Michaela Hayes   ,2024-12-18,Pediatrics,,"£9,958.44",
PT-1903,Kimberly Foster,2025-06-02,Cardiology,16.0,"£11,904.64",
PT-5097,   Amy Monroe,2024-12-31,Cardiology,8.0,12246.87,
PT-3649,Dustin Holmes   ,2024-10-12,Neurology,4.0,"£8,116.38",
PT-3445,James Armstrong,2026-06-19,Oncology,14.0,2370.77,
PT-1445,Amber Whitney,2025-11-07,,25.0,"$9,908.18",
PT-3317,Tiffany Taylor   ,2025-11-27,Oncology,22.0,,
PT-9463,Kayla Smith,2025-05-01,Neurology,16.0,14634.7,
PT-8194,Todd Waller,2024-11-05,   Oncology,30.0,10697.32,
,Patrick Gomez   ,2024-10-30,Neurology,27.0,,
PT-9806,,2025-03-21,Pediatrics,30.0,5500.4,
PT-7476,Stacey Fuller,2025-02-09,Pediatrics,,"£6,485.87",
PT-5399,Taylor Gonzalez,2026-06-14,Pediatrics,30.0,9928.03,
PT-3986,Heather Bautista DVM,2026-01-18,Neurology,17.0,9052.38,
PT-7925,Tiffany Cook,2024-12-30,Pediatrics,1.0,4692.58,
PT-8968,Chelsea Shepard,2025-09-11,Neurology,11.0,5778.55,
PT-7508,,2025-02-06,Oncology,15.0,8466.85,
PT-5729,Michele Savage,2026-08-26,Cardiology,9.0,14689.61,
,Patricia Anderson,2025-09-28,Cardiology,12.0,1747.78,
PT-9606,Alyssa Wilson,2025-10-28,,30.0,5522.74,
PT-5110,Kendra Greene,2025-05-10,Pediatrics,26.0,6978.7,
PT-7709,   Alyssa Rush,2026-06-26,Neurology,4.0,"$5,230.00",
PT-9193,Aaron Potter,2026-01-30,Pediatrics,7.0,14021.12,
PT-3227,Charles Gonzales,2025-08-16,Neurology   ,1.0,"$3,047.93",
PT-7218,   Kenneth Scott,2025-02-28,Pediatrics,8.0,,
PT-7437,Kristina Smith,,Oncology,16.0,"£1,456.97",
PT-8182,Robert Nunez   ,2025-08-16,Oncology,5.0,8346.19,
PT-4717,Matthew Shaw,,Cardiology,27.0,13264.96,
PT-8497,,2024-09-14,Oncology,5.0,13281.31,
PT-2544,Angela Ward DDS,2025-10-04,Pediatrics,10.0,4674.08,
PT-4081,Michelle Hansen,2026-01-07,Pediatrics,3.0,12969.46,
PT-3326,Melissa Wallace,2025-04-24,Pediatrics,3.0,"£11,724.22",
PT-4649,Tom Thompson,2025-07-11,Cardiology,2.0,7462.26,
PT-2287,Kyle Hodges,2026-06-04,Oncology,2.0,12742.72,
,James Nichols,2025-05-08,Pediatrics,19.0,12504.09,
PT-2005,Victoria Brock,,Neurology,16.0,"$10,203.16",
PT-3539,Melissa Davenport,2025-07-23,Oncology,19.0,5740.67,
PT-6874,Mark Leon,2025-03-26,,26.0,"$9,728.50",
PT-7736,Sandra Kelley,2024-12-09,Pediatrics,30.0,14888.76,
PT-9538,Tracy Luna,2025-12-09,Oncology,12.0,2664.35,
PT-8158,David Reese,2026-05-29,,11.0,1892.85,
PT-1552,Ashley Welch,,Cardiology   ,1.0,8939.26,
PT-5947,Christina Lawson,2025-08-27,Neurology,6.0,1294.39,
PT-4138,   Nicholas Green,2025-05-20,Cardiology,21.0,,
PT-7111,Kaitlyn Johnson,2025-10-24,Cardiology,8.0,12675.39,
PT-2844,Maurice Vincent,2024-09-27,Cardiology,3.0,4038.23,
PT-4998,Nathan Mcmahon,2025-04-01,Pediatrics,16.0,3181.73,
PT-3212,Thomas Beasley,2025-01-29,Pediatrics,1.0,"$11,214.02",
PT-7066,Harry Wade,2024-11-10,Pediatrics,1.0,"£10,616.42",
PT-5451,Sarah Price,2025-12-06,Pediatrics,23.0,11741.88,
PT-2707,,2024-09-29,Cardiology,30.0,6025.8,
PT-4322,Maria Williams,2026-01-31,,9.0,"£4,594.26",
PT-3379,Alyssa Chang,2024-10-25,   Cardiology,27.0,1316.17,
PT-3067,Lisa Green,2025-02-23,Pediatrics,21.0,"$4,366.17",
PT-6219,Calvin Morales,2025-08-20,,17.0,3303.35,
,Sydney Ruiz,2025-12-22,Neurology,10.0,,
PT-1533,Mr. Danny Marsh   ,2024-09-22,Pediatrics,6.0,,
PT-3939,Sarah Paul,2025-03-25,Cardiology,16.0,10923.36,
PT-9824,Cassandra Farmer,2025-07-31,Cardiology,17.0,2222.2,
PT-5066,Jennifer Reyes,,   Oncology,19.0,8666.06,
PT-8991,Kristin Keller,2025-03-07,Pediatrics,13.0,"£6,699.03",
PT-7969,Patricia Howard,2025-11-23,   Cardiology,19.0,4762.31,
PT-8474,Mark Lopez,2025-06-29,Neurology,22.0,7196.09,
PT-6329,Pamela Ashley,2025-07-20,Pediatrics,3.0,,
PT-6662,Kimberly Miller,2026-08-09,Cardiology,9.0,6391.14,
PT-1592,Suzanne Herrera,2025-07-13,Cardiology,11.0,8600.4,
PT-5017,Matthew Holloway,2026-01-03,   Oncology,27.0,"£14,137.15",
PT-5166,Nicholas Kelly,2024-10-31,Oncology,2.0,6603.64,
PT-8231,Scott Hamilton,2025-09-15,Neurology,,2508.79,
PT-7308,Jacob Carter,2025-02-27,Neurology,11.0,14972.12,
PT-3475,Allison Boyle,2026-06-04,Oncology,9.0,7026.58,
PT-7319,Rebecca Barr,2025-03-28,Oncology,12.0,2924.57,
PT-8621,Michael Dunn,2026-07-06,Neurology,9.0,"£12,921.27",
PT-4830,Michael Shannon,,Oncology,27.0,4915.49,
PT-8113,Jeffrey Chen MD,2025-09-10,Oncology,30.0,10023.52,
PT-7621,Wendy Turner,2026-05-10,   Neurology,23.0,4539.48,
PT-6296,James White,2026-03-31,,22.0,8827.44,
PT-1613,,2025-03-12,Pediatrics,15.0,"£7,136.47",
PT-1172,Christine Bentley,2024-12-13,Neurology,,13830.28,
PT-2307,Crystal Brown,2025-10-07,,9.0,10710.88,
PT-6166,Amanda Johnson,2025-07-25,Cardiology   ,4.0,14963.54,
PT-2936,Kyle Hoffman,2025-01-05,Oncology,3.0,9454.8,
PT-9698,Sandra Woods,2026-07-27,Pediatrics,19.0,1846.12,
PT-9927,Ellen Thompson,2025-03-20,Neurology,13.0,"£13,580.81",
PT-6093,Alexander Jones,2026-09-04,Pediatrics,21.0,"£7,015.93",
PT-1960,Diana Salinas,2025-05-10,Oncology,27.0,3442.61,
PT-5288,Robert Roberts,2025-12-29,Cardiology,6.0,14598.3,
PT-4379,Courtney Browning   ,2024-12-30,Neurology,12.0,3022.21,
PT-1778,Christian Robinson,2026-08-10,Oncology,3.0,572.26,
PT-1061,Nicole Bradley,2025-05-14,Neurology,,"$1,952.33",
PT-9142,Corey Smith,2025-09-12,Cardiology,18.0,11987.13,
PT-5452,Debra Day,2026-07-03,   Pediatrics,27.0,10912.63,
PT-2708,Bryan Andersen,2025-09-12,Pediatrics,19.0,14865.62,
PT-1129,Zachary Francis   ,2024-11-21,Cardiology,15.0,12142.61,
PT-4307,Amber Robinson   ,2025-11-23,Cardiology,11.0,14496.57,
PT-3158,Russell Lee   ,2025-08-20,   Oncology,3.0,2344.78,
PT-2746,Stefanie Miller,2025-09-12,Pediatrics,3.0,8173.49,
,,2025-08-12,Cardiology,2.0,8098.81,
PT-4313,Nathan Gonzalez Jr.,2025-08-01,Pediatrics,6.0,"$9,636.06",
PT-8160,Clinton Schultz,2025-06-29,Neurology,,2094.61,
PT-2146,Leslie Willis,2025-02-20,Neurology,11.0,5366.89,
PT-5035,Scott Burton,2024-12-28,Pediatrics,15.0,14844.3,
PT-3678,Gregory Nguyen,2026-05-30,Oncology,11.0,12812.71,
PT-2262,Ms. Donna Moore   ,2025-03-29,Cardiology,2.0,5752.79,
PT-6386,Christopher Rodriguez,2026-02-17,Neurology,21.0,14160.7,
PT-6483,Marie Fitzpatrick,2025-02-11,Cardiology,30.0,9154.61,
PT-4396,Candace Tran,2025-06-04,Oncology,10.0,"£14,406.04",
PT-4658,Travis Bridges,2025-05-20,Oncology,2.0,4852.48,
PT-3832,Scott Williams,2026-06-14,Oncology,20.0,9656.61,
PT-7449,Kyle Guerrero,2026-02-12,Cardiology,17.0,6505.13,
PT-8687,Mary Macias,2025-08-11,   Pediatrics,13.0,4404.46,
PT-2316,Mandy Johnson,2026-08-08,Oncology,2.0,2264.47,
PT-7106,Joshua Wagner,2024-11-28,Neurology,25.0,11590.66,
PT-5578,Suzanne Randolph,2025-03-28,,,4583.18,
PT-5742,Michelle Adams,2025-01-04,Cardiology,30.0,"£14,057.08",
PT-1577,   Jeanette Hicks,2025-07-13,Cardiology,30.0,10858.15,
,Deborah Harris,2024-11-12,Pediatrics,18.0,7813.3,
PT-5686,Nicholas Collins,2025-04-11,Neurology,28.0,8273.79,
,,2026-01-14,Neurology,4.0,"£11,763.20",
PT-8921,Michael Kim,,Neurology   ,3.0,"£2,381.32",
PT-3607,Caleb Castillo,2024-09-23,Cardiology,6.0,2564.31,
PT-1133,Ms. Krista Jones,2026-03-18,Cardiology,16.0,,
PT-5364,Bernard Banks,2025-11-27,Oncology,4.0,2341.78,
PT-3403,,2025-09-05,Pediatrics,12.0,1561.64,
PT-3787,Rebecca James,2025-11-15,Cardiology,,4230.61,
PT-1809,Jeffrey Thomas,2025-03-14,Pediatrics,25.0,843.94,
PT-8582,Kerri Williams,2025-11-10,Cardiology,24.0,11898.37,
,   Philip Ford,2026-06-28,Pediatrics,6.0,1576.22,
PT-2278,Jeffrey Ross,2025-11-27,Oncology,7.0,12160.12,
PT-3168,Tracy Andersen,,Cardiology,27.0,3261.31,
PT-9274,Pamela Perez,2026-09-09,Cardiology,24.0,11115.68,
PT-3206,Christina Marshall,2026-04-05,Pediatrics,4.0,2167.53,
,Dr. Leah Thompson,2026-02-03,Pediatrics,11.0,5444.86,
PT-2718,Bryan Williams,,Oncology,10.0,,
PT-3359,Anthony Smith,2025-02-23,Pediatrics   ,6.0,4989.51,
PT-7592,Timothy Duran,2026-01-17,Oncology,25.0,6229.42,
PT-4469,Mary Burgess,2024-11-04,Pediatrics,17.0,2905.59,
PT-3645,Susan Robinson   ,2025-09-11,Pediatrics,24.0,10669.46,
PT-5886,Morgan Fisher   ,2024-10-28,Cardiology,15.0,14258.47,
PT-9625,Isabella Evans,2026-08-12,   Pediatrics,24.0,971.88,
,Benjamin Ford,2025-04-19,Neurology,3.0,6648.6,
,William Hammond,2026-08-10,Neurology,14.0,5542.38,
PT-7282,James Russell,2026-07-23,Pediatrics   ,,5701.01,
PT-8011,Michael Haney   ,2026-01-11,Pediatrics,1.0,,
PT-4069,Donna Burton,2025-03-25,,27.0,8220.81,
PT-7912,Stephen Garcia,2025-05-23,Oncology,25.0,"$12,772.16",
PT-6615,Kari Russell,2025-09-04,Pediatrics,30.0,10188.78,
PT-3171,John Thomas,2026-07-31,Neurology,27.0,"$3,616.87",
PT-6583,Stephen Holden,2026-09-07,Neurology,20.0,10812.95,
PT-8246,Claudia Mcfarland,2025-09-27,Neurology,,9050.65,
,Lori Miles,2025-11-22,Cardiology,8.0,1742.28,
PT-8101,Anthony Lee,2026-05-23,Pediatrics,28.0,13106.55,
PT-6882,Dr. Sandra Bridges MD,2026-08-22,Neurology,27.0,6546.97,
PT-9835,Isabella Williams,2025-09-22,Oncology,30.0,"$2,064.30",
PT-8154,Brooke Smith,2025-04-14,   Neurology,9.0,"£7,340.23",
PT-6543,Gary Gentry,,Oncology,17.0,,
PT-9079,Dominique Ellis,2024-12-19,Cardiology,2.0,7202.25,
PT-6126,Cynthia Flowers,2025-02-06,Pediatrics,13.0,,
PT-9606,,,Oncology,26.0,9172.32,
PT-8263,Dawn Morgan,2026-06-12,Neurology,27.0,"$14,909.93",
PT-6251,Tristan Rice,2026-08-01,Neurology,21.0,4444.75,
PT-6983,   Robert Perkins,2026-04-01,Cardiology,23.0,13169.0,
PT-8203,   Lisa Scott,2025-01-14,Pediatrics,11.0,8609.16,
PT-6979,Lori Andersen,2025-03-20,Oncology,18.0,"£6,625.38",
PT-2547,   Phillip Jacobs,2026-08-08,,21.0,"£8,380.23",
PT-4164,Heather Brown,2025-07-30,Cardiology,17.0,4796.89,
PT-7444,   Kathryn Gardner,2026-08-11,Oncology,23.0,5044.29,
PT-8885,Scott Curtis,2025-04-18,Pediatrics,16.0,613.49,
PT-5977,Frank Patterson,2025-07-21,Cardiology,20.0,14325.71,
PT-4168,Haley Ross,2024-10-23,Neurology   ,23.0,14378.23,
PT-6315,Sherry Day,2026-08-30,Oncology,,12363.77,
PT-4674,Alexis Davis,2024-09-26,,6.0,6043.01,
PT-5466,Timothy Mercado,2026-05-05,Pediatrics,4.0,11483.63,
PT-8935,Thomas Murray,2026-07-07,Neurology,5.0,"$5,062.46",
PT-1619,Maria Parker   ,2024-12-28,Pediatrics,19.0,9354.85,
PT-9533,Jeremy Steele,2026-06-23,   Cardiology,,"£14,912.74",
PT-2765,Timothy Perez,2025-09-26,Neurology,29.0,1273.92,
PT-5614,Timothy Wells,2025-05-31,Cardiology   ,14.0,13018.17,
PT-7641,,,Cardiology,13.0,6414.62,
PT-5406,Anthony Arnold,2024-11-13,Oncology,27.0,9758.81,
PT-5672,Amanda Stout,2026-08-11,Neurology,16.0,11932.8,
,Sarah Russo,2025-07-07,Neurology,21.0,10232.13,
PT-7299,   Patrick Wilson,2025-03-29,Neurology,22.0,11210.5,
PT-3708,Dennis Cabrera,2025-05-17,Neurology,18.0,11169.26,
PT-1619,Dan Saunders,2026-01-20,Cardiology,8.0,7625.7,
PT-3151,Daniel Lewis,2025-03-24,Oncology,2.0,3249.01,
PT-2475,Matthew Johnson,2025-01-08,Cardiology,,"£8,596.08",
PT-6049,Patrick Reed,2025-12-25,Pediatrics,18.0,2174.92,
PT-6920,Tiffany Mitchell,2026-02-12,Oncology,27.0,12442.25,
PT-8612,Lori Hawkins,2024-10-23,Cardiology,24.0,10437.74,
PT-2662,Crystal Harrison   ,2025-10-10,Cardiology   ,2.0,5757.62,
PT-7426,   John Alvarado,2025-02-28,Cardiology,1.0,14093.63,
PT-9583,Cesar Townsend,2024-09-19,Oncology,20.0,6442.58,
PT-2432,Dr. John Miller Jr.,2025-09-23,Neurology,3.0,2890.1,
PT-8308,Teresa Thomas,,Oncology,6.0,"$3,697.30",
PT-5187,Gregory Williams,2025-01-14,Oncology,24.0,11907.25,
PT-1798,   James Smith,,Cardiology   ,14.0,7942.7,
PT-5068,Felicia Chase,2026-08-21,Pediatrics,19.0,4716.26,
,Jeffrey Benjamin,2025-10-30,   Pediatrics,11.0,13591.74,
PT-2263,Emily Ochoa,2025-01-31,Cardiology,30.0,13278.52,
PT-5734,Erin Gill   ,2025-12-04,Pediatrics,,"$11,649.68",
PT-4789,Michael Munoz,2024-09-25,Cardiology,27.0,10690.41,
PT-8901,Brooke Castro,2024-09-24,Pediatrics,30.0,11525.15,
PT-7211,Travis Vincent   ,2025-06-15,Cardiology,,4555.98,
PT-1799,Ronald Ramirez,2025-01-22,Neurology,22.0,4392.34,
PT-3892,   Valerie Jensen,2025-07-28,Cardiology,23.0,7577.15,
PT-3137,Stephanie Rice,2024-12-21,Pediatrics,24.0,,
,Diana Brown,2025-05-14,Cardiology,3.0,5210.43,
PT-7914,Alejandra Banks,2026-03-14,Oncology,7.0,8860.19,
PT-1112,Christopher Owens,2025-02-23,Cardiology,9.0,1752.45,
PT-1981,Jasmine Stone,2026-08-03,   Neurology,2.0,5718.09,
PT-9066,Kimberly Stokes,2026-05-19,Neurology,9.0,1252.32,
PT-9203,Sarah Poole,2025-09-28,Neurology,28.0,"$10,477.90",
PT-7606,,2024-11-14,Pediatrics   ,30.0,"$3,859.69",
PT-3631,Amanda Case,2026-03-07,Pediatrics,18.0,10882.35,
PT-5803,Cassandra Jones,2026-01-13,Neurology,26.0,,
PT-7138,Sandra Rodriguez,2026-08-06,Cardiology,26.0,,
PT-9794,Chad Edwards   ,2026-04-10,Pediatrics,14.0,,
PT-2593,Terry Abbott,2025-06-13,Oncology,28.0,9844.1,
PT-4076,Charles Williams,2025-04-25,,3.0,12578.99,
PT-6676,Margaret Pitts,2025-04-15,Oncology,16.0,,
PT-1905,John Hernandez,,Pediatrics,26.0,1442.79,
PT-2453,Jonathan Dixon   ,2026-09-04,Pediatrics,,"$5,713.42",
PT-8474,Martin Perkins,2026-08-10,Cardiology,26.0,"$12,903.05",
PT-5558,   Autumn Jackson,2026-07-09,Neurology,18.0,4633.41,
PT-8434,Michael Houston,2025-05-12,Cardiology,18.0,11288.13,
PT-9172,Danielle Martinez,2026-01-17,Oncology,25.0,6713.24,
PT-4339,Joshua Green,,Cardiology,23.0,,
PT-8432,Julie Williams,2026-08-10,Oncology,10.0,"$2,180.75",
PT-4205,Melissa Collins,2024-12-20,Neurology,22.0,7201.53,
PT-2183,Grant Proctor,2024-11-27,Cardiology,1.0,"£3,101.76",
PT-5725,   Joshua Jones,2024-11-21,Neurology,,11993.68,
PT-2758,Jonathan Matthews,2024-09-22,   Cardiology,1.0,10335.71,
PT-8687,Jennifer Elliott,2026-02-18,Cardiology,27.0,12023.06,
,Jonathan Holland   ,2026-08-03,,7.0,,
PT-6156,Caitlin Gaines,2026-08-02,Oncology,24.0,1359.49,
,Jennifer Martin,2026-07-01,Oncology,22.0,10422.53,
PT-5095,   Joel Perez,2024-10-08,Pediatrics,15.0,5935.74,
PT-6895,Austin Collins,2024-11-09,Cardiology,20.0,6139.93,
PT-8490,George Thornton,2025-08-06,Cardiology,26.0,10775.01,
PT-6647,Mitchell Kirk,2025-11-29,Oncology,28.0,4179.73,
PT-9341,Jennifer Williams,2025-06-07,Oncology   ,8.0,11874.72,
PT-9246,Gloria Oneill,2025-03-31,   Oncology,20.0,14311.72,
PT-5187,Melissa Hanson,2025-08-28,   Neurology,23.0,"£11,228.90",
PT-8119,Tristan Hoffman,2025-12-15,   Neurology,17.0,10279.16,
PT-9262,Mr. Edward Blackwell DVM,2024-09-21,Pediatrics,3.0,"£13,306.92",
PT-9712,Robert Richardson,,Neurology,6.0,13228.3,
PT-6514,   Lindsay Houston,2025-03-03,Pediatrics,11.0,4163.77,
PT-4692,Cynthia Clark,,,17.0,6814.32,
PT-1558,Hailey Smith DDS,2024-09-14,Neurology,20.0,5787.14,
PT-8423,Mr. John Meyer,2025-09-14,Cardiology,1.0,1665.59,
PT-5210,Sheri Buck,2026-04-27,Pediatrics,2.0,12253.06,
PT-4648,Caroline Page,2024-11-11,Pediatrics   ,11.0,4983.5,
PT-5714,Renee Reese   ,2025-11-22,Oncology,2.0,8899.52,
PT-1029,Destiny Booth,,Oncology,11.0,3302.8,
PT-3890,Anthony Lopez   ,2026-02-25,Cardiology,17.0,4853.58,
PT-8497,,,Pediatrics,8.0,12980.47,
PT-9888,Isabella Hernandez,2024-11-13,Neurology,7.0,"$3,159.45",
PT-4564,Cody Nelson   ,,Neurology,3.0,12727.11,
PT-3171,Taylor Tate,,Cardiology,1.0,"$12,618.16",
PT-7528,James Espinoza,2026-04-23,Neurology,14.0,9009.59,
PT-8927,Willie Owens   ,2025-02-08,Cardiology,14.0,13430.71,
,Stephanie Barry,2025-09-06,Pediatrics,8.0,10214.52,
PT-4592,Jared Wilson,,Pediatrics,25.0,2277.12,
PT-9043,Lawrence Johnson,2024-12-13,Neurology,23.0,"£7,317.93",
PT-6659,Michael Garcia,2026-08-10,Oncology,3.0,8082.38,
PT-3761,   John Garcia,2026-07-11,Oncology   ,7.0,3838.77,
PT-6019,Jesse Jones,2025-03-19,   Oncology,5.0,2896.34,
PT-1632,Sharon Brown,2025-04-14,Cardiology   ,11.0,,
PT-9463,Cassandra Golden,2026-01-04,Cardiology,20.0,1030.2,
PT-1066,Melissa Allen,2024-10-20,   Oncology,12.0,14858.18,
PT-7817,Tracey Burke,2026-06-21,Pediatrics,26.0,12795.02,
PT-9508,Briana George,2024-11-12,Pediatrics,12.0,8099.73,
PT-7138,Edwin Gill,2024-12-31,,19.0,,
,Christine Turner,2026-01-24,Cardiology   ,12.0,2762.61,
PT-8708,,2025-11-01,Oncology   ,21.0,8264.49,
PT-6402,Brandon Carroll,2025-12-23,Oncology,15.0,"£6,828.17",
PT-9567,Kenneth Taylor,2024-09-27,Oncology,,11766.53,
PT-5774,Andrew Nelson,2026-08-23,Pediatrics,10.0,12961.38,
PT-1349,Tina Madden,2025-11-22,,13.0,5889.3,
PT-5326,Mr. Walter Nelson,,Neurology,12.0,4508.08,
PT-1294,Cassie Poole,2025-02-27,Cardiology,11.0,8429.54,
PT-4633,Sarah Bowers,2026-07-07,Oncology,18.0,8714.01,
PT-9827,Jennifer Rodriguez,2025-03-20,Cardiology,21.0,1045.66,
PT-8031,Angela Jordan,2024-09-22,Oncology,25.0,14844.96,
PT-2217,Darryl Cruz,2024-10-17,Cardiology   ,27.0,9308.2,
PT-2206,Kathleen Cooper,2025-07-25,Neurology,8.0,4662.19,
PT-7334,Amanda Blackwell,2025-11-11,Neurology,28.0,8439.32,
PT-8910,   Michael Ferguson,2025-05-28,Cardiology,4.0,"$4,732.61",
PT-7709,Janice Smith,2025-08-27,,4.0,"£3,128.65",
PT-8894,,2025-04-29,Neurology,4.0,4938.92,
PT-8750,Angela Barry,2025-06-11,Cardiology   ,18.0,12275.03,
PT-1589,   Melissa Simmons,2025-12-21,Neurology,12.0,"$13,264.91",
PT-2919,Wanda Allen,2025-05-02,Neurology,22.0,792.38,
PT-2107,Dakota Moore,2025-08-21,Pediatrics,7.0,5176.43,
PT-9451,Scott Bruce,2026-03-17,Pediatrics,15.0,6458.72,
PT-9174,Amanda Cabrera,2026-09-08,Pediatrics,4.0,"$7,777.34",
PT-6550,Mark Schultz   ,2025-07-08,Oncology   ,8.0,2099.51,
PT-9827,Sheryl Johnson,2025-08-09,Neurology,,12237.67,
PT-3961,Renee Jones,2025-04-03,Cardiology,5.0,"£2,616.46",
PT-1926,Jamie Thompson,2024-12-10,Oncology,4.0,7793.66,
,Michael Randall,2025-01-06,Oncology,21.0,3896.99,
PT-2048,Regina Frank,2025-11-27,Neurology,13.0,"$1,512.34",
PT-6048,Mrs. Maria Harrell,2026-02-25,Oncology   ,21.0,14594.11,
PT-6511,Eddie Smith,2025-03-19,Cardiology,22.0,6174.54,
PT-1057,Jennifer White,2025-03-29,Cardiology,8.0,8836.04,
,Robert Parker,,Pediatrics,12.0,6317.2,
,Eric Porter,2025-08-01,Neurology,17.0,14914.2,
PT-6311,Robert Taylor,2026-01-31,,5.0,3367.91,
PT-9619,   Stephanie Harris,2025-01-13,Cardiology   ,29.0,830.28,
PT-1909,Sean Vasquez,2025-02-28,Oncology,1.0,2946.95,
PT-5161,Rachel Reyes,,Cardiology,18.0,8342.14,
PT-7423,Eric Brown,2025-07-11,Cardiology   ,27.0,3130.22,
PT-8333,Kelly Lozano,2025-03-03,Cardiology,15.0,7893.49,
PT-1902,Lauren Webb,2024-10-08,Neurology,11.0,,
PT-9614,Christine Hernandez,2026-06-22,Pediatrics,1.0,6701.1,
PT-8551,Amber Mills,2025-09-23,Pediatrics,4.0,1068.22,
PT-4912,Jennifer Christian,2026-02-27,Cardiology,2.0,"$12,544.43",
PT-9853,Kelli Blair,2026-02-24,Pediatrics,13.0,2407.19,
PT-7560,Julia Chambers   ,2025-08-06,Cardiology,15.0,1563.92,
PT-8969,Richard Terrell,2025-05-08,Oncology,25.0,778.8,
PT-5889,John Dyer,,Pediatrics,,7061.17,
PT-5342,Mrs. Crystal Lopez MD,2026-03-22,Neurology,14.0,12468.88,
PT-2888,Christina Ferguson,2025-01-19,Oncology,14.0,10323.94,
PT-8951,,2025-12-14,Pediatrics,2.0,"$12,387.74",
PT-4936,Paul Miranda,2026-06-30,   Neurology,5.0,10962.25,
PT-3085,Heather Hebert,2024-12-08,Oncology,13.0,13665.53,
PT-6955,,2025-09-18,Cardiology,2.0,821.05,
PT-5817,Misty Brown,2025-02-04,Pediatrics,6.0,12080.37,
PT-2349,Michelle Dorsey   ,2026-06-13,Neurology,,6716.48,
PT-3290,Anthony Wallace,2026-06-10,Pediatrics,24.0,10694.59,
PT-4472,Michael Jones,2025-10-20,Neurology   ,16.0,9039.26,
PT-1892,Connor Orozco,2026-08-29,Oncology,21.0,"$8,355.39",
PT-4539,   Elizabeth Ford,2025-07-19,Oncology,9.0,3025.59,
PT-9350,Mark Williams   ,2026-05-20,Oncology,9.0,"$11,799.46",
PT-5407,Anna Hall,2025-02-18,Neurology,22.0,2643.32,
,Cody King,2026-07-23,Pediatrics,10.0,5138.86,
PT-4167,Donna Cunningham,2025-09-18,Oncology,17.0,8586.52,
PT-8268,Teresa Bennett,2026-05-01,Oncology,,3432.99,
PT-6957,Robert Richards,2026-04-11,Oncology,17.0,"£8,806.77",
PT-7825,   Brian Perry,2025-07-29,Pediatrics,23.0,"£4,838.29",
PT-6375,Charles Jones,2026-05-25,Oncology,14.0,,
PT-1867,Benjamin Miller,2025-11-16,Oncology,25.0,14034.88,
PT-2454,David Briggs,2026-07-15,Neurology,,"$5,269.08",
PT-9273,Bryan Lewis,2025-09-28,Neurology,20.0,13772.69,
PT-8470,Dale Graves,2025-11-10,Neurology,30.0,7554.33,
,Rodney Morris,2025-05-27,Cardiology,19.0,2848.31,
PT-3696,Jason Vaughn,2026-01-25,Oncology,3.0,"£12,833.02",
PT-8969,John Taylor,2026-03-28,Neurology   ,27.0,11862.37,
PT-1133,   Veronica Sweeney,2025-05-26,,15.0,5126.42,
PT-1827,Julia Terrell,2026-04-19,Cardiology,15.0,6889.96,
PT-5339,Melanie Carney,2024-10-14,Oncology,19.0,"£4,120.41",
PT-5445,Ann Levy,2025-11-13,Neurology,9.0,"$10,100.02",
PT-4182,Leslie Choi,2025-09-11,Cardiology,27.0,1170.32,
PT-3728,Jennifer Baker,2025-08-05,   Neurology,9.0,7280.41,
PT-1657,Shane Mckinney,2026-02-25,   Neurology,28.0,"£13,318.94",
PT-4908,Alisha Miller,2025-04-01,Pediatrics,17.0,9123.11,
PT-9273,Wanda Allen,2026-08-08,Oncology,,12701.3,
PT-7920,Helen Olsen,,Cardiology,17.0,"£4,044.84",
,Lisa Rubio,2026-05-30,Cardiology,10.0,6431.13,
PT-3416,Nicole Gutierrez,2026-02-05,Pediatrics,14.0,"$5,852.48",
PT-4522,Sarah Walker,2025-11-25,Neurology,30.0,4420.83,
PT-3885,Michelle Wright,2026-07-05,Pediatrics   ,2.0,,
PT-8885,Kevin Wilkerson,2026-07-19,Neurology,14.0,"£12,406.93",
PT-9594,Chris Williams,2026-08-28,Neurology,23.0,13804.09,
PT-9826,Christopher Freeman,2026-03-30,Oncology,12.0,9464.66,
PT-7102,Dawn Sweeney,2026-01-14,Cardiology   ,11.0,"£10,120.94",
PT-5574,Maria Ali,2025-06-14,Neurology,6.0,3087.29,
PT-1903,Ellen Hernandez,2024-11-19,Cardiology,15.0,6272.64,
PT-5383,Samantha Davis,2026-01-30,Neurology,26.0,"$5,078.60",
PT-3281,Laura Ramos,2026-07-03,Oncology,14.0,13781.86,
PT-2432,Jason Anderson,2025-07-25,Oncology   ,16.0,9220.44,
PT-6513,Rachel Burke,2026-06-19,Cardiology,16.0,9520.25,
PT-4211,William Green,2024-11-30,Neurology,24.0,3141.89,
PT-5614,Jennifer Cooke,2025-03-23,Neurology,19.0,,
PT-5256,Stephen Howard,2025-07-26,Oncology,14.0,4079.24,
PT-6800,Andre Scott,2025-11-20,Cardiology,13.0,1108.59,
,Sharon Brown,2025-02-02,Pediatrics,14.0,10496.63,
PT-6450,Brittany Leonard,2025-04-29,Cardiology,3.0,1662.8,
PT-9353,Robert Riley,2026-08-14,Neurology,29.0,2122.95,
PT-6829,Jill Parker,2025-01-08,Oncology,26.0,7847.78,
PT-8218,Holly Moore,,Neurology,19.0,13497.01,
PT-9123,Suzanne Nelson MD   ,2025-06-18,Neurology,25.0,9192.68,
PT-2012,Latasha Crosby,2025-12-20,Cardiology,10.0,602.73,
PT-7007,Michelle Ballard,2024-11-29,Oncology,18.0,7763.98,
PT-1475,Tara Warner,2025-12-29,   Cardiology,10.0,,
PT-8031,Melinda Bell,2024-12-21,Cardiology   ,29.0,8120.36,
PT-6201,Jessica Hart,2024-12-09,Neurology   ,20.0,13844.99,
PT-7918,Kevin Vaughn,2025-06-17,Pediatrics   ,2.0,10257.34,
PT-2135,James Castillo,2025-11-26,Cardiology,26.0,6578.63,
PT-2953,Adrienne Walters,2025-08-20,Cardiology,26.0,6536.74,
,Jennifer Moore,2024-11-25,Neurology,22.0,1705.98,
PT-9070,Scott Butler,2026-06-18,Pediatrics,10.0,8021.22,
PT-1713,Karen Dalton,2026-08-11,Cardiology,20.0,,
PT-6249,Brandy Williams,2025-01-08,Oncology,8.0,4021.75,
PT-8294,Karen Green,2025-06-16,Pediatrics,2.0,8249.88,
PT-1034,Nancy Kelley,2026-07-15,Cardiology   ,8.0,13191.78,
PT-7545,Sara Cole,2026-01-03,   Neurology,8.0,3067.76,
PT-6196,Douglas Ryan,2026-01-24,Pediatrics,15.0,534.2,
,David Flores,2026-07-01,Oncology,27.0,"£11,377.43",
PT-4690,Brian Shaffer,2026-07-04,Cardiology,21.0,14873.61,
PT-7340,Susan Graham DVM,2025-08-05,Oncology,3.0,,
PT-3223,Alicia Lucas   ,2025-04-17,Pediatrics,6.0,6608.06,
PT-8231,Jesse Kim,2025-09-22,Neurology,11.0,2737.91,
PT-6036,Rebekah Patterson,2024-12-07,Pediatrics,11.0,"$5,044.12",
PT-6260,Jonathan Howard,2025-01-26,Pediatrics,29.0,5065.35,
PT-5802,Jeffery Valentine,2025-06-13,Cardiology,19.0,,
PT-4028,Leah Walker   ,2025-04-27,Pediatrics,19.0,"$9,397.64",
PT-5405,Charles Burton,2024-10-11,Pediatrics,16.0,4068.78,
PT-4669,James Jones,2024-11-09,Oncology,5.0,4574.02,
PT-1991,Teresa Juarez,2026-06-12,Cardiology   ,3.0,1310.91,
PT-1426,Stacy Graves,2024-12-17,Pediatrics,16.0,1261.19,
PT-3903,Daniel Johnson,2024-09-21,Cardiology,23.0,"$13,526.31",
PT-5695,Julie Craig,2025-03-19,Pediatrics,11.0,9359.99,
PT-4909,Anthony Roberts   ,2025-03-28,Cardiology,21.0,6219.31,
,Eric Montgomery,2025-02-12,Cardiology,16.0,5777.71,
PT-3012,Gabrielle Ward,2024-11-01,   Neurology,25.0,12871.09,
PT-4930,Sarah Cannon,,Neurology,14.0,"$4,399.70",
PT-4804,Cheyenne Powell   ,,   Pediatrics,18.0,"$6,452.77",
PT-1737,Brandy Sanford,2026-03-29,Oncology,22.0,9265.51,
PT-8881,,2024-11-15,Neurology,11.0,6040.43,
PT-3932,Dennis Webb,2025-07-03,Neurology,14.0,"£14,539.60",
PT-4455,Caleb Morgan,,   Pediatrics,6.0,"$4,776.68",
PT-9753,Elizabeth Stevenson,2025-10-22,,13.0,,
PT-3671,Jesse Hobbs,,Pediatrics,30.0,9955.11,
PT-1896,Christopher Caldwell,2026-06-23,Pediatrics,8.0,9329.79,
PT-4806,Carrie Scott,2026-08-06,,12.0,4047.77,
PT-5034,Steven Reynolds   ,2026-07-22,   Neurology,24.0,"£8,646.09",
PT-5325,Stacy Jackson,2025-01-02,Cardiology,1.0,6686.37,
,Megan Conley,2025-02-13,Neurology   ,20.0,4036.56,
PT-1480,Kimberly Odom,2025-03-11,Oncology,21.0,8028.07,
PT-6380,Jason Fuller,2025-02-12,Pediatrics,18.0,601.74,
PT-4134,Michelle Garcia,2025-04-23,Cardiology,4.0,,
PT-8924,Kimberly Williams   ,2024-09-28,Oncology,14.0,11485.64,
PT-9694,Zachary Maxwell,2026-05-13,Pediatrics   ,,4246.4,
PT-2788,Sheila Hamilton,2025-07-25,Cardiology,23.0,5546.0,
PT-4296,James Johnson,2024-10-15,Neurology   ,15.0,2897.98,
PT-9944,Heather Payne,2025-03-13,Oncology,4.0,9303.79,
PT-3482,Angela Sherman,2024-12-31,Neurology,4.0,7017.3,
PT-1066,Logan Cameron,2025-02-18,Oncology,9.0,9545.72,
PT-3196,Ricardo Bruce,,Neurology,4.0,2293.82,
PT-8593,Jerry Bell,2026-01-21,Neurology,24.0,13884.72,
,Albert Ballard,2026-04-30,Pediatrics,11.0,11059.3,
PT-5116,Oscar Johnston,2025-07-15,Oncology,23.0,9763.63,
PT-5429,Adam Petersen,2026-08-10,Pediatrics,23.0,"$8,915.10",
,Lisa King   ,2025-10-01,Cardiology,1.0,6910.47,
PT-3987,   Mr. Timothy White,2025-12-28,Neurology   ,15.0,2982.51,
PT-8808,   Kimberly Brown,2025-12-05,Oncology,3.0,4392.43,
PT-8567,Karen Jenkins,2024-10-27,Oncology,15.0,,
PT-6860,Leslie Jordan,2025-03-21,Pediatrics,8.0,13764.98,
PT-5220,,2026-07-14,Cardiology,30.0,8900.65,
PT-3352,Linda Turner,2024-11-07,Neurology,27.0,10390.01,
PT-1243,Julie Dyer,2025-12-11,Pediatrics,5.0,11500.6,
PT-2364,   Sharon Evans,2026-04-23,,5.0,12383.6,
PT-6697,Richard Burke,2026-03-13,   Oncology,1.0,"$13,710.97",
,Chad Baldwin,2025-09-12,Oncology,5.0,4601.29,
PT-6934,   Michael Powell,2026-08-18,Oncology,12.0,1949.3,
PT-4408,Mark Smith,2025-01-14,Cardiology,26.0,3489.37,
PT-5240,Jenny Smith MD,2025-06-22,Oncology   ,30.0,,
PT-2473,Marcia Ward,2024-11-17,Cardiology,26.0,"£4,120.19",
PT-1528,Julia Whitaker,2024-10-13,Pediatrics   ,5.0,14664.75,
PT-8428,   Alison Benson,2025-04-07,Pediatrics,24.0,1478.49,
PT-4130,,2025-04-18,Cardiology   ,15.0,"£2,636.23",
PT-8061,Kimberly Thomas,2024-11-11,Neurology   ,,13877.41,
PT-4325,   Kevin Aguirre DDS,2025-12-27,Cardiology,19.0,1488.51,
PT-3240,Joseph Welch,2026-04-19,Pediatrics,19.0,13551.59,
PT-1963,Christopher Jones,2026-06-04,Neurology,24.0,7274.75,
PT-9483,Tina Romero,2025-12-24,Oncology,10.0,5559.82,
PT-7122,Judith Lopez,2024-12-18,Pediatrics,29.0,4140.07,
PT-9572,Diane Mcdaniel,,Cardiology,17.0,13753.76,
PT-4820,Michael Brown,,Pediatrics,21.0,8793.63,
,Jo Owens,2025-04-15,Oncology,20.0,5019.82,
PT-4552,Joseph Gibson,2025-04-05,Pediatrics,,3863.56,
PT-2830,   Russell Williams,2026-01-07,Cardiology,2.0,7219.18,
PT-7039,Brooke Mcconnell,2025-04-11,   Pediatrics,29.0,9707.95,
PT-7180,Nathan Huynh,2025-03-03,Cardiology,28.0,6378.72,
PT-1277,Mr. Gabriel Lowe,2025-11-19,Cardiology,28.0,,
PT-7829,Cynthia Smith,2025-10-15,Oncology,13.0,,
PT-7286,Robert Jimenez,2025-01-06,Neurology,4.0,13339.03,
PT-2349,Michele Nielsen,2025-11-07,Oncology   ,13.0,3384.65,
PT-2968,Brandy White,2024-12-07,Pediatrics,20.0,4156.01,
PT-3656,Patrick Shaw,2025-07-20,Cardiology,17.0,2144.88,
PT-9255,Rebecca Wolf DDS,2024-12-29,Oncology,9.0,"$8,001.79",
PT-6377,Alexis Johnson,2026-06-18,Pediatrics,11.0,7908.7,
PT-8536,Matthew Stephens,2026-03-19,,3.0,,
PT-5011,Lisa Brown,2025-07-19,Pediatrics,9.0,14227.73,
PT-8615,,2025-09-02,Pediatrics,12.0,12627.67,
PT-3038,Beth Bryant,,Pediatrics,2.0,5328.7,
PT-5463,Joshua Paul,2025-11-29,Neurology,27.0,,
PT-1641,Eric White,2026-06-13,,,"£13,570.89",
PT-4895,Robert Novak   ,2026-03-28,Neurology,18.0,8558.31,
PT-6631,Kayla Moore,2026-06-18,Oncology,27.0,955.63,
PT-6565,Mike Nelson,2026-02-11,Cardiology,17.0,10038.1,
PT-9996,Dustin Davis,2025-12-04,Cardiology,13.0,14139.7,
PT-8769,David Landry,2026-08-21,Cardiology,20.0,947.1,
PT-8370,   Jo Scott,2026-02-15,Pediatrics,22.0,8574.53,
PT-7260,Katherine Lopez,2026-04-22,Neurology,3.0,5698.89,
PT-5028,Michelle Lee,2024-12-24,,10.0,11895.11,
PT-3098,Wanda Campos,2025-06-10,Oncology,10.0,13443.36,
PT-1553,,2026-04-05,Pediatrics,6.0,"$11,890.03",
PT-8232,Cathy Hull,2024-09-14,Pediatrics,10.0,12123.27,
,Joseph Pratt,2025-05-14,Neurology,22.0,11100.3,
PT-3990,Shawn Jones,2026-03-15,Pediatrics,3.0,8127.73,
PT-5264,Sharon Green,2024-12-24,Pediatrics,21.0,6622.07,
PT-3230,Mary Mitchell,2025-03-28,Neurology,,4593.62,
PT-6460,Jacob Brooks,2026-07-12,,22.0,1962.1,
PT-6925,Mary Jones,2025-11-17,Cardiology,14.0,9551.26,
PT-8351,   Karen Lawson,2026-02-16,Cardiology,17.0,"£14,068.28",
PT-1581,Rebecca Allen,2026-08-30,Neurology,17.0,2269.79,
PT-3891,Eric Moore,2024-12-20,Cardiology,3.0,8411.93,
PT-4599,Danielle Castillo,2024-12-19,Pediatrics,2.0,4763.53,
PT-4820,Cody Flores,2025-09-15,Cardiology,1.0,10714.21,
PT-2408,Charles Kennedy,2025-09-19,Neurology,,"$3,382.49",
PT-2237,Raymond Garcia,2026-04-12,Oncology,13.0,"$8,779.00",
PT-6532,Mary Little,2025-06-09,Cardiology,5.0,3961.47,
PT-3764,Juan Williams,2025-11-30,Neurology,9.0,14954.0,
PT-9220,Sarah Bishop,2026-03-15,Oncology,,811.82,
PT-8724,Angel Wallace DDS,2025-11-25,Oncology,9.0,12610.04,
PT-6717,Barry Greene,2025-07-30,Cardiology,10.0,7165.92,
PT-3991,Shelly Salazar,,Cardiology   ,,"£7,063.08",
,   Cameron Rhodes,2025-07-13,,17.0,11878.41,
PT-9711,Audrey Fowler,2026-06-01,Oncology,25.0,5586.57,
PT-8794,Diana Schultz,2026-02-06,Pediatrics,1.0,12645.54,
PT-9071,Jorge Rivera,2026-07-30,   Pediatrics,18.0,13489.77,
PT-3058,Logan Powell,2026-07-14,Cardiology,,,
PT-7758,Jason Horton,2026-02-22,Oncology,7.0,1849.01,
PT-2577,Patricia Walker,2025-08-29,Neurology,23.0,7729.75,
PT-8019,Jessica Burns,2026-07-07,Oncology,27.0,8087.0,
,Robert Brown,,Pediatrics,30.0,7037.08,
PT-2885,Jason Mendoza,2025-11-30,Pediatrics,13.0,7476.94,
PT-9669,Renee Ellis,2025-06-26,Cardiology,28.0,13662.59,
PT-5497,Jordan Hernandez,2024-12-22,Oncology,30.0,,
PT-9792,Jennifer Silva,2026-05-17,Cardiology,16.0,"£3,812.90",
PT-1302,Janice Scott,2026-05-21,Pediatrics,,13402.0,
PT-4893,Michelle Woods,2026-07-20,Pediatrics,1.0,9217.03,
PT-1344,Jeanette Austin,2026-04-15,   Oncology,,2615.26,
PT-4837,Alfred Huber,2026-09-03,Cardiology,2.0,4054.16,
PT-9538,   Lisa Zimmerman,2025-09-29,Oncology,16.0,994.83,
PT-5219,Brandon Mendoza,2025-07-02,Neurology,25.0,3036.63,
PT-5574,Jennifer Martinez,2025-08-14,Oncology,27.0,£737.72,
PT-4759,Tyler Moreno,2025-05-17,Pediatrics,3.0,"£7,705.58",
PT-7112,Daniel Krause   ,2026-07-14,Pediatrics,15.0,"£3,605.85",
PT-3032,Jose Mendoza,2025-10-12,Cardiology,13.0,8986.64,
PT-7793,,2024-12-05,Oncology,8.0,8412.49,
PT-9573,John Chavez,2025-08-03,Oncology,6.0,967.33,
PT-5196,   Duane Mcconnell,2026-03-30,Pediatrics,11.0,13526.51,
PT-2186,Dale Hood,2025-11-21,Neurology,13.0,12680.08,
,Shawn Martin,2026-05-21,Cardiology,20.0,10356.06,
PT-1528,Allison Benton PhD,2025-04-12,Pediatrics,11.0,11937.34,
PT-4766,Richard Moore,2024-09-16,Cardiology,12.0,4276.55,
PT-5948,Denise Patterson,2026-02-11,   Neurology,4.0,9158.86,
PT-4663,Kimberly Long,2024-09-23,Oncology,,1279.86,
PT-1912,   Russell Martinez,2025-02-10,Pediatrics   ,27.0,"$3,248.50",
PT-6343,Dana Howard   ,2025-08-29,,6.0,,
PT-7125,Christopher Cooper,2025-01-23,Neurology,17.0,"$2,439.17",
PT-9416,Curtis Durham,2025-07-05,Cardiology,16.0,14950.17,
PT-7156,Ronald Peters,2025-05-23,Cardiology,19.0,,
,Eric Ferrell,2026-08-27,Oncology,21.0,3628.56,
PT-3516,Cathy Rangel,2026-08-17,Oncology,,11350.1,
PT-8790,Christopher Carter,2025-09-10,Oncology,24.0,,
PT-6038,Kristin Leblanc,2025-02-07,Pediatrics,29.0,"$13,564.96",
PT-1883,Ian Phillips,2026-07-14,Pediatrics,13.0,12112.82,
PT-6732,Leslie Williams,2025-09-01,Neurology,12.0,13279.95,
PT-5559,Michael Smith   ,,Oncology,24.0,"£6,970.33",
PT-1504,Anna Archer,2025-07-06,Cardiology,18.0,932.11,
PT-2877,Melissa Barrett,2024-12-04,   Neurology,29.0,13597.55,
PT-2077,Jason Stanley,2025-05-15,Cardiology,13.0,12379.91,
PT-4113,Laura Luna,2025-11-14,,17.0,"$2,409.78",
PT-7802,   Justin Lawrence,2025-08-23,Oncology,16.0,10785.53,
PT-3908,,2025-08-03,Cardiology   ,3.0,10870.26,
PT-4613,Susan Chang,2024-12-07,Oncology,26.0,4461.55,
PT-7581,Anthony Ellis,2025-04-03,Neurology,11.0,6157.24,
PT-8514,   Edward Williams,2024-12-13,Pediatrics,17.0,10587.38,
PT-4109,Brittany Jones   ,2025-10-22,Cardiology,29.0,,
PT-4972,Monica Archer,,,18.0,"£5,463.09",
PT-2971,Michael Paul,2025-01-31,Cardiology,8.0,4625.19,
PT-3756,Carmen Mendez,2025-12-12,Neurology,18.0,11432.32,
PT-5960,Nicole Olson,2024-10-03,Cardiology,25.0,11336.99,
PT-4201,Michael Patterson,2026-01-02,Cardiology,1.0,"$6,019.76",
PT-5335,Scott Richardson,2026-02-02,,21.0,"£7,838.25",
PT-1165,Bryan Patel,2025-11-10,Cardiology,19.0,2143.59,
PT-2721,Donna Stone,2026-08-01,,25.0,11675.33,
PT-7846,Phillip Chambers,2026-01-12,Cardiology,11.0,9523.83,
PT-7179,Aaron Gonzalez,2025-10-03,Cardiology,3.0,,
PT-7966,Alejandro Wilkins,2025-09-20,Oncology,3.0,6400.44,
PT-9933,Jared Miller,2025-03-16,Oncology,9.0,3988.08,
PT-1723,Tonya Bryant,2026-04-22,Pediatrics,25.0,13542.87,
PT-4132,Logan Stout,2025-04-23,Cardiology,5.0,"£2,499.26",
PT-5994,,2026-04-01,Neurology,26.0,10101.71,
PT-2610,Robert Richard   ,2025-11-24,Oncology,3.0,9071.79,
PT-8950,   Joan Mcknight,2025-11-09,Oncology,24.0,11786.28,
PT-4203,Tanya Henderson,2025-10-12,Oncology,9.0,13417.22,
PT-5255,Timothy Harmon,2025-07-22,Cardiology,7.0,11702.52,
PT-6213,Randy Myers,2024-09-29,Cardiology,22.0,558.36,
PT-6569,Tina Hawkins,2024-11-28,Pediatrics,12.0,14355.96,
PT-3788,Mr. James Williams DVM,2026-06-02,Oncology,26.0,11076.49,
PT-7077,Hailey Skinner,2026-06-29,Cardiology,18.0,10845.83,
PT-5235,Angie Bird,2025-10-27,Oncology   ,26.0,"£10,816.41",
PT-2593,Michelle Griffith,2025-11-01,Pediatrics,2.0,641.42,
PT-5226,James Reynolds,2026-01-09,Pediatrics,20.0,11153.0,
PT-1554,Anthony Obrien,2025-10-04,Pediatrics,27.0,7695.19,
PT-8229,Kelli Burton,2026-08-03,Oncology,2.0,13735.76,
,Jordan Walker MD,2026-05-01,,27.0,9067.06,
PT-6213,Adam Wilkins,2026-06-15,Cardiology,15.0,9148.59,
PT-4359,David Parker,2025-08-03,,12.0,£853.80,
PT-2355,Kayla Bradley,2025-10-26,Pediatrics   ,1.0,14909.52,
,Mrs. Emily Gutierrez,2025-12-01,Pediatrics,8.0,"£12,107.69",
PT-3485,Brian Bryan,2025-05-17,Cardiology,8.0,1990.79,
PT-1825,Andrea Allison,2026-07-01,Cardiology,18.0,14082.96,
PT-9931,Lindsay Harris,2026-04-07,Neurology,4.0,11407.09,
PT-8990,Brian Rogers,2025-12-25,   Oncology,6.0,6421.05,
PT-7985,Mary Miller,2026-03-13,Cardiology,17.0,11713.8,
PT-9835,Sheri Powers,2025-11-09,Pediatrics,12.0,"$8,157.08",
PT-2743,Joseph Rice,2025-07-04,Oncology,15.0,2361.95,
PT-8176,Daniel Abbott,2025-01-12,Cardiology,20.0,1163.4,
PT-3951,Samuel Marshall,2025-09-06,Oncology,22.0,"$12,700.05",
PT-8955,Nathan Reed,2025-01-11,Neurology,8.0,4426.03,
,Sarah Burns   ,2024-12-21,Pediatrics,18.0,7367.44,
PT-7076,John Gordon,2026-06-20,Pediatrics,17.0,"£13,906.35",
PT-1569,Joshua Mcfarland,2025-11-04,Neurology,25.0,14612.02,
PT-3271,Lisa Odom,2025-02-22,Neurology,25.0,6634.7,
PT-8092,William Wilson,2025-11-08,Oncology,12.0,7909.26,
PT-1278,Adam Owens,2024-12-02,,6.0,8316.53,
PT-5118,,2024-09-30,Neurology,20.0,,
PT-6551,Miguel Macdonald,2025-06-10,Cardiology,7.0,3518.5,
,Jorge Miller,2025-08-18,Oncology,6.0,5336.69,
PT-2425,Meredith Bruce,2026-02-18,,4.0,"$9,425.06",
PT-3010,,2025-12-26,Oncology,6.0,12245.0,
PT-9300,Theresa Burns,2024-09-09,,10.0,13108.71,
PT-2088,Stephen Palmer,2025-12-23,Pediatrics,24.0,"$8,400.42",
PT-6176,Jeremy Hamilton   ,2025-01-19,   Cardiology,5.0,"£14,959.95",
PT-5807,,2025-01-10,Oncology,2.0,9273.47,
PT-9467,Lisa Burke,2026-08-06,Pediatrics,9.0,"£7,159.22",
PT-6526,Misty Gilbert,2026-08-22,Pediatrics,18.0,"$3,661.69",
,Edward Palmer,2025-10-10,   Pediatrics,20.0,12109.6,
PT-8693,Stephen Warren,2026-08-08,Oncology,12.0,6170.45,
PT-2873,Sabrina Guzman,,Neurology,28.0,"£2,419.52",
PT-5510,Elizabeth Fry   ,2025-11-04,Oncology,29.0,10391.98,
PT-7501,Katie Bryan,2025-02-10,   Pediatrics,3.0,11721.18,
PT-9615,Patrick Mendoza,2024-10-10,Cardiology,18.0,"$8,084.80",
PT-2158,Russell Solis,2026-05-18,Pediatrics,17.0,"£12,631.84",
PT-9193,Timothy Preston,2025-06-05,   Pediatrics,19.0,"£13,136.67",
PT-7397,,2024-09-16,Neurology,,11815.3,
,Tracy Wilson,2026-07-18,Neurology   ,19.0,833.79,
PT-1791,David Huffman,2025-05-08,Oncology,15.0,"$13,019.68",
PT-7121,Alexandra White,2026-08-01,Pediatrics,9.0,13924.16,
PT-2157,William Wall   ,2025-11-10,Oncology,13.0,"£3,336.38",
PT-6926,Alexandra Hill,2026-08-05,Pediatrics,28.0,"£8,173.81",
PT-7798,Brian Taylor,2025-05-21,Pediatrics,20.0,,
PT-6554,Mrs. Kelly Herrera DDS,2025-01-19,   Oncology,4.0,10302.85,
PT-3681,,2025-06-18,Neurology   ,23.0,683.54,
PT-6456,Jennifer Moody,2026-02-28,Oncology,18.0,2854.84,
PT-1435,   Michael Ortega,2025-11-28,Pediatrics,11.0,6685.42,
PT-3401,Andre Jones,2025-03-05,Neurology,5.0,6318.19,
PT-8301,Katherine Green   ,2024-11-22,   Neurology,3.0,1408.96,
PT-3292,Katherine Peterson,2025-02-20,Oncology,22.0,1904.16,
PT-2198,,2024-12-27,Oncology,2.0,6220.16,
PT-8897,,2025-09-05,Oncology,14.0,,
PT-4348,Elaine Mullins,2025-01-14,Cardiology   ,7.0,14715.27,
PT-7337,Lisa Moreno,2025-09-12,Cardiology,25.0,"£1,584.61",
PT-9251,Carol Wilson   ,2026-04-19,   Cardiology,1.0,9980.57,
PT-8766,Judy Brown,2025-05-19,Neurology,20.0,10419.23,
PT-9434,Julia Dunn,2024-11-10,   Oncology,21.0,9332.22,
PT-3718,Gloria Clark,2026-02-06,Pediatrics,13.0,3137.86,
PT-4753,Nicole Johnson,2026-02-16,Pediatrics,4.0,"£12,883.64",
PT-3806,Michael Martin,2026-08-03,Pediatrics,10.0,14779.2,
PT-4712,Clifford Hernandez,2025-07-12,Neurology,13.0,4254.35,
,,2026-05-11,Oncology,4.0,9592.38,
PT-8434,Jared White,2025-08-24,Neurology,30.0,2188.84,
PT-1747,Matthew Martinez,2026-05-16,Pediatrics,2.0,8405.57,
PT-5379,Melissa Briggs,,Oncology,19.0,10765.4,
PT-4410,Brandon Wood,2025-09-10,Cardiology,24.0,"£4,403.50",
PT-5102,Susan Mahoney,2025-09-09,Oncology,16.0,6507.15,
PT-8542,Timothy Willis,2026-06-15,Cardiology,4.0,2681.18,
PT-5802,Melanie Williams,2025-09-27,   Oncology,27.0,3757.85,
PT-8422,Karen Weiss,,,3.0,2575.51,
PT-6458,Charles Burnett,2026-02-15,Cardiology,30.0,11623.0,
PT-5870,Hunter Clark,2026-05-05,Pediatrics,27.0,,
PT-7103,   James Bell,2025-03-16,Neurology,26.0,9794.78,
PT-3456,Mark Dominguez,2025-06-15,,6.0,6218.03,
,Luis White,2025-10-18,Pediatrics,18.0,5790.27,
PT-8732,Nathan Lane,2026-01-27,Cardiology,15.0,960.77,
PT-7351,Jonathan Austin,2025-10-01,Neurology,30.0,3915.23,
PT-9566,   Jeffrey Montgomery,2025-02-01,   Cardiology,7.0,3105.68,
PT-4921,   Julie Bauer,2025-03-06,Pediatrics,9.0,9890.31,
PT-6577,Keith Edwards,2025-05-05,Neurology,12.0,"£10,035.64",
PT-6744,Daniel Freeman,2026-07-07,Cardiology,2.0,6246.25,
PT-7697,Joseph Hahn,2025-04-26,Neurology,4.0,2231.83,
PT-7045,Wanda Oliver,2025-07-17,Oncology,5.0,"£11,699.62",
PT-9727,,2025-07-28,Pediatrics,29.0,11599.79,
,,2025-10-05,Neurology   ,9.0,3154.74,
PT-4745,Kevin Jones,2025-10-02,Oncology,22.0,7139.16,
PT-8726,Audrey Barker,2026-05-18,Oncology,23.0,11492.54,
PT-4109,Shelley Camacho,2026-07-19,Cardiology,,13722.29,
PT-6448,   James Jennings,2025-04-23,Oncology,,"£9,414.87",
PT-2230,,2026-08-19,Cardiology,6.0,"$2,949.01",
PT-1455,John Smith,2025-12-07,Oncology,29.0,"$12,114.61",
PT-3806,Jason Foley,,Oncology,25.0,1892.2,
PT-1635,Taylor Frazier,2024-11-02,   Cardiology,16.0,4190.56,
PT-9221,   Theresa Townsend,2025-02-04,Pediatrics,9.0,6170.03,
PT-7018,Michael Ho,2025-11-13,Pediatrics,5.0,1714.19,
,   John Brady,2025-08-31,Neurology,11.0,7496.76,
PT-1097,Michelle Graham,2024-11-29,Cardiology,10.0,4823.14,
,William Ingram   ,2026-06-14,Neurology,5.0,13754.85,
PT-9413,Ronnie Montoya,2026-03-11,Cardiology,30.0,4907.29,
PT-3506,Katherine Wheeler,2025-10-01,Oncology   ,26.0,"$9,958.55",
PT-5822,Ryan Barrera,2024-11-22,Cardiology,28.0,6198.0,
PT-2667,   Jason Malone,2026-03-09,Neurology,29.0,5683.25,
PT-7645,Michael Blankenship,2025-05-27,Neurology,28.0,"£6,012.71",
PT-2708,Sandra Mcdonald,2026-07-26,,4.0,14219.64,
PT-5239,Michelle Garcia,2026-05-12,Neurology,20.0,4796.92,
PT-9592,Kellie Smith,2026-04-12,Oncology,10.0,11016.02,
PT-5687,Karen Trujillo,2026-08-08,,10.0,5556.94,
PT-1261,,2024-11-11,,7.0,2111.37,
PT-7153,,2026-01-22,,23.0,14942.36,
PT-7287,Wendy Parker,2025-01-07,Pediatrics,26.0,6089.18,
PT-7848,John Johnson,2025-04-09,Pediatrics,30.0,7479.02,
,Nicole Martinez,2025-07-17,Oncology,5.0,7769.53,
PT-4097,Michael Jones,2025-03-06,Pediatrics,7.0,10589.62,
PT-9090,Donna Li,2026-06-27,Neurology,22.0,"$1,079.97",
PT-2529,Nathaniel Pena,2025-04-13,Pediatrics,16.0,14056.55,
PT-2697,Alexis Newton,2025-09-14,Cardiology,20.0,3626.19,
PT-5350,Michael Boyer,2024-11-25,Pediatrics,20.0,13726.52,
PT-9604,Matthew Beasley,2026-05-07,Oncology,3.0,"£11,040.34",
PT-8782,Robert Carter,2025-08-10,   Oncology,13.0,1101.69,
PT-9864,Stephen Martinez,2026-06-26,Neurology,4.0,11625.5,
PT-7958,Erin Smith,2025-09-13,Pediatrics   ,22.0,13120.14,
PT-1577,Erik Sullivan,2025-09-09,Pediatrics,11.0,,
PT-4211,Dominique Jones,2025-06-29,Pediatrics,19.0,7286.64,
PT-5062,   Catherine Gomez,2025-11-11,,22.0,,
PT-2200,Cody Garcia,2025-08-23,Pediatrics,7.0,6908.21,
PT-4736,Brandon Harrison,2025-09-28,Neurology,1.0,4578.39,
,Corey Wagner,2024-11-26,,20.0,10143.47,
PT-6587,Dr. Frederick Stephenson,2025-03-25,Pediatrics,6.0,7356.77,
PT-6882,Molly Diaz,2025-09-07,Neurology,25.0,8657.73,
PT-9969,John Morrison,2026-03-25,   Oncology,12.0,2191.58,
PT-2339,Wendy Brown,,Cardiology,5.0,12134.37,
PT-8684,David Jensen,2025-08-29,Oncology,23.0,"£9,291.26",
PT-2072,Mary Davis,2024-09-14,,13.0,2570.72,
PT-2169,,2025-05-03,Oncology,28.0,9883.76,
PT-2196,Casey Bradshaw,2026-04-27,Cardiology,17.0,3953.9,
PT-8589,Jennifer Gould,2025-08-16,Oncology,17.0,3284.03,
PT-2205,Heidi Munoz,2025-07-23,,19.0,3311.59,
PT-8597,Johnathan Oliver,2024-09-20,Cardiology,5.0,10311.11,
PT-3185,William Williams,2026-07-16,Oncology,13.0,1540.76,
PT-8836,Daniel Koch,2025-10-19,Oncology,3.0,12874.24,
PT-7152,Billy Rivera,2025-10-10,Neurology   ,16.0,13772.18,
PT-9534,Craig Rhodes,2026-07-15,Cardiology,26.0,823.1,
PT-7152,Mark Aguilar,2025-12-03,Pediatrics,24.0,,
PT-4750,Alicia Powell,2026-06-01,,4.0,2167.41,
PT-5878,Whitney Cameron,2025-08-23,   Cardiology,6.0,11273.75,
PT-9697,Melissa Boyd,2025-06-18,Cardiology,25.0,"$12,013.10",
PT-3035,   Alex Cook,2025-10-27,Neurology,2.0,"$7,870.92",
PT-7108,Spencer Martin,2026-04-20,Cardiology,19.0,,
PT-4681,Adam Hensley,2025-06-01,Cardiology,1.0,4962.43,
PT-9958,Jody Adams,2026-05-14,Neurology,1.0,"$2,040.07",
PT-6664,Michael Johnson,2026-02-15,Cardiology,5.0,5005.71,
PT-9952,Deborah Duffy,2024-10-26,Cardiology,21.0,11268.56,
PT-9655,Lisa Mcmahon,2025-04-14,Oncology,28.0,5193.18,
PT-4390,Kathleen White,2025-12-26,Oncology,2.0,11449.89,
PT-4971,Thomas Barr,2025-04-05,Oncology   ,13.0,7919.65,
PT-8743,Pamela Griffin,2024-09-26,Neurology,16.0,"£10,742.82",
PT-9581,Meagan Woodward,2026-01-12,Pediatrics,23.0,9121.62,
,Calvin Garrett,2025-05-08,,21.0,,
PT-5856,Shelly Farrell   ,2025-12-08,Neurology,1.0,4619.78,
PT-6187,   Sydney Hancock,2025-02-02,Oncology,9.0,"$1,464.56",
PT-2844,Mr. Benjamin Wilkins II,2025-02-01,Cardiology,21.0,9962.28,
PT-2324,Shawn Little,2026-03-05,Neurology,11.0,5521.48,
PT-3448,Timothy Andersen,2025-08-20,Oncology,13.0,13685.68,
,Bryan White,,Pediatrics,6.0,939.65,
PT-8795,Anthony Lawson III,2024-12-20,,12.0,5246.31,
PT-8844,Tanya Dickerson,2025-02-09,Cardiology,22.0,8550.82,
PT-7981,Rachel Hendricks,2026-03-10,Pediatrics,,9791.22,
PT-7162,Lori Thompson,2025-03-05,Oncology,23.0,11778.04,
PT-8552,Jennifer Smith,2025-10-04,Oncology,17.0,8937.37,
PT-2401,Laurie Simmons,2024-11-11,Neurology   ,13.0,11972.56,
PT-9960,Donna Hartman,2025-04-29,Neurology,11.0,3215.52,
PT-8804,   Charles Nelson,2025-01-10,Oncology,4.0,12090.97,
PT-1384,Samantha Gutierrez,2026-08-30,   Neurology,23.0,7119.48,
PT-4631,Calvin Anderson,2025-01-16,Cardiology,21.0,$646.25,
PT-5338,Benjamin Buck,2026-08-04,Oncology,27.0,8416.53,
PT-1342,Brooke Ross,2026-02-19,Oncology,18.0,9705.4,
PT-4016,Samuel Burke,2024-11-03,Cardiology,8.0,13842.3,
PT-6183,Robert Wells,2026-07-08,   Cardiology,19.0,2564.13,
PT-9350,David Jennings,2024-12-10,Neurology,8.0,$701.64,
PT-7815,   Eddie Smith,2025-04-16,Oncology,13.0,1813.75,
PT-2197,Zachary Collins   ,2026-01-29,Oncology,3.0,800.99,
PT-4495,Lacey Benson,2025-09-25,   Cardiology,4.0,"$5,312.52",
,Rebecca Snyder,2026-05-04,Pediatrics,12.0,2227.27,
PT-5019,Heidi Keith,,Neurology,14.0,4569.24,
PT-7113,Bernard Brown,2025-01-02,   Oncology,19.0,13521.68,
PT-4510,Paula Lane   ,2025-07-15,Oncology,10.0,"£4,299.62",
,Frank Rios,2024-11-13,Cardiology,6.0,11790.33,
PT-7676,Cameron Green,2025-03-26,Cardiology,20.0,4708.08,
PT-5676,   Michael Moore,2025-02-28,Pediatrics,7.0,12214.58,
PT-5722,Adam Campbell,2026-05-02,Cardiology,26.0,5267.71,
PT-2777,Cassandra Peck DDS,2025-04-03,Oncology,17.0,2035.45,
PT-6281,Jeffrey Lucas,2026-02-07,Oncology,,10936.06,
PT-8900,Howard Chambers,,Cardiology   ,16.0,"$13,105.12",
PT-6989,Michael Bishop,2025-10-19,Oncology,26.0,1518.16,
PT-2796,,2026-07-07,Neurology,5.0,11983.23,
PT-5971,Ashley Parker,2025-08-29,Pediatrics,9.0,11087.72,
PT-5644,Emily Norton,2025-09-17,Pediatrics   ,2.0,13703.93,
PT-2076,Amanda Knapp,2026-02-24,,11.0,12078.37,
PT-9216,Kevin Smith,2024-09-10,Neurology,16.0,6833.99,
PT-1692,Tara Lee,2024-11-02,Neurology,2.0,14505.82,
PT-4276,Mary Gomez,2026-01-12,Cardiology,22.0,5332.3,
PT-4249,Alan Harper,2025-01-02,Neurology,2.0,801.0,
PT-3664,James White   ,2026-08-10,Cardiology   ,11.0,9361.43,
PT-5304,Ronald Washington,2026-04-11,Oncology,8.0,677.61,
PT-5676,Alex Morrow,2024-09-16,Cardiology,24.0,9839.44,
PT-5165,Lisa Roberts,2025-02-20,   Pediatrics,22.0,"£6,200.28",
PT-8313,Carolyn Moore,2026-08-10,Pediatrics,12.0,"£11,404.73",
PT-4504,John Flores,2026-09-05,   Oncology,9.0,14751.0,
PT-3751,Cheyenne Rich,2025-12-17,Cardiology,18.0,6742.16,
PT-8207,   Alexis Ballard,2025-12-09,Pediatrics,,693.04,
PT-2206,,2025-05-08,,28.0,2056.05,
PT-3649,Lori Davis   ,2025-11-09,Oncology,18.0,8408.07,
,Jeffrey Rice,2026-02-05,Cardiology,7.0,9429.3,
PT-5191,Margaret Brown,2025-03-07,Neurology,28.0,10976.93,
PT-8248,   James Mcknight,2026-01-10,Pediatrics,15.0,4206.19,
,Gary Rodriguez,2026-04-28,Oncology,27.0,1377.15,
PT-6321,Jamie Taylor,2026-08-11,Neurology,26.0,4605.51,
PT-9919,Devin Cervantes,2025-03-02,Pediatrics,1.0,1562.62,
PT-2263,Patricia Snow,2025-11-17,Pediatrics,17.0,,
PT-6582,Juan Fuller,2024-11-28,Oncology,4.0,1566.38,
PT-2010,Jeremy Thomas,2025-06-15,Cardiology,15.0,11417.34,
PT-3752,Tina Sanchez,2024-11-25,Oncology,28.0,"£8,204.37",
PT-4005,Sandra Roberts,2026-08-03,Oncology,14.0,10287.67,
PT-5932,Brianna Montgomery   ,2026-06-13,Pediatrics,24.0,"$13,740.06",
PT-6738,Patrick Wu DDS,2026-04-07,   Cardiology,14.0,5684.35,
PT-9638,   Scott Williams,2024-10-08,Pediatrics,12.0,4409.87,
PT-9902,Anthony Nguyen,2026-04-22,Cardiology,8.0,3120.76,
PT-8330,Anthony Jackson,2024-11-21,Pediatrics,11.0,7999.81,
PT-2087,Jay Burke,2026-06-26,Pediatrics,8.0,1533.85,
PT-9045,Krista Torres,2025-03-13,Cardiology,20.0,"$4,938.41",
,Michelle Mccoy,2025-02-14,Neurology,2.0,9348.95,
PT-5795,Samantha Matthews,2025-07-09,Cardiology,7.0,14824.56,
PT-9244,   Kristen Bates,2026-06-18,Oncology,12.0,"$6,764.63",
PT-7222,Jennifer Adams,2024-12-08,Neurology,30.0,"$11,521.90",
PT-8923,Dr. John Johnson,2025-10-01,Cardiology,19.0,7149.79,
PT-7756,   Dave Chapman,2026-03-18,Cardiology,9.0,9369.83,
PT-4019,Jason Murillo,2025-01-14,,2.0,2246.61,
PT-5025,Angela Chaney,2025-03-04,Neurology   ,26.0,10270.21,
PT-5715,Christina Juarez,2024-12-18,Pediatrics,25.0,2581.75,
PT-5099,Melissa Armstrong,2026-01-18,Oncology,12.0,8051.18,
PT-2248,Rodney Jimenez,2025-02-21,   Oncology,10.0,7440.01,
PT-2259,Jordan Spears,2025-02-06,Cardiology,5.0,"$5,464.53",
PT-2569,Lisa Velasquez,2025-04-29,Pediatrics,14.0,1948.02,
PT-5951,Roberta Chan,2024-12-10,Oncology,21.0,2229.01,
PT-9277,,2025-03-26,Neurology,8.0,14652.44,
PT-1715,Victoria Collins,2026-02-12,Cardiology   ,16.0,8324.28,
PT-7049,Ronald Smith,2025-04-14,Neurology,2.0,13389.47,
PT-5314,Megan Nash,2025-08-25,Neurology,3.0,3949.46,
PT-4650,Laurie Torres,2025-06-21,Neurology   ,3.0,"$8,970.75",
PT-3228,   Johnathan Wells,2025-01-27,Oncology,17.0,5312.72,
PT-1927,,2024-09-15,Neurology,8.0,14354.87,
PT-8391,Aaron King,2025-09-09,,28.0,11149.74,
PT-4348,   Johnny Jackson,2025-04-15,Cardiology,21.0,,
PT-8096,Mrs. Kathleen Ayala,2025-11-24,Pediatrics,22.0,1492.24,
PT-7569,Andrew Meyer,2025-06-08,Neurology,11.0,8764.69,
PT-7710,Connie Patrick,2025-08-28,Cardiology,4.0,10038.3,
PT-4173,Lori Johnson,2024-11-29,Neurology,30.0,"£9,811.92",
PT-7306,Joyce Taylor,2024-11-16,Pediatrics,9.0,10827.92,
PT-3797,James Hall,2026-08-27,Cardiology,23.0,,
PT-7193,Jose Tucker,2026-06-27,   Neurology,27.0,9913.96,
PT-7854,Anthony Maynard,2025-01-21,Pediatrics,20.0,"$11,599.90",
PT-2061,Alexis Gomez,2026-06-10,Oncology,6.0,7368.41,
PT-5448,Ryan Wilkinson,2026-02-24,Oncology,30.0,4015.29,
PT-4425,Steven Burke,2025-05-06,Oncology,12.0,"$2,288.56",
PT-2135,Eugene Thompson,2024-10-16,,3.0,5065.64,
PT-4522,Dana Silva,2024-11-08,Pediatrics,4.0,,
PT-5125,Amber Potter,2025-02-18,Neurology,30.0,10563.77,
PT-3268,Jacob Johnson   ,2025-02-04,   Oncology,23.0,5025.91,
PT-4710,Jason Johnson,2026-02-09,Oncology,20.0,4295.04,
PT-2652,Jose Moore,2026-06-17,Pediatrics,22.0,2896.33,
PT-8594,Craig Parsons,2026-06-01,Neurology,13.0,4154.5,
PT-1751,Amber Castro   ,2025-03-31,Cardiology,21.0,14654.44,
PT-7782,Crystal Vaughn,2026-03-21,Neurology,22.0,9715.9,
PT-8648,Amy Villegas,2025-04-02,Cardiology,4.0,6048.77,
PT-7244,Maria Castro,2025-01-08,Pediatrics,15.0,2082.3,
PT-1749,Michael Wilcox,2025-11-18,Pediatrics,26.0,9659.62,
PT-3904,Billy Miller,2025-03-28,Neurology,7.0,10882.29,
,   Jessica Hodges,2025-03-15,Pediatrics,25.0,1478.95,
PT-8439,,2025-09-18,Oncology,8.0,6776.81,
PT-4668,Kristen Lynch,2025-10-22,Oncology,10.0,11186.32,
,Justin Hunter,2025-04-13,Cardiology,30.0,8156.41,
PT-5564,Monica Brown,,Cardiology,19.0,11249.68,
PT-8220,Ashley Small,2025-01-28,Pediatrics,15.0,1628.6,
PT-3982,Brian Harrington,2025-11-06,Neurology   ,18.0,5431.63,
PT-5619,   Taylor Taylor,2025-10-06,Neurology,6.0,9398.91,
PT-1927,Adrian Branch,2025-04-15,Cardiology,16.0,13813.73,
PT-9654,   Jennifer Dyer,2025-12-06,Cardiology,18.0,6620.45,
PT-6708,Scott Conrad,2025-02-25,Pediatrics,12.0,7046.59,
PT-1331,Samantha Robbins,2025-02-05,Pediatrics,15.0,3836.51,
PT-6348,Stephanie Avila,2025-05-20,   Pediatrics,21.0,9116.36,
PT-1654,Charlotte Stevens,2025-07-22,Oncology,4.0,3551.3,
PT-5568,Patricia Carter,2025-12-28,Pediatrics,29.0,"£6,354.83",
PT-7756,Ronnie Mckay,2026-04-19,Cardiology,21.0,"$14,182.71",
PT-8574,Lisa Mcclain,2026-01-01,Pediatrics,19.0,13937.29,
PT-6141,Carolyn Reyes,,Oncology   ,29.0,5823.44,
PT-8308,Monica Lewis,2024-10-14,   Neurology,17.0,11494.8,
PT-6794,Rebecca Walsh,2026-05-30,   Neurology,11.0,"£3,756.13",
PT-9452,Autumn Jones,2024-10-27,Cardiology,5.0,14948.56,
PT-9393,Andrew Juarez,2026-06-08,Neurology,8.0,"$7,951.49",
PT-9464,Harold Gray,,Oncology,21.0,14272.03,
PT-9512,Jasmine Gonzalez,2026-02-21,Neurology,28.0,6255.06,
PT-4724,Lisa Ramirez,2024-11-03,Neurology,22.0,13426.9,
PT-3933,Nicole Simpson,2026-04-29,Neurology,2.0,"$2,348.96",
PT-5215,Matthew Robinson   ,2025-09-14,Neurology,3.0,"$3,814.55",
PT-3872,Benjamin Harrell,2025-04-10,Pediatrics,7.0,12276.76,
PT-9552,Larry Morris,2025-03-29,Cardiology,20.0,4872.16,
PT-6069,Kenneth Johnson,2024-12-07,Pediatrics,20.0,9297.14,
PT-3444,Samuel Zuniga,2025-12-26,Cardiology,5.0,4720.98,
PT-4913,Jeffery Curtis,2025-04-28,Pediatrics,27.0,1935.13,
PT-8621,Jodi George,2024-09-26,Cardiology,13.0,5480.97,
PT-3556,Christopher Gonzalez,2026-06-16,Cardiology,15.0,14028.0,
PT-4494,Charles Martinez,2026-07-24,Neurology,26.0,"£7,610.34",
PT-2785,Larry Humphrey,2026-01-18,Neurology,22.0,"£4,192.95",
PT-9997,Veronica Bass,2025-06-15,Pediatrics,,4861.4,
PT-6463,Brittney Macdonald,2024-10-16,Neurology,27.0,5162.66,
PT-1737,Mitchell Reed,2025-01-14,Pediatrics,6.0,2059.04,
PT-7560,,2025-03-21,Cardiology,6.0,13660.34,
PT-5599,Wesley Dean,2024-11-08,,22.0,,
PT-5167,Shane Kaufman,2024-12-24,Oncology,20.0,6717.98,
PT-4709,Todd Mercado,2026-07-14,Neurology,4.0,,
,George Perez,2025-12-22,Cardiology,9.0,13039.09,
PT-6843,Christopher Phillips,2025-09-01,Pediatrics,18.0,5571.53,
PT-2926,,2026-02-27,   Oncology,10.0,"£12,229.26",
PT-6171,Paula Thomas,2025-12-15,Pediatrics,12.0,8024.68,
PT-5124,Taylor Wong,2026-01-05,   Neurology,16.0,1205.71,
PT-3230,David Schneider,2025-01-19,Oncology,,7415.18,
PT-8228,Wendy King,2025-02-04,Pediatrics   ,9.0,"£12,398.42",
PT-2523,Crystal Lewis,2025-12-10,   Oncology,16.0,"£5,046.09",
PT-1584,James Buck,2025-10-29,Neurology,19.0,13816.68,
PT-5088,David Foster,2025-04-22,Pediatrics,28.0,6159.23,
PT-8171,Justin Morris,2025-02-13,Oncology,3.0,14778.66,
PT-5159,Tommy Crawford,2026-03-13,Cardiology,21.0,"$1,936.30",
PT-2235,Jessica Benson,2025-10-29,Oncology,,8566.67,
PT-6858,Emily Walker,2026-06-17,Oncology,14.0,,
PT-9238,Anna Nielsen,2025-09-11,Oncology,2.0,"£14,562.87",
PT-3808,Brandi Bradley,2026-02-10,Neurology   ,2.0,"£11,780.90",
PT-3848,Michael Davis   ,2025-11-17,Pediatrics,20.0,"£3,047.91",
PT-1954,Marilyn Mayo,2024-11-09,Neurology,24.0,7752.42,
PT-4821,Christine Lawson,2026-07-11,Neurology,16.0,14853.0,
PT-2925,Lauren Haynes,2024-12-13,Pediatrics,16.0,10871.25,
PT-4207,,2026-01-09,   Cardiology,13.0,14253.43,
PT-4172,Erin Anderson,2026-08-29,Oncology,28.0,"£2,863.53",
PT-5815,Erin Moore,2025-03-20,   Cardiology,18.0,9312.53,
PT-6844,Jennifer Paul,2025-04-22,Pediatrics,28.0,,
PT-4460,John Cunningham,2025-11-08,Oncology,8.0,14708.31,
PT-8209,Nathan Cline,2026-07-31,Neurology,4.0,13314.61,
PT-2325,   Timothy Cunningham,2025-06-12,Oncology,20.0,"£4,499.32",
PT-9835,,2024-11-27,Oncology,16.0,,
PT-7553,   Brian Murphy,2025-12-04,Cardiology,1.0,"$11,854.00",
PT-2493,Suzanne Gordon,2025-02-01,Oncology,,12388.93,
PT-8239,Jermaine Hughes,2025-06-09,Cardiology   ,24.0,9282.95,
PT-9253,Mckenzie Sims,2025-11-11,Cardiology   ,20.0,6324.36,
PT-3109,Daniel Fox   ,2026-08-12,Pediatrics,29.0,9983.79,
PT-6401,Jill Harris,2025-09-22,Pediatrics,28.0,11345.01,
,Lori Richard,2025-04-17,Neurology,29.0,4805.81,
PT-4175,,2026-08-30,Neurology,23.0,2943.83,
PT-3560,Angel Johnson,2025-07-19,Pediatrics,12.0,,
PT-5052,Melissa Willis,2026-05-13,Cardiology,11.0,3317.57,
,Andrew Gomez,2025-10-12,Pediatrics,21.0,10965.56,
PT-5323,Lisa Herring,2026-01-15,   Pediatrics,5.0,"£12,552.85",
PT-7447,Alyssa Bryant,2025-01-10,Pediatrics,7.0,13782.66,
PT-9349,Dawn Wilson,2026-06-20,Cardiology,24.0,5769.35,
,Cameron Clayton,2025-08-05,Cardiology,9.0,2894.99,
PT-6070,Cassandra Smith   ,2025-08-21,Pediatrics,4.0,"£3,173.57",
PT-9049,Francisco Skinner,2025-10-27,Neurology,25.0,,
PT-7892,Mr. Christopher Torres   ,2025-03-17,Cardiology,29.0,2030.95,
PT-9655,Jessica Douglas   ,2025-12-09,Pediatrics,10.0,6358.7,
PT-5048,Kenneth Anderson,2025-07-11,Cardiology,11.0,8023.04,
PT-8372,Kim Campbell,2024-12-31,Oncology,18.0,13111.3,
PT-1448,Jose Bell,2026-08-10,   Oncology,10.0,10169.87,
PT-5855,Miss Savannah Cohen PhD,2026-08-20,Pediatrics,7.0,1127.02,
PT-3020,Daniel Wise,2025-12-27,Oncology,8.0,8936.65,
PT-6432,Erika Guerrero,2026-04-23,Cardiology,14.0,3016.81,
PT-6298,Jodi Sanders,2026-07-02,Cardiology,2.0,"£2,203.56",
PT-1773,Elizabeth Coleman,,Oncology,24.0,13886.34,
PT-6247,Victoria Robbins,2026-06-22,Cardiology,13.0,,
PT-9347,Richard Torres,2025-05-03,Oncology,18.0,14482.11,
PT-8135,Rebecca Gonzalez,2025-06-15,Neurology,,"$10,796.44",
PT-8295,Mckenzie Buchanan,2024-11-11,Neurology,16.0,9539.26,
PT-1841,Daniel Martinez,2025-12-16,Neurology,14.0,7712.9,
PT-1461,William Barnes,2026-01-11,Cardiology,12.0,11591.45,
PT-6962,James Smith,2024-11-25,Cardiology,16.0,"$7,678.07",
PT-3837,Ronald Bell,2025-11-02,Oncology,17.0,10831.96,
PT-7940,,2024-09-15,Oncology,4.0,8602.43,
PT-9303,Chelsea Rodriguez,2024-11-06,,23.0,"$6,180.93",
,Jenny Harper,2025-03-06,Cardiology,18.0,7816.79,
PT-4924,Debra Wilson,2026-09-02,Oncology,,5001.12,
PT-6087,Brenda Ortiz,2026-03-19,Pediatrics,13.0,4525.65,
PT-5988,Erin Moss,2025-05-18,   Oncology,26.0,"£11,787.84",
PT-7596,Anne Compton,2025-09-06,Pediatrics,8.0,"£10,530.99",
,Michelle Diaz,2025-11-20,Pediatrics,3.0,996.96,
PT-5315,Ashley Garcia,2026-02-18,Oncology   ,21.0,,
PT-9917,Nancy Salazar,2026-02-23,   Oncology,7.0,"$1,607.61",
PT-7414,Laurie Diaz,2025-08-29,   Cardiology,21.0,11493.46,
PT-8894,Amy Parsons,2026-05-21,,9.0,1720.39,
PT-5777,Chris Spence,2025-01-20,   Neurology,16.0,"$7,355.33",
PT-7796,David Davidson,2026-08-29,Pediatrics,10.0,6233.02,
PT-2171,Mr. Juan Brooks PhD,2025-02-06,Pediatrics,21.0,2702.2,
PT-2025,Daniel Young,2025-09-24,Oncology,26.0,6235.97,
PT-8696,Kenneth Sweeney,2024-09-13,Cardiology,9.0,"£10,201.96",
PT-8491,Kara Acevedo,2025-01-21,Pediatrics,20.0,5374.47,
PT-3539,,2024-12-25,Pediatrics,25.0,12100.58,
PT-7572,Kelsey Morales,2025-03-12,Pediatrics,20.0,"$6,375.52",
PT-8747,John Tran,2026-08-13,Pediatrics,7.0,4871.95,
PT-9323,Sharon Garcia,2025-01-11,Cardiology,1.0,7128.88,
PT-9429,Timothy Gillespie,2026-03-12,Neurology,28.0,5350.34,
PT-1236,Jasmine Khan,2026-02-10,Oncology,16.0,2848.09,
PT-3762,Kara Mullins,2025-06-04,   Oncology,12.0,9739.69,
PT-4266,Colleen Gibson,2026-06-12,Oncology,4.0,6866.54,
PT-9604,Mary Nichols,2026-04-12,Pediatrics,10.0,14960.96,
PT-4883,   Jennifer Nguyen,2024-10-15,Pediatrics,11.0,"£4,578.84",
PT-3830,Harold Stevens,2026-01-06,Pediatrics,10.0,13621.45,
,Geoffrey Dickson,2024-10-03,Cardiology,21.0,7438.27,
PT-2826,Nicholas Wright,2025-07-23,Pediatrics,17.0,"$6,635.68",
PT-8253,Gary Gallegos,2026-04-20,Cardiology,15.0,11463.31,
PT-5777,Gregory Boyle,2024-12-06,Pediatrics,4.0,10017.89,
PT-9683,Misty Diaz,2025-11-19,Cardiology,22.0,"$12,311.51",
PT-8824,Edgar Ramirez   ,2024-10-19,,7.0,"$14,794.36",
PT-3781,Christina Howard,2025-05-25,Cardiology,20.0,13491.64,
PT-8718,Jennifer Daniels,2026-08-25,Neurology,,7325.08,
PT-4274,,2025-12-28,Cardiology,5.0,14318.36,
PT-3361,William Marquez,2024-10-16,Neurology,18.0,8672.01,
PT-3813,Joan Dickerson   ,2025-12-12,Oncology,18.0,1034.17,
PT-7579,Patricia Hutchinson,2024-10-19,Oncology,17.0,5218.69,
PT-5269,Javier Sullivan,2026-03-04,Neurology,16.0,1008.48,
,Michelle Moore,2026-02-14,Cardiology,22.0,12272.28,
PT-4978,Nicole Hernandez,2025-12-18,Oncology,9.0,14526.81,
PT-9462,,2026-03-19,Neurology,23.0,6214.04,
PT-5914,Mark Olsen   ,2025-08-16,Pediatrics,15.0,1591.33,
PT-6930,Mrs. Heather Stewart   ,2025-10-12,Pediatrics,1.0,13136.49,
PT-6291,Cheyenne Baird   ,2026-01-26,Neurology,12.0,,
PT-6007,Michael Rush,2024-10-05,Neurology,4.0,11536.95,
PT-7205,Scott Mullins,2024-11-09,,7.0,5137.15,
PT-2858,Daniel Johnson,2026-03-03,   Oncology,26.0,5053.25,
PT-2825,Jessica Ramirez,2024-11-25,Cardiology,,"$2,781.37",
PT-1940,Paul Davis   ,2026-01-28,Neurology,11.0,510.23,
PT-9017,   Thomas Burke,2026-08-10,Pediatrics,26.0,8167.52,
PT-8838,Hannah Robinson,2025-12-14,Cardiology,10.0,11726.23,
PT-6221,Louis George,2025-12-08,Cardiology,18.0,12535.71,
PT-4611,Michael Hensley,2025-12-27,Neurology,16.0,11239.49,
PT-4786,Lauren Kim,2025-10-27,Pediatrics,24.0,"£11,312.66",
PT-3160,Jorge Henry,,Cardiology,2.0,"£8,855.39",
PT-6097,Paula Carroll,2026-08-13,Cardiology,9.0,2788.24,
PT-3668,Amanda Roy,2024-10-05,Pediatrics,12.0,9632.87,
PT-7209,William Dougherty,2026-04-20,Oncology,23.0,13268.92,
PT-7286,Brenda Garcia,2025-01-06,Cardiology   ,7.0,4020.0,
PT-2431,Julia Dawson,2026-08-24,Pediatrics,9.0,,
PT-7584,David Parker,2024-12-28,Cardiology   ,26.0,1460.61,
PT-6767,Donna Miles,2026-07-12,Cardiology,30.0,5314.86,
PT-8720,Dr. Erik Gardner,2025-04-28,,7.0,5717.78,
PT-3084,Randy James,2025-03-08,Pediatrics,22.0,"$5,749.12",
,Jeremy Small,2025-05-27,Oncology,10.0,925.43,
PT-7270,David Smith,2025-05-12,Oncology,10.0,12057.44,
PT-8548,Elizabeth Rivera,2025-01-08,Oncology,20.0,"£6,612.36",
PT-7655,Gregory Garcia,2025-09-30,Cardiology,17.0,6969.48,
PT-6429,Mary Meza,2025-02-08,Cardiology,15.0,12877.43,
PT-9947,Robert Vega,2026-01-29,Cardiology,5.0,5864.46,
,Lindsay Reynolds,2025-09-04,Oncology,17.0,11930.71,
PT-6243,Jeffrey Hughes,2025-05-14,Neurology,6.0,1312.61,
PT-5619,Vanessa Wright,2026-01-06,Pediatrics,10.0,"£8,275.52",
PT-2168,Jeremy Hansen DDS,2024-10-30,Cardiology,3.0,9835.01,
PT-2453,Danny Crawford,2026-07-30,Oncology,17.0,14463.58,
PT-9417,Janet Ortega,2025-07-13,Neurology,10.0,,
PT-8584,Molly Peters,2026-07-18,Oncology,17.0,"£7,591.65",
PT-1325,Diana Lopez,,Oncology,19.0,"$2,976.52",
PT-4289,Brittany Campbell,2024-11-23,Pediatrics,29.0,12755.73,
PT-4743,Sherry Carter,2025-12-13,Oncology   ,30.0,4261.84,
PT-1483,Jordan Pacheco,2025-10-17,Oncology,20.0,6744.55,
PT-5205,   Katrina Roberts,2026-01-28,Cardiology   ,10.0,2927.18,
PT-4490,Summer Harris,2025-03-30,Cardiology,30.0,"$8,466.62",
PT-8678,   Dr. Chase Rodriguez,2025-09-15,,15.0,"£10,285.15",
,Elizabeth Walters,2025-05-29,Cardiology,13.0,3129.34,
PT-6837,,2026-07-14,Oncology,30.0,1251.21,
PT-7388,Randall Johnson,2024-11-26,   Cardiology,23.0,5634.59,
PT-8761,   Austin Manning,2025-08-23,Neurology,15.0,13834.94,
PT-1208,Amy Guzman,2025-05-12,Oncology   ,13.0,14646.97,
PT-6904,Shawn Richards,2024-10-23,Oncology,13.0,4928.0,
,John Olson,2026-05-13,Pediatrics,12.0,8319.68,
,Melissa Bennett,2025-06-26,Pediatrics,17.0,"$4,994.71",
PT-8410,Erica Williams,2025-11-05,Oncology,12.0,12085.35,
PT-6936,,2026-03-07,Cardiology,4.0,6840.84,
,Frank Salazar,2026-07-10,   Oncology,11.0,"£1,072.94",
PT-4759,Donna Rios,2025-03-30,Neurology,20.0,"$8,680.15",
PT-2918,Theresa Brown,2025-06-24,Cardiology,16.0,5827.91,
PT-9692,Elizabeth Peterson,2025-10-26,Cardiology,27.0,6357.71,
PT-4691,Michelle Peterson,2025-04-29,Neurology,3.0,14614.11,
PT-7454,Andrea Tyler,2026-02-04,Pediatrics,12.0,6678.51,
PT-6623,Ronald Mccullough,2025-02-21,Oncology,7.0,8011.16,
PT-1981,Deborah Martin,2025-05-10,Oncology,11.0,2587.94,
PT-5033,Deborah Little,2025-09-25,Pediatrics   ,28.0,7375.47,
PT-3609,Jason Martin,2025-08-25,Pediatrics,11.0,3436.43,
PT-2036,Justin Key,2025-04-15,   Neurology,21.0,,
PT-5656,Sherry King,2026-01-01,Pediatrics,22.0,2199.42,
PT-8728,Jonathan Johnson,2025-09-06,Oncology,,10737.76,
PT-6886,Madison Carter,2026-03-21,Cardiology,17.0,5766.62,
PT-2910,Dustin Davis,2024-10-17,,19.0,2340.71,
PT-9995,Carla Riddle,2026-03-30,Cardiology   ,19.0,12867.49,
PT-6074,Eric Lloyd,2025-08-10,Pediatrics   ,,,
PT-5023,Douglas Brown   ,2025-08-18,Pediatrics,19.0,14366.96,
PT-3868,Charles Cameron,2025-12-05,Neurology,2.0,14088.3,
PT-2455,Gregory Gomez III   ,2026-02-16,Oncology,6.0,4753.11,
PT-5322,Jason Taylor   ,2026-04-26,Cardiology,6.0,"$1,794.93",
PT-2799,Laura Lopez,2025-10-15,Cardiology   ,19.0,1633.04,
PT-9246,Mark Thomas,2026-05-13,Cardiology,22.0,"£8,195.23",
PT-3949,Carolyn Morales,2026-07-02,Neurology,6.0,14921.63,
PT-5323,Robert Gonzalez,2024-09-20,Pediatrics,22.0,"£3,559.99",
PT-2129,Larry Smith,2024-12-04,Pediatrics,20.0,8749.92,
PT-8343,Karen Brown,2025-04-23,Cardiology,16.0,9464.21,
PT-7371,Rachael Campbell,2025-04-20,Cardiology   ,4.0,12596.67,
PT-5685,   Crystal Rodriguez,2025-10-30,,11.0,6400.86,
PT-6465,,2026-01-14,Oncology,13.0,,
PT-2481,   Sarah Chase,2026-05-29,Neurology,19.0,"$10,838.52",
PT-3901,Jose Johnson,2026-07-26,Oncology,28.0,13079.93,
PT-1730,Catherine Smith,2025-02-28,Pediatrics,6.0,"$6,862.29",
PT-7789,Kathryn Cook,2025-09-29,Cardiology,27.0,6592.89,
PT-6145,,2024-12-10,Oncology,10.0,10744.54,
PT-2631,Brandon Berger,2025-10-04,Neurology,26.0,12137.52,
PT-8273,Megan Hart,2026-03-31,Oncology   ,17.0,,
PT-3678,Patricia Herman,2026-01-01,,24.0,11238.92,
PT-7957,Jonathan Pittman   ,2025-10-01,Pediatrics,9.0,7825.45,
PT-8964,Nicole Horton,2026-07-30,Neurology,17.0,12664.87,
PT-6011,Christopher Cervantes,2024-11-06,Pediatrics,14.0,7414.88,
PT-7478,Mark Ochoa,2026-03-30,Cardiology,2.0,12719.62,
PT-7625,Stephanie Booth,2024-11-17,Neurology,16.0,3274.6,
,Jesse Gonzalez,2026-03-26,Oncology,11.0,"$2,129.50",
PT-7409,,2026-02-21,Oncology,13.0,993.92,
PT-3957,Gerald Allen,2024-12-16,Pediatrics,29.0,3027.49,
PT-6733,Courtney Johnson   ,2025-05-04,,3.0,10800.57,
,Edwin Lopez,2025-12-08,Neurology,19.0,1363.12,
PT-3618,Jared Faulkner,2025-03-11,Neurology,24.0,7718.68,
PT-1154,Darrell Morris,2024-11-09,Pediatrics,5.0,3401.57,
PT-4120,Rick Martinez,2025-01-02,Oncology,17.0,4115.79,
PT-4164,Terry Drake,2026-07-29,Oncology,7.0,"$2,099.98",
PT-1033,Carol Erickson,2024-10-15,Neurology,,"£13,047.21",
PT-6706,Jamie Williams   ,2025-04-14,Cardiology,14.0,,
